Trade number,Type,Date and time,Signal,Price USD,Size (qty),Size (value),Net PnL USD,Return %,Commission USD,Favorable excursion USD,Favorable excursion %,Adverse excursion USD,Adverse excursion %,Cumulative PnL USD,Cumulative PnL %,Duration (bars)
1,Exit short,2021-01-29 23:00,Weekend flat,1855.705,4,7465.324,40.1,0.54,2.4,53.36,0.71,-10.16,-0.14,40.1,0.40,180
1,Entry short,2021-01-29 20:00,S1,1866.331,4,7465.324,40.1,0.54,2.4,53.36,0.71,-10.16,-0.14,40.1,0.40,180
2,Exit short,2021-02-03 02:00,Time flat,1836.034,2,3703.446,30.18,0.81,1.2,43.64,1.18,-4.3,-0.12,70.28,0.70,771
2,Entry short,2021-02-02 13:09,S2,1851.723,2,3703.446,30.18,0.81,1.2,43.64,1.18,-4.3,-0.12,70.28,0.70,771
3,Exit long,2021-02-04 12:31,Opposite signal,1822.775,8,14566.144,11.26,0.08,4.8,27.66,0.19,-6.62,-0.05,81.54,0.82,35
3,Entry long,2021-02-04 11:56,L3,1820.768,8,14566.144,11.26,0.08,4.8,27.66,0.19,-6.62,-0.05,81.54,0.82,35
4,Exit short,2021-02-04 12:48,Opposite signal,1824.86,15,27342.075,-39.83,-0.15,9,2.1,0.01,-38.33,-0.14,41.71,0.42,16
4,Entry short,2021-02-04 12:32,S4,1822.805,15,27342.075,-39.83,-0.15,9,2.1,0.01,-38.33,-0.14,41.71,0.42,16
5,Exit long,2021-02-04 13:20,Opposite signal,1824.704,11,20078.927,-13.78,-0.07,6.6,17.96,0.09,-10.48,-0.05,27.93,0.28,27
5,Entry long,2021-02-04 12:53,L5,1825.357,11,20078.927,-13.78,-0.07,6.6,17.96,0.09,-10.48,-0.05,27.93,0.28,27
6,Exit short,2021-02-04 14:46,S6 exit,1811.61,12,21898.08,151.56,0.69,7.2,155.16,0.71,-25.32,-0.12,179.49,1.79,84
6,Entry short,2021-02-04 13:22,S6,1824.84,12,21898.08,151.56,0.69,7.2,155.16,0.71,-25.32,-0.12,179.49,1.79,84
7,Exit long,2021-02-05 02:00,Time flat,1795.02,5,8964.98,7.12,0.08,3,13.4,0.15,-36.63,-0.41,186.61,1.87,316
7,Entry long,2021-02-04 20:44,L7,1792.996,5,8964.98,7.12,0.08,3,13.4,0.15,-36.63,-0.41,186.61,1.87,316
8,Exit short,2021-02-05 11:05,Opposite signal,1798.15,10,17942.76,-44.74,-0.25,6,18.46,0.10,-42.89,-0.24,141.87,1.42,271
8,Entry short,2021-02-05 06:34,S8,1794.276,10,17942.76,-44.74,-0.25,6,18.46,0.10,-42.89,-0.24,141.87,1.42,271
9,Exit long,2021-02-05 14:46,Opposite signal,1805.276,7,12582.339,50.39,0.40,4.2,94.8,0.75,-10.02,-0.08,192.26,1.92,207
9,Entry long,2021-02-05 11:19,L9,1797.477,7,12582.339,50.39,0.40,4.2,94.8,0.75,-10.02,-0.08,192.26,1.92,207
10,Exit short,2021-02-05 19:01,Opposite signal,1802.845,6,10833.09,12.42,0.11,3.6,70.13,0.65,-23.7,-0.22,204.68,2.05,254
10,Entry short,2021-02-05 14:47,S10,1805.515,6,10833.09,12.42,0.11,3.6,70.13,0.65,-23.7,-0.22,204.68,2.05,254
11,Exit long,2021-02-05 23:00,Weekend flat,1813.926,4,7213.252,40.05,0.56,2.4,46.35,0.64,-31.51,-0.44,244.74,2.45,232
11,Entry long,2021-02-05 19:08,L11,1803.313,4,7213.252,40.05,0.56,2.4,46.35,0.64,-31.51,-0.44,244.74,2.45,232
12,Exit long,2021-02-08 07:41,L12 exit,1811.68,12,21780.864,-47.9,-0.22,7.2,4.9,0.02,-44.3,-0.20,196.83,1.97,67
12,Entry long,2021-02-08 06:34,L12,1815.072,12,21780.864,-47.9,-0.22,7.2,4.9,0.02,-44.3,-0.20,196.83,1.97,67
13,Exit short,2021-02-08 10:38,Opposite signal,1812.195,10,18126.8,-1.15,-0.01,6,39.8,0.22,-3.95,-0.02,195.68,1.96,175
13,Entry short,2021-02-08 07:43,S13,1812.68,10,18126.8,-1.15,-0.01,6,39.8,0.22,-3.95,-0.02,195.68,1.96,175
14,Exit long,2021-02-08 11:15,Opposite signal,1814.076,17,30864.69,-35.6,-0.12,10.2,0,0.00,-32.3,-0.10,160.08,1.60,2
14,Entry long,2021-02-08 11:13,L14,1815.57,17,30864.69,-35.6,-0.12,10.2,0,0.00,-32.3,-0.10,160.08,1.60,2
15,Exit short,2021-02-08 11:51,Opposite signal,1815.195,14,25403.42,-17.71,-0.07,8.4,18.76,0.07,-14.14,-0.06,142.37,1.42,35
15,Entry short,2021-02-08 11:16,S15,1814.53,14,25403.42,-17.71,-0.07,8.4,18.76,0.07,-14.14,-0.06,142.37,1.42,35
16,Exit long,2021-02-08 13:30,Opposite signal,1815.05,14,25406.178,-3.88,-0.02,8.4,40.17,0.16,-25.02,-0.10,138.5,1.38,95
16,Entry long,2021-02-08 11:55,L16,1814.727,14,25406.178,-3.88,-0.02,8.4,40.17,0.16,-25.02,-0.10,138.5,1.38,95
17,Exit short,2021-02-08 14:35,Opposite signal,1811.26,12,21787.32,45,0.21,7.2,89.34,0.41,-9,-0.04,183.5,1.83,62
17,Entry short,2021-02-08 13:33,S17,1815.61,12,21787.32,45,0.21,7.2,89.34,0.41,-9,-0.04,183.5,1.83,62
18,Exit long,2021-02-08 16:03,Opposite signal,1812.07,12,21725.556,12.08,0.06,7.2,53.8,0.25,-12.16,-0.06,195.58,1.96,87
18,Entry long,2021-02-08 14:36,L18,1810.463,12,21725.556,12.08,0.06,7.2,53.8,0.25,-12.16,-0.06,195.58,1.96,87
19,Exit short,2021-02-08 16:22,Opposite signal,1815.255,10,18123.45,-35.1,-0.19,6,0,0.00,-33.15,-0.18,160.48,1.60,18
19,Entry short,2021-02-08 16:04,S19,1812.345,10,18123.45,-35.1,-0.19,6,0,0.00,-33.15,-0.18,160.48,1.60,18
20,Exit long,2021-02-08 20:07,Opposite signal,1831.775,5,9103.755,52.12,0.57,3,69.8,0.77,-12.03,-0.13,212.6,2.13,183
20,Entry long,2021-02-08 17:04,L20,1820.751,5,9103.755,52.12,0.57,3,69.8,0.77,-12.03,-0.13,212.6,2.13,183
21,Exit short,2021-02-08 20:33,Opposite signal,1835.52,12,21989.028,-44.41,-0.20,7.2,17.51,0.08,-44.11,-0.20,168.19,1.68,25
21,Entry short,2021-02-08 20:08,S21,1832.419,12,21989.028,-44.41,-0.20,7.2,17.51,0.08,-44.11,-0.20,168.19,1.68,25
22,Exit long,2021-02-08 23:01,Opposite signal,1834.29,8,14680.08,-10.56,-0.07,4.8,31.36,0.21,-9.16,-0.06,157.63,1.58,144
22,Entry long,2021-02-08 20:37,L22,1835.01,8,14680.08,-10.56,-0.07,4.8,31.36,0.21,-9.16,-0.06,157.63,1.58,144
23,Exit short,2021-02-09 10:16,Opposite signal,1842.88,12,22079.58,-42.18,-0.19,7.2,1.44,0.01,-40.92,-0.19,115.45,1.15,33
23,Entry short,2021-02-09 09:43,S23,1839.965,12,22079.58,-42.18,-0.19,7.2,1.44,0.01,-40.92,-0.19,115.45,1.15,33
24,Exit long,2021-02-09 11:08,Opposite signal,1838.96,10,18425.9,-42.3,-0.23,6,0,0.00,-41.35,-0.22,73.15,0.73,48
24,Entry long,2021-02-09 10:20,L24,1842.59,10,18425.9,-42.3,-0.23,6,0,0.00,-41.35,-0.22,73.15,0.73,48
25,Exit short,2021-02-09 13:22,Opposite signal,1843.48,9,16555.707,-41.01,-0.25,5.4,9.03,0.05,-39.66,-0.24,32.13,0.32,120
25,Entry short,2021-02-09 11:22,S25,1839.523,9,16555.707,-41.01,-0.25,5.4,9.03,0.05,-39.66,-0.24,32.13,0.32,120
26,Exit long,2021-02-09 16:00,Opposite signal,1845.09,7,12903.135,8.3,0.06,4.2,35.17,0.27,-34.4,-0.27,40.43,0.40,157
26,Entry long,2021-02-09 13:23,L26,1843.305,7,12903.135,8.3,0.06,4.2,35.17,0.27,-34.4,-0.27,40.43,0.40,157
27,Exit short,2021-02-09 19:12,Opposite signal,1845.185,11,20304.328,0.69,0.00,6.6,71.52,0.35,-10.14,-0.05,41.12,0.41,191
27,Entry short,2021-02-09 16:01,S27,1845.848,11,20304.328,0.69,0.00,6.6,71.52,0.35,-10.14,-0.05,41.12,0.41,191
28,Exit long,2021-02-09 20:08,L28 exit,1838.046,7,12914.93,-52.81,-0.41,4.2,0,0.00,-50.71,-0.39,-11.69,-0.12,35
28,Entry long,2021-02-09 19:33,L28,1844.99,7,12914.93,-52.81,-0.41,4.2,0,0.00,-50.71,-0.39,-11.69,-0.12,35
29,Exit short,2021-02-10 02:00,Time flat,1836.44,4,7344.468,-3.69,-0.05,2.4,5.47,0.07,-40.37,-0.55,-15.38,-0.15,345
29,Entry short,2021-02-09 20:14,S29,1836.117,4,7344.468,-3.69,-0.05,2.4,5.47,0.07,-40.37,-0.55,-15.38,-0.15,345
30,Exit long,2021-02-11 02:00,Time flat,1842.02,3,5548.983,-24.72,-0.45,1.8,0,0.00,-44.97,-0.81,-40.1,-0.40,367
30,Entry long,2021-02-10 19:53,L30,1849.661,3,5548.983,-24.72,-0.45,1.8,0,0.00,-44.97,-0.81,-40.1,-0.40,367
31,Exit short,2021-02-12 02:00,Time flat,1824.565,11,20084.394,7.58,0.04,6.6,48.11,0.24,-20.86,-0.10,-32.52,-0.33,187
31,Entry short,2021-02-11 22:53,S31,1825.854,11,20084.394,7.58,0.04,6.6,48.11,0.24,-20.86,-0.10,-32.52,-0.33,187
32,Exit short,2021-02-12 08:42,Opposite signal,1821.325,6,10927.08,-4.47,-0.04,3.6,8.61,0.08,-3.48,-0.03,-36.99,-0.37,37
32,Entry short,2021-02-12 08:05,S32,1821.18,6,10927.08,-4.47,-0.04,3.6,8.61,0.08,-3.48,-0.03,-36.99,-0.37,37
33,Exit long,2021-02-12 11:34,Opposite signal,1823.53,14,25497.584,23.44,0.09,8.4,39.54,0.16,-9.8,-0.04,-13.56,-0.14,171
33,Entry long,2021-02-12 08:43,L33,1821.256,14,25497.584,23.44,0.09,8.4,39.54,0.16,-9.8,-0.04,-13.56,-0.14,171
34,Exit short,2021-02-12 13:04,Opposite signal,1820.477,20,36470.8,49.26,0.14,12,94.5,0.26,-14.8,-0.04,35.7,0.36,86
34,Entry short,2021-02-12 11:37,S34,1823.54,20,36470.8,49.26,0.14,12,94.5,0.26,-14.8,-0.04,35.7,0.36,86
35,Exit long,2021-02-12 13:22,Opposite signal,1818.206,15,27299.85,-35.76,-0.13,9,9.24,0.03,-35.85,-0.13,-0.06,0.00,17
35,Entry long,2021-02-12 13:05,L35,1819.99,15,27299.85,-35.76,-0.13,9,9.24,0.03,-35.85,-0.13,-0.06,0.00,17
36,Exit short,2021-02-12 16:14,Opposite signal,1821.305,12,21822.18,-40.68,-0.19,7.2,32.27,0.15,-40.02,-0.18,-40.74,-0.41,80
36,Entry short,2021-02-12 14:54,S36,1818.515,12,21822.18,-40.68,-0.19,7.2,32.27,0.15,-40.02,-0.18,-40.74,-0.41,80
37,Exit long,2021-02-12 19:01,Opposite signal,1812.455,6,10918.266,-47.14,-0.43,3.6,2.95,0.03,-48.23,-0.44,-87.87,-0.88,146
37,Entry long,2021-02-12 16:35,L37,1819.711,6,10918.266,-47.14,-0.43,3.6,2.95,0.03,-48.23,-0.44,-87.87,-0.88,146
38,Exit short,2021-02-12 21:19,S38 exit,1823.073,4,7253.056,-41.64,-0.57,2.4,9.44,0.13,-40.44,-0.56,-129.51,-1.30,137
38,Entry short,2021-02-12 19:02,S38,1813.264,4,7253.056,-41.64,-0.57,2.4,9.44,0.13,-40.44,-0.56,-129.51,-1.30,137
39,Exit long,2021-02-12 23:00,Weekend flat,1824.47,3,5477.289,-5.68,-0.10,1.8,10.18,0.19,-7.71,-0.14,-135.19,-1.35,87
39,Entry long,2021-02-12 21:33,L39,1825.763,3,5477.289,-5.68,-0.10,1.8,10.18,0.19,-7.71,-0.14,-135.19,-1.35,87
40,Exit short,2021-02-16 20:45,Opposite signal,1806.522,2,3622.354,8.11,0.22,1.2,42.6,1.18,-3.78,-0.10,-127.08,-1.27,122
40,Entry short,2021-02-16 18:43,S40,1811.177,2,3622.354,8.11,0.22,1.2,42.6,1.18,-3.78,-0.10,-127.08,-1.27,122
41,Exit long,2021-02-16 21:47,Opposite signal,1807.81,8,14502.936,-45.26,-0.31,4.8,8.76,0.06,-43.29,-0.30,-172.33,-1.72,41
41,Entry long,2021-02-16 21:06,L41,1812.867,8,14502.936,-45.26,-0.31,4.8,8.76,0.06,-43.29,-0.30,-172.33,-1.72,41
42,Exit long,2021-02-17 18:39,Opposite signal,1788.67,8,14307.32,-2.76,-0.02,4.8,38.24,0.27,-39.84,-0.28,-175.09,-1.75,259
42,Entry long,2021-02-17 14:20,L43,1788.415,8,14307.32,-2.76,-0.02,4.8,38.24,0.27,-39.84,-0.28,-175.09,-1.75,259
43,Exit short,2021-02-18 02:00,Time flat,1773.79,8,14311.712,116.59,0.81,4.8,153.1,1.07,-4.73,-0.03,-58.5,-0.59,440
43,Entry short,2021-02-17 18:40,S44,1788.964,8,14311.712,116.59,0.81,4.8,153.1,1.07,-4.73,-0.03,-58.5,-0.59,440
44,Exit long,2021-02-18 20:12,Opposite signal,1778.36,4,7127.196,-16.16,-0.23,2.4,30.36,0.43,-17.5,-0.25,-74.66,-0.75,461
44,Entry long,2021-02-18 12:31,L45,1781.799,4,7127.196,-16.16,-0.23,2.4,30.36,0.43,-17.5,-0.25,-74.66,-0.75,461
45,Exit short,2021-02-18 21:09,S46 exit,1776.986,10,17730.86,-45,-0.25,6,43.16,0.24,-42,-0.24,-119.66,-1.20,33
45,Entry short,2021-02-18 20:36,S46,1773.086,10,17730.86,-45,-0.25,6,43.16,0.24,-42,-0.24,-119.66,-1.20,33
46,Exit long,2021-02-19 02:00,Time flat,1774.682,5,8879.93,-9.52,-0.11,3,19.67,0.22,-17.12,-0.19,-129.18,-1.29,290
46,Entry long,2021-02-18 21:10,L47,1775.986,5,8879.93,-9.52,-0.11,3,19.67,0.22,-17.12,-0.19,-129.18,-1.29,290
47,Exit long,2021-02-19 06:36,L48 exit,1765.534,10,17697.38,-48.04,-0.27,6,0,0.00,-45.04,-0.25,-177.22,-1.77,3
47,Entry long,2021-02-19 06:33,L48,1769.738,10,17697.38,-48.04,-0.27,6,0,0.00,-45.04,-0.25,-177.22,-1.77,3
48,Exit long,2021-02-19 12:19,Opposite signal,1771.74,8,14121.344,47.78,0.34,4.8,97.22,0.69,-10.42,-0.07,-129.44,-1.29,306
48,Entry long,2021-02-19 07:13,L50,1765.168,8,14121.344,47.78,0.34,4.8,97.22,0.69,-10.42,-0.07,-129.44,-1.29,306
49,Exit short,2021-02-19 13:23,Opposite signal,1773.58,7,12403.265,-15.99,-0.13,4.2,16.15,0.13,-14.35,-0.12,-145.44,-1.45,63
49,Entry short,2021-02-19 12:20,S51,1771.895,7,12403.265,-15.99,-0.13,4.2,16.15,0.13,-14.35,-0.12,-145.44,-1.45,63
50,Exit long,2021-02-19 17:24,Opposite signal,1768.505,8,14190.192,-46.95,-0.33,4.8,10.61,0.07,-45.31,-0.32,-192.39,-1.92,222
50,Entry long,2021-02-19 13:42,L52,1773.774,8,14190.192,-46.95,-0.33,4.8,10.61,0.07,-45.31,-0.32,-192.39,-1.92,222
51,Exit short,2021-02-19 19:28,S53 exit,1776.4,6,10615.728,-46.27,-0.44,3.6,0.02,0.00,-44.47,-0.42,-238.66,-2.39,118
51,Entry short,2021-02-19 17:30,S53,1769.288,6,10615.728,-46.27,-0.44,3.6,0.02,0.00,-44.47,-0.42,-238.66,-2.39,118
52,Exit long,2021-02-19 23:00,Weekend flat,1782.09,3,5347.977,-3.51,-0.07,1.8,26.21,0.49,-14.43,-0.27,-242.17,-2.42,191
52,Entry long,2021-02-19 19:49,L54,1782.659,3,5347.977,-3.51,-0.07,1.8,26.21,0.49,-14.43,-0.27,-242.17,-2.42,191
53,Exit short,2021-02-22 08:07,Opposite signal,1788,11,19657.11,-17.49,-0.09,6.6,30.65,0.16,-15.07,-0.08,-259.66,-2.60,51
53,Entry short,2021-02-22 07:16,S55,1787.01,11,19657.11,-17.49,-0.09,6.6,30.65,0.16,-15.07,-0.08,-259.66,-2.60,51
54,Exit long,2021-02-22 08:30,Opposite signal,1783.585,10,17870.48,-40.63,-0.23,6,0,0.00,-38.53,-0.22,-300.29,-3.00,18
54,Entry long,2021-02-22 08:12,L56,1787.048,10,17870.48,-40.63,-0.23,6,0,0.00,-38.53,-0.22,-300.29,-3.00,18
55,Exit short,2021-02-22 10:32,Opposite signal,1786.576,8,14271.392,-26.02,-0.18,4.8,22.75,0.16,-23.62,-0.17,-326.3,-3.26,120
55,Entry short,2021-02-22 08:32,S57,1783.924,8,14271.392,-26.02,-0.18,4.8,22.75,0.16,-23.62,-0.17,-326.3,-3.26,120
56,Exit long,2021-02-22 14:49,L58 exit,1797.208,17,30386.939,155.4,0.51,10.2,160.5,0.53,-13.8,-0.05,-170.91,-1.71,228
56,Entry long,2021-02-22 11:01,L58,1787.467,17,30386.939,155.4,0.51,10.2,160.5,0.53,-13.8,-0.05,-170.91,-1.71,228
57,Exit long,2021-02-23 08:37,Opposite signal,1814.404,8,14485.344,25.09,0.17,4.8,41.06,0.28,-12.9,-0.09,-145.82,-1.46,95
57,Entry long,2021-02-23 07:02,L59,1810.668,8,14485.344,25.09,0.17,4.8,41.06,0.28,-12.9,-0.09,-145.82,-1.46,95
58,Exit short,2021-02-23 11:32,Opposite signal,1813.518,13,23582.351,-1.18,-0.01,7.8,50.14,0.21,-5.3,-0.02,-147,-1.47,173
58,Entry short,2021-02-23 08:39,S60,1814.027,13,23582.351,-1.18,-0.01,7.8,50.14,0.21,-5.3,-0.02,-147,-1.47,173
59,Exit long,2021-02-23 12:39,Opposite signal,1809.735,10,18133.96,-42.61,-0.23,6,10.44,0.06,-40.6,-0.22,-189.61,-1.90,66
59,Entry long,2021-02-23 11:33,L61,1813.396,10,18133.96,-42.61,-0.23,6,10.44,0.06,-40.6,-0.22,-189.61,-1.90,66
60,Exit short,2021-02-23 14:18,Opposite signal,1810.46,9,16296.723,-2.82,-0.02,5.4,33.86,0.21,-22.75,-0.14,-192.43,-1.92,95
60,Entry short,2021-02-23 12:43,S62,1810.747,9,16296.723,-2.82,-0.02,5.4,33.86,0.21,-22.75,-0.14,-192.43,-1.92,95
61,Exit long,2021-02-23 14:52,Opposite signal,1805.76,9,16292.25,-45.81,-0.28,5.4,0,0.00,-43.43,-0.27,-238.24,-2.38,28
61,Entry long,2021-02-23 14:24,L63,1810.25,9,16292.25,-45.81,-0.28,5.4,0,0.00,-43.43,-0.27,-238.24,-2.38,28
62,Exit short,2021-02-23 15:51,Opposite signal,1807.82,8,14454.72,-12.64,-0.09,4.8,22.27,0.15,-11.08,-0.08,-250.88,-2.51,52
62,Entry short,2021-02-23 14:59,S64,1806.84,8,14454.72,-12.64,-0.09,4.8,22.27,0.15,-11.08,-0.08,-250.88,-2.51,52
63,Exit long,2021-02-23 20:05,Opposite signal,1805.015,8,14464.928,-29.61,-0.20,4.8,35.64,0.25,-27.54,-0.19,-280.49,-2.80,242
63,Entry long,2021-02-23 16:03,L65,1808.116,8,14464.928,-29.61,-0.20,4.8,35.64,0.25,-27.54,-0.19,-280.49,-2.80,242
64,Exit short,2021-02-23 20:39,Opposite signal,1805.265,5,9025.645,-3.68,-0.04,3,0,0.00,-5.9,-0.07,-284.17,-2.84,1
64,Entry short,2021-02-23 20:38,S66,1805.129,5,9025.645,-3.68,-0.04,3,0,0.00,-5.9,-0.07,-284.17,-2.84,1
65,Exit long,2021-02-24 00:25,Opposite signal,1802.13,4,7224.444,-18.32,-0.25,2.4,18.14,0.25,-18.26,-0.25,-302.49,-3.02,221
65,Entry long,2021-02-23 20:44,L67,1806.111,4,7224.444,-18.32,-0.25,2.4,18.14,0.25,-18.26,-0.25,-302.49,-3.02,221
66,Exit long,2021-02-24 09:35,Opposite signal,1808.035,6,10853.46,-8.85,-0.08,3.6,28.54,0.26,-7.89,-0.07,-311.34,-3.11,161
66,Entry long,2021-02-24 06:54,L68,1808.91,6,10853.46,-8.85,-0.08,3.6,28.54,0.26,-7.89,-0.07,-311.34,-3.11,161
67,Exit short,2021-02-24 13:53,Opposite signal,1809.356,7,12659.99,-9.7,-0.08,4.2,25.76,0.20,-13.39,-0.11,-321.04,-3.21,235
67,Entry short,2021-02-24 09:58,S69,1808.57,7,12659.99,-9.7,-0.08,4.2,25.76,0.20,-13.39,-0.11,-321.04,-3.21,235
68,Exit long,2021-02-24 14:15,Opposite signal,1807.174,9,16274.628,-15.46,-0.09,5.4,14.56,0.09,-13.21,-0.08,-336.5,-3.37,19
68,Entry long,2021-02-24 13:56,L70,1808.292,9,16274.628,-15.46,-0.09,5.4,14.56,0.09,-13.21,-0.08,-336.5,-3.37,19
69,Exit short,2021-02-24 15:41,Opposite signal,1805.913,11,19885.58,13.94,0.07,6.6,46.93,0.24,-12.21,-0.06,-322.57,-3.23,85
69,Entry short,2021-02-24 14:16,S71,1807.78,11,19885.58,13.94,0.07,6.6,46.93,0.24,-12.21,-0.06,-322.57,-3.23,85
70,Exit long,2021-02-24 17:23,Opposite signal,1808.2,12,21667.08,24.12,0.11,7.2,49.3,0.23,-16.7,-0.08,-298.45,-2.98,101
70,Entry long,2021-02-24 15:42,L72,1805.59,12,21667.08,24.12,0.11,7.2,49.3,0.23,-16.7,-0.08,-298.45,-2.98,101
71,Exit short,2021-02-24 17:56,Opposite signal,1810.241,15,27127.2,-35.41,-0.13,9,0,0.00,-32.04,-0.12,-333.86,-3.34,32
71,Entry short,2021-02-24 17:24,S73,1808.48,15,27127.2,-35.41,-0.13,9,0,0.00,-32.04,-0.12,-333.86,-3.34,32
72,Exit long,2021-02-24 18:06,Opposite signal,1808.041,15,27140.34,-28.72,-0.11,9,3.81,0.01,-24.22,-0.09,-362.59,-3.63,9
72,Entry long,2021-02-24 17:57,L74,1809.356,15,27140.34,-28.72,-0.11,9,3.81,0.01,-24.22,-0.09,-362.59,-3.63,9
73,Exit short,2021-02-24 18:34,Opposite signal,1808.279,13,23505.495,-9.93,-0.04,7.8,30.67,0.13,-7.71,-0.03,-372.52,-3.73,22
73,Entry short,2021-02-24 18:12,S75,1808.115,13,23505.495,-9.93,-0.04,7.8,30.67,0.13,-7.71,-0.03,-372.52,-3.73,22
74,Exit long,2021-02-24 18:42,Opposite signal,1804.97,13,23499.71,-42.9,-0.18,7.8,9.87,0.04,-39,-0.17,-415.42,-4.15,7
74,Entry long,2021-02-24 18:35,L76,1807.67,13,23499.71,-42.9,-0.18,7.8,9.87,0.04,-39,-0.17,-415.42,-4.15,7
75,Exit long,2021-02-24 23:34,Opposite signal,1797.169,4,7172.392,13.88,0.19,2.4,44.55,0.62,-20.64,-0.29,-401.53,-4.02,156
75,Entry long,2021-02-24 20:58,L78,1793.098,4,7172.392,13.88,0.19,2.4,44.55,0.62,-20.64,-0.29,-401.53,-4.02,156
76,Exit short,2021-02-25 09:49,Opposite signal,1798.92,4,7180.98,-17.1,-0.24,2.4,3.96,0.06,-16.08,-0.22,-418.63,-4.19,82
76,Entry short,2021-02-25 08:27,S79,1795.245,4,7180.98,-17.1,-0.24,2.4,3.96,0.06,-16.08,-0.22,-418.63,-4.19,82
77,Exit long,2021-02-25 11:37,Opposite signal,1797.655,9,16180.668,-7.17,-0.04,5.4,28.84,0.18,-16.33,-0.10,-425.81,-4.26,98
77,Entry long,2021-02-25 09:59,L80,1797.852,9,16180.668,-7.17,-0.04,5.4,28.84,0.18,-16.33,-0.10,-425.81,-4.26,98
78,Exit short,2021-02-25 12:30,Opposite signal,1796.795,10,17980.03,6.08,0.03,6,42.81,0.24,-4.77,-0.03,-419.73,-4.20,52
78,Entry short,2021-02-25 11:38,S81,1798.003,10,17980.03,6.08,0.03,6,42.81,0.24,-4.77,-0.03,-419.73,-4.20,52
79,Exit long,2021-02-25 12:40,Opposite signal,1792.646,11,19750.72,-38.21,-0.19,6.6,0,0.00,-34.91,-0.18,-457.94,-4.58,9
79,Entry long,2021-02-25 12:31,L82,1795.52,11,19750.72,-38.21,-0.19,6.6,0,0.00,-34.91,-0.18,-457.94,-4.58,9
80,Exit short,2021-02-25 14:44,Opposite signal,1791.611,9,16140.798,10.9,0.07,5.4,46.44,0.29,-15.68,-0.10,-447.04,-4.47,121
80,Entry short,2021-02-25 12:43,S83,1793.422,9,16140.798,10.9,0.07,5.4,46.44,0.29,-15.68,-0.10,-447.04,-4.47,121
81,Exit long,2021-02-25 14:56,Opposite signal,1787.872,9,16123.599,-38.15,-0.24,5.4,0.53,0.00,-39.93,-0.25,-485.19,-4.85,9
81,Entry long,2021-02-25 14:47,L84,1791.511,9,16123.599,-38.15,-0.24,5.4,0.53,0.00,-39.93,-0.25,-485.19,-4.85,9
82,Exit short,2021-02-25 15:12,Opposite signal,1792.704,8,14307.96,-38.47,-0.27,4.8,0,0.00,-36.39,-0.25,-523.67,-5.24,15
82,Entry short,2021-02-25 14:57,S85,1788.495,8,14307.96,-38.47,-0.27,4.8,0,0.00,-36.39,-0.25,-523.67,-5.24,15
83,Exit long,2021-02-25 16:49,Opposite signal,1791.604,8,14337.056,-9.02,-0.06,4.8,24.14,0.17,-6.7,-0.05,-532.69,-5.33,91
83,Entry long,2021-02-25 15:18,L86,1792.132,8,14337.056,-9.02,-0.06,4.8,24.14,0.17,-6.7,-0.05,-532.69,-5.33,91
84,Exit long,2021-02-25 20:34,Opposite signal,1778.365,6,10711.452,-44.86,-0.42,3.6,20.58,0.19,-43.61,-0.41,-577.55,-5.78,28
84,Entry long,2021-02-25 20:06,L88,1785.242,6,10711.452,-44.86,-0.42,3.6,20.58,0.19,-43.61,-0.41,-577.55,-5.78,28
85,Exit short,2021-02-25 22:24,Opposite signal,1780.724,4,7113.616,-11.68,-0.16,2.4,32.12,0.45,-10.98,-0.15,-589.23,-5.89,95
85,Entry short,2021-02-25 20:49,S89,1778.404,4,7113.616,-11.68,-0.16,2.4,32.12,0.45,-10.98,-0.15,-589.23,-5.89,95
86,Exit long,2021-02-25 23:32,L90 exit,1769.074,4,7119.672,-45.78,-0.64,2.4,4.98,0.07,-44.58,-0.63,-635.01,-6.35,64
86,Entry long,2021-02-25 22:28,L90,1779.918,4,7119.672,-45.78,-0.64,2.4,4.98,0.07,-44.58,-0.63,-635.01,-6.35,64
87,Exit long,2021-02-26 14:46,Opposite signal,1767.005,8,14079.552,51.69,0.37,4.8,79.87,0.57,-14.59,-0.10,-583.32,-5.83,86
87,Entry long,2021-02-26 13:20,L91,1759.944,8,14079.552,51.69,0.37,4.8,79.87,0.57,-14.59,-0.10,-583.32,-5.83,86
88,Exit short,2021-02-26 17:23,Opposite signal,1760.244,10,17673.38,64.94,0.37,6,93.18,0.53,-7.17,-0.04,-518.38,-5.18,156
88,Entry short,2021-02-26 14:47,S92,1767.338,10,17673.38,64.94,0.37,6,93.18,0.53,-7.17,-0.04,-518.38,-5.18,156
89,Exit long,2021-02-26 18:24,Opposite signal,1759.435,11,19364.697,-17.51,-0.09,6.6,28.08,0.14,-21.64,-0.11,-535.89,-5.36,55
89,Entry long,2021-02-26 17:29,L93,1760.427,11,19364.697,-17.51,-0.09,6.6,28.08,0.14,-21.64,-0.11,-535.89,-5.36,55
90,Exit short,2021-02-26 18:36,Opposite signal,1763.765,9,15836.724,-42.56,-0.27,5.4,14.23,0.09,-43.09,-0.27,-578.45,-5.78,6
90,Entry short,2021-02-26 18:30,S94,1759.636,9,15836.724,-42.56,-0.27,5.4,14.23,0.09,-43.09,-0.27,-578.45,-5.78,6
91,Exit long,2021-02-26 19:47,Opposite signal,1759.085,8,14099.88,-32,-0.23,4.8,35.05,0.25,-31.7,-0.22,-610.45,-6.10,70
91,Entry long,2021-02-26 18:37,L95,1762.485,8,14099.88,-32,-0.23,4.8,35.05,0.25,-31.7,-0.22,-610.45,-6.10,70
92,Exit short,2021-02-26 20:50,S96 exit,1731.622,5,8799.87,138.76,1.58,3,140.26,1.59,-17.18,-0.20,-471.69,-4.72,62
92,Entry short,2021-02-26 19:48,S96,1759.974,5,8799.87,138.76,1.58,3,140.26,1.59,-17.18,-0.20,-471.69,-4.72,62
93,Exit short,2021-03-01 06:45,Opposite signal,1742.02,17,29589.18,-35.36,-0.12,10.2,29.31,0.10,-35.26,-0.12,-507.05,-5.07,15
93,Entry short,2021-03-01 06:30,S97,1740.54,17,29589.18,-35.36,-0.12,10.2,29.31,0.10,-35.26,-0.12,-507.05,-5.07,15
94,Exit long,2021-03-01 09:52,Opposite signal,1749.285,7,12199.355,41.44,0.34,4.2,60.5,0.50,-5.37,-0.04,-465.61,-4.66,167
94,Entry long,2021-03-01 07:05,L98,1742.765,7,12199.355,41.44,0.34,4.2,60.5,0.50,-5.37,-0.04,-465.61,-4.66,167
95,Exit short,2021-03-01 11:01,Opposite signal,1752.06,13,22744.618,-39.96,-0.18,7.8,0.55,0.00,-36.71,-0.16,-505.57,-5.06,44
95,Entry short,2021-03-01 10:17,S99,1749.586,13,22744.618,-39.96,-0.18,7.8,0.55,0.00,-36.71,-0.16,-505.57,-5.06,44
96,Exit long,2021-03-01 13:39,Opposite signal,1752.361,9,15763.482,2.37,0.02,5.4,73.37,0.47,-25.4,-0.16,-503.21,-5.03,157
96,Entry long,2021-03-01 11:02,L100,1751.498,9,15763.482,2.37,0.02,5.4,73.37,0.47,-25.4,-0.16,-503.21,-5.03,157
97,Exit short,2021-03-01 17:52,Opposite signal,1747.38,6,10519.632,31.75,0.30,3.6,67.15,0.64,-8.03,-0.08,-471.46,-4.71,243
97,Entry short,2021-03-01 13:49,S101,1753.272,6,10519.632,31.75,0.30,3.6,67.15,0.64,-8.03,-0.08,-471.46,-4.71,243
98,Exit long,2021-03-01 18:02,Opposite signal,1741.559,8,13969.264,-41.59,-0.30,4.8,0,0.00,-39.89,-0.29,-513.05,-5.13,9
98,Entry long,2021-03-01 17:53,L102,1746.158,8,13969.264,-41.59,-0.30,4.8,0,0.00,-39.89,-0.29,-513.05,-5.13,9
99,Exit short,2021-03-01 19:50,Opposite signal,1741.601,7,12192.46,-2.95,-0.02,4.2,73.99,0.61,-3.64,-0.03,-515.99,-5.16,105
99,Entry short,2021-03-01 18:05,S103,1741.78,7,12192.46,-2.95,-0.02,4.2,73.99,0.61,-3.64,-0.03,-515.99,-5.16,105
100,Exit long,2021-03-01 20:18,Opposite signal,1736.586,5,8696.805,-16.87,-0.19,3,16.97,0.20,-17.58,-0.20,-532.87,-5.33,25
100,Entry long,2021-03-01 19:53,L104,1739.361,5,8696.805,-16.87,-0.19,3,16.97,0.20,-17.58,-0.20,-532.87,-5.33,25
101,Exit short,2021-03-02 02:00,Time flat,1721.772,7,12165.461,108.86,0.89,4.2,124.9,1.03,-34.95,-0.29,-424.01,-4.24,320
101,Entry short,2021-03-01 20:40,S105,1737.923,7,12165.461,108.86,0.89,4.2,124.9,1.03,-34.95,-0.29,-424.01,-4.24,320
102,Exit short,2021-03-02 11:43,Opposite signal,1717.647,6,10328.67,19.19,0.19,3.6,82.85,0.80,-3.33,-0.03,-404.82,-4.05,293
102,Entry short,2021-03-02 06:50,S106,1721.445,6,10328.67,19.19,0.19,3.6,82.85,0.80,-3.33,-0.03,-404.82,-4.05,293
103,Exit long,2021-03-02 12:53,Opposite signal,1721.354,12,20641.104,7.94,0.04,7.2,47.04,0.23,-9.19,-0.04,-396.88,-3.97,40
103,Entry long,2021-03-02 12:13,L107,1720.092,12,20641.104,7.94,0.04,7.2,47.04,0.23,-9.19,-0.04,-396.88,-3.97,40
104,Exit short,2021-03-02 14:04,Opposite signal,1720.912,11,18939.646,3.01,0.02,6.6,64.99,0.34,-5.54,-0.03,-393.87,-3.94,70
104,Entry short,2021-03-02 12:54,S108,1721.786,11,18939.646,3.01,0.02,6.6,64.99,0.34,-5.54,-0.03,-393.87,-3.94,70
105,Exit long,2021-03-02 19:04,Opposite signal,1726.927,8,13758.808,51.81,0.38,4.8,129.61,0.94,-15.05,-0.11,-342.06,-3.42,298
105,Entry long,2021-03-02 14:06,L109,1719.851,8,13758.808,51.81,0.38,4.8,129.61,0.94,-15.05,-0.11,-342.06,-3.42,298
106,Exit short,2021-03-02 21:37,Opposite signal,1728.286,4,6910.62,-4.92,-0.07,2.4,27.72,0.40,-12.48,-0.18,-346.98,-3.47,152
106,Entry short,2021-03-02 19:05,S110,1727.655,4,6910.62,-4.92,-0.07,2.4,27.72,0.40,-12.48,-0.18,-346.98,-3.47,152
107,Exit long,2021-03-03 02:00,Time flat,1735.796,7,12084.464,61.91,0.51,4.2,83.54,0.69,-3.36,-0.03,-285.07,-2.85,259
107,Entry long,2021-03-02 21:41,L111,1726.352,7,12084.464,61.91,0.51,4.2,83.54,0.69,-3.36,-0.03,-285.07,-2.85,259
108,Exit long,2021-03-03 06:56,Opposite signal,1732.705,11,19097.166,-44.01,-0.23,6.6,0.22,0.00,-42.86,-0.22,-329.09,-3.29,16
108,Entry long,2021-03-03 06:40,L112,1736.106,11,19097.166,-44.01,-0.23,6.6,0.22,0.00,-42.86,-0.22,-329.09,-3.29,16
109,Exit short,2021-03-03 15:13,Opposite signal,1729.461,9,15598.683,28.13,0.18,5.4,64.73,0.41,-28.11,-0.18,-300.95,-3.01,484
109,Entry short,2021-03-03 07:09,S113,1733.187,9,15598.683,28.13,0.18,5.4,64.73,0.41,-28.11,-0.18,-300.95,-3.01,484
110,Exit long,2021-03-03 15:53,Opposite signal,1725.325,10,17291.26,-44.01,-0.25,6,1.39,0.01,-41.01,-0.24,-344.96,-3.45,29
110,Entry long,2021-03-03 15:24,L114,1729.126,10,17291.26,-44.01,-0.25,6,1.39,0.01,-41.01,-0.24,-344.96,-3.45,29
111,Exit short,2021-03-03 16:29,Opposite signal,1726.715,8,13805.56,-12.96,-0.09,4.8,11.26,0.08,-11.48,-0.08,-357.92,-3.58,35
111,Entry short,2021-03-03 15:54,S115,1725.695,8,13805.56,-12.96,-0.09,4.8,11.26,0.08,-11.48,-0.08,-357.92,-3.58,35
112,Exit long,2021-03-03 16:57,L116 exit,1722.987,13,22439.547,-48.52,-0.22,7.8,0,0.00,-44.62,-0.20,-406.44,-4.06,25
112,Entry long,2021-03-03 16:32,L116,1726.119,13,22439.547,-48.52,-0.22,7.8,0,0.00,-44.62,-0.20,-406.44,-4.06,25
113,Exit short,2021-03-03 18:48,S117 exit,1709.578,11,18963.857,151.9,0.80,6.6,155.2,0.82,-33.76,-0.18,-254.54,-2.55,86
113,Entry short,2021-03-03 17:22,S117,1723.987,11,18963.857,151.9,0.80,6.6,155.2,0.82,-33.76,-0.18,-254.54,-2.55,86
114,Exit long,2021-03-04 02:00,Time flat,1714.804,3,5158.254,-15.64,-0.30,1.8,1.85,0.04,-22.93,-0.44,-270.18,-2.70,222
114,Entry long,2021-03-03 22:18,L118,1719.418,3,5158.254,-15.64,-0.30,1.8,1.85,0.04,-22.93,-0.44,-270.18,-2.70,222
115,Exit long,2021-03-05 13:23,Opposite signal,1697.656,6,10162.008,20.33,0.20,3.6,39.08,0.38,-13.43,-0.13,-249.85,-2.50,233
115,Entry long,2021-03-05 09:30,L119,1693.668,6,10162.008,20.33,0.20,3.6,39.08,0.38,-13.43,-0.13,-249.85,-2.50,233
116,Exit long,2021-03-05 19:00,L121 exit,1690.105,9,15253.74,-48.19,-0.32,5.4,41.9,0.27,-45.49,-0.30,-298.05,-2.98,259
116,Entry long,2021-03-05 14:41,L121,1694.86,9,15253.74,-48.19,-0.32,5.4,41.9,0.27,-45.49,-0.30,-298.05,-2.98,259
117,Exit short,2021-03-05 19:16,S122 exit,1700.816,7,11860.17,-49.74,-0.42,4.2,14.81,0.12,-47.64,-0.40,-347.79,-3.48,7
117,Entry short,2021-03-05 19:09,S122,1694.31,7,11860.17,-49.74,-0.42,4.2,14.81,0.12,-47.64,-0.40,-347.79,-3.48,7
118,Exit long,2021-03-05 23:00,Weekend flat,1702.043,4,6791.272,14.5,0.21,2.4,38.89,0.57,-24.87,-0.37,-333.29,-3.33,222
118,Entry long,2021-03-05 19:18,L123,1697.818,4,6791.272,14.5,0.21,2.4,38.89,0.57,-24.87,-0.37,-333.29,-3.33,222
119,Exit short,2021-03-08 18:52,Opposite signal,1693.59,2,3383.802,-4.58,-0.14,1.2,13.6,0.40,-6.24,-0.18,-337.87,-3.38,251
119,Entry short,2021-03-08 14:41,S124,1691.901,2,3383.802,-4.58,-0.14,1.2,13.6,0.40,-6.24,-0.18,-337.87,-3.38,251
120,Exit long,2021-03-08 21:13,L125 exit,1683.802,5,8466.32,-50.31,-0.59,3,15.51,0.18,-48.81,-0.58,-388.18,-3.88,131
120,Entry long,2021-03-08 19:02,L125,1693.264,5,8466.32,-50.31,-0.59,3,15.51,0.18,-48.81,-0.58,-388.18,-3.88,131
121,Exit long,2021-03-09 01:49,Opposite signal,1684.18,9,15123.78,28.44,0.19,5.4,42.57,0.28,-9.75,-0.06,-359.74,-3.60,173
121,Entry long,2021-03-08 22:56,L127,1680.42,9,15123.78,28.44,0.19,5.4,42.57,0.28,-9.75,-0.06,-359.74,-3.60,173
122,Exit short,2021-03-09 07:37,Opposite signal,1686.126,10,16823.6,-43.66,-0.26,6,18.1,0.11,-40.7,-0.24,-403.4,-4.03,93
122,Entry short,2021-03-09 06:04,S128,1682.36,10,16823.6,-43.66,-0.26,6,18.1,0.11,-40.7,-0.24,-403.4,-4.03,93
123,Exit long,2021-03-09 09:16,Opposite signal,1689.121,6,10121.208,9.92,0.10,3.6,26.69,0.26,-4.46,-0.04,-393.48,-3.93,65
123,Entry long,2021-03-09 08:11,L129,1686.868,6,10121.208,9.92,0.10,3.6,26.69,0.26,-4.46,-0.04,-393.48,-3.93,65
124,Exit short,2021-03-09 10:47,Opposite signal,1688.66,12,20271.18,0.06,0.00,7.2,20.03,0.10,-20.4,-0.10,-393.42,-3.93,90
124,Entry short,2021-03-09 09:17,S130,1689.265,12,20271.18,0.06,0.00,7.2,20.03,0.10,-20.4,-0.10,-393.42,-3.93,90
125,Exit long,2021-03-09 11:07,Opposite signal,1687.84,16,27018.736,-22.9,-0.08,9.6,28.06,0.10,-23.18,-0.09,-416.32,-4.16,18
125,Entry long,2021-03-09 10:49,L131,1688.671,16,27018.736,-22.9,-0.08,9.6,28.06,0.10,-23.18,-0.09,-416.32,-4.16,18
126,Exit short,2021-03-09 11:46,Opposite signal,1690.81,13,21950.175,-38.15,-0.17,7.8,7.87,0.04,-38.31,-0.17,-454.47,-4.54,38
126,Entry short,2021-03-09 11:08,S132,1688.475,13,21950.175,-38.15,-0.17,7.8,7.87,0.04,-38.31,-0.17,-454.47,-4.54,38
127,Exit long,2021-03-09 16:04,Opposite signal,1701.265,11,18595.522,111.79,0.60,6.6,156.62,0.84,-11.66,-0.06,-342.68,-3.43,250
127,Entry long,2021-03-09 11:54,L133,1690.502,11,18595.522,111.79,0.60,6.6,156.62,0.84,-11.66,-0.06,-342.68,-3.43,250
128,Exit short,2021-03-09 16:17,Opposite signal,1702.296,10,17018.66,-10.3,-0.06,6,10.72,0.06,-7.3,-0.04,-352.98,-3.53,10
128,Entry short,2021-03-09 16:07,S134,1701.866,10,17018.66,-10.3,-0.06,6,10.72,0.06,-7.3,-0.04,-352.98,-3.53,10
129,Exit long,2021-03-09 17:54,Opposite signal,1704.019,16,27230.4,24.3,0.09,9.6,150.24,0.55,-11.23,-0.04,-328.67,-3.29,96
129,Entry long,2021-03-09 16:18,L135,1701.9,16,27230.4,24.3,0.09,9.6,150.24,0.55,-11.23,-0.04,-328.67,-3.29,96
130,Exit short,2021-03-09 18:47,Opposite signal,1707.922,7,11939.942,-19.71,-0.17,4.2,19.01,0.16,-19.71,-0.17,-348.39,-3.48,49
130,Entry short,2021-03-09 17:58,S136,1705.706,7,11939.942,-19.71,-0.17,4.2,19.01,0.16,-19.71,-0.17,-348.39,-3.48,49
131,Exit long,2021-03-09 21:03,Opposite signal,1713.67,8,13644.72,59.84,0.44,4.8,118.34,0.87,-15.94,-0.12,-288.55,-2.89,135
131,Entry long,2021-03-09 18:48,L137,1705.59,8,13644.72,59.84,0.44,4.8,118.34,0.87,-15.94,-0.12,-288.55,-2.89,135
132,Exit short,2021-03-10 02:00,Time flat,1717.682,7,12003.796,-24.18,-0.20,4.2,18.47,0.15,-36.38,-0.30,-312.72,-3.13,296
132,Entry short,2021-03-09 21:04,S138,1714.828,7,12003.796,-24.18,-0.20,4.2,18.47,0.15,-36.38,-0.30,-312.72,-3.13,296
133,Exit long,2021-03-10 11:32,Opposite signal,1711.11,14,23978.164,-31.02,-0.13,8.4,17.42,0.07,-28.17,-0.12,-343.75,-3.44,198
133,Entry long,2021-03-10 08:14,L139,1712.726,14,23978.164,-31.02,-0.13,8.4,17.42,0.07,-28.17,-0.12,-343.75,-3.44,198
134,Exit short,2021-03-10 12:23,Opposite signal,1714.64,10,17111.92,-40.48,-0.24,6,11.26,0.07,-38.48,-0.22,-384.23,-3.84,46
134,Entry short,2021-03-10 11:37,S140,1711.192,10,17111.92,-40.48,-0.24,6,11.26,0.07,-38.48,-0.22,-384.23,-3.84,46
135,Exit long,2021-03-10 13:33,Opposite signal,1714.055,8,13714.16,-6.52,-0.05,4.8,17.33,0.13,-5.95,-0.04,-390.75,-3.91,61
135,Entry long,2021-03-10 12:32,L141,1714.27,8,13714.16,-6.52,-0.05,4.8,17.33,0.13,-5.95,-0.04,-390.75,-3.91,61
136,Exit short,2021-03-10 17:47,Opposite signal,1712.17,8,13694.648,-7.51,-0.05,4.8,25.98,0.19,-32.04,-0.23,-398.26,-3.98,232
136,Entry short,2021-03-10 13:55,S142,1711.831,8,13694.648,-7.51,-0.05,4.8,25.98,0.19,-32.04,-0.23,-398.26,-3.98,232
137,Exit long,2021-03-11 02:00,Time flat,1725.68,9,15409.359,116.36,0.75,5.4,122.98,0.80,-15.49,-0.10,-281.9,-2.82,476
137,Entry long,2021-03-10 18:04,L143,1712.151,9,15409.359,116.36,0.75,5.4,122.98,0.80,-15.49,-0.10,-281.9,-2.82,476
138,Exit short,2021-03-11 12:46,Opposite signal,1735.346,12,20801.052,-30.3,-0.15,7.2,20.22,0.10,-26.87,-0.13,-312.2,-3.12,35
138,Entry short,2021-03-11 12:11,S145,1733.421,12,20801.052,-30.3,-0.15,7.2,20.22,0.10,-26.87,-0.13,-312.2,-3.12,35
139,Exit long,2021-03-11 14:58,Opposite signal,1737.535,9,15613.83,18.59,0.12,5.4,42.48,0.27,-8.08,-0.05,-293.61,-2.94,131
139,Entry long,2021-03-11 12:47,L146,1734.87,9,15613.83,18.59,0.12,5.4,42.48,0.27,-8.08,-0.05,-293.61,-2.94,131
140,Exit short,2021-03-11 15:59,Opposite signal,1736.295,9,15624.45,-7.6,-0.05,5.4,29.12,0.19,-5.04,-0.03,-301.22,-3.01,52
140,Entry short,2021-03-11 15:07,S147,1736.05,9,15624.45,-7.6,-0.05,5.4,29.12,0.19,-5.04,-0.03,-301.22,-3.01,52
141,Exit long,2021-03-11 16:45,Opposite signal,1734.466,9,15625.944,-21.15,-0.14,5.4,2.06,0.01,-18.86,-0.12,-322.37,-3.22,45
141,Entry long,2021-03-11 16:00,L148,1736.216,9,15625.944,-21.15,-0.14,5.4,2.06,0.01,-18.86,-0.12,-322.37,-3.22,45
142,Exit short,2021-03-11 18:16,Opposite signal,1733.229,13,22550.047,10.27,0.05,7.8,51.27,0.23,-28.87,-0.13,-312.1,-3.12,90
142,Entry short,2021-03-11 16:46,S149,1734.619,13,22550.047,10.27,0.05,7.8,51.27,0.23,-28.87,-0.13,-312.1,-3.12,90
143,Exit long,2021-03-11 19:07,Opposite signal,1729.844,9,15606.702,-43.51,-0.28,5.4,26.13,0.17,-44.17,-0.28,-355.6,-3.56,44
143,Entry long,2021-03-11 18:23,L150,1734.078,9,15606.702,-43.51,-0.28,5.4,26.13,0.17,-44.17,-0.28,-355.6,-3.56,44
144,Exit short,2021-03-11 20:31,Opposite signal,1726.45,6,10382.25,19.95,0.19,3.6,64.5,0.62,-15.14,-0.15,-335.65,-3.36,83
144,Entry short,2021-03-11 19:08,S151,1730.375,6,10382.25,19.95,0.19,3.6,64.5,0.62,-15.14,-0.15,-335.65,-3.36,83
145,Exit long,2021-03-12 02:00,Time flat,1723.396,7,12076.617,-17.05,-0.14,4.2,19.84,0.16,-39.86,-0.33,-352.7,-3.53,328
145,Entry long,2021-03-11 20:32,L152,1725.231,7,12076.617,-17.05,-0.14,4.2,19.84,0.16,-39.86,-0.33,-352.7,-3.53,328
146,Exit short,2021-03-12 16:05,Opposite signal,1704.434,6,10326.9,96.7,0.94,3.6,129.76,1.26,-2.29,-0.02,-256,-2.56,472
146,Entry short,2021-03-12 08:13,S153,1721.15,6,10326.9,96.7,0.94,3.6,129.76,1.26,-2.29,-0.02,-256,-2.56,472
147,Exit long,2021-03-12 18:40,Opposite signal,1702.395,8,13631.096,-16.74,-0.12,4.8,21.1,0.15,-36.62,-0.27,-272.74,-2.73,145
147,Entry long,2021-03-12 16:15,L154,1703.887,8,13631.096,-16.74,-0.12,4.8,21.1,0.15,-36.62,-0.27,-272.74,-2.73,145
148,Exit short,2021-03-12 19:09,Opposite signal,1706.879,9,15328.314,-39,-0.25,5.4,10.64,0.07,-40.94,-0.27,-311.74,-3.12,21
148,Entry short,2021-03-12 18:48,S155,1703.146,9,15328.314,-39,-0.25,5.4,10.64,0.07,-40.94,-0.27,-311.74,-3.12,21
149,Exit long,2021-03-12 23:00,Weekend flat,1718.57,7,11938.122,87.67,0.73,4.2,102.54,0.86,-36.24,-0.30,-224.07,-2.24,230
149,Entry long,2021-03-12 19:10,L156,1705.446,7,11938.122,87.67,0.73,4.2,102.54,0.86,-36.24,-0.30,-224.07,-2.24,230
150,Exit long,2021-03-15 07:12,Opposite signal,1730.83,12,20798.832,-36.07,-0.17,7.2,0,0.00,-33.43,-0.16,-260.14,-2.60,12
150,Entry long,2021-03-15 07:00,L157,1733.236,12,20798.832,-36.07,-0.17,7.2,0,0.00,-33.43,-0.16,-260.14,-2.60,12
151,Exit short,2021-03-15 14:31,Opposite signal,1728.385,10,17309,19.15,0.11,6,88.82,0.51,-7.46,-0.04,-240.99,-2.41,436
151,Entry short,2021-03-15 07:15,S158,1730.9,10,17309,19.15,0.11,6,88.82,0.51,-7.46,-0.04,-240.99,-2.41,436
152,Exit long,2021-03-15 15:31,Opposite signal,1728.865,18,31140.54,-31.77,-0.10,10.8,40.97,0.13,-27.18,-0.09,-272.76,-2.73,43
152,Entry long,2021-03-15 14:48,L159,1730.03,18,31140.54,-31.77,-0.10,10.8,40.97,0.13,-27.18,-0.09,-272.76,-2.73,43
153,Exit short,2021-03-15 16:42,Opposite signal,1730.581,9,15560.712,-19.92,-0.13,5.4,13.57,0.09,-19.1,-0.12,-292.68,-2.93,70
153,Entry short,2021-03-15 15:32,S160,1728.968,9,15560.712,-19.92,-0.13,5.4,13.57,0.09,-19.1,-0.12,-292.68,-2.93,70
154,Exit long,2021-03-15 20:02,Opposite signal,1727.834,11,19030.011,-30.44,-0.16,6.6,47.1,0.25,-33.21,-0.17,-323.11,-3.23,197
154,Entry long,2021-03-15 16:45,L161,1730.001,11,19030.011,-30.44,-0.16,6.6,47.1,0.25,-33.21,-0.17,-323.11,-3.23,197
155,Exit short,2021-03-16 02:00,Time flat,1731.67,7,12101.74,-24.15,-0.20,4.2,40.35,0.33,-25.2,-0.21,-347.26,-3.47,355
155,Entry short,2021-03-15 20:03,S162,1728.82,7,12101.74,-24.15,-0.20,4.2,40.35,0.33,-25.2,-0.21,-347.26,-3.47,355
156,Exit long,2021-03-16 11:55,Opposite signal,1733.99,17,29489.934,-22.3,-0.08,10.2,38.39,0.13,-17.2,-0.06,-369.57,-3.70,57
156,Entry long,2021-03-16 10:58,L163,1734.702,17,29489.934,-22.3,-0.08,10.2,38.39,0.13,-17.2,-0.06,-369.57,-3.70,57
157,Exit short,2021-03-16 19:52,Opposite signal,1735.696,11,19077.85,-21.41,-0.11,6.6,86.3,0.45,-25.13,-0.13,-390.97,-3.91,476
157,Entry short,2021-03-16 11:56,S164,1734.35,11,19077.85,-21.41,-0.11,6.6,86.3,0.45,-25.13,-0.13,-390.97,-3.91,476
158,Exit long,2021-03-17 02:00,Time flat,1731.98,4,6949.792,-24.27,-0.35,2.4,0,0.00,-43.59,-0.63,-415.25,-4.15,347
158,Entry long,2021-03-16 20:13,L165,1737.448,4,6949.792,-24.27,-0.35,2.4,0,0.00,-43.59,-0.63,-415.25,-4.15,347
159,Exit short,2021-03-17 23:43,S166 exit,1742.196,3,5178.615,-49.77,-0.96,1.8,0,0.00,-48.87,-0.94,-465.02,-4.65,247
159,Entry short,2021-03-17 19:36,S166,1726.205,3,5178.615,-49.77,-0.96,1.8,0,0.00,-48.87,-0.94,-465.02,-4.65,247
160,Exit short,2021-03-18 10:40,Opposite signal,1750.676,7,12251.057,-7.87,-0.06,4.2,16.11,0.13,-5.77,-0.05,-472.89,-4.73,64
160,Entry short,2021-03-18 09:36,S167,1750.151,7,12251.057,-7.87,-0.06,4.2,16.11,0.13,-5.77,-0.05,-472.89,-4.73,64
161,Exit long,2021-03-18 11:32,Opposite signal,1749.235,11,19255.83,-20.84,-0.11,6.6,17.93,0.09,-18.98,-0.10,-493.74,-4.94,51
161,Entry long,2021-03-18 10:41,L168,1750.53,11,19255.83,-20.84,-0.11,6.6,17.93,0.09,-18.98,-0.10,-493.74,-4.94,51
162,Exit short,2021-03-18 12:35,Opposite signal,1752.875,12,20999.328,-42.37,-0.20,7.2,4.79,0.02,-38.77,-0.18,-536.11,-5.36,62
162,Entry short,2021-03-18 11:33,S169,1749.944,12,20999.328,-42.37,-0.20,7.2,4.79,0.02,-38.77,-0.18,-536.11,-5.36,62
163,Exit long,2021-03-18 12:52,Opposite signal,1748.49,10,17523.65,-44.75,-0.26,6,0,0.00,-43.3,-0.25,-580.86,-5.81,16
163,Entry long,2021-03-18 12:36,L170,1752.365,10,17523.65,-44.75,-0.26,6,0,0.00,-43.3,-0.25,-580.86,-5.81,16
164,Exit short,2021-03-18 18:05,Opposite signal,1731.252,3,5219.706,24.15,0.46,1.8,39.75,0.76,-3.86,-0.07,-556.71,-5.57,296
164,Entry short,2021-03-18 13:09,S171,1739.902,3,5219.706,24.15,0.46,1.8,39.75,0.76,-3.86,-0.07,-556.71,-5.57,296
165,Exit long,2021-03-18 18:39,Opposite signal,1725.765,8,13844.68,-43.36,-0.31,4.8,8.58,0.06,-42.64,-0.31,-600.07,-6.00,32
165,Entry long,2021-03-18 18:07,L172,1730.585,8,13844.68,-43.36,-0.31,4.8,8.58,0.06,-42.64,-0.31,-600.07,-6.00,32
166,Exit long,2021-03-18 22:27,Opposite signal,1731.116,9,15508.989,65.66,0.42,5.4,114.7,0.74,-33.66,-0.22,-534.42,-5.34,204
166,Entry long,2021-03-18 19:03,L174,1723.221,9,15508.989,65.66,0.42,5.4,114.7,0.74,-33.66,-0.22,-534.42,-5.34,204
167,Exit short,2021-03-19 00:52,Opposite signal,1736.387,8,13857.52,-38.38,-0.28,4.8,14.08,0.10,-36.6,-0.26,-572.79,-5.73,144
167,Entry short,2021-03-18 22:28,S175,1732.19,8,13857.52,-38.38,-0.28,4.8,14.08,0.10,-36.6,-0.26,-572.79,-5.73,144
168,Exit long,2021-03-19 13:20,Opposite signal,1743.175,8,13867.648,72.95,0.53,4.8,93.39,0.67,-29.49,-0.21,-499.84,-5.00,260
168,Entry long,2021-03-19 09:00,L176,1733.456,8,13867.648,72.95,0.53,4.8,93.39,0.67,-29.49,-0.21,-499.84,-5.00,260
169,Exit short,2021-03-19 16:17,Opposite signal,1737.915,14,24408.846,69.64,0.29,8.4,113.58,0.47,-20.52,-0.08,-430.2,-4.30,147
169,Entry short,2021-03-19 13:50,S177,1743.489,14,24408.846,69.64,0.29,8.4,113.58,0.47,-20.52,-0.08,-430.2,-4.30,147
170,Exit long,2021-03-19 18:08,Opposite signal,1740.72,12,20850.012,31.43,0.15,7.2,71.15,0.34,-33.79,-0.16,-398.78,-3.99,110
170,Entry long,2021-03-19 16:18,L178,1737.501,12,20850.012,31.43,0.15,7.2,71.15,0.34,-33.79,-0.16,-398.78,-3.99,110
171,Exit short,2021-03-19 22:19,Opposite signal,1740.694,11,19148.778,-5.46,-0.03,6.6,78.96,0.41,-5.8,-0.03,-404.23,-4.04,245
171,Entry short,2021-03-19 18:14,S179,1740.798,11,19148.778,-5.46,-0.03,6.6,78.96,0.41,-5.8,-0.03,-404.23,-4.04,245
172,Exit long,2021-03-22 11:05,Opposite signal,1739.84,15,26125.065,-36.47,-0.14,9,17.77,0.07,-33.4,-0.13,-440.7,-4.41,62
172,Entry long,2021-03-22 10:03,L181,1741.671,15,26125.065,-36.47,-0.14,9,17.77,0.07,-33.4,-0.13,-440.7,-4.41,62
173,Exit short,2021-03-22 15:43,Opposite signal,1732.71,10,17400.55,67.45,0.39,6,124.1,0.71,-6.15,-0.04,-373.25,-3.73,277
173,Entry short,2021-03-22 11:06,S182,1740.055,10,17400.55,67.45,0.39,6,124.1,0.71,-6.15,-0.04,-373.25,-3.73,277
174,Exit long,2021-03-22 17:30,Opposite signal,1736.33,8,13857.248,28.59,0.21,4.8,53.04,0.38,-9.57,-0.07,-344.66,-3.45,84
174,Entry long,2021-03-22 16:06,L183,1732.156,8,13857.248,28.59,0.21,4.8,53.04,0.38,-9.57,-0.07,-344.66,-3.45,84
175,Exit short,2021-03-22 21:50,Opposite signal,1739.11,11,19102.38,-34.43,-0.18,6.6,62.39,0.33,-32.51,-0.17,-379.09,-3.79,259
175,Entry short,2021-03-22 17:31,S184,1736.58,11,19102.38,-34.43,-0.18,6.6,62.39,0.33,-32.51,-0.17,-379.09,-3.79,259
176,Exit long,2021-03-22 23:48,Opposite signal,1740.331,16,27836.24,-0.54,0.00,9.6,16.8,0.06,-32.02,-0.11,-379.63,-3.80,80
176,Entry long,2021-03-22 22:28,L185,1739.765,16,27836.24,-0.54,0.00,9.6,16.8,0.06,-32.02,-0.11,-379.63,-3.80,80
177,Exit long,2021-03-23 12:15,Opposite signal,1738.035,11,19075.661,36.12,0.19,6.6,56.53,0.30,-7.71,-0.04,-343.51,-3.44,211
177,Entry long,2021-03-23 08:44,L186,1734.151,11,19075.661,36.12,0.19,6.6,56.53,0.30,-7.71,-0.04,-343.51,-3.44,211
178,Exit short,2021-03-23 12:46,Opposite signal,1739.51,17,29553.14,-28.73,-0.10,10.2,17.85,0.06,-24.39,-0.08,-372.24,-3.72,27
178,Entry short,2021-03-23 12:19,S187,1738.42,17,29553.14,-28.73,-0.10,10.2,17.85,0.06,-24.39,-0.08,-372.24,-3.72,27
179,Exit long,2021-03-23 13:21,Opposite signal,1736.725,13,22610.419,-40.79,-0.18,7.8,5.88,0.03,-37.48,-0.17,-413.03,-4.13,32
179,Entry long,2021-03-23 12:49,L188,1739.263,13,22610.419,-40.79,-0.18,7.8,5.88,0.03,-37.48,-0.17,-413.03,-4.13,32
180,Exit short,2021-03-23 13:50,Opposite signal,1738.9,11,19107.77,-26.73,-0.14,6.6,4.95,0.03,-24.42,-0.13,-439.76,-4.40,28
180,Entry short,2021-03-23 13:22,S189,1737.07,11,19107.77,-26.73,-0.14,6.6,4.95,0.03,-24.42,-0.13,-439.76,-4.40,28
181,Exit long,2021-03-23 14:53,Opposite signal,1737.476,11,19130.496,-24.86,-0.13,6.6,8.35,0.04,-25.7,-0.13,-464.62,-4.65,59
181,Entry long,2021-03-23 13:54,L190,1739.136,11,19130.496,-24.86,-0.13,6.6,8.35,0.04,-25.7,-0.13,-464.62,-4.65,59
182,Exit short,2021-03-23 15:17,Opposite signal,1738.305,12,20852.28,-14.58,-0.07,7.2,13.03,0.06,-13.3,-0.06,-479.2,-4.79,18
182,Entry short,2021-03-23 14:59,S191,1737.69,12,20852.28,-14.58,-0.07,7.2,13.03,0.06,-13.3,-0.06,-479.2,-4.79,18
183,Exit long,2021-03-23 18:36,Opposite signal,1736.586,15,26068.8,-29.01,-0.11,9,65.73,0.25,-27.87,-0.11,-508.21,-5.08,198
183,Entry long,2021-03-23 15:18,L192,1737.92,15,26068.8,-29.01,-0.11,9,65.73,0.25,-27.87,-0.11,-508.21,-5.08,198
184,Exit short,2021-03-24 02:00,Time flat,1727.765,7,12158.965,60.41,0.50,4.2,83.58,0.69,-6.75,-0.06,-447.8,-4.48,440
184,Entry short,2021-03-23 18:39,S193,1736.995,7,12158.965,60.41,0.50,4.2,83.58,0.69,-6.75,-0.06,-447.8,-4.48,440
185,Exit long,2021-03-24 11:47,Opposite signal,1730.055,18,31165.596,-35.41,-0.11,10.8,50.63,0.16,-31.54,-0.10,-483.21,-4.83,243
185,Entry long,2021-03-24 07:44,L194,1731.422,18,31165.596,-35.41,-0.11,10.8,50.63,0.16,-31.54,-0.10,-483.21,-4.83,243
186,Exit short,2021-03-24 14:42,Opposite signal,1732.705,9,15573.906,-25.84,-0.17,5.4,26.14,0.17,-23.54,-0.15,-509.04,-5.09,174
186,Entry short,2021-03-24 11:48,S195,1730.434,9,15573.906,-25.84,-0.17,5.4,26.14,0.17,-23.54,-0.15,-509.04,-5.09,174
187,Exit long,2021-03-24 15:45,Opposite signal,1733.211,8,13854.656,6.23,0.04,4.8,30.86,0.22,-3.62,-0.03,-502.81,-5.03,51
187,Entry long,2021-03-24 14:54,L196,1731.832,8,13854.656,6.23,0.04,4.8,30.86,0.22,-3.62,-0.03,-502.81,-5.03,51
188,Exit short,2021-03-24 16:02,Opposite signal,1733.8,13,22538.295,-8.9,-0.04,7.8,11.05,0.05,-8.18,-0.04,-511.72,-5.12,15
188,Entry short,2021-03-24 15:47,S197,1733.715,13,22538.295,-8.9,-0.04,7.8,11.05,0.05,-8.18,-0.04,-511.72,-5.12,15
189,Exit long,2021-03-24 16:08,Opposite signal,1732.47,18,31205.772,-32.11,-0.10,10.8,0,0.00,-27.7,-0.09,-543.83,-5.44,5
189,Entry long,2021-03-24 16:03,L198,1733.654,18,31205.772,-32.11,-0.10,10.8,0,0.00,-27.7,-0.09,-543.83,-5.44,5
190,Exit short,2021-03-24 17:59,Opposite signal,1732.15,16,27721.04,-2.96,-0.01,9.6,48.02,0.17,-5.36,-0.02,-546.79,-5.47,110
190,Entry short,2021-03-24 16:09,S199,1732.565,16,27721.04,-2.96,-0.01,9.6,48.02,0.17,-5.36,-0.02,-546.79,-5.47,110
191,Exit long,2021-03-24 19:08,Opposite signal,1730.573,11,19054.409,-24.71,-0.13,6.6,17.39,0.09,-23.02,-0.12,-571.5,-5.71,65
191,Entry long,2021-03-24 18:03,L200,1732.219,11,19054.409,-24.71,-0.13,6.6,17.39,0.09,-23.02,-0.12,-571.5,-5.71,65
192,Exit short,2021-03-24 21:19,Opposite signal,1732.72,10,17306.46,-26.74,-0.15,6,19.1,0.11,-25.24,-0.15,-598.24,-5.98,130
192,Entry short,2021-03-24 19:09,S201,1730.646,10,17306.46,-26.74,-0.15,6,19.1,0.11,-25.24,-0.15,-598.24,-5.98,130
193,Exit long,2021-03-25 02:00,Time flat,1734.13,5,8680.35,-12.7,-0.15,3,0.78,0.01,-21.97,-0.25,-610.94,-6.11,235
193,Entry long,2021-03-24 22:04,L202,1736.07,5,8680.35,-12.7,-0.15,3,0.78,0.01,-21.97,-0.25,-610.94,-6.11,235
194,Exit short,2021-03-25 17:55,Opposite signal,1730.072,4,6913.744,-8.94,-0.13,2.4,7.54,0.11,-8.26,-0.12,-619.88,-6.20,31
194,Entry short,2021-03-25 17:24,S203,1728.436,4,6913.744,-8.94,-0.13,2.4,7.54,0.11,-8.26,-0.12,-619.88,-6.20,31
195,Exit long,2021-03-25 18:15,Opposite signal,1725.428,10,17296.03,-47.75,-0.28,6,7.42,0.04,-44.75,-0.26,-667.63,-6.68,19
195,Entry long,2021-03-25 17:56,L204,1729.603,10,17296.03,-47.75,-0.28,6,7.42,0.04,-44.75,-0.26,-667.63,-6.68,19
196,Exit short,2021-03-25 18:31,Opposite signal,1730.966,8,13810.016,-42.51,-0.31,4.8,2.69,0.02,-40.82,-0.30,-710.14,-7.10,15
196,Entry short,2021-03-25 18:16,S205,1726.252,8,13810.016,-42.51,-0.31,4.8,2.69,0.02,-40.82,-0.30,-710.14,-7.10,15
197,Exit long,2021-03-25 22:32,L206 exit,1724.055,7,12112.401,-48.22,-0.40,4.2,104.22,0.86,-46.12,-0.38,-758.36,-7.58,235
197,Entry long,2021-03-25 18:37,L206,1730.343,7,12112.401,-48.22,-0.40,4.2,104.22,0.86,-46.12,-0.38,-758.36,-7.58,235
198,Exit short,2021-03-26 02:00,Time flat,1727.705,2,3450.11,-6.5,-0.19,1.2,3.02,0.09,-13.14,-0.38,-764.86,-7.65,207
198,Entry short,2021-03-25 22:33,S207,1725.055,2,3450.11,-6.5,-0.19,1.2,3.02,0.09,-13.14,-0.38,-764.86,-7.65,207
199,Exit long,2021-03-30 12:18,Opposite signal,1703.617,9,15365.421,-38.27,-0.25,5.4,1,0.01,-37.81,-0.25,-803.13,-8.03,26
199,Entry long,2021-03-30 11:52,L208,1707.269,9,15365.421,-38.27,-0.25,5.4,1,0.01,-37.81,-0.25,-803.13,-8.03,26
200,Exit short,2021-03-30 17:41,Opposite signal,1689.906,8,13632.816,108.77,0.80,4.8,139.76,1.02,-11.1,-0.08,-694.36,-6.94,322
200,Entry short,2021-03-30 12:19,S209,1704.102,8,13632.816,108.77,0.80,4.8,139.76,1.02,-11.1,-0.08,-694.36,-6.94,322
201,Exit long,2021-03-30 17:59,L210 exit,1685.332,10,16894.73,-47.41,-0.28,6,3.22,0.02,-44.41,-0.26,-741.77,-7.42,17
201,Entry long,2021-03-30 17:42,L210,1689.473,10,16894.73,-47.41,-0.28,6,3.22,0.02,-44.41,-0.26,-741.77,-7.42,17
202,Exit short,2021-03-31 02:00,Time flat,1683.255,8,13490.656,19.82,0.15,4.8,35.05,0.26,-20.2,-0.15,-721.95,-7.22,434
202,Entry short,2021-03-30 18:45,S211,1686.332,8,13490.656,19.82,0.15,4.8,35.05,0.26,-20.2,-0.15,-721.95,-7.22,434
203,Exit long,2021-04-01 00:20,Opposite signal,1708.43,5,8430.5,108.65,1.29,3,144.42,1.71,-20.3,-0.24,-613.3,-6.13,709
203,Entry long,2021-03-31 12:31,L212,1686.1,5,8430.5,108.65,1.29,3,144.42,1.71,-20.3,-0.24,-613.3,-6.13,709
204,Exit long,2021-04-01 06:18,Opposite signal,1706.01,16,27319.744,-33.18,-0.12,9.6,3.68,0.01,-28.38,-0.10,-646.49,-6.46,13
204,Entry long,2021-04-01 06:05,L213,1707.484,16,27319.744,-33.18,-0.12,9.6,3.68,0.01,-28.38,-0.10,-646.49,-6.46,13
205,Exit short,2021-04-01 06:59,Opposite signal,1708.17,15,25596.315,-35.23,-0.14,9,3.81,0.01,-35.38,-0.14,-681.72,-6.82,40
205,Entry short,2021-04-01 06:19,S214,1706.421,15,25596.315,-35.23,-0.14,9,3.81,0.01,-35.38,-0.14,-681.72,-6.82,40
206,Exit long,2021-04-01 14:42,Opposite signal,1714.56,13,22204.182,77.3,0.35,7.8,152.7,0.69,-12.14,-0.05,-604.42,-6.04,461
206,Entry long,2021-04-01 07:00,L215,1708.014,13,22204.182,77.3,0.35,7.8,152.7,0.69,-12.14,-0.05,-604.42,-6.04,461
207,Exit short,2021-04-01 17:26,Opposite signal,1716.385,7,12004.433,-14.46,-0.12,4.2,28.97,0.24,-12.6,-0.10,-618.88,-6.19,157
207,Entry short,2021-04-01 14:49,S216,1714.919,7,12004.433,-14.46,-0.12,4.2,28.97,0.24,-12.6,-0.10,-618.88,-6.19,157
208,Exit long,2021-04-01 19:35,Opposite signal,1723.49,7,12011.258,48.97,0.41,4.2,84.01,0.70,-3.7,-0.03,-569.91,-5.70,108
208,Entry long,2021-04-01 17:47,L217,1715.894,7,12011.258,48.97,0.41,4.2,84.01,0.70,-3.7,-0.03,-569.91,-5.70,108
209,Exit short,2021-04-01 20:06,Opposite signal,1728.397,7,12062.484,-40.49,-0.34,4.2,0.5,0.00,-38.7,-0.32,-610.41,-6.10,22
209,Entry short,2021-04-01 19:44,S218,1723.212,7,12062.484,-40.49,-0.34,4.2,0.5,0.00,-38.7,-0.32,-610.41,-6.10,22
210,Exit long,2021-04-01 21:47,Opposite signal,1725.38,6,10366.608,-17.93,-0.17,3.6,12.43,0.12,-16.16,-0.16,-628.34,-6.28,100
210,Entry long,2021-04-01 20:07,L219,1727.768,6,10366.608,-17.93,-0.17,3.6,12.43,0.12,-16.16,-0.16,-628.34,-6.28,100
211,Exit short,2021-04-02 02:00,Time flat,1729.49,9,15538.59,-32.22,-0.21,5.4,7.14,0.05,-36.19,-0.23,-660.56,-6.61,246
211,Entry short,2021-04-01 21:52,S220,1726.51,9,15538.59,-32.22,-0.21,5.4,7.14,0.05,-36.19,-0.23,-660.56,-6.61,246
212,Exit short,2021-04-05 08:28,Opposite signal,1725.41,22,37944.83,-27.39,-0.07,13.2,0,0.00,-20.79,-0.05,-687.95,-6.88,3
212,Entry short,2021-04-05 08:25,S221,1724.765,22,37944.83,-27.39,-0.07,13.2,0,0.00,-20.79,-0.05,-687.95,-6.88,3
213,Exit long,2021-04-05 09:16,Opposite signal,1724.5,20,34506.4,-28.4,-0.08,12,0,0.00,-22.4,-0.06,-716.35,-7.16,10
213,Entry long,2021-04-05 09:06,L222,1725.32,20,34506.4,-28.4,-0.08,12,0,0.00,-22.4,-0.06,-716.35,-7.16,10
214,Exit short,2021-04-05 10:41,Opposite signal,1725.325,17,29322.263,-18.46,-0.06,10.2,11.83,0.04,-13.36,-0.05,-734.81,-7.35,83
214,Entry short,2021-04-05 09:17,S223,1724.839,17,29322.263,-18.46,-0.06,10.2,11.83,0.04,-13.36,-0.05,-734.81,-7.35,83
215,Exit long,2021-04-05 11:23,Opposite signal,1723.68,16,27603.2,-33.92,-0.12,9.6,2.48,0.01,-29.12,-0.11,-768.73,-7.69,40
215,Entry long,2021-04-05 10:43,L224,1725.2,16,27603.2,-33.92,-0.12,9.6,2.48,0.01,-29.12,-0.11,-768.73,-7.69,40
216,Exit short,2021-04-05 12:07,Opposite signal,1725.686,11,18949.788,-39.36,-0.21,6.6,11.46,0.06,-38.58,-0.20,-808.09,-8.08,34
216,Entry short,2021-04-05 11:33,S225,1722.708,11,18949.788,-39.36,-0.21,6.6,11.46,0.06,-38.58,-0.20,-808.09,-8.08,34
217,Exit long,2021-04-05 14:08,Opposite signal,1727.13,8,13801.936,10.3,0.07,4.8,24.14,0.17,-5.74,-0.04,-797.78,-7.98,120
217,Entry long,2021-04-05 12:08,L226,1725.242,8,13801.936,10.3,0.07,4.8,24.14,0.17,-5.74,-0.04,-797.78,-7.98,120
218,Exit short,2021-04-05 15:15,Opposite signal,1725.985,14,24172.75,0.56,0.00,8.4,24.15,0.10,-7.28,-0.03,-797.22,-7.97,57
218,Entry short,2021-04-05 14:18,S227,1726.625,14,24172.75,0.56,0.00,8.4,24.15,0.10,-7.28,-0.03,-797.22,-7.97,57
219,Exit long,2021-04-05 15:34,L228 exit,1723.6,17,29337.665,-46.66,-0.16,10.2,2.02,0.01,-41.56,-0.14,-843.89,-8.44,18
219,Entry long,2021-04-05 15:16,L228,1725.745,17,29337.665,-46.66,-0.16,10.2,2.02,0.01,-41.56,-0.14,-843.89,-8.44,18
220,Exit short,2021-04-05 16:42,Opposite signal,1726.22,13,22412.585,-36.08,-0.16,7.8,2.72,0.01,-33.72,-0.15,-879.96,-8.80,67
220,Entry short,2021-04-05 15:35,S229,1724.045,13,22412.585,-36.08,-0.16,7.8,2.72,0.01,-33.72,-0.15,-879.96,-8.80,67
221,Exit long,2021-04-05 17:33,Opposite signal,1723.066,11,18986.176,-39.05,-0.21,6.6,12.8,0.07,-37.51,-0.20,-919.01,-9.19,50
221,Entry long,2021-04-05 16:43,L230,1726.016,11,18986.176,-39.05,-0.21,6.6,12.8,0.07,-37.51,-0.20,-919.01,-9.19,50
222,Exit short,2021-04-05 17:55,Opposite signal,1727.725,9,15510.132,-44.79,-0.29,5.4,3.75,0.02,-42.39,-0.27,-963.8,-9.64,17
222,Entry short,2021-04-05 17:38,S231,1723.348,9,15510.132,-44.79,-0.29,5.4,3.75,0.02,-42.39,-0.27,-963.8,-9.64,17
223,Exit long,2021-04-05 18:18,Opposite signal,1726.165,7,12090.022,-11.07,-0.09,4.2,16.35,0.14,-10.81,-0.09,-974.87,-9.75,22
223,Entry long,2021-04-05 17:56,L232,1727.146,7,12090.022,-11.07,-0.09,4.2,16.35,0.14,-10.81,-0.09,-974.87,-9.75,22
224,Exit short,2021-04-05 19:47,Opposite signal,1729.88,10,17265.8,-39,-0.23,6,37.94,0.22,-39,-0.23,-1013.87,-10.14,87
224,Entry short,2021-04-05 18:20,S233,1726.58,10,17265.8,-39,-0.23,6,37.94,0.22,-39,-0.23,-1013.87,-10.14,87
225,Exit long,2021-04-05 23:19,Opposite signal,1725.488,6,10373.394,-24.07,-0.23,3.6,26.71,0.26,-22.43,-0.22,-1037.94,-10.38,211
225,Entry long,2021-04-05 19:48,L234,1728.899,6,10373.394,-24.07,-0.23,3.6,26.71,0.26,-22.43,-0.22,-1037.94,-10.38,211
226,Exit long,2021-04-06 11:50,Opposite signal,1735.76,5,8668.25,7.55,0.09,3,23.45,0.27,-6.62,-0.08,-1030.39,-10.30,313
226,Entry long,2021-04-06 06:37,L235,1733.65,5,8668.25,7.55,0.09,3,23.45,0.27,-6.62,-0.08,-1030.39,-10.30,313
227,Exit short,2021-04-06 13:18,Opposite signal,1732.27,12,20833.128,38.69,0.19,7.2,95.28,0.46,-8.11,-0.04,-991.7,-9.92,80
227,Entry short,2021-04-06 11:58,S236,1736.094,12,20833.128,38.69,0.19,7.2,95.28,0.46,-8.11,-0.04,-991.7,-9.92,80
228,Exit long,2021-04-06 21:38,Opposite signal,1743.51,7,12129.866,70.5,0.58,4.2,86.15,0.71,-24.56,-0.20,-921.2,-9.21,471
228,Entry long,2021-04-06 13:47,L237,1732.838,7,12129.866,70.5,0.58,4.2,86.15,0.71,-24.56,-0.20,-921.2,-9.21,471
229,Exit short,2021-04-06 23:01,Opposite signal,1742.76,15,26156.985,6.59,0.03,9,51.89,0.20,-23.71,-0.09,-914.61,-9.15,82
229,Entry short,2021-04-06 21:39,S238,1743.799,15,26156.985,6.59,0.03,9,51.89,0.20,-23.71,-0.09,-914.61,-9.15,82
230,Exit short,2021-04-07 09:32,Opposite signal,1738.49,17,29610.294,45.76,0.15,10.2,94.83,0.32,-17.14,-0.06,-868.85,-8.69,207
230,Entry short,2021-04-07 06:05,S239,1741.782,17,29610.294,45.76,0.15,10.2,94.83,0.32,-17.14,-0.06,-868.85,-8.69,207
231,Exit long,2021-04-07 10:50,Opposite signal,1738.649,12,20861.4,-4.81,-0.02,7.2,6.6,0.03,-5.64,-0.03,-873.66,-8.74,76
231,Entry long,2021-04-07 09:33,L240,1738.45,12,20861.4,-4.81,-0.02,7.2,6.6,0.03,-5.64,-0.03,-873.66,-8.74,76
232,Exit short,2021-04-07 11:52,Opposite signal,1738.876,21,36511.461,-17.53,-0.05,12.6,44.33,0.12,-14.72,-0.04,-891.19,-8.91,61
232,Entry short,2021-04-07 10:51,S241,1738.641,21,36511.461,-17.53,-0.05,12.6,44.33,0.12,-14.72,-0.04,-891.19,-8.91,61
233,Exit long,2021-04-07 16:08,Opposite signal,1736.11,12,20865.78,-39.66,-0.19,7.2,2.6,0.01,-37.5,-0.18,-930.85,-9.31,150
233,Entry long,2021-04-07 13:38,L242,1738.815,12,20865.78,-39.66,-0.19,7.2,2.6,0.01,-37.5,-0.18,-930.85,-9.31,150
234,Exit short,2021-04-07 18:05,Opposite signal,1736.39,8,13899.776,3.86,0.03,4.8,51.54,0.37,-11.54,-0.08,-927,-9.27,103
234,Entry short,2021-04-07 16:22,S243,1737.472,8,13899.776,3.86,0.03,4.8,51.54,0.37,-11.54,-0.08,-927,-9.27,103
235,Exit long,2021-04-08 00:39,Opposite signal,1737.568,7,12153.26,5.52,0.05,4.2,47.78,0.39,-12.57,-0.10,-921.48,-9.21,392
235,Entry long,2021-04-07 18:07,L244,1736.18,7,12153.26,5.52,0.05,4.2,47.78,0.39,-12.57,-0.10,-921.48,-9.21,392
236,Exit long,2021-04-08 19:12,L245 exit,1756.58,8,13900.96,146.88,1.06,4.8,149.28,1.07,-25.2,-0.18,-774.6,-7.75,709
236,Entry long,2021-04-08 07:21,L245,1737.62,8,13900.96,146.88,1.06,4.8,149.28,1.07,-25.2,-0.18,-774.6,-7.75,709
237,Exit short,2021-04-09 02:00,Time flat,1756.5,10,17553.16,-17.84,-0.10,6,13.3,0.08,-26.99,-0.15,-792.44,-7.92,325
237,Entry short,2021-04-08 20:34,S246,1755.316,10,17553.16,-17.84,-0.10,6,13.3,0.08,-26.99,-0.15,-792.44,-7.92,325
238,Exit long,2021-04-09 12:38,Opposite signal,1746.98,17,29732.15,-43.69,-0.15,10.2,1.46,0.00,-41.82,-0.14,-836.13,-8.36,16
238,Entry long,2021-04-09 12:22,L247,1748.95,17,29732.15,-43.69,-0.15,10.2,1.46,0.00,-41.82,-0.14,-836.13,-8.36,16
239,Exit short,2021-04-09 13:29,Opposite signal,1747.548,12,20962.44,-15.34,-0.07,7.2,29.4,0.14,-12.79,-0.06,-851.47,-8.51,50
239,Entry short,2021-04-09 12:39,S248,1746.87,12,20962.44,-15.34,-0.07,7.2,29.4,0.14,-12.79,-0.06,-851.47,-8.51,50
240,Exit long,2021-04-09 17:50,L249 exit,1743.12,10,17474.75,-49.55,-0.28,6,12,0.07,-46.55,-0.27,-901.02,-9.01,260
240,Entry long,2021-04-09 13:30,L249,1747.475,10,17474.75,-49.55,-0.28,6,12,0.07,-46.55,-0.27,-901.02,-9.01,260
241,Exit short,2021-04-09 19:25,Opposite signal,1741.036,5,8703.52,-4.66,-0.05,3,45.65,0.52,-5.73,-0.07,-905.68,-9.06,82
241,Entry short,2021-04-09 18:03,S250,1740.704,5,8703.52,-4.66,-0.05,3,45.65,0.52,-5.73,-0.07,-905.68,-9.06,82
242,Exit long,2021-04-09 23:00,Weekend flat,1744.146,14,24405.556,4.09,0.02,8.4,46.28,0.19,-15.79,-0.06,-901.59,-9.02,171
242,Entry long,2021-04-09 20:09,L251,1743.254,14,24405.556,4.09,0.02,8.4,46.28,0.19,-15.79,-0.06,-901.59,-9.02,171
243,Exit long,2021-04-12 10:59,Opposite signal,1736.446,12,20873.208,-43.06,-0.21,7.2,0,0.00,-41.68,-0.20,-944.65,-9.45,129
243,Entry long,2021-04-12 08:50,L252,1739.434,12,20873.208,-43.06,-0.21,7.2,0,0.00,-41.68,-0.20,-944.65,-9.45,129
244,Exit short,2021-04-12 11:49,Opposite signal,1740.52,10,17368.22,-42.98,-0.25,6,0,0.00,-39.98,-0.23,-987.63,-9.88,34
244,Entry short,2021-04-12 11:15,S253,1736.822,10,17368.22,-42.98,-0.25,6,0,0.00,-39.98,-0.23,-987.63,-9.88,34
245,Exit long,2021-04-12 12:59,Opposite signal,1739.3,8,13918.448,-8.85,-0.06,4.8,16.75,0.12,-7.49,-0.05,-996.47,-9.96,60
245,Entry long,2021-04-12 11:59,L254,1739.806,8,13918.448,-8.85,-0.06,4.8,16.75,0.12,-7.49,-0.05,-996.47,-9.96,60
246,Exit short,2021-04-12 14:46,Opposite signal,1739.428,13,22621.872,1.51,0.01,7.8,34.44,0.15,-16.13,-0.07,-994.97,-9.95,100
246,Entry short,2021-04-12 13:06,S255,1740.144,13,22621.872,1.51,0.01,7.8,34.44,0.15,-16.13,-0.07,-994.97,-9.95,100
247,Exit long,2021-04-12 17:52,Opposite signal,1742.025,8,13934.576,-3.18,-0.02,4.8,23.65,0.17,-14.13,-0.10,-998.14,-9.98,156
247,Entry long,2021-04-12 15:16,L256,1741.822,8,13934.576,-3.18,-0.02,4.8,23.65,0.17,-14.13,-0.10,-998.14,-9.98,156
248,Exit short,2021-04-13 00:18,Opposite signal,1729.515,11,19163.386,132.12,0.69,6.6,157.59,0.82,-5.46,-0.03,-866.02,-8.66,365
248,Entry short,2021-04-12 18:13,S257,1742.126,11,19163.386,132.12,0.69,6.6,157.59,0.82,-5.46,-0.03,-866.02,-8.66,365
249,Exit long,2021-04-13 08:39,Opposite signal,1734.65,10,17312.46,28.04,0.16,6,49.19,0.28,-13.71,-0.08,-837.98,-8.38,92
249,Entry long,2021-04-13 07:07,L258,1731.246,10,17312.46,28.04,0.16,6,49.19,0.28,-13.71,-0.08,-837.98,-8.38,92
250,Exit long,2021-04-13 15:24,Opposite signal,1726.55,10,17273.11,-13.61,-0.08,6,26.27,0.15,-15.35,-0.09,-851.59,-8.52,134
250,Entry long,2021-04-13 13:10,L260,1727.311,10,17273.11,-13.61,-0.08,6,26.27,0.15,-15.35,-0.09,-851.59,-8.52,134
251,Exit short,2021-04-13 16:33,Opposite signal,1729.226,10,17268.7,-29.56,-0.17,6,18.78,0.11,-27.6,-0.16,-881.15,-8.81,63
251,Entry short,2021-04-13 15:30,S261,1726.87,10,17268.7,-29.56,-0.17,6,18.78,0.11,-27.6,-0.16,-881.15,-8.81,63
252,Exit long,2021-04-13 16:57,Opposite signal,1727.503,9,15558.192,-16.07,-0.10,5.4,12.62,0.08,-15.1,-0.10,-897.22,-8.97,22
252,Entry long,2021-04-13 16:35,L262,1728.688,9,15558.192,-16.07,-0.10,5.4,12.62,0.08,-15.1,-0.10,-897.22,-8.97,22
253,Exit short,2021-04-13 17:42,Opposite signal,1730.978,11,19005.47,-41.89,-0.22,6.6,6.49,0.03,-40.63,-0.21,-939.1,-9.39,44
253,Entry short,2021-04-13 16:58,S263,1727.77,11,19005.47,-41.89,-0.22,6.6,6.49,0.03,-40.63,-0.21,-939.1,-9.39,44
254,Exit long,2021-04-14 02:00,Time flat,1745.2,7,12126.695,85.51,0.70,4.2,114.21,0.94,-25.33,-0.21,-853.6,-8.54,479
254,Entry long,2021-04-13 18:00,L264,1732.385,7,12126.695,85.51,0.70,4.2,114.21,0.94,-25.33,-0.21,-853.6,-8.54,479
255,Exit short,2021-04-14 20:16,Opposite signal,1739.756,4,6951.608,-9.82,-0.14,2.4,19.79,0.28,-8.79,-0.13,-863.41,-8.63,81
255,Entry short,2021-04-14 18:55,S265,1737.902,4,6951.608,-9.82,-0.14,2.4,19.79,0.28,-8.79,-0.13,-863.41,-8.63,81
256,Exit long,2021-04-15 02:00,Time flat,1736.91,6,10436.088,-18.23,-0.17,3.6,0,0.00,-34.76,-0.33,-881.64,-8.82,336
256,Entry long,2021-04-14 20:20,L266,1739.348,6,10436.088,-18.23,-0.17,3.6,0,0.00,-34.76,-0.33,-881.64,-8.82,336
257,Exit short,2021-04-15 14:30,Opposite signal,1747.968,12,20944.716,-38.1,-0.18,7.2,8.72,0.04,-34.5,-0.16,-919.74,-9.20,48
257,Entry short,2021-04-15 13:42,S267,1745.393,12,20944.716,-38.1,-0.18,7.2,8.72,0.04,-34.5,-0.16,-919.74,-9.20,48
258,Exit long,2021-04-15 15:18,Opposite signal,1746.966,10,17478.9,-15.24,-0.09,6,10.36,0.06,-13.15,-0.08,-934.98,-9.35,42
258,Entry long,2021-04-15 14:36,L268,1747.89,10,17478.9,-15.24,-0.09,6,10.36,0.06,-13.15,-0.08,-934.98,-9.35,42
259,Exit short,2021-04-15 17:37,Opposite signal,1748.37,14,24465.42,-20.16,-0.08,8.4,36.48,0.15,-15.96,-0.07,-955.14,-9.55,138
259,Entry short,2021-04-15 15:19,S269,1747.53,14,24465.42,-20.16,-0.08,8.4,36.48,0.15,-15.96,-0.07,-955.14,-9.55,138
260,Exit long,2021-04-15 19:43,L270 exit,1762.408,11,19223.6,156.29,0.81,6.6,159.59,0.83,-21.74,-0.11,-798.85,-7.99,103
260,Entry long,2021-04-15 18:00,L270,1747.6,11,19223.6,156.29,0.81,6.6,159.59,0.83,-21.74,-0.11,-798.85,-7.99,103
261,Exit short,2021-04-16 08:19,Opposite signal,1761.175,11,19397.466,17.94,0.09,6.6,35.1,0.18,-10.16,-0.05,-780.91,-7.81,108
261,Entry short,2021-04-16 06:31,S271,1763.406,11,19397.466,17.94,0.09,6.6,35.1,0.18,-10.16,-0.05,-780.91,-7.81,108
262,Exit long,2021-04-16 10:38,Opposite signal,1764.11,20,35213.4,56.8,0.16,12,87.4,0.25,-10,-0.03,-724.11,-7.24,138
262,Entry long,2021-04-16 08:20,L272,1760.67,20,35213.4,56.8,0.16,12,87.4,0.25,-10,-0.03,-724.11,-7.24,138
263,Exit short,2021-04-16 10:54,Opposite signal,1765.43,19,33523.866,-30.7,-0.09,11.4,0,0.00,-25.76,-0.08,-754.82,-7.55,9
263,Entry short,2021-04-16 10:45,S273,1764.414,19,33523.866,-30.7,-0.09,11.4,0,0.00,-25.76,-0.08,-754.82,-7.55,9
264,Exit long,2021-04-16 11:41,Opposite signal,1764.016,17,30005.408,-27.34,-0.09,10.2,17.27,0.06,-26.59,-0.09,-782.15,-7.82,46
264,Entry long,2021-04-16 10:55,L274,1765.024,17,30005.408,-27.34,-0.09,10.2,17.27,0.06,-26.59,-0.09,-782.15,-7.82,46
265,Exit short,2021-04-16 12:39,Opposite signal,1764.751,13,22934.249,-15.31,-0.07,7.8,29.34,0.13,-13.87,-0.06,-797.47,-7.97,56
265,Entry short,2021-04-16 11:43,S275,1764.173,13,22934.249,-15.31,-0.07,7.8,29.34,0.13,-13.87,-0.06,-797.47,-7.97,56
266,Exit long,2021-04-16 17:24,L276 exit,1779.296,11,19409.731,155.93,0.80,6.6,159.23,0.82,-35.27,-0.18,-641.54,-6.42,284
266,Entry long,2021-04-16 12:40,L276,1764.521,11,19409.731,155.93,0.80,6.6,159.23,0.82,-35.27,-0.18,-641.54,-6.42,284
267,Exit short,2021-04-16 23:00,Weekend flat,1779.445,6,10665.462,-14.81,-0.14,3.6,31.39,0.29,-21.13,-0.20,-656.35,-6.56,260
267,Entry short,2021-04-16 18:40,S277,1777.577,6,10665.462,-14.81,-0.14,3.6,31.39,0.29,-21.13,-0.20,-656.35,-6.56,260
268,Exit long,2021-04-19 16:12,Opposite signal,1787.185,4,7135.592,10.75,0.15,2.4,23.62,0.33,-3.05,-0.04,-645.6,-6.46,177
268,Entry long,2021-04-19 13:15,L278,1783.898,4,7135.592,10.75,0.15,2.4,23.62,0.33,-3.05,-0.04,-645.6,-6.46,177
269,Exit short,2021-04-19 18:33,S279 exit,1774.636,12,21452.484,149.65,0.70,7.2,153.25,0.71,-7.84,-0.04,-495.95,-4.96,140
269,Entry short,2021-04-19 16:13,S279,1787.707,12,21452.484,149.65,0.70,7.2,153.25,0.71,-7.84,-0.04,-495.95,-4.96,140
270,Exit long,2021-04-20 17:36,Opposite signal,1772.27,7,12382.237,19.45,0.16,4.2,45.4,0.37,-12.22,-0.10,-476.5,-4.76,125
270,Entry long,2021-04-20 15:31,L280,1768.891,7,12382.237,19.45,0.16,4.2,45.4,0.37,-12.22,-0.10,-476.5,-4.76,125
271,Exit short,2021-04-20 19:30,S281 exit,1776.676,10,17723.9,-48.86,-0.28,6,59.4,0.34,-45.86,-0.26,-525.36,-5.25,111
271,Entry short,2021-04-20 17:39,S281,1772.39,10,17723.9,-48.86,-0.28,6,59.4,0.34,-45.86,-0.26,-525.36,-5.25,111
272,Exit long,2021-04-20 20:15,Opposite signal,1774.69,5,8875.275,-4.82,-0.05,3,15.43,0.17,-3.97,-0.04,-530.18,-5.30,22
272,Entry long,2021-04-20 19:53,L282,1775.055,5,8875.275,-4.82,-0.05,3,15.43,0.17,-3.97,-0.04,-530.18,-5.30,22
273,Exit short,2021-04-20 21:13,Opposite signal,1778.981,9,15970.221,-46.01,-0.29,5.4,9.71,0.06,-43.5,-0.27,-576.19,-5.76,55
273,Entry short,2021-04-20 20:18,S283,1774.469,9,15970.221,-46.01,-0.29,5.4,9.71,0.06,-43.5,-0.27,-576.19,-5.76,55
274,Exit long,2021-04-21 00:08,Opposite signal,1777.275,7,12449.08,-12.35,-0.10,4.2,12.4,0.10,-10.29,-0.08,-588.55,-5.89,164
274,Entry long,2021-04-20 21:24,L284,1778.44,7,12449.08,-12.35,-0.10,4.2,12.4,0.10,-10.29,-0.08,-588.55,-5.89,164
275,Exit short,2021-04-21 07:05,Opposite signal,1781.16,11,19560.42,-38.94,-0.20,6.6,0,0.00,-35.82,-0.18,-627.49,-6.27,13
275,Entry short,2021-04-21 06:52,S285,1778.22,11,19560.42,-38.94,-0.20,6.6,0,0.00,-35.82,-0.18,-627.49,-6.27,13
276,Exit long,2021-04-21 08:57,Opposite signal,1782.225,9,16029.594,5.03,0.03,5.4,31.1,0.19,-14.18,-0.09,-622.46,-6.22,111
276,Entry long,2021-04-21 07:06,L286,1781.066,9,16029.594,5.03,0.03,5.4,31.1,0.19,-14.18,-0.09,-622.46,-6.22,111
277,Exit short,2021-04-21 10:43,Opposite signal,1782.28,13,23176.504,-0.94,0.00,7.8,27.14,0.12,-4.77,-0.02,-623.39,-6.23,100
277,Entry short,2021-04-21 09:03,S287,1782.808,13,23176.504,-0.94,0.00,7.8,27.14,0.12,-4.77,-0.02,-623.39,-6.23,100
278,Exit long,2021-04-21 13:00,Opposite signal,1784.676,14,24949.12,27.94,0.11,8.4,84.84,0.34,-5.39,-0.02,-595.45,-5.95,136
278,Entry long,2021-04-21 10:44,L288,1782.08,14,24949.12,27.94,0.11,8.4,84.84,0.34,-5.39,-0.02,-595.45,-5.95,136
279,Exit short,2021-04-21 13:44,Opposite signal,1782.95,16,28500.688,-36.11,-0.13,9.6,0,0.00,-32.45,-0.11,-631.56,-6.32,16
279,Entry short,2021-04-21 13:28,S289,1781.293,16,28500.688,-36.11,-0.13,9.6,0,0.00,-32.45,-0.11,-631.56,-6.32,16
280,Exit long,2021-04-21 14:16,Opposite signal,1780.615,14,24957.94,-37.73,-0.15,8.4,13.92,0.06,-34.93,-0.14,-669.29,-6.69,30
280,Entry long,2021-04-21 13:46,L290,1782.71,14,24957.94,-37.73,-0.15,8.4,13.92,0.06,-34.93,-0.14,-669.29,-6.69,30
281,Exit short,2021-04-21 17:11,Opposite signal,1784.075,9,16018.884,-43.19,-0.27,5.4,15.71,0.10,-41.8,-0.26,-712.48,-7.12,170
281,Entry short,2021-04-21 14:21,S291,1779.876,9,16018.884,-43.19,-0.27,5.4,15.71,0.10,-41.8,-0.26,-712.48,-7.12,170
282,Exit long,2021-04-22 02:00,Time flat,1794.126,8,14261.728,86.48,0.61,4.8,117.66,0.82,-9.21,-0.06,-626,-6.26,517
282,Entry long,2021-04-21 17:23,L292,1782.716,8,14261.728,86.48,0.61,4.8,117.66,0.82,-9.21,-0.06,-626,-6.26,517
283,Exit short,2021-04-22 19:27,Opposite signal,1787.72,6,10744.296,14.38,0.13,3.6,65.89,0.61,-20.33,-0.19,-611.62,-6.12,446
283,Entry short,2021-04-22 12:01,S293,1790.716,6,10744.296,14.38,0.13,3.6,65.89,0.61,-20.33,-0.19,-611.62,-6.12,446
284,Exit long,2021-04-22 21:32,L294 exit,1778.435,5,8937.725,-48.55,-0.54,3,2.56,0.03,-47.05,-0.53,-660.17,-6.60,124
284,Entry long,2021-04-22 19:28,L294,1787.545,5,8937.725,-48.55,-0.54,3,2.56,0.03,-47.05,-0.53,-660.17,-6.60,124
285,Exit short,2021-04-23 02:00,Time flat,1783.425,5,8900.97,-19.15,-0.22,3,5.42,0.06,-23.13,-0.26,-679.33,-6.79,253
285,Entry short,2021-04-22 21:46,S295,1780.194,5,8900.97,-19.15,-0.22,3,5.42,0.06,-23.13,-0.26,-679.33,-6.79,253
286,Exit long,2021-04-23 18:25,Opposite signal,1793.805,4,7153.424,19.4,0.27,2.4,26.39,0.37,-27.78,-0.39,-659.93,-6.60,655
286,Entry long,2021-04-23 07:30,L296,1788.356,4,7153.424,19.4,0.27,2.4,26.39,0.37,-27.78,-0.39,-659.93,-6.60,655
287,Exit short,2021-04-23 18:33,Opposite signal,1795.63,18,32295.024,-37.12,-0.11,10.8,10.3,0.03,-31.72,-0.10,-697.05,-6.97,7
287,Entry short,2021-04-23 18:26,S297,1794.168,18,32295.024,-37.12,-0.11,10.8,10.3,0.03,-31.72,-0.10,-697.05,-6.97,7
288,Exit long,2021-04-23 18:39,L298 exit,1792.296,14,25127.928,-44.18,-0.18,8.4,0.53,0.00,-39.98,-0.16,-741.23,-7.41,5
288,Entry long,2021-04-23 18:34,L298,1794.852,14,25127.928,-44.18,-0.18,8.4,0.53,0.00,-39.98,-0.16,-741.23,-7.41,5
289,Exit short,2021-04-23 19:36,S299 exit,1776.843,10,17927.16,152.73,0.85,6,155.73,0.87,-6.84,-0.04,-588.5,-5.89,54
289,Entry short,2021-04-23 18:42,S299,1792.716,10,17927.16,152.73,0.85,6,155.73,0.87,-6.84,-0.04,-588.5,-5.89,54
290,Exit long,2021-04-26 11:30,Opposite signal,1779.975,5,8891.48,5.4,0.06,3,24.82,0.28,-2.35,-0.03,-583.11,-5.83,258
290,Entry long,2021-04-26 07:11,L300,1778.296,5,8891.48,5.4,0.06,3,24.82,0.28,-2.35,-0.03,-583.11,-5.83,258
291,Exit long,2021-04-26 14:10,Opposite signal,1779.59,12,21328.392,19.49,0.09,7.2,50.33,0.24,-21.67,-0.10,-563.62,-5.64,97
291,Entry long,2021-04-26 12:33,L302,1777.366,12,21328.392,19.49,0.09,7.2,50.33,0.24,-21.67,-0.10,-563.62,-5.64,97
292,Exit short,2021-04-26 14:48,Opposite signal,1782.08,13,23146.656,-28.18,-0.12,7.8,20.37,0.09,-25.01,-0.11,-591.8,-5.92,37
292,Entry short,2021-04-26 14:11,S303,1780.512,13,23146.656,-28.18,-0.12,7.8,20.37,0.09,-25.01,-0.11,-591.8,-5.92,37
293,Exit long,2021-04-26 16:39,Opposite signal,1778.225,11,19594.993,-41.12,-0.21,6.6,7.27,0.04,-41,-0.21,-632.92,-6.33,110
293,Entry long,2021-04-26 14:49,L304,1781.363,11,19594.993,-41.12,-0.21,6.6,7.27,0.04,-41,-0.21,-632.92,-6.33,110
294,Exit short,2021-04-26 18:39,Opposite signal,1778.362,9,16007.805,-2.85,-0.02,5.4,85.46,0.53,-5.08,-0.03,-635.77,-6.36,119
294,Entry short,2021-04-26 16:40,S305,1778.645,9,16007.805,-2.85,-0.02,5.4,85.46,0.53,-5.08,-0.03,-635.77,-6.36,119
295,Exit long,2021-04-27 02:00,Time flat,1781.05,5,8886.68,15.57,0.18,3,18.67,0.21,-24.43,-0.27,-620.21,-6.20,415
295,Entry long,2021-04-26 19:02,L306,1777.336,5,8886.68,15.57,0.18,3,18.67,0.21,-24.43,-0.27,-620.21,-6.20,415
296,Exit long,2021-04-27 09:45,Opposite signal,1779.63,14,24916.108,-9.69,-0.04,8.4,4.89,0.02,-5.49,-0.02,-629.89,-6.30,13
296,Entry long,2021-04-27 09:32,L308,1779.722,14,24916.108,-9.69,-0.04,8.4,4.89,0.02,-5.49,-0.02,-629.89,-6.30,13
297,Exit short,2021-04-27 09:58,Opposite signal,1780.45,21,37379.37,-22.68,-0.06,12.6,0,0.00,-16.38,-0.04,-652.57,-6.53,12
297,Entry short,2021-04-27 09:46,S309,1779.97,21,37379.37,-22.68,-0.06,12.6,0,0.00,-16.38,-0.04,-652.57,-6.53,12
298,Exit long,2021-04-27 10:34,Opposite signal,1780.586,17,30274.994,-15.23,-0.05,10.2,12.24,0.04,-10.13,-0.03,-667.8,-6.68,24
298,Entry long,2021-04-27 10:10,L310,1780.882,17,30274.994,-15.23,-0.05,10.2,12.24,0.04,-10.13,-0.03,-667.8,-6.68,24
299,Exit short,2021-04-27 11:01,Opposite signal,1781.235,17,30272.58,-18.61,-0.06,10.2,4.25,0.01,-14.14,-0.05,-686.42,-6.86,23
299,Entry short,2021-04-27 10:38,S311,1780.74,17,30272.58,-18.61,-0.06,10.2,4.25,0.01,-14.14,-0.05,-686.42,-6.86,23
300,Exit long,2021-04-27 11:34,Opposite signal,1781.705,13,23170.94,-16.57,-0.07,7.8,10.3,0.04,-14.1,-0.06,-702.99,-7.03,16
300,Entry long,2021-04-27 11:18,L312,1782.38,13,23170.94,-16.57,-0.07,7.8,10.3,0.04,-14.1,-0.06,-702.99,-7.03,16
301,Exit short,2021-04-27 15:42,Opposite signal,1782.045,15,26728.65,-11.02,-0.04,9,82.13,0.31,-13.8,-0.05,-714.02,-7.14,247
301,Entry short,2021-04-27 11:35,S313,1781.91,15,26728.65,-11.02,-0.04,9,82.13,0.31,-13.8,-0.05,-714.02,-7.14,247
302,Exit long,2021-04-27 19:03,Opposite signal,1779.13,8,14244.536,-16.3,-0.11,4.8,38.31,0.27,-16.25,-0.11,-730.32,-7.30,192
302,Entry long,2021-04-27 15:51,L314,1780.567,8,14244.536,-16.3,-0.11,4.8,38.31,0.27,-16.25,-0.11,-730.32,-7.30,192
303,Exit short,2021-04-28 02:00,Time flat,1775.825,7,12459.86,24.89,0.20,4.2,29.05,0.23,-34.23,-0.27,-705.43,-7.05,413
303,Entry short,2021-04-27 19:05,S315,1779.98,7,12459.86,24.89,0.20,4.2,29.05,0.23,-34.23,-0.27,-705.43,-7.05,413
304,Exit long,2021-04-28 08:34,Opposite signal,1771.38,11,19464.126,14.45,0.07,6.6,37.61,0.19,-4.8,-0.02,-690.98,-6.91,64
304,Entry long,2021-04-28 07:30,L316,1769.466,11,19464.126,14.45,0.07,6.6,37.61,0.19,-4.8,-0.02,-690.98,-6.91,64
305,Exit short,2021-04-28 11:48,Opposite signal,1770.095,15,26572.95,12.53,0.05,9,42.53,0.16,-16.65,-0.06,-678.45,-6.78,182
305,Entry short,2021-04-28 08:43,S317,1771.53,15,26572.95,12.53,0.05,9,42.53,0.16,-16.65,-0.06,-678.45,-6.78,182
306,Exit long,2021-04-28 11:54,Opposite signal,1768.215,15,26549.37,-35.15,-0.13,9,0,0.00,-36.04,-0.14,-713.6,-7.14,5
306,Entry long,2021-04-28 11:49,L318,1769.958,15,26549.37,-35.15,-0.13,9,0,0.00,-36.04,-0.14,-713.6,-7.14,5
307,Exit short,2021-04-28 13:22,Opposite signal,1769.548,13,22989.135,-22.79,-0.10,7.8,23.08,0.10,-20.08,-0.09,-736.39,-7.36,85
307,Entry short,2021-04-28 11:57,S319,1768.395,13,22989.135,-22.79,-0.10,7.8,23.08,0.10,-20.08,-0.09,-736.39,-7.36,85
308,Exit long,2021-04-28 13:32,Opposite signal,1769.01,22,38932.322,-27.3,-0.07,13.2,14.17,0.04,-22.68,-0.06,-763.69,-7.64,3
308,Entry long,2021-04-28 13:29,L320,1769.651,22,38932.322,-27.3,-0.07,13.2,14.17,0.04,-22.68,-0.06,-763.69,-7.64,3
309,Exit short,2021-04-28 14:00,Opposite signal,1769.831,16,28306.016,-20.88,-0.07,9.6,9.54,0.03,-16.08,-0.06,-784.57,-7.85,27
309,Entry short,2021-04-28 13:33,S321,1769.126,16,28306.016,-20.88,-0.07,9.6,9.54,0.03,-16.08,-0.06,-784.57,-7.85,27
310,Exit long,2021-04-28 14:45,Opposite signal,1768.03,17,30081.942,-35.63,-0.12,10.2,13.87,0.05,-31.3,-0.10,-820.2,-8.20,44
310,Entry long,2021-04-28 14:01,L322,1769.526,17,30081.942,-35.63,-0.12,10.2,13.87,0.05,-31.3,-0.10,-820.2,-8.20,44
311,Exit short,2021-04-28 18:33,Opposite signal,1770.735,12,21221.388,-34.63,-0.16,7.2,64.63,0.30,-33.56,-0.16,-854.83,-8.55,227
311,Entry short,2021-04-28 14:46,S323,1768.449,12,21221.388,-34.63,-0.16,7.2,64.63,0.30,-33.56,-0.16,-854.83,-8.55,227
312,Exit long,2021-04-28 19:08,Opposite signal,1768,6,10613.4,-9,-0.08,3.6,18.38,0.17,-10.04,-0.09,-863.83,-8.64,31
312,Entry long,2021-04-28 18:37,L324,1768.9,6,10613.4,-9,-0.08,3.6,18.38,0.17,-10.04,-0.09,-863.83,-8.64,31
313,Exit short,2021-04-28 19:27,S325 exit,1773.263,10,17687.96,-50.67,-0.29,6,14.71,0.08,-47.67,-0.27,-914.5,-9.15,18
313,Entry short,2021-04-28 19:09,S325,1768.796,10,17687.96,-50.67,-0.29,6,14.71,0.08,-47.67,-0.27,-914.5,-9.15,18
314,Exit long,2021-04-28 20:02,Opposite signal,1772.098,7,12407.178,-6.69,-0.05,4.2,14.81,0.12,-6.99,-0.06,-921.19,-9.21,28
314,Entry long,2021-04-28 19:34,L326,1772.454,7,12407.178,-6.69,-0.05,4.2,14.81,0.12,-6.99,-0.06,-921.19,-9.21,28
315,Exit short,2021-04-28 21:02,Opposite signal,1775.005,12,21270.42,-36.84,-0.17,7.2,9.24,0.04,-35.1,-0.16,-958.03,-9.58,59
315,Entry short,2021-04-28 20:03,S327,1772.535,12,21270.42,-36.84,-0.17,7.2,9.24,0.04,-35.1,-0.16,-958.03,-9.58,59
316,Exit long,2021-04-29 02:00,Time flat,1781.675,10,17748.7,62.05,0.35,6,74.05,0.42,-46.74,-0.26,-895.98,-8.96,297
316,Entry long,2021-04-28 21:03,L328,1774.87,10,17748.7,62.05,0.35,6,74.05,0.42,-46.74,-0.26,-895.98,-8.96,297
317,Exit short,2021-04-29 07:41,Opposite signal,1789.804,17,30405.826,-31.04,-0.10,10.2,0,0.00,-29.44,-0.10,-927.03,-9.27,17
317,Entry short,2021-04-29 07:24,S329,1788.578,17,30405.826,-31.04,-0.10,10.2,0,0.00,-29.44,-0.10,-927.03,-9.27,17
318,Exit long,2021-04-29 07:55,Opposite signal,1787.7,15,26846.325,-39.83,-0.15,9,0,0.00,-35.33,-0.13,-966.85,-9.67,13
318,Entry long,2021-04-29 07:42,L330,1789.755,15,26846.325,-39.83,-0.15,9,0,0.00,-35.33,-0.13,-966.85,-9.67,13
319,Exit short,2021-04-29 10:00,Opposite signal,1784.47,13,23243.051,37.14,0.16,7.8,49.62,0.21,-6.77,-0.03,-929.71,-9.30,118
319,Entry short,2021-04-29 08:01,S331,1787.927,13,23243.051,37.14,0.16,7.8,49.62,0.21,-6.77,-0.03,-929.71,-9.30,118
320,Exit long,2021-04-29 11:01,Opposite signal,1783.624,21,37473.324,-29.82,-0.08,12.6,20.71,0.06,-25.28,-0.07,-959.53,-9.60,53
320,Entry long,2021-04-29 10:04,L332,1784.444,21,37473.324,-29.82,-0.08,12.6,20.71,0.06,-25.28,-0.07,-959.53,-9.60,53
321,Exit short,2021-04-29 13:02,Opposite signal,1781.645,15,26761.2,27.53,0.10,9,98.85,0.37,-33.08,-0.12,-932,-9.32,119
321,Entry short,2021-04-29 11:03,S333,1784.08,15,26761.2,27.53,0.10,9,98.85,0.37,-33.08,-0.12,-932,-9.32,119
322,Exit long,2021-04-29 14:01,Opposite signal,1776.726,8,14246.04,-37.03,-0.26,4.8,3.64,0.03,-35.28,-0.25,-969.04,-9.69,58
322,Entry long,2021-04-29 13:03,L334,1780.755,8,14246.04,-37.03,-0.26,4.8,3.64,0.03,-35.28,-0.25,-969.04,-9.69,58
323,Exit short,2021-04-29 16:33,Opposite signal,1775.63,8,14218.424,8.58,0.06,4.8,37.74,0.27,-11.32,-0.08,-960.45,-9.60,150
323,Entry short,2021-04-29 14:03,S335,1777.303,8,14218.424,8.58,0.06,4.8,37.74,0.27,-11.32,-0.08,-960.45,-9.60,150
324,Exit long,2021-04-29 17:55,Opposite signal,1775.715,10,17755.06,-3.91,-0.02,6,31,0.17,-3,-0.02,-964.36,-9.64,81
324,Entry long,2021-04-29 16:34,L336,1775.506,10,17755.06,-3.91,-0.02,6,31,0.17,-3,-0.02,-964.36,-9.64,81
325,Exit short,2021-04-29 18:03,S337 exit,1779.906,11,19534.999,-50.57,-0.26,6.6,0,0.00,-47.27,-0.24,-1014.93,-10.15,4
325,Entry short,2021-04-29 17:59,S337,1775.909,11,19534.999,-50.57,-0.26,6.6,0,0.00,-47.27,-0.24,-1014.93,-10.15,4
326,Exit long,2021-04-29 18:40,L338 exit,1773.91,9,16010.154,-50.36,-0.31,5.4,20.24,0.13,-47.66,-0.30,-1065.29,-10.65,34
326,Entry long,2021-04-29 18:06,L338,1778.906,9,16010.154,-50.36,-0.31,5.4,20.24,0.13,-47.66,-0.30,-1065.29,-10.65,34
327,Exit short,2021-04-29 20:40,Opposite signal,1769.59,3,5306.538,-4.03,-0.08,1.8,37.24,0.70,-4.82,-0.09,-1069.33,-10.69,85
327,Entry short,2021-04-29 19:06,S339,1768.846,3,5306.538,-4.03,-0.08,1.8,37.24,0.70,-4.82,-0.09,-1069.33,-10.69,85
328,Exit long,2021-04-30 02:00,Time flat,1772.91,4,7065.58,23.66,0.33,2.4,33.24,0.47,-2.06,-0.03,-1045.67,-10.46,288
328,Entry long,2021-04-29 21:12,L340,1766.395,4,7065.58,23.66,0.33,2.4,33.24,0.47,-2.06,-0.03,-1045.67,-10.46,288
329,Exit long,2021-04-30 13:23,Opposite signal,1769.014,9,15922.134,-6.41,-0.04,5.4,35.14,0.22,-5.31,-0.03,-1052.07,-10.52,99
329,Entry long,2021-04-30 11:44,L341,1769.126,9,15922.134,-6.41,-0.04,5.4,35.14,0.22,-5.31,-0.03,-1052.07,-10.52,99
330,Exit short,2021-04-30 15:59,Opposite signal,1768.55,8,14152.928,-0.27,0.00,4.8,17.01,0.12,-27.91,-0.20,-1052.35,-10.52,155
330,Entry short,2021-04-30 13:24,S342,1769.116,8,14152.928,-0.27,0.00,4.8,17.01,0.12,-27.91,-0.20,-1052.35,-10.52,155
331,Exit long,2021-04-30 16:33,Opposite signal,1769.55,12,21228,-0.6,0.00,7.2,15.19,0.07,-4.72,-0.02,-1052.95,-10.53,19
331,Entry long,2021-04-30 16:14,L343,1769,12,21228,-0.6,0.00,7.2,15.19,0.07,-4.72,-0.02,-1052.95,-10.53,19
332,Exit short,2021-04-30 16:43,Opposite signal,1770.595,19,33623.065,-29.64,-0.09,11.4,0,0.00,-28.88,-0.09,-1082.59,-10.83,9
332,Entry short,2021-04-30 16:34,S344,1769.635,19,33623.065,-29.64,-0.09,11.4,0,0.00,-28.88,-0.09,-1082.59,-10.83,9
333,Exit long,2021-04-30 17:23,Opposite signal,1769.366,12,21261.012,-35.82,-0.17,7.2,5.39,0.03,-34.45,-0.16,-1118.41,-11.18,31
333,Entry long,2021-04-30 16:52,L345,1771.751,12,21261.012,-35.82,-0.17,7.2,5.39,0.03,-34.45,-0.16,-1118.41,-11.18,31
334,Exit short,2021-04-30 18:35,Opposite signal,1771.28,10,17694.3,-24.5,-0.14,6,35.4,0.20,-23.56,-0.13,-1142.91,-11.43,71
334,Entry short,2021-04-30 17:24,S346,1769.43,10,17694.3,-24.5,-0.14,6,35.4,0.20,-23.56,-0.13,-1142.91,-11.43,71
335,Exit long,2021-04-30 19:36,Opposite signal,1764.895,8,14163.504,-49.14,-0.35,4.8,9.18,0.06,-49.02,-0.35,-1192.05,-11.92,57
335,Entry long,2021-04-30 18:39,L347,1770.438,8,14163.504,-49.14,-0.35,4.8,9.18,0.06,-49.02,-0.35,-1192.05,-11.92,57
336,Exit short,2021-04-30 23:00,Weekend flat,1768.496,6,10593.54,-21.04,-0.20,3.6,0,0.00,-42.42,-0.40,-1213.09,-12.13,202
336,Entry short,2021-04-30 19:38,S348,1765.59,6,10593.54,-21.04,-0.20,3.6,0,0.00,-42.42,-0.40,-1213.09,-12.13,202
337,Exit long,2021-05-03 09:32,Opposite signal,1773.926,24,42586.32,-26.5,-0.06,14.4,27.5,0.06,-21.36,-0.05,-1239.58,-12.40,27
337,Entry long,2021-05-03 09:05,L349,1774.43,24,42586.32,-26.5,-0.06,14.4,27.5,0.06,-21.36,-0.05,-1239.58,-12.40,27
338,Exit short,2021-05-03 11:47,Opposite signal,1775.31,14,24836.504,-26.24,-0.11,8.4,17.39,0.07,-22.68,-0.09,-1265.82,-12.66,125
338,Entry short,2021-05-03 09:33,S350,1774.036,14,24836.504,-26.24,-0.11,8.4,17.39,0.07,-22.68,-0.09,-1265.82,-12.66,125
339,Exit long,2021-05-03 12:50,Opposite signal,1779.526,14,24916.066,-11.1,-0.04,8.4,21.78,0.09,-8.46,-0.03,-1276.92,-12.77,13
339,Entry long,2021-05-03 12:37,L351,1779.719,14,24916.066,-11.1,-0.04,8.4,21.78,0.09,-8.46,-0.03,-1276.92,-12.77,13
340,Exit short,2021-05-03 16:01,Opposite signal,1779.686,13,23134.345,-9.37,-0.04,7.8,59.41,0.26,-5.91,-0.03,-1286.29,-12.86,190
340,Entry short,2021-05-03 12:51,S352,1779.565,13,23134.345,-9.37,-0.04,7.8,59.41,0.26,-5.91,-0.03,-1286.29,-12.86,190
341,Exit long,2021-05-03 19:13,Opposite signal,1787.555,6,10685.142,36.59,0.34,3.6,61.4,0.57,-21.67,-0.20,-1249.7,-12.50,172
341,Entry long,2021-05-03 16:21,L353,1780.857,6,10685.142,36.59,0.34,3.6,61.4,0.57,-21.67,-0.20,-1249.7,-12.50,172
342,Exit short,2021-05-03 19:22,Opposite signal,1791.58,10,17879.35,-42.45,-0.24,6,0.17,0.00,-41.55,-0.23,-1292.15,-12.92,8
342,Entry short,2021-05-03 19:14,S354,1787.935,10,17879.35,-42.45,-0.24,6,0.17,0.00,-41.55,-0.23,-1292.15,-12.92,8
343,Exit long,2021-05-03 20:44,Opposite signal,1792.9,7,12552.05,-5.95,-0.05,4.2,32.34,0.26,-6.86,-0.05,-1298.1,-12.98,71
343,Entry long,2021-05-03 19:33,L355,1793.15,7,12552.05,-5.95,-0.05,4.2,32.34,0.26,-6.86,-0.05,-1298.1,-12.98,71
344,Exit short,2021-05-03 22:04,Opposite signal,1794.475,8,14350.96,-9.64,-0.07,4.8,24.03,0.17,-7.8,-0.05,-1307.74,-13.08,79
344,Entry short,2021-05-03 20:45,S356,1793.87,8,14350.96,-9.64,-0.07,4.8,24.03,0.17,-7.8,-0.05,-1307.74,-13.08,79
345,Exit long,2021-05-04 02:00,Time flat,1792.71,9,16144.38,-15.39,-0.10,5.4,3.6,0.02,-31.18,-0.19,-1323.13,-13.23,233
345,Entry long,2021-05-03 22:05,L357,1793.82,9,16144.38,-15.39,-0.10,5.4,3.6,0.02,-31.18,-0.19,-1323.13,-13.23,233
346,Exit short,2021-05-04 13:44,Opposite signal,1789.185,8,14322.528,4.25,0.03,4.8,48.11,0.34,-12.63,-0.09,-1318.89,-13.19,397
346,Entry short,2021-05-04 07:04,S358,1790.316,8,14322.528,4.25,0.03,4.8,48.11,0.34,-12.63,-0.09,-1318.89,-13.19,397
347,Exit long,2021-05-04 14:18,Opposite signal,1788.2,7,12524.155,-10.95,-0.09,4.2,7.97,0.06,-9.87,-0.08,-1329.84,-13.30,33
347,Entry long,2021-05-04 13:45,L359,1789.165,7,12524.155,-10.95,-0.09,4.2,7.97,0.06,-9.87,-0.08,-1329.84,-13.30,33
348,Exit short,2021-05-04 17:11,Opposite signal,1785.274,12,21459.672,29.18,0.14,7.2,76.44,0.36,-5.78,-0.03,-1300.66,-13.01,169
348,Entry short,2021-05-04 14:22,S360,1788.306,12,21459.672,29.18,0.14,7.2,76.44,0.36,-5.78,-0.03,-1300.66,-13.01,169
349,Exit long,2021-05-04 17:22,Opposite signal,1781.08,10,17848.54,-43.74,-0.25,6,9.16,0.05,-43.22,-0.24,-1344.4,-13.44,9
349,Entry long,2021-05-04 17:13,L361,1784.854,10,17848.54,-43.74,-0.25,6,9.16,0.05,-43.22,-0.24,-1344.4,-13.44,9
350,Exit short,2021-05-04 18:01,Opposite signal,1787.182,8,14258.656,-43.6,-0.31,4.8,2.06,0.01,-42.34,-0.30,-1388,-13.88,37
350,Entry short,2021-05-04 17:24,S362,1782.332,8,14258.656,-43.6,-0.31,4.8,2.06,0.01,-42.34,-0.30,-1388,-13.88,37
351,Exit long,2021-05-04 20:43,Opposite signal,1784.758,6,10720.98,-16.03,-0.15,3.6,72.18,0.67,-15.33,-0.14,-1404.03,-14.04,161
351,Entry long,2021-05-04 18:02,L363,1786.83,6,10720.98,-16.03,-0.15,3.6,72.18,0.67,-15.33,-0.14,-1404.03,-14.04,161
352,Exit short,2021-05-05 02:00,Time flat,1779.775,2,3560.318,-0.43,-0.01,1.2,17.8,0.50,-10.83,-0.30,-1404.46,-14.04,312
352,Entry short,2021-05-04 20:48,S364,1780.159,2,3560.318,-0.43,-0.01,1.2,17.8,0.50,-10.83,-0.30,-1404.46,-14.04,312
353,Exit long,2021-05-06 02:00,Time flat,1786.69,3,5350.2,8.07,0.15,1.8,11.75,0.22,-13.04,-0.24,-1396.39,-13.96,382
353,Entry long,2021-05-05 19:36,L365,1783.4,3,5350.2,8.07,0.15,1.8,11.75,0.22,-13.04,-0.24,-1396.39,-13.96,382
354,Exit long,2021-05-06 09:37,Opposite signal,1788.561,11,19632.25,35.32,0.18,6.6,56.98,0.29,-9.46,-0.05,-1361.07,-13.61,179
354,Entry long,2021-05-06 06:38,L366,1784.75,11,19632.25,35.32,0.18,6.6,56.98,0.29,-9.46,-0.05,-1361.07,-13.61,179
355,Exit short,2021-05-06 10:49,Opposite signal,1790.24,15,26827.92,-34.68,-0.13,9,1.02,0.00,-31.9,-0.12,-1395.75,-13.96,66
355,Entry short,2021-05-06 09:43,S367,1788.528,15,26827.92,-34.68,-0.13,9,1.02,0.00,-31.9,-0.12,-1395.75,-13.96,66
356,Exit long,2021-05-06 12:48,Opposite signal,1792.706,13,23270.39,26.99,0.12,7.8,69,0.30,-8.71,-0.04,-1368.76,-13.69,118
356,Entry long,2021-05-06 10:50,L368,1790.03,13,23270.39,26.99,0.12,7.8,69,0.30,-8.71,-0.04,-1368.76,-13.69,118
357,Exit short,2021-05-06 14:25,Opposite signal,1795.106,12,21519.06,-29.41,-0.14,7.2,19.32,0.09,-30.4,-0.14,-1398.17,-13.98,96
357,Entry short,2021-05-06 12:49,S369,1793.255,12,21519.06,-29.41,-0.14,7.2,19.32,0.09,-30.4,-0.14,-1398.17,-13.98,96
358,Exit long,2021-05-06 15:55,Opposite signal,1791.282,10,17947.55,-40.73,-0.23,6,0.71,0.00,-39.04,-0.22,-1438.9,-14.39,83
358,Entry long,2021-05-06 14:32,L370,1794.755,10,17947.55,-40.73,-0.23,6,0.71,0.00,-39.04,-0.22,-1438.9,-14.39,83
359,Exit short,2021-05-06 16:56,Opposite signal,1792.984,9,16129.431,-12.82,-0.08,5.4,31.35,0.19,-10.84,-0.07,-1451.73,-14.52,51
359,Entry short,2021-05-06 16:05,S371,1792.159,9,16129.431,-12.82,-0.08,5.4,31.35,0.19,-10.84,-0.07,-1451.73,-14.52,51
360,Exit long,2021-05-06 18:02,Opposite signal,1792.623,8,14342.64,-6.46,-0.05,4.8,27.48,0.19,-9.6,-0.07,-1458.19,-14.58,63
360,Entry long,2021-05-06 16:59,L372,1792.83,8,14342.64,-6.46,-0.05,4.8,27.48,0.19,-9.6,-0.07,-1458.19,-14.58,63
361,Exit short,2021-05-06 19:05,Opposite signal,1796.96,10,17937.01,-38.59,-0.22,6,25.51,0.14,-39.35,-0.22,-1496.78,-14.97,62
361,Entry short,2021-05-06 18:03,S373,1793.701,10,17937.01,-38.59,-0.22,6,25.51,0.14,-39.35,-0.22,-1496.78,-14.97,62
362,Exit short,2021-05-12 02:00,Time flat,1837.7,2,3649.804,-26.8,-0.73,1.2,2.99,0.08,-27.65,-0.76,-1523.57,-15.24,403
362,Entry short,2021-05-11 19:16,S375,1824.902,2,3649.804,-26.8,-0.73,1.2,2.99,0.08,-27.65,-0.76,-1523.57,-15.24,403
363,Exit long,2021-05-13 09:42,Opposite signal,1816.64,8,14541.536,-13.22,-0.09,4.8,40.7,0.28,-10.82,-0.07,-1536.79,-15.37,192
363,Entry long,2021-05-13 06:30,L376,1817.692,8,14541.536,-13.22,-0.09,4.8,40.7,0.28,-10.82,-0.07,-1536.79,-15.37,192
364,Exit short,2021-05-13 11:47,Opposite signal,1819.995,6,10900.53,-23.04,-0.21,3.6,2.22,0.02,-21.75,-0.20,-1559.83,-15.60,124
364,Entry short,2021-05-13 09:43,S377,1816.755,6,10900.53,-23.04,-0.21,3.6,2.22,0.02,-21.75,-0.20,-1559.83,-15.60,124
365,Exit long,2021-05-13 13:04,Opposite signal,1819.07,10,18195.98,-11.28,-0.06,6,24.57,0.14,-8.83,-0.05,-1571.11,-15.71,64
365,Entry long,2021-05-13 12:00,L378,1819.598,10,18195.98,-11.28,-0.06,6,24.57,0.14,-8.83,-0.05,-1571.11,-15.71,64
366,Exit short,2021-05-13 16:00,Opposite signal,1811.85,10,18192.1,67.6,0.37,6,100.44,0.55,-4.36,-0.02,-1503.51,-15.04,174
366,Entry short,2021-05-13 13:06,S379,1819.21,10,18192.1,67.6,0.37,6,100.44,0.55,-4.36,-0.02,-1503.51,-15.04,174
367,Exit long,2021-05-13 17:49,Opposite signal,1816.385,9,16316.379,25.69,0.16,5.4,41.62,0.26,-7.39,-0.05,-1477.82,-14.78,104
367,Entry long,2021-05-13 16:05,L380,1812.931,9,16316.379,25.69,0.16,5.4,41.62,0.26,-7.39,-0.05,-1477.82,-14.78,104
368,Exit short,2021-05-13 18:01,S381 exit,1818.855,17,30883.22,-47.51,-0.15,10.2,43.18,0.14,-42.41,-0.14,-1525.34,-15.25,11
368,Entry short,2021-05-13 17:50,S381,1816.66,17,30883.22,-47.51,-0.15,10.2,43.18,0.14,-42.41,-0.14,-1525.34,-15.25,11
369,Exit long,2021-05-14 02:00,Time flat,1826.195,7,12728.03,51.14,0.40,4.2,71.72,0.56,-28.98,-0.23,-1474.2,-14.74,478
369,Entry long,2021-05-13 18:02,L382,1818.29,7,12728.03,51.14,0.40,4.2,71.72,0.56,-28.98,-0.23,-1474.2,-14.74,478
370,Exit short,2021-05-14 09:05,Opposite signal,1822.635,16,29137.52,-34.24,-0.12,9.6,15.2,0.05,-30.38,-0.10,-1508.44,-15.08,25
370,Entry short,2021-05-14 08:40,S383,1821.095,16,29137.52,-34.24,-0.12,9.6,15.2,0.05,-30.38,-0.10,-1508.44,-15.08,25
371,Exit long,2021-05-14 09:28,Opposite signal,1822.14,11,20047.72,-10.78,-0.05,6.6,0.11,0.00,-7.48,-0.04,-1519.22,-15.19,22
371,Entry long,2021-05-14 09:06,L384,1822.52,11,20047.72,-10.78,-0.05,6.6,0.11,0.00,-7.48,-0.04,-1519.22,-15.19,22
372,Exit short,2021-05-14 10:03,Opposite signal,1822.914,22,40089.632,-27.68,-0.07,13.2,0,0.00,-21.08,-0.05,-1546.9,-15.47,33
372,Entry short,2021-05-14 09:29,S385,1822.256,22,40089.632,-27.68,-0.07,13.2,0,0.00,-21.08,-0.05,-1546.9,-15.47,33
373,Exit long,2021-05-14 11:58,L386 exit,1831.05,20,36456.6,152.4,0.42,12,158.4,0.43,-12,-0.03,-1394.5,-13.94,54
373,Entry long,2021-05-14 11:04,L386,1822.83,20,36456.6,152.4,0.42,12,158.4,0.43,-12,-0.03,-1394.5,-13.94,54
374,Exit short,2021-05-14 19:09,Opposite signal,1840.67,8,14679.672,-50.49,-0.34,4.8,2.23,0.02,-48.09,-0.33,-1444.99,-14.45,51
374,Entry short,2021-05-14 18:18,S387,1834.959,8,14679.672,-50.49,-0.34,4.8,2.23,0.02,-48.09,-0.33,-1444.99,-14.45,51
375,Exit long,2021-05-14 23:00,Weekend flat,1837.97,6,11038.35,-14.13,-0.13,3.6,4.65,0.04,-31.17,-0.28,-1459.12,-14.59,227
375,Entry long,2021-05-14 19:13,L388,1839.725,6,11038.35,-14.13,-0.13,3.6,4.65,0.04,-31.17,-0.28,-1459.12,-14.59,227
376,Exit short,2021-05-17 07:54,Opposite signal,1850.265,14,25917.654,5.54,0.02,8.4,32.56,0.13,-5.66,-0.02,-1453.57,-14.54,26
376,Entry short,2021-05-17 07:28,S389,1851.261,14,25917.654,5.54,0.02,8.4,32.56,0.13,-5.66,-0.02,-1453.57,-14.54,26
377,Exit short,2021-05-17 08:41,Opposite signal,1852.726,19,35173.75,-39.44,-0.11,11.4,9.22,0.03,-34.69,-0.10,-1493.02,-14.93,13
377,Entry short,2021-05-17 08:28,S391,1851.25,19,35173.75,-39.44,-0.11,11.4,9.22,0.03,-34.69,-0.10,-1493.02,-14.93,13
378,Exit long,2021-05-17 09:29,Opposite signal,1851.495,14,25930.94,-18.41,-0.07,8.4,8.82,0.03,-16.38,-0.06,-1511.43,-15.11,45
378,Entry long,2021-05-17 08:44,L392,1852.21,14,25930.94,-18.41,-0.07,8.4,8.82,0.03,-16.38,-0.06,-1511.43,-15.11,45
379,Exit short,2021-05-17 10:16,Opposite signal,1853.196,16,29628.64,-32.1,-0.11,9.6,0,0.00,-27.3,-0.09,-1543.52,-15.44,45
379,Entry short,2021-05-17 09:31,S393,1851.79,16,29628.64,-32.1,-0.11,9.6,0,0.00,-27.3,-0.09,-1543.52,-15.44,45
380,Exit long,2021-05-17 11:29,Opposite signal,1852.6,14,25943.96,-15.96,-0.06,8.4,28.28,0.11,-13.23,-0.05,-1559.48,-15.59,72
380,Entry long,2021-05-17 10:17,L394,1853.14,14,25943.96,-15.96,-0.06,8.4,28.28,0.11,-13.23,-0.05,-1559.48,-15.59,72
381,Exit short,2021-05-17 17:51,Opposite signal,1850.59,12,22237.176,22.9,0.10,7.2,78.26,0.35,-31.7,-0.14,-1536.59,-15.37,379
381,Entry short,2021-05-17 11:31,S395,1853.098,12,22237.176,22.9,0.10,7.2,78.26,0.35,-31.7,-0.14,-1536.59,-15.37,379
382,Exit long,2021-05-17 18:19,Opposite signal,1846.2,11,20339.55,-37.95,-0.19,6.6,3.85,0.02,-35.64,-0.18,-1574.54,-15.75,26
382,Entry long,2021-05-17 17:53,L396,1849.05,11,20339.55,-37.95,-0.19,6.6,3.85,0.02,-35.64,-0.18,-1574.54,-15.75,26
383,Exit short,2021-05-17 19:01,Opposite signal,1850.84,9,16619.742,-43.22,-0.26,5.4,20.1,0.12,-46.32,-0.28,-1617.75,-16.18,41
383,Entry short,2021-05-17 18:20,S397,1846.638,9,16619.742,-43.22,-0.26,5.4,20.1,0.12,-46.32,-0.28,-1617.75,-16.18,41
384,Exit short,2021-05-18 06:56,Opposite signal,1870.995,12,22421.748,-37.39,-0.17,7.2,7.79,0.03,-33.91,-0.15,-1655.15,-16.55,18
384,Entry short,2021-05-18 06:38,S399,1868.479,12,22421.748,-37.39,-0.17,7.2,7.79,0.03,-33.91,-0.15,-1655.15,-16.55,18
385,Exit long,2021-05-18 09:18,Opposite signal,1867.4,10,18708.16,-40.16,-0.21,6,2.24,0.01,-37.16,-0.20,-1695.31,-16.95,82
385,Entry long,2021-05-18 07:56,L400,1870.816,10,18708.16,-40.16,-0.21,6,2.24,0.01,-37.16,-0.20,-1695.31,-16.95,82
386,Exit short,2021-05-18 10:15,Opposite signal,1867.8,18,33617.736,-13.46,-0.04,10.8,8.95,0.03,-8.15,-0.02,-1708.77,-17.09,7
386,Entry short,2021-05-18 10:08,S401,1867.652,18,33617.736,-13.46,-0.04,10.8,8.95,0.03,-8.15,-0.02,-1708.77,-17.09,7
387,Exit short,2021-05-18 12:21,Opposite signal,1870.7,12,22429.44,-26.16,-0.12,7.2,11.88,0.05,-24.12,-0.11,-1734.93,-17.35,28
387,Entry short,2021-05-18 11:53,S403,1869.12,12,22429.44,-26.16,-0.12,7.2,11.88,0.05,-24.12,-0.11,-1734.93,-17.35,28
388,Exit long,2021-05-18 14:59,Opposite signal,1867.775,11,20576.765,-37.84,-0.18,6.6,0.06,0.00,-38.39,-0.19,-1772.77,-17.73,154
388,Entry long,2021-05-18 12:25,L404,1870.615,11,20576.765,-37.84,-0.18,6.6,0.06,0.00,-38.39,-0.19,-1772.77,-17.73,154
389,Exit short,2021-05-18 17:04,Opposite signal,1867.61,11,20555.59,5.28,0.03,6.6,34.27,0.17,-8.69,-0.04,-1767.49,-17.67,124
389,Entry short,2021-05-18 15:00,S405,1868.69,11,20555.59,5.28,0.03,6.6,34.27,0.17,-8.69,-0.04,-1767.49,-17.67,124
390,Exit short,2021-05-19 02:00,Time flat,1869.97,8,14961.416,-3.14,-0.02,4.8,52.74,0.35,-29.1,-0.19,-1770.63,-17.71,452
390,Entry short,2021-05-18 18:23,S407,1870.177,8,14961.416,-3.14,-0.02,4.8,52.74,0.35,-29.1,-0.19,-1770.63,-17.71,452
391,Exit long,2021-05-19 06:45,Opposite signal,1868.385,6,11216.268,-9.56,-0.09,3.6,11.68,0.10,-7.97,-0.07,-1780.19,-17.80,15
391,Entry long,2021-05-19 06:30,L408,1869.378,6,11216.268,-9.56,-0.09,3.6,11.68,0.10,-7.97,-0.07,-1780.19,-17.80,15
392,Exit short,2021-05-19 09:06,Opposite signal,1869.08,11,20555.535,-10.94,-0.05,6.6,41.69,0.20,-8.09,-0.04,-1791.14,-17.91,138
392,Entry short,2021-05-19 06:47,S409,1868.685,11,20555.535,-10.94,-0.05,6.6,41.69,0.20,-8.09,-0.04,-1791.14,-17.91,138
393,Exit long,2021-05-19 13:24,Opposite signal,1866.465,9,16815.375,-22.59,-0.13,5.4,48.15,0.29,-20.7,-0.12,-1813.73,-18.14,193
393,Entry long,2021-05-19 10:11,L410,1868.375,9,16815.375,-22.59,-0.13,5.4,48.15,0.29,-20.7,-0.12,-1813.73,-18.14,193
394,Exit short,2021-05-19 17:36,Opposite signal,1859.086,6,11203.824,45.71,0.41,3.6,88.64,0.79,-17.5,-0.16,-1768.02,-17.68,251
394,Entry short,2021-05-19 13:25,S411,1867.304,6,11203.824,45.71,0.41,3.6,88.64,0.79,-17.5,-0.16,-1768.02,-17.68,251
395,Exit long,2021-05-19 19:37,Opposite signal,1882.945,4,7450.004,79.38,1.07,2.4,109.38,1.47,-3.18,-0.04,-1688.64,-16.89,93
395,Entry long,2021-05-19 18:04,L412,1862.501,4,7450.004,79.38,1.07,2.4,109.38,1.47,-3.18,-0.04,-1688.64,-16.89,93
396,Exit short,2021-05-20 00:30,S413 exit,1862.125,7,13192.27,153.2,1.16,4.2,155.29,1.18,-16.8,-0.13,-1535.45,-15.35,292
396,Entry short,2021-05-19 19:38,S413,1884.61,7,13192.27,153.2,1.16,4.2,155.29,1.18,-16.8,-0.13,-1535.45,-15.35,292
397,Exit long,2021-05-20 09:29,Opposite signal,1875.59,4,7495.08,4.88,0.07,2.4,14.12,0.19,-3.28,-0.04,-1530.57,-15.31,84
397,Entry long,2021-05-20 08:05,L414,1873.77,4,7495.08,4.88,0.07,2.4,14.12,0.19,-3.28,-0.04,-1530.57,-15.31,84
398,Exit short,2021-05-20 11:00,Opposite signal,1876.975,15,28140.9,-22.72,-0.08,9,6.84,0.02,-18.82,-0.07,-1553.29,-15.53,88
398,Entry short,2021-05-20 09:30,S415,1876.06,15,28140.9,-22.72,-0.08,9,6.84,0.02,-18.82,-0.07,-1553.29,-15.53,88
399,Exit long,2021-05-20 11:12,Opposite signal,1874.7,16,30028.16,-42.56,-0.14,9.6,1.36,0.00,-38.46,-0.13,-1595.85,-15.96,8
399,Entry long,2021-05-20 11:04,L416,1876.76,16,30028.16,-42.56,-0.14,9.6,1.36,0.00,-38.46,-0.13,-1595.85,-15.96,8
400,Exit short,2021-05-20 11:44,Opposite signal,1874.72,19,35593.878,-37.2,-0.10,11.4,15.33,0.04,-31.5,-0.09,-1633.05,-16.33,10
400,Entry short,2021-05-20 11:34,S417,1873.362,19,35593.878,-37.2,-0.10,11.4,15.33,0.04,-31.5,-0.09,-1633.05,-16.33,10
401,Exit long,2021-05-20 12:25,Opposite signal,1872.87,13,24366.225,-26.71,-0.11,7.8,19.25,0.08,-24.89,-0.10,-1659.77,-16.60,38
401,Entry long,2021-05-20 11:47,L418,1874.325,13,24366.225,-26.71,-0.11,7.8,19.25,0.08,-24.89,-0.10,-1659.77,-16.60,38
402,Exit short,2021-05-20 13:46,Opposite signal,1876.17,9,16848.099,-42.83,-0.25,5.4,9.59,0.06,-41.39,-0.25,-1702.6,-17.03,76
402,Entry short,2021-05-20 12:30,S419,1872.011,9,16848.099,-42.83,-0.25,5.4,9.59,0.06,-41.39,-0.25,-1702.6,-17.03,76
403,Exit long,2021-05-20 14:42,Opposite signal,1870.616,7,13132.742,-42.63,-0.32,4.2,0,0.00,-40.85,-0.31,-1745.23,-17.45,55
403,Entry long,2021-05-20 13:47,L420,1876.106,7,13132.742,-42.63,-0.32,4.2,0,0.00,-40.85,-0.31,-1745.23,-17.45,55
404,Exit short,2021-05-20 15:56,Opposite signal,1868.76,14,26152.476,-18.56,-0.07,8.4,33.94,0.13,-18.98,-0.07,-1763.79,-17.64,51
404,Entry short,2021-05-20 15:05,S421,1868.034,14,26152.476,-18.56,-0.07,8.4,33.94,0.13,-18.98,-0.07,-1763.79,-17.64,51
405,Exit long,2021-05-20 17:46,Opposite signal,1870.42,10,18685.14,13.06,0.07,6,41.11,0.22,-23.09,-0.12,-1750.73,-17.51,109
405,Entry long,2021-05-20 15:57,L422,1868.514,10,18685.14,13.06,0.07,6,41.11,0.22,-23.09,-0.12,-1750.73,-17.51,109
406,Exit short,2021-05-20 18:48,Opposite signal,1873.106,13,24319.165,-39.01,-0.16,7.8,36.08,0.15,-37.9,-0.16,-1789.75,-17.90,61
406,Entry short,2021-05-20 17:47,S423,1870.705,13,24319.165,-39.01,-0.16,7.8,36.08,0.15,-37.9,-0.16,-1789.75,-17.90,61
407,Exit long,2021-05-20 23:25,Opposite signal,1877.994,7,13110.475,31.28,0.24,4.2,75.32,0.57,-23.95,-0.18,-1758.46,-17.58,276
407,Entry long,2021-05-20 18:49,L424,1872.925,7,13110.475,31.28,0.24,4.2,75.32,0.57,-23.95,-0.18,-1758.46,-17.58,276
408,Exit long,2021-05-21 08:04,Opposite signal,1871.126,16,29961.12,-32.7,-0.11,9.6,0,0.00,-28.16,-0.09,-1791.17,-17.91,21
408,Entry long,2021-05-21 07:43,L425,1872.57,16,29961.12,-32.7,-0.11,9.6,0,0.00,-28.16,-0.09,-1791.17,-17.91,21
409,Exit short,2021-05-21 08:31,Opposite signal,1873.1,16,29939.872,-39.33,-0.13,9.6,7.3,0.02,-34.53,-0.12,-1830.5,-18.30,26
409,Entry short,2021-05-21 08:05,S426,1871.242,16,29939.872,-39.33,-0.13,9.6,7.3,0.02,-34.53,-0.12,-1830.5,-18.30,26
410,Exit long,2021-05-21 12:08,Opposite signal,1874.35,13,24345.698,13.05,0.05,7.8,53.61,0.22,-12.95,-0.05,-1817.44,-18.17,214
410,Entry long,2021-05-21 08:33,L427,1872.746,13,24345.698,13.05,0.05,7.8,53.61,0.22,-12.95,-0.05,-1817.44,-18.17,214
411,Exit short,2021-05-21 13:37,Opposite signal,1877.19,10,18738.6,-39.3,-0.21,6,4.95,0.03,-37.25,-0.20,-1856.74,-18.57,82
411,Entry short,2021-05-21 12:15,S428,1873.86,10,18738.6,-39.3,-0.21,6,4.95,0.03,-37.25,-0.20,-1856.74,-18.57,82
412,Exit long,2021-05-21 19:21,Opposite signal,1876.865,8,15017.36,-7.24,-0.05,4.8,95.6,0.64,-20,-0.13,-1863.98,-18.64,342
412,Entry long,2021-05-21 13:39,L429,1877.17,8,15017.36,-7.24,-0.05,4.8,95.6,0.64,-20,-0.13,-1863.98,-18.64,342
413,Exit short,2021-05-21 23:00,Weekend flat,1876.375,4,7510.868,2.97,0.04,2.4,28.91,0.38,-3.11,-0.04,-1861.02,-18.61,192
413,Entry short,2021-05-21 19:48,S430,1877.717,4,7510.868,2.97,0.04,2.4,28.91,0.38,-3.11,-0.04,-1861.02,-18.61,192
414,Exit short,2021-05-24 06:32,Opposite signal,1883.58,14,26356.008,-22.51,-0.09,8.4,33.21,0.13,-22.86,-0.09,-1883.53,-18.84,25
414,Entry short,2021-05-24 06:07,S431,1882.572,14,26356.008,-22.51,-0.09,8.4,33.21,0.13,-22.86,-0.09,-1883.53,-18.84,25
415,Exit long,2021-05-24 08:18,Opposite signal,1883.746,11,20711.735,2.87,0.01,6.6,42.74,0.21,-8.19,-0.04,-1880.66,-18.81,104
415,Entry long,2021-05-24 06:34,L432,1882.885,11,20711.735,2.87,0.01,6.6,42.74,0.21,-8.19,-0.04,-1880.66,-18.81,104
416,Exit short,2021-05-24 17:52,Opposite signal,1883.53,11,20728.653,3.22,0.02,6.6,98.15,0.47,-23.56,-0.11,-1877.43,-18.77,569
416,Entry short,2021-05-24 08:19,S433,1884.423,11,20728.653,3.22,0.02,6.6,98.15,0.47,-23.56,-0.11,-1877.43,-18.77,569
417,Exit long,2021-05-25 02:00,Time flat,1882.575,5,9416,-6.12,-0.07,3,10.65,0.11,-27.85,-0.30,-1883.56,-18.84,463
417,Entry long,2021-05-24 18:13,L434,1883.2,5,9416,-6.12,-0.07,3,10.65,0.11,-27.85,-0.30,-1883.56,-18.84,463
418,Exit short,2021-05-25 12:34,S435 exit,1887.33,4,7504.596,-47.12,-0.63,2.4,10.16,0.14,-45.92,-0.61,-1930.68,-19.31,266
418,Entry short,2021-05-25 08:06,S435,1876.149,4,7504.596,-47.12,-0.63,2.4,10.16,0.14,-45.92,-0.61,-1930.68,-19.31,266
419,Exit long,2021-05-25 23:07,Opposite signal,1896.135,3,5658.99,27.62,0.49,1.8,35.97,0.64,-20.22,-0.36,-1903.07,-19.03,631
419,Entry long,2021-05-25 12:36,L436,1886.33,3,5658.99,27.62,0.49,1.8,35.97,0.64,-20.22,-0.36,-1903.07,-19.03,631
420,Exit short,2021-05-26 11:56,Opposite signal,1903.1,12,22863.144,18.74,0.08,7.2,53.36,0.23,-10.66,-0.05,-1884.32,-18.84,51
420,Entry short,2021-05-26 11:05,S437,1905.262,12,22863.144,18.74,0.08,7.2,53.36,0.23,-10.66,-0.05,-1884.32,-18.84,51
421,Exit short,2021-05-26 17:59,Opposite signal,1910.83,7,13337.261,-42.75,-0.32,4.2,3.31,0.02,-41.7,-0.31,-1927.07,-19.27,178
421,Entry short,2021-05-26 15:01,S439,1905.323,7,13337.261,-42.75,-0.32,4.2,3.31,0.02,-41.7,-0.31,-1927.07,-19.27,178
422,Exit long,2021-05-26 18:35,Opposite signal,1903.145,6,11461.5,-46.23,-0.40,3.6,13.41,0.12,-45.34,-0.40,-1973.3,-19.73,35
422,Entry long,2021-05-26 18:00,L440,1910.25,6,11461.5,-46.23,-0.40,3.6,13.41,0.12,-45.34,-0.40,-1973.3,-19.73,35
423,Exit short,2021-05-27 02:00,Time flat,1896.065,5,9523.485,40.16,0.42,3,68.29,0.72,-15.46,-0.16,-1933.14,-19.33,422
423,Entry short,2021-05-26 18:57,S441,1904.697,5,9523.485,40.16,0.42,3,68.29,0.72,-15.46,-0.16,-1933.14,-19.33,422
424,Exit long,2021-05-28 20:13,Opposite signal,1895.785,10,18994.07,-42.22,-0.22,6,3.08,0.02,-39.97,-0.21,-1975.36,-19.75,41
424,Entry long,2021-05-28 19:32,L442,1899.407,10,18994.07,-42.22,-0.22,6,3.08,0.02,-39.97,-0.21,-1975.36,-19.75,41
425,Exit short,2021-05-28 22:31,Opposite signal,1901.236,7,13263.635,-49.22,-0.37,4.2,8.44,0.06,-47.74,-0.36,-2024.58,-20.25,126
425,Entry short,2021-05-28 20:25,S443,1894.805,7,13263.635,-49.22,-0.37,4.2,8.44,0.06,-47.74,-0.36,-2024.58,-20.25,126
426,Exit long,2021-05-28 23:00,Weekend flat,1902.64,5,9503.35,6.85,0.07,3,9.65,0.10,-4.68,-0.05,-2017.73,-20.18,18
426,Entry long,2021-05-28 22:42,L444,1900.67,5,9503.35,6.85,0.07,3,9.65,0.10,-4.68,-0.05,-2017.73,-20.18,18
427,Exit short,2021-05-31 17:24,Opposite signal,1905.085,19,36246.813,38.8,0.11,11.4,99.5,0.27,-12.6,-0.03,-1978.93,-19.79,466
427,Entry short,2021-05-31 09:38,S445,1907.727,19,36246.813,38.8,0.11,11.4,99.5,0.27,-12.6,-0.03,-1978.93,-19.79,466
428,Exit long,2021-05-31 18:24,Opposite signal,1904.715,11,20955.275,-10.01,-0.05,6.6,10.56,0.05,-12.92,-0.06,-1988.94,-19.89,57
428,Entry long,2021-05-31 17:27,L446,1905.025,11,20955.275,-10.01,-0.05,6.6,10.56,0.05,-12.92,-0.06,-1988.94,-19.89,57
429,Exit short,2021-05-31 19:24,Opposite signal,1905.626,16,30479.552,-20.06,-0.07,9.6,15.23,0.05,-16.61,-0.05,-2009.01,-20.09,59
429,Entry short,2021-05-31 18:25,S447,1904.972,16,30479.552,-20.06,-0.07,9.6,15.23,0.05,-16.61,-0.05,-2009.01,-20.09,59
430,Exit long,2021-06-01 03:31,Time flat,1906.935,14,26678.47,10.22,0.04,8.4,17.43,0.07,-22.12,-0.08,-1998.79,-19.99,181
430,Entry long,2021-05-31 19:26,L448,1905.605,14,26678.47,10.22,0.04,8.4,17.43,0.07,-22.12,-0.08,-1998.79,-19.99,181
431,Exit long,2021-06-01 08:06,Opposite signal,1911.75,12,22904.22,29.58,0.13,7.2,65.52,0.29,-4.02,-0.02,-1969.21,-19.69,78
431,Entry long,2021-06-01 06:48,L449,1908.685,12,22904.22,29.58,0.13,7.2,65.52,0.29,-4.02,-0.02,-1969.21,-19.69,78
432,Exit short,2021-06-01 08:45,Opposite signal,1912.68,12,22945.404,-13.96,-0.06,7.2,9.85,0.04,-11.38,-0.05,-1983.16,-19.83,29
432,Entry short,2021-06-01 08:16,S450,1912.117,12,22945.404,-13.96,-0.06,7.2,9.85,0.04,-11.38,-0.05,-1983.16,-19.83,29
433,Exit long,2021-06-01 10:18,Opposite signal,1910.575,15,28688.475,-38.85,-0.14,9,5.57,0.02,-35.4,-0.12,-2022.01,-20.22,92
433,Entry long,2021-06-01 08:46,L451,1912.565,15,28688.475,-38.85,-0.14,9,5.57,0.02,-35.4,-0.12,-2022.01,-20.22,92
434,Exit short,2021-06-01 11:36,Opposite signal,1913.55,13,24844.664,-39.29,-0.16,7.8,11.35,0.05,-36.11,-0.15,-2061.3,-20.61,53
434,Entry short,2021-06-01 10:43,S452,1911.128,13,24844.664,-39.29,-0.16,7.8,11.35,0.05,-36.11,-0.15,-2061.3,-20.61,53
435,Exit long,2021-06-01 12:34,Opposite signal,1914.685,10,19132.36,8.49,0.04,6,30.79,0.16,-8.86,-0.05,-2052.81,-20.53,51
435,Entry long,2021-06-01 11:43,L453,1913.236,10,19132.36,8.49,0.04,6,30.79,0.16,-8.86,-0.05,-2052.81,-20.53,51
436,Exit short,2021-06-01 19:34,S454 exit,1899.095,11,21050.755,154.11,0.73,6.6,157.41,0.75,-10.01,-0.05,-1898.7,-18.99,408
436,Entry short,2021-06-01 12:46,S454,1913.705,11,21050.755,154.11,0.73,6.6,157.41,0.75,-10.01,-0.05,-1898.7,-18.99,408
437,Exit short,2021-06-03 01:25,Opposite signal,1908.97,7,13322.155,-44.83,-0.34,4.2,15.44,0.12,-42.73,-0.32,-1943.53,-19.44,301
437,Entry short,2021-06-02 20:23,S456,1903.165,7,13322.155,-44.83,-0.34,4.2,15.44,0.12,-42.73,-0.32,-1943.53,-19.44,301
438,Exit long,2021-06-03 06:32,Opposite signal,1907.005,20,38163.7,-35.6,-0.09,12,24.1,0.06,-29.7,-0.08,-1979.13,-19.79,16
438,Entry long,2021-06-03 06:16,L457,1908.185,20,38163.7,-35.6,-0.09,12,24.1,0.06,-29.7,-0.08,-1979.13,-19.79,16
439,Exit short,2021-06-03 07:10,Opposite signal,1908.386,13,24796.85,-19.97,-0.08,7.8,18.92,0.08,-16.2,-0.07,-1999.1,-19.99,34
439,Entry short,2021-06-03 06:36,S458,1907.45,13,24796.85,-19.97,-0.08,7.8,18.92,0.08,-16.2,-0.07,-1999.1,-19.99,34
440,Exit long,2021-06-03 08:03,Opposite signal,1905.54,13,24799.97,-35.75,-0.14,7.8,6.16,0.02,-33.8,-0.14,-2034.85,-20.35,52
440,Entry long,2021-06-03 07:11,L459,1907.69,13,24799.97,-35.75,-0.14,7.8,6.16,0.02,-33.8,-0.14,-2034.85,-20.35,52
441,Exit short,2021-06-03 13:22,S460 exit,1891.508,11,20964.735,151.55,0.72,6.6,154.85,0.74,-6.32,-0.03,-1883.3,-18.83,316
441,Entry short,2021-06-03 08:04,S460,1905.885,11,20964.735,151.55,0.72,6.6,154.85,0.74,-6.32,-0.03,-1883.3,-18.83,316
442,Exit long,2021-06-04 21:48,Opposite signal,1890.606,3,5611.116,58.9,1.05,1.8,76.7,1.37,-6.92,-0.12,-1824.4,-18.24,491
442,Entry long,2021-06-04 13:37,L461,1870.372,3,5611.116,58.9,1.05,1.8,76.7,1.37,-6.92,-0.12,-1824.4,-18.24,491
443,Exit short,2021-06-04 23:00,Weekend flat,1889.67,17,32136.715,2.13,0.01,10.2,29.33,0.09,-12.43,-0.04,-1822.28,-18.22,54
443,Entry short,2021-06-04 22:06,S462,1890.395,17,32136.715,2.13,0.01,10.2,29.33,0.09,-12.43,-0.04,-1822.28,-18.22,54
444,Exit long,2021-06-08 00:09,Opposite signal,1898.905,9,16968.465,116.28,0.69,5.4,129.43,0.76,-25.51,-0.15,-1706,-17.06,580
444,Entry long,2021-06-07 14:28,L463,1885.385,9,16968.465,116.28,0.69,5.4,129.43,0.76,-25.51,-0.15,-1706,-17.06,580
445,Exit short,2021-06-08 10:36,Opposite signal,1897.466,15,28479.255,8.27,0.03,9,44.28,0.16,-10.93,-0.04,-1697.73,-16.98,182
445,Entry short,2021-06-08 07:30,S464,1898.617,15,28479.255,8.27,0.03,9,44.28,0.16,-10.93,-0.04,-1697.73,-16.98,182
446,Exit long,2021-06-08 11:29,Opposite signal,1895.205,12,22772.46,-37.2,-0.16,7.2,5.53,0.02,-34.14,-0.15,-1734.93,-17.35,48
446,Entry long,2021-06-08 10:41,L465,1897.705,12,22772.46,-37.2,-0.16,7.2,5.53,0.02,-34.14,-0.15,-1734.93,-17.35,48
447,Exit short,2021-06-08 14:17,Opposite signal,1892.406,10,18953.65,23.59,0.12,6,52.95,0.28,-33.41,-0.18,-1711.34,-17.11,166
447,Entry short,2021-06-08 11:31,S466,1895.365,10,18953.65,23.59,0.12,6,52.95,0.28,-33.41,-0.18,-1711.34,-17.11,166
448,Exit long,2021-06-08 15:10,Opposite signal,1891.975,11,20818.237,-13.11,-0.06,6.6,10.7,0.05,-9.81,-0.05,-1724.45,-17.24,40
448,Entry long,2021-06-08 14:30,L467,1892.567,11,20818.237,-13.11,-0.06,6.6,10.7,0.05,-9.81,-0.05,-1724.45,-17.24,40
449,Exit short,2021-06-08 15:47,Opposite signal,1894.545,14,26488.77,-43.26,-0.16,8.4,6.86,0.03,-39.55,-0.15,-1767.71,-17.68,32
449,Entry short,2021-06-08 15:15,S468,1892.055,14,26488.77,-43.26,-0.16,8.4,6.86,0.03,-39.55,-0.15,-1767.71,-17.68,32
450,Exit long,2021-06-08 16:15,Opposite signal,1893.95,10,18938.1,-4.6,-0.02,6,16.06,0.08,-3.7,-0.02,-1772.31,-17.72,27
450,Entry long,2021-06-08 15:48,L469,1893.81,10,18938.1,-4.6,-0.02,6,16.06,0.08,-3.7,-0.02,-1772.31,-17.72,27
451,Exit short,2021-06-08 16:41,Opposite signal,1895.8,14,26516.35,-33.25,-0.13,8.4,0,0.00,-34.65,-0.13,-1805.56,-18.06,25
451,Entry short,2021-06-08 16:16,S470,1894.025,14,26516.35,-33.25,-0.13,8.4,0,0.00,-34.65,-0.13,-1805.56,-18.06,25
452,Exit long,2021-06-08 18:15,Opposite signal,1898.595,14,26540.472,31.46,0.12,8.4,110.35,0.42,-15.58,-0.06,-1774.11,-17.74,89
452,Entry long,2021-06-08 16:46,L471,1895.748,14,26540.472,31.46,0.12,8.4,110.35,0.42,-15.58,-0.06,-1774.11,-17.74,89
453,Exit short,2021-06-09 02:00,Time flat,1893.475,4,7573.9,-2.4,-0.03,2.4,37.56,0.50,-12.64,-0.17,-1776.51,-17.77,445
453,Entry short,2021-06-08 18:26,S472,1893.475,4,7573.9,-2.4,-0.03,2.4,37.56,0.50,-12.64,-0.17,-1776.51,-17.77,445
454,Exit long,2021-06-09 12:05,Opposite signal,1891.515,5,9465.09,-10.51,-0.11,3,15.64,0.17,-9.31,-0.10,-1787.02,-17.87,276
454,Entry long,2021-06-09 07:19,L473,1893.018,5,9465.09,-10.51,-0.11,3,15.64,0.17,-9.31,-0.10,-1787.02,-17.87,276
455,Exit short,2021-06-09 15:24,Opposite signal,1890.265,8,15132.64,5.72,0.04,4.8,30.76,0.20,-19.76,-0.13,-1781.3,-17.81,198
455,Entry short,2021-06-09 12:06,S474,1891.58,8,15132.64,5.72,0.04,4.8,30.76,0.20,-19.76,-0.13,-1781.3,-17.81,198
456,Exit long,2021-06-09 19:40,Opposite signal,1891.8,12,22680.312,14.09,0.06,7.2,105,0.46,-20.47,-0.09,-1767.21,-17.67,251
456,Entry long,2021-06-09 15:28,L475,1890.026,12,22680.312,14.09,0.06,7.2,105,0.46,-20.47,-0.09,-1767.21,-17.67,251
457,Exit long,2021-06-10 02:00,Time flat,1888.97,9,17027.532,-32.2,-0.19,5.4,9.51,0.06,-31.17,-0.18,-1799.42,-17.99,267
457,Entry long,2021-06-09 21:24,L477,1891.948,9,17027.532,-32.2,-0.19,5.4,9.51,0.06,-31.17,-0.18,-1799.42,-17.99,267
458,Exit long,2021-06-10 07:19,Opposite signal,1886.97,10,18875.18,-11.48,-0.06,6,11.08,0.06,-11.18,-0.06,-1810.9,-18.11,31
458,Entry long,2021-06-10 06:48,L478,1887.518,10,18875.18,-11.48,-0.06,6,11.08,0.06,-11.18,-0.06,-1810.9,-18.11,31
459,Exit short,2021-06-10 14:15,Opposite signal,1881.32,15,28310.55,81.75,0.29,9,157.05,0.55,-15.9,-0.06,-1729.15,-17.29,412
459,Entry short,2021-06-10 07:20,S479,1887.37,15,28310.55,81.75,0.29,9,157.05,0.55,-15.9,-0.06,-1729.15,-17.29,412
460,Exit long,2021-06-10 17:30,Opposite signal,1876.186,7,13175.127,-46.02,-0.35,4.2,8.11,0.06,-44.39,-0.34,-1775.17,-17.75,157
460,Entry long,2021-06-10 14:53,L480,1882.161,7,13175.127,-46.02,-0.35,4.2,8.11,0.06,-44.39,-0.34,-1775.17,-17.75,157
461,Exit short,2021-06-10 18:05,Opposite signal,1882.59,5,9383,-32.95,-0.35,3,31.78,0.34,-35.38,-0.38,-1808.12,-18.08,21
461,Entry short,2021-06-10 17:44,S481,1876.6,5,9383,-32.95,-0.35,3,31.78,0.34,-35.38,-0.38,-1808.12,-18.08,21
462,Exit long,2021-06-11 02:00,Time flat,1898.415,3,5653.674,39.77,0.70,1.8,43.67,0.77,-2.2,-0.04,-1768.35,-17.68,465
462,Entry long,2021-06-10 18:15,L482,1884.558,3,5653.674,39.77,0.70,1.8,43.67,0.77,-2.2,-0.04,-1768.35,-17.68,465
463,Exit short,2021-06-11 11:37,Opposite signal,1901.095,14,26589.64,-34.09,-0.13,8.4,7.28,0.03,-33.81,-0.13,-1802.44,-18.02,120
463,Entry short,2021-06-11 09:33,S483,1899.26,14,26589.64,-34.09,-0.13,8.4,7.28,0.03,-33.81,-0.13,-1802.44,-18.02,120
464,Exit long,2021-06-11 13:28,Opposite signal,1899.606,12,22812,-23.93,-0.10,7.2,21.84,0.10,-20.33,-0.09,-1826.37,-18.26,100
464,Entry long,2021-06-11 11:48,L484,1901,12,22812,-23.93,-0.10,7.2,21.84,0.10,-20.33,-0.09,-1826.37,-18.26,100
465,Exit short,2021-06-11 20:23,Opposite signal,1883,6,11377.098,75.5,0.66,3.6,104.36,0.92,-5.98,-0.05,-1750.87,-17.51,366
465,Entry short,2021-06-11 14:17,S485,1896.183,6,11377.098,75.5,0.66,3.6,104.36,0.92,-5.98,-0.05,-1750.87,-17.51,366
466,Exit long,2021-06-11 20:50,L486 exit,1877.49,8,15063.376,-48.26,-0.32,4.8,0,0.00,-45.86,-0.30,-1799.13,-17.99,8
466,Entry long,2021-06-11 20:42,L486,1882.922,8,15063.376,-48.26,-0.32,4.8,0,0.00,-45.86,-0.30,-1799.13,-17.99,8
467,Exit short,2021-06-11 23:00,Weekend flat,1877.615,7,13149.43,1.93,0.01,4.2,13.89,0.11,-19.74,-0.15,-1797.2,-17.97,119
467,Entry short,2021-06-11 21:01,S487,1878.49,7,13149.43,1.93,0.01,4.2,13.89,0.11,-19.74,-0.15,-1797.2,-17.97,119
468,Exit long,2021-06-14 09:32,Opposite signal,1862.72,12,22388.784,-43.34,-0.19,7.2,7.42,0.03,-43.88,-0.20,-1840.54,-18.41,87
468,Entry long,2021-06-14 08:05,L488,1865.732,12,22388.784,-43.34,-0.19,7.2,7.42,0.03,-43.88,-0.20,-1840.54,-18.41,87
469,Exit short,2021-06-14 14:47,Opposite signal,1859.505,10,18633.56,32.51,0.17,6,81.86,0.44,-31.84,-0.17,-1808.03,-18.08,309
469,Entry short,2021-06-14 09:38,S489,1863.356,10,18633.56,32.51,0.17,6,81.86,0.44,-31.84,-0.17,-1808.03,-18.08,309
470,Exit long,2021-06-14 16:01,L490 exit,1853.87,7,13019.447,-46.56,-0.36,4.2,5.42,0.04,-44.46,-0.34,-1854.59,-18.55,58
470,Entry long,2021-06-14 15:03,L490,1859.921,7,13019.447,-46.56,-0.36,4.2,5.42,0.04,-44.46,-0.34,-1854.59,-18.55,58
471,Exit short,2021-06-14 19:06,Opposite signal,1853.25,6,11129.22,6.12,0.05,3.6,59.64,0.54,-15.75,-0.14,-1848.47,-18.48,182
471,Entry short,2021-06-14 16:04,S491,1854.87,6,11129.22,6.12,0.05,3.6,59.64,0.54,-15.75,-0.14,-1848.47,-18.48,182
472,Exit long,2021-06-15 02:00,Time flat,1865.626,7,13075.909,-20.73,-0.16,4.2,2.89,0.02,-39.49,-0.30,-1869.2,-18.69,352
472,Entry long,2021-06-14 20:03,L492,1867.987,7,13075.909,-20.73,-0.16,4.2,2.89,0.02,-39.49,-0.30,-1869.2,-18.69,352
473,Exit short,2021-06-15 08:06,Opposite signal,1862.715,6,11181.372,1.48,0.01,3.6,27.04,0.24,-2.78,-0.02,-1867.72,-18.68,79
473,Entry short,2021-06-15 06:47,S493,1863.562,6,11181.372,1.48,0.01,3.6,27.04,0.24,-2.78,-0.02,-1867.72,-18.68,79
474,Exit long,2021-06-15 11:52,Opposite signal,1866.53,9,16762.23,31.14,0.19,5.4,56.03,0.33,-20.83,-0.12,-1836.58,-18.37,223
474,Entry long,2021-06-15 08:08,L494,1862.47,9,16762.23,31.14,0.19,5.4,56.03,0.33,-20.83,-0.12,-1836.58,-18.37,223
475,Exit short,2021-06-15 12:11,Opposite signal,1869.04,12,22396.764,-38.92,-0.17,7.2,0,0.00,-37.3,-0.17,-1875.49,-18.75,12
475,Entry short,2021-06-15 11:59,S495,1866.397,12,22396.764,-38.92,-0.17,7.2,0,0.00,-37.3,-0.17,-1875.49,-18.75,12
476,Exit long,2021-06-15 13:36,Opposite signal,1865.265,10,18687.1,-40.45,-0.22,6,0,0.00,-37.86,-0.20,-1915.94,-19.16,84
476,Entry long,2021-06-15 12:12,L496,1868.71,10,18687.1,-40.45,-0.22,6,0,0.00,-37.86,-0.20,-1915.94,-19.16,84
477,Exit short,2021-06-15 22:53,Opposite signal,1854.966,7,13048.105,59.14,0.45,4.2,84.35,0.65,-31.04,-0.24,-1856.8,-18.57,535
477,Entry short,2021-06-15 13:58,S497,1864.015,7,13048.105,59.14,0.45,4.2,84.35,0.65,-31.04,-0.24,-1856.8,-18.57,535
478,Exit long,2021-06-16 02:01,Time flat,1859.15,10,18547.1,38.4,0.21,6,43.9,0.24,-4.05,-0.02,-1818.4,-18.18,181
478,Entry long,2021-06-15 22:57,L498,1854.71,10,18547.1,38.4,0.21,6,43.9,0.24,-4.05,-0.02,-1818.4,-18.18,181
479,Exit long,2021-06-16 11:41,Opposite signal,1858.6,10,18563.7,16.3,0.09,6,43.8,0.24,-9.45,-0.05,-1802.1,-18.02,192
479,Entry long,2021-06-16 08:27,L499,1856.37,10,18563.7,16.3,0.09,6,43.8,0.24,-9.45,-0.05,-1802.1,-18.02,192
480,Exit short,2021-06-16 11:59,Opposite signal,1861.335,14,26027.092,-40,-0.15,8.4,7.6,0.03,-35.8,-0.14,-1842.1,-18.42,15
480,Entry short,2021-06-16 11:44,S500,1859.078,14,26027.092,-40,-0.15,8.4,7.6,0.03,-35.8,-0.14,-1842.1,-18.42,15
481,Exit long,2021-06-16 12:40,Opposite signal,1858.02,11,20469.68,-38.06,-0.19,6.6,4.84,0.02,-40.81,-0.20,-1880.16,-18.80,40
481,Entry long,2021-06-16 12:00,L501,1860.88,11,20469.68,-38.06,-0.19,6.6,4.84,0.02,-40.81,-0.20,-1880.16,-18.80,40
482,Exit short,2021-06-16 17:41,Opposite signal,1856.41,10,18585.08,14.98,0.08,6,52.98,0.29,-24.02,-0.13,-1865.18,-18.65,298
482,Entry short,2021-06-16 12:42,S502,1858.508,10,18585.08,14.98,0.08,6,52.98,0.29,-24.02,-0.13,-1865.18,-18.65,298
483,Exit long,2021-06-16 23:30,L503 exit,1851.91,10,18561.75,-48.65,-0.26,6,68.45,0.37,-45.65,-0.25,-1913.83,-19.14,330
483,Entry long,2021-06-16 18:00,L503,1856.175,10,18561.75,-48.65,-0.26,6,68.45,0.37,-45.65,-0.25,-1913.83,-19.14,330
484,Exit long,2021-06-17 19:37,Opposite signal,1775.955,4,7147.708,-46.29,-0.65,2.4,0,0.00,-45.17,-0.63,-1960.12,-19.60,23
484,Entry long,2021-06-17 19:14,L504,1786.927,4,7147.708,-46.29,-0.65,2.4,0,0.00,-45.17,-0.63,-1960.12,-19.60,23
485,Exit short,2021-06-18 02:00,Time flat,1772.155,3,5327.958,9.69,0.18,1.8,25.17,0.47,-23.86,-0.45,-1950.42,-19.50,382
485,Entry short,2021-06-17 19:38,S505,1775.986,3,5327.958,9.69,0.18,1.8,25.17,0.47,-23.86,-0.45,-1950.42,-19.50,382
486,Exit long,2021-06-18 10:34,Opposite signal,1783.685,9,16067.034,-19.27,-0.12,5.4,15.16,0.09,-17.2,-0.11,-1969.69,-19.70,60
486,Entry long,2021-06-18 09:34,L506,1785.226,9,16067.034,-19.27,-0.12,5.4,15.16,0.09,-17.2,-0.11,-1969.69,-19.70,60
487,Exit short,2021-06-18 12:59,Opposite signal,1787.31,10,17838.96,-40.14,-0.22,6,13.61,0.08,-37.14,-0.21,-2009.83,-20.10,144
487,Entry short,2021-06-18 10:35,S507,1783.896,10,17838.96,-40.14,-0.22,6,13.61,0.08,-37.14,-0.21,-2009.83,-20.10,144
488,Exit long,2021-06-18 17:48,Opposite signal,1789.47,4,7166.572,-11.09,-0.15,2.4,21.49,0.30,-12.07,-0.17,-2020.92,-20.21,252
488,Entry long,2021-06-18 13:36,L508,1791.643,4,7166.572,-11.09,-0.15,2.4,21.49,0.30,-12.07,-0.17,-2020.92,-20.21,252
489,Exit long,2021-06-18 23:00,Weekend flat,1769.2,5,8884.53,-41.53,-0.47,3,18.6,0.21,-42.38,-0.48,-2062.45,-20.62,172
489,Entry long,2021-06-18 20:08,L510,1776.906,5,8884.53,-41.53,-0.47,3,18.6,0.21,-42.38,-0.48,-2062.45,-20.62,172
490,Exit long,2021-06-21 08:36,Opposite signal,1775.15,18,31964.976,-23.08,-0.07,10.8,11.84,0.04,-17.68,-0.06,-2085.53,-20.86,8
490,Entry long,2021-06-21 08:28,L511,1775.832,18,31964.976,-23.08,-0.07,10.8,11.84,0.04,-17.68,-0.06,-2085.53,-20.86,8
491,Exit short,2021-06-21 08:59,Opposite signal,1776.465,16,28411.776,-21.26,-0.07,9.6,24.66,0.09,-17.18,-0.06,-2106.79,-21.07,22
491,Entry short,2021-06-21 08:37,S512,1775.736,16,28411.776,-21.26,-0.07,9.6,24.66,0.09,-17.18,-0.06,-2106.79,-21.07,22
492,Exit long,2021-06-21 10:05,Opposite signal,1773.74,13,23090.223,-39.4,-0.17,7.8,2.8,0.01,-38.62,-0.17,-2146.2,-21.46,65
492,Entry long,2021-06-21 09:00,L513,1776.171,13,23090.223,-39.4,-0.17,7.8,2.8,0.01,-38.62,-0.17,-2146.2,-21.46,65
493,Exit short,2021-06-21 11:27,Opposite signal,1772.526,11,19512.845,8.46,0.04,6.6,77.76,0.40,-14.75,-0.08,-2137.74,-21.38,76
493,Entry short,2021-06-21 10:11,S514,1773.895,11,19512.845,8.46,0.04,6.6,77.76,0.40,-14.75,-0.08,-2137.74,-21.38,76
494,Exit long,2021-06-21 12:53,Opposite signal,1775.775,5,8879.445,-3.57,-0.04,3,19.86,0.22,-4.17,-0.05,-2141.31,-21.41,61
494,Entry long,2021-06-21 11:52,L515,1775.889,5,8879.445,-3.57,-0.04,3,19.86,0.22,-4.17,-0.05,-2141.31,-21.41,61
495,Exit short,2021-06-21 13:40,Opposite signal,1780.495,8,14206.8,-41.96,-0.30,4.8,0,0.00,-40.8,-0.29,-2183.27,-21.83,40
495,Entry short,2021-06-21 13:00,S516,1775.85,8,14206.8,-41.96,-0.30,4.8,0,0.00,-40.8,-0.29,-2183.27,-21.83,40
496,Exit long,2021-06-21 15:37,Opposite signal,1782.195,5,8910.635,-2.66,-0.03,3,17.64,0.20,-4.25,-0.05,-2185.93,-21.86,110
496,Entry long,2021-06-21 13:47,L517,1782.127,5,8910.635,-2.66,-0.03,3,17.64,0.20,-4.25,-0.05,-2185.93,-21.86,110
497,Exit short,2021-06-21 18:36,Opposite signal,1777.3,9,16041.6,40.5,0.25,5.4,73.71,0.46,-24.93,-0.16,-2145.43,-21.45,178
497,Entry short,2021-06-21 15:38,S518,1782.4,9,16041.6,40.5,0.25,5.4,73.71,0.46,-24.93,-0.16,-2145.43,-21.45,178
498,Exit long,2021-06-21 20:59,Opposite signal,1783.685,8,14225.328,39.35,0.28,4.8,65.27,0.46,-39.29,-0.28,-2106.08,-21.06,137
498,Entry long,2021-06-21 18:42,L519,1778.166,8,14225.328,39.35,0.28,4.8,65.27,0.46,-39.29,-0.28,-2106.08,-21.06,137
499,Exit short,2021-06-22 02:00,Time flat,1783.215,11,19623.615,1.65,0.01,6.6,16.61,0.08,-22.82,-0.12,-2104.43,-21.04,296
499,Entry short,2021-06-21 21:00,S520,1783.965,11,19623.615,1.65,0.01,6.6,16.61,0.08,-22.82,-0.12,-2104.43,-21.04,296
500,Exit short,2021-06-22 15:40,Opposite signal,1782.46,6,10697.28,-1.08,-0.01,3.6,36.36,0.34,-12.27,-0.11,-2105.51,-21.06,287
500,Entry short,2021-06-22 10:53,S521,1782.88,6,10697.28,-1.08,-0.01,3.6,36.36,0.34,-12.27,-0.11,-2105.51,-21.06,287
501,Exit long,2021-06-22 17:04,Opposite signal,1783.705,12,21441.096,-43.84,-0.20,7.2,0,0.00,-41.38,-0.19,-2149.34,-21.49,24
501,Entry long,2021-06-22 16:40,L522,1786.758,12,21441.096,-43.84,-0.20,7.2,0,0.00,-41.38,-0.19,-2149.34,-21.49,24
502,Exit short,2021-06-23 02:00,Time flat,1777.695,10,17842.95,60,0.34,6,116.05,0.65,-10.3,-0.06,-2089.34,-20.89,534
502,Entry short,2021-06-22 17:06,S523,1784.295,10,17842.95,60,0.34,6,116.05,0.65,-10.3,-0.06,-2089.34,-20.89,534
503,Exit long,2021-06-23 15:12,Opposite signal,1781.975,5,8905.355,1.52,0.02,3,21.08,0.24,-18.82,-0.21,-2087.82,-20.88,275
503,Entry long,2021-06-23 10:37,L524,1781.071,5,8905.355,1.52,0.02,3,21.08,0.24,-18.82,-0.21,-2087.82,-20.88,275
504,Exit short,2021-06-23 17:42,Opposite signal,1784.21,10,17823.25,-24.85,-0.14,6,9.8,0.05,-24.15,-0.14,-2112.67,-21.13,147
504,Entry short,2021-06-23 15:15,S525,1782.325,10,17823.25,-24.85,-0.14,6,9.8,0.05,-24.15,-0.14,-2112.67,-21.13,147
505,Exit long,2021-06-23 18:04,Opposite signal,1780.715,8,14282.92,-42,-0.29,4.8,11.12,0.08,-44.76,-0.31,-2154.67,-21.55,14
505,Entry long,2021-06-23 17:50,L526,1785.365,8,14282.92,-42,-0.29,4.8,11.12,0.08,-44.76,-0.31,-2154.67,-21.55,14
506,Exit short,2021-06-23 19:07,S527 exit,1788.055,6,10686.27,-45.66,-0.43,3.6,1.8,0.02,-43.86,-0.41,-2200.33,-22.00,61
506,Entry short,2021-06-23 18:06,S527,1781.045,6,10686.27,-45.66,-0.43,3.6,1.8,0.02,-43.86,-0.41,-2200.33,-22.00,61
507,Exit long,2021-06-24 00:03,L528 exit,1779.07,4,7164.844,-50.96,-0.71,2.4,13.9,0.19,-49.76,-0.69,-2251.3,-22.51,270
507,Entry long,2021-06-23 19:33,L528,1791.211,4,7164.844,-50.96,-0.71,2.4,13.9,0.19,-49.76,-0.69,-2251.3,-22.51,270
508,Exit long,2021-06-24 18:24,Opposite signal,1782.9,6,10680.156,13.64,0.13,3.6,46.28,0.43,-4.93,-0.05,-2237.65,-22.38,237
508,Entry long,2021-06-24 14:27,L529,1780.026,6,10680.156,13.64,0.13,3.6,46.28,0.43,-4.93,-0.05,-2237.65,-22.38,237
509,Exit short,2021-06-25 01:50,Opposite signal,1774.514,8,14269.44,68.53,0.48,4.8,77.64,0.54,-27.76,-0.19,-2169.12,-21.69,444
509,Entry short,2021-06-24 18:25,S530,1783.68,8,14269.44,68.53,0.48,4.8,77.64,0.54,-27.76,-0.19,-2169.12,-21.69,444
510,Exit long,2021-06-25 07:16,Opposite signal,1777.44,16,28403.136,26.3,0.09,9.6,57.1,0.20,-27.22,-0.10,-2142.82,-21.43,45
510,Entry long,2021-06-25 06:31,L531,1775.196,16,28403.136,26.3,0.09,9.6,57.1,0.20,-27.22,-0.10,-2142.82,-21.43,45
511,Exit short,2021-06-25 07:38,Opposite signal,1777.95,16,28441.6,-15.2,-0.05,9.6,1.92,0.01,-12.4,-0.04,-2158.02,-21.58,21
511,Entry short,2021-06-25 07:17,S532,1777.6,16,28441.6,-15.2,-0.05,9.6,1.92,0.01,-12.4,-0.04,-2158.02,-21.58,21
512,Exit long,2021-06-25 08:19,Opposite signal,1778.505,15,26683.575,-15,-0.06,9,7.35,0.03,-12.3,-0.05,-2173.02,-21.73,31
512,Entry long,2021-06-25 07:48,L533,1778.905,15,26683.575,-15,-0.06,9,7.35,0.03,-12.3,-0.05,-2173.02,-21.73,31
513,Exit long,2021-06-25 10:01,Opposite signal,1776.915,18,32004.828,-31.16,-0.10,10.8,8.62,0.03,-28.01,-0.09,-2204.18,-22.04,73
513,Entry long,2021-06-25 08:46,L535,1778.046,18,32004.828,-31.16,-0.10,10.8,8.62,0.03,-28.01,-0.09,-2204.18,-22.04,73
514,Exit short,2021-06-25 11:04,Opposite signal,1779.08,14,24878.42,-37.1,-0.15,8.4,12.88,0.05,-32.9,-0.13,-2241.28,-22.41,60
514,Entry short,2021-06-25 10:04,S536,1777.03,14,24878.42,-37.1,-0.15,8.4,12.88,0.05,-32.9,-0.13,-2241.28,-22.41,60
515,Exit long,2021-06-25 11:38,Opposite signal,1779.26,18,32049.09,-33.21,-0.10,10.8,10.26,0.03,-27.9,-0.09,-2274.49,-22.74,8
515,Entry long,2021-06-25 11:30,L537,1780.505,18,32049.09,-33.21,-0.10,10.8,10.26,0.03,-27.9,-0.09,-2274.49,-22.74,8
516,Exit short,2021-06-25 12:36,Opposite signal,1781.42,14,24912.244,-36.04,-0.14,8.4,29.34,0.12,-32.47,-0.13,-2310.52,-23.11,57
516,Entry short,2021-06-25 11:39,S538,1779.446,14,24912.244,-36.04,-0.14,8.4,29.34,0.12,-32.47,-0.13,-2310.52,-23.11,57
517,Exit long,2021-06-25 16:00,Opposite signal,1781.765,10,17803.61,8.04,0.05,6,43.94,0.25,-10.66,-0.06,-2302.48,-23.02,203
517,Entry long,2021-06-25 12:37,L539,1780.361,10,17803.61,8.04,0.05,6,43.94,0.25,-10.66,-0.06,-2302.48,-23.02,203
518,Exit short,2021-06-25 17:01,Opposite signal,1785.175,10,17818.7,-39.05,-0.22,6,1.95,0.01,-37,-0.21,-2341.53,-23.42,59
518,Entry short,2021-06-25 16:01,S540,1781.87,10,17818.7,-39.05,-0.22,6,1.95,0.01,-37,-0.21,-2341.53,-23.42,59
519,Exit long,2021-06-25 18:14,Opposite signal,1783.62,10,17844.8,-14.6,-0.08,6,56.66,0.32,-14.14,-0.08,-2356.13,-23.56,53
519,Entry long,2021-06-25 17:21,L541,1784.48,10,17844.8,-14.6,-0.08,6,56.66,0.32,-14.14,-0.08,-2356.13,-23.56,53
520,Exit short,2021-06-25 22:16,Opposite signal,1778.605,6,10709.616,34.39,0.32,3.6,49.56,0.46,-30.32,-0.28,-2321.75,-23.22,241
520,Entry short,2021-06-25 18:15,S542,1784.936,6,10709.616,34.39,0.32,3.6,49.56,0.46,-30.32,-0.28,-2321.75,-23.22,241
521,Exit long,2021-06-25 23:00,Weekend flat,1778.276,15,26670.705,-5.56,-0.02,9,0.5,0.00,-18.1,-0.07,-2327.31,-23.27,41
521,Entry long,2021-06-25 22:19,L543,1778.047,15,26670.705,-5.56,-0.02,9,0.5,0.00,-18.1,-0.07,-2327.31,-23.27,41
522,Exit long,2021-06-28 06:48,Opposite signal,1779.58,15,26718.87,-34.17,-0.13,9,2.58,0.01,-31.62,-0.12,-2361.48,-23.61,17
522,Entry long,2021-06-28 06:31,L544,1781.258,15,26718.87,-34.17,-0.13,9,2.58,0.01,-31.62,-0.12,-2361.48,-23.61,17
523,Exit short,2021-06-28 10:36,Opposite signal,1781.836,13,23136.425,-35.24,-0.15,7.8,10.21,0.04,-31.91,-0.14,-2396.73,-23.97,131
523,Entry short,2021-06-28 08:24,S545,1779.725,13,23136.425,-35.24,-0.15,7.8,10.21,0.04,-31.91,-0.14,-2396.73,-23.97,131
524,Exit long,2021-06-28 11:32,Opposite signal,1783.7,15,26769.84,-23.34,-0.09,9,13.11,0.05,-18.84,-0.07,-2420.07,-24.20,9
524,Entry long,2021-06-28 11:23,L546,1784.656,15,26769.84,-23.34,-0.09,9,13.11,0.05,-18.84,-0.07,-2420.07,-24.20,9
525,Exit short,2021-06-28 13:10,Opposite signal,1784.57,15,26763.15,-14.4,-0.05,9,34.71,0.13,-11.04,-0.04,-2434.47,-24.34,97
525,Entry short,2021-06-28 11:33,S547,1784.21,15,26763.15,-14.4,-0.05,9,34.71,0.13,-11.04,-0.04,-2434.47,-24.34,97
526,Exit long,2021-06-28 13:37,Opposite signal,1781.24,12,21406.596,-38.92,-0.18,7.2,0,0.00,-36.52,-0.17,-2473.38,-24.73,24
526,Entry long,2021-06-28 13:13,L548,1783.883,12,21406.596,-38.92,-0.18,7.2,0,0.00,-36.52,-0.17,-2473.38,-24.73,24
527,Exit long,2021-06-28 20:27,Opposite signal,1778.765,9,15995.718,7.77,0.05,5.4,48.85,0.31,-4.79,-0.03,-2465.61,-24.66,116
527,Entry long,2021-06-28 18:31,L550,1777.302,9,15995.718,7.77,0.05,5.4,48.85,0.31,-4.79,-0.03,-2465.61,-24.66,116
528,Exit short,2021-06-29 02:00,Time flat,1779.245,8,14230.28,-8.48,-0.06,4.8,5.64,0.04,-32.48,-0.23,-2474.09,-24.74,320
528,Entry short,2021-06-28 20:31,S551,1778.785,8,14230.28,-8.48,-0.06,4.8,5.64,0.04,-32.48,-0.23,-2474.09,-24.74,320
529,Exit long,2021-06-29 06:31,Opposite signal,1775.22,18,31976.856,-33.7,-0.11,10.8,0,0.00,-28.3,-0.09,-2507.79,-25.08,7
529,Entry long,2021-06-29 06:24,L552,1776.492,18,31976.856,-33.7,-0.11,10.8,0,0.00,-28.3,-0.09,-2507.79,-25.08,7
530,Exit short,2021-06-29 06:58,Opposite signal,1776.886,16,28406,-33.78,-0.12,9.6,0,0.00,-32.66,-0.11,-2541.57,-25.42,25
530,Entry short,2021-06-29 06:33,S553,1775.375,16,28406,-33.78,-0.12,9.6,0,0.00,-32.66,-0.11,-2541.57,-25.42,25
531,Exit long,2021-06-29 07:35,Opposite signal,1774.424,12,21323.304,-37.42,-0.18,7.2,0,0.00,-35.12,-0.16,-2578.98,-25.79,31
531,Entry long,2021-06-29 07:04,L554,1776.942,12,21323.304,-37.42,-0.18,7.2,0,0.00,-35.12,-0.16,-2578.98,-25.79,31
532,Exit short,2021-06-29 10:46,Opposite signal,1776.805,10,17746.6,-27.45,-0.15,6,5.15,0.03,-24.45,-0.14,-2606.43,-26.06,188
532,Entry short,2021-06-29 07:36,S555,1774.66,10,17746.6,-27.45,-0.15,6,5.15,0.03,-24.45,-0.14,-2606.43,-26.06,188
533,Exit long,2021-06-29 13:04,L556 exit,1772.845,9,15999.624,-49.42,-0.31,5.4,0,0.00,-46.72,-0.29,-2655.85,-26.56,94
533,Entry long,2021-06-29 11:30,L556,1777.736,9,15999.624,-49.42,-0.31,5.4,0,0.00,-46.72,-0.29,-2655.85,-26.56,94
534,Exit short,2021-06-29 17:07,Opposite signal,1772.605,7,12416.915,4.48,0.04,4.2,64.47,0.52,-8.89,-0.07,-2651.37,-26.51,242
534,Entry short,2021-06-29 13:05,S557,1773.845,7,12416.915,4.48,0.04,4.2,64.47,0.52,-8.89,-0.07,-2651.37,-26.51,242
535,Exit long,2021-06-29 17:57,Opposite signal,1768.325,6,10626.348,-20,-0.19,3.6,28.21,0.27,-21.05,-0.20,-2671.37,-26.71,35
535,Entry long,2021-06-29 17:22,L558,1771.058,6,10626.348,-20,-0.19,3.6,28.21,0.27,-21.05,-0.20,-2671.37,-26.71,35
536,Exit long,2021-07-01 12:33,Opposite signal,1776.25,10,17763.15,-6.65,-0.04,6,24.95,0.14,-5.85,-0.03,-2678.02,-26.78,70
536,Entry long,2021-07-01 11:23,L560,1776.315,10,17763.15,-6.65,-0.04,6,24.95,0.14,-5.85,-0.03,-2678.02,-26.78,70
537,Exit short,2021-07-01 15:26,Opposite signal,1775.385,12,21319.86,8.04,0.04,7.2,39.96,0.19,-25.5,-0.12,-2669.98,-26.70,172
537,Entry short,2021-07-01 12:34,S561,1776.655,12,21319.86,8.04,0.04,7.2,39.96,0.19,-25.5,-0.12,-2669.98,-26.70,172
538,Exit long,2021-07-01 17:02,Opposite signal,1775.636,11,19533.305,-7.91,-0.04,6.6,41.86,0.21,-20.4,-0.10,-2677.89,-26.78,84
538,Entry long,2021-07-01 15:38,L562,1775.755,11,19533.305,-7.91,-0.04,6.6,41.86,0.21,-20.4,-0.10,-2677.89,-26.78,84
539,Exit short,2021-07-01 18:32,S563 exit,1780.86,9,15989.31,-43.83,-0.27,5.4,34.47,0.22,-41.13,-0.26,-2721.72,-27.22,89
539,Entry short,2021-07-01 17:03,S563,1776.59,9,15989.31,-43.83,-0.27,5.4,34.47,0.22,-41.13,-0.26,-2721.72,-27.22,89
540,Exit long,2021-07-01 19:44,Opposite signal,1777.33,5,8899.46,-15.81,-0.18,3,13.49,0.15,-14.31,-0.16,-2737.53,-27.38,60
540,Entry long,2021-07-01 18:44,L564,1779.892,5,8899.46,-15.81,-0.18,3,13.49,0.15,-14.31,-0.16,-2737.53,-27.38,60
541,Exit short,2021-07-01 22:51,Opposite signal,1775.76,7,12441.66,7.14,0.06,4.2,60.76,0.49,-4.2,-0.03,-2730.39,-27.30,175
541,Entry short,2021-07-01 19:56,S565,1777.38,7,12441.66,7.14,0.06,4.2,60.76,0.49,-4.2,-0.03,-2730.39,-27.30,175
542,Exit short,2021-07-02 13:07,Opposite signal,1776.68,18,32018.67,27.63,0.09,10.8,74.86,0.23,-23.06,-0.07,-2702.76,-27.03,340
542,Entry short,2021-07-02 07:23,S567,1778.815,18,32018.67,27.63,0.09,10.8,74.86,0.23,-23.06,-0.07,-2702.76,-27.03,340
543,Exit long,2021-07-02 16:10,L568 exit,1787.598,14,24866.744,151.23,0.61,8.4,155.43,0.62,-9.81,-0.04,-2551.53,-25.52,182
543,Entry long,2021-07-02 13:08,L568,1776.196,14,24866.744,151.23,0.61,8.4,155.43,0.62,-9.81,-0.04,-2551.53,-25.52,182
544,Exit short,2021-07-02 18:03,Opposite signal,1785.13,9,16065.585,-5.98,-0.04,5.4,76.82,0.48,-12.06,-0.08,-2557.52,-25.58,29
544,Entry short,2021-07-02 17:34,S569,1785.065,9,16065.585,-5.98,-0.04,5.4,76.82,0.48,-12.06,-0.08,-2557.52,-25.58,29
545,Exit long,2021-07-02 19:21,Opposite signal,1782.775,4,7160.552,-31.85,-0.44,2.4,18.65,0.26,-31.31,-0.44,-2589.37,-25.89,74
545,Entry long,2021-07-02 18:07,L570,1790.138,4,7160.552,-31.85,-0.44,2.4,18.65,0.26,-31.31,-0.44,-2589.37,-25.89,74
546,Exit short,2021-07-02 23:00,Weekend flat,1782.746,4,7133.98,0.6,0.01,2.4,20.82,0.29,-14.02,-0.20,-2588.77,-25.89,217
546,Entry short,2021-07-02 19:23,S571,1783.495,4,7133.98,0.6,0.01,2.4,20.82,0.29,-14.02,-0.20,-2588.77,-25.89,217
547,Exit long,2021-07-05 07:39,Opposite signal,1787.746,12,21445.38,0.37,0.00,7.2,30.66,0.14,-6.95,-0.03,-2588.4,-25.88,62
547,Entry long,2021-07-05 06:37,L572,1787.115,12,21445.38,0.37,0.00,7.2,30.66,0.14,-6.95,-0.03,-2588.4,-25.88,62
548,Exit short,2021-07-05 09:42,Opposite signal,1786.78,13,23244.455,8.52,0.04,7.8,30.67,0.13,-13.26,-0.06,-2579.89,-25.80,121
548,Entry short,2021-07-05 07:40,S573,1788.035,13,23244.455,8.52,0.04,7.8,30.67,0.13,-13.26,-0.06,-2579.89,-25.80,121
549,Exit long,2021-07-05 10:39,Opposite signal,1786.764,15,26805.21,-12.75,-0.05,9,10.52,0.04,-8.25,-0.03,-2592.64,-25.93,45
549,Entry long,2021-07-05 09:51,L574,1787.014,15,26805.21,-12.75,-0.05,9,10.52,0.04,-8.25,-0.03,-2592.64,-25.93,45
550,Exit short,2021-07-05 11:01,Opposite signal,1788.185,17,30375.532,-33.81,-0.11,10.2,0,0.00,-32.45,-0.11,-2626.45,-26.26,21
550,Entry short,2021-07-05 10:40,S575,1786.796,17,30375.532,-33.81,-0.11,10.2,0,0.00,-32.45,-0.11,-2626.45,-26.26,21
551,Exit long,2021-07-05 11:07,Opposite signal,1786.235,16,28607.168,-37.01,-0.13,9.6,0,0.00,-35.57,-0.12,-2663.46,-26.63,5
551,Entry long,2021-07-05 11:02,L576,1787.948,16,28607.168,-37.01,-0.13,9.6,0,0.00,-35.57,-0.12,-2663.46,-26.63,5
552,Exit short,2021-07-05 12:04,Opposite signal,1787.52,14,25012.12,-21.56,-0.09,8.4,20.93,0.08,-21.63,-0.09,-2685.02,-26.85,56
552,Entry short,2021-07-05 11:08,S577,1786.58,14,25012.12,-21.56,-0.09,8.4,20.93,0.08,-21.63,-0.09,-2685.02,-26.85,56
553,Exit long,2021-07-05 15:03,Opposite signal,1790.236,8,14317.28,-0.19,0.00,4.8,38.28,0.27,-6.6,-0.05,-2685.21,-26.85,153
553,Entry long,2021-07-05 12:30,L578,1789.66,8,14317.28,-0.19,0.00,4.8,38.28,0.27,-6.6,-0.05,-2685.21,-26.85,153
554,Exit short,2021-07-06 03:31,Time flat,1791.545,9,16116.66,-12.64,-0.08,5.4,10.44,0.06,-26.24,-0.16,-2697.85,-26.98,444
554,Entry short,2021-07-05 15:04,S579,1790.74,9,16116.66,-12.64,-0.08,5.4,10.44,0.06,-26.24,-0.16,-2697.85,-26.98,444
555,Exit long,2021-07-06 13:57,Opposite signal,1804.7,9,16137,99.9,0.62,5.4,143.28,0.89,-2.88,-0.02,-2597.95,-25.98,416
555,Entry long,2021-07-06 07:00,L580,1793,9,16137,99.9,0.62,5.4,143.28,0.89,-2.88,-0.02,-2597.95,-25.98,416
556,Exit short,2021-07-06 17:18,Opposite signal,1809.715,7,12629.001,-43.2,-0.34,4.2,0,0.00,-44.39,-0.35,-2641.16,-26.41,189
556,Entry short,2021-07-06 14:09,S581,1804.143,7,12629.001,-43.2,-0.34,4.2,0,0.00,-44.39,-0.35,-2641.16,-26.41,189
557,Exit long,2021-07-06 18:34,Opposite signal,1807.46,6,10855.32,-14.16,-0.13,3.6,33.16,0.31,-12.57,-0.12,-2655.32,-26.55,66
557,Entry long,2021-07-06 17:28,L582,1809.22,6,10855.32,-14.16,-0.13,3.6,33.16,0.31,-12.57,-0.12,-2655.32,-26.55,66
558,Exit short,2021-07-07 00:02,Opposite signal,1796.64,6,10852.092,68.65,0.63,3.6,109.39,1.01,-25.85,-0.24,-2586.66,-25.87,311
558,Entry short,2021-07-06 18:51,S583,1808.682,6,10852.092,68.65,0.63,3.6,109.39,1.01,-25.85,-0.24,-2586.66,-25.87,311
559,Exit long,2021-07-07 08:34,Opposite signal,1799.485,11,19763.975,23.76,0.12,6.6,65.94,0.33,-6.93,-0.04,-2562.91,-25.63,115
559,Entry long,2021-07-07 06:38,L584,1796.725,11,19763.975,23.76,0.12,6.6,65.94,0.33,-6.93,-0.04,-2562.91,-25.63,115
560,Exit short,2021-07-07 11:13,Opposite signal,1802.125,10,17996.45,-30.8,-0.17,6,19.2,0.11,-30.25,-0.17,-2593.7,-25.94,136
560,Entry short,2021-07-07 08:55,S585,1799.645,10,17996.45,-30.8,-0.17,6,19.2,0.11,-30.25,-0.17,-2593.7,-25.94,136
561,Exit long,2021-07-07 14:13,Opposite signal,1804.535,8,14413.44,18.04,0.13,4.8,46.36,0.32,-12.32,-0.09,-2575.66,-25.76,179
561,Entry long,2021-07-07 11:14,L586,1801.68,8,14413.44,18.04,0.13,4.8,46.36,0.32,-12.32,-0.09,-2575.66,-25.76,179
562,Exit short,2021-07-07 15:02,Opposite signal,1804.89,11,19854.505,-5.88,-0.03,6.6,13.75,0.07,-6.27,-0.03,-2581.55,-25.82,48
562,Entry short,2021-07-07 14:14,S587,1804.955,11,19854.505,-5.88,-0.03,6.6,13.75,0.07,-6.27,-0.03,-2581.55,-25.82,48
563,Exit long,2021-07-07 18:18,Opposite signal,1805.94,16,28870.72,14.72,0.05,9.6,82.72,0.29,-6.16,-0.02,-2566.83,-25.67,195
563,Entry long,2021-07-07 15:03,L588,1804.42,16,28870.72,14.72,0.05,9.6,82.72,0.29,-6.16,-0.02,-2566.83,-25.67,195
564,Exit short,2021-07-08 02:00,Time flat,1803.535,10,18064.48,23.13,0.13,6,90.53,0.50,-21.68,-0.12,-2543.7,-25.44,460
564,Entry short,2021-07-07 18:19,S589,1806.448,10,18064.48,23.13,0.13,6,90.53,0.50,-21.68,-0.12,-2543.7,-25.44,460
565,Exit long,2021-07-08 16:22,L590 exit,1815.565,10,17996.65,153,0.85,6,156,0.87,-3.5,-0.02,-2390.7,-23.91,215
565,Entry long,2021-07-08 12:47,L590,1799.665,10,17996.65,153,0.85,6,156,0.87,-3.5,-0.02,-2390.7,-23.91,215
566,Exit short,2021-07-09 02:00,Time flat,1802.63,6,10873.554,54.17,0.50,3.6,106.46,0.98,-5.08,-0.05,-2336.53,-23.37,413
566,Entry short,2021-07-08 19:05,S591,1812.259,6,10873.554,54.17,0.50,3.6,106.46,0.98,-5.08,-0.05,-2336.53,-23.37,413
567,Exit long,2021-07-09 23:00,Weekend flat,1810.155,3,5421.18,7.49,0.14,1.8,12.98,0.24,-31.86,-0.59,-2329.04,-23.29,886
567,Entry long,2021-07-09 08:13,L592,1807.06,3,5421.18,7.49,0.14,1.8,12.98,0.24,-31.86,-0.59,-2329.04,-23.29,886
568,Exit short,2021-07-12 12:26,Opposite signal,1801.145,12,21701.088,80.15,0.37,7.2,109.25,0.50,-3.73,-0.02,-2248.89,-22.49,323
568,Entry short,2021-07-12 07:02,S593,1808.424,12,21701.088,80.15,0.37,7.2,109.25,0.50,-3.73,-0.02,-2248.89,-22.49,323
569,Exit long,2021-07-12 15:43,Opposite signal,1799.01,14,25211.62,-33.88,-0.13,8.4,71.75,0.28,-29.96,-0.12,-2282.77,-22.83,193
569,Entry long,2021-07-12 12:30,L594,1800.83,14,25211.62,-33.88,-0.13,8.4,71.75,0.28,-29.96,-0.12,-2282.77,-22.83,193
570,Exit short,2021-07-12 20:00,Opposite signal,1800.296,7,12603.892,-2.38,-0.02,4.2,60.28,0.48,-34.57,-0.27,-2285.15,-22.85,235
570,Entry short,2021-07-12 16:05,S595,1800.556,7,12603.892,-2.38,-0.02,4.2,60.28,0.48,-34.57,-0.27,-2285.15,-22.85,235
571,Exit short,2021-07-13 09:44,Opposite signal,1809.88,22,39805.524,-25.04,-0.06,13.2,7.63,0.02,-18.88,-0.05,-2310.19,-23.10,22
571,Entry short,2021-07-13 09:22,S597,1809.342,22,39805.524,-25.04,-0.06,13.2,7.63,0.02,-18.88,-0.05,-2310.19,-23.10,22
572,Exit long,2021-07-13 10:53,Opposite signal,1808.595,19,34383.616,-31.71,-0.09,11.4,6.38,0.02,-28.58,-0.08,-2341.9,-23.42,55
572,Entry long,2021-07-13 09:57,L598,1809.664,19,34383.616,-31.71,-0.09,11.4,6.38,0.02,-28.58,-0.08,-2341.9,-23.42,55
573,Exit short,2021-07-13 11:38,Opposite signal,1808.755,14,25319.56,-11.41,-0.05,8.4,28.91,0.11,-11.97,-0.05,-2353.31,-23.53,41
573,Entry short,2021-07-13 10:57,S599,1808.54,14,25319.56,-11.41,-0.05,8.4,28.91,0.11,-11.97,-0.05,-2353.31,-23.53,41
574,Exit long,2021-07-13 13:35,Opposite signal,1808.176,14,25313.54,-7.48,-0.03,8.4,0,0.00,-6.64,-0.03,-2360.79,-23.61,1
574,Entry long,2021-07-13 13:34,L600,1808.11,14,25313.54,-7.48,-0.03,8.4,0,0.00,-6.64,-0.03,-2360.79,-23.61,1
575,Exit short,2021-07-13 17:40,Opposite signal,1812.475,8,14460.496,-44.1,-0.30,4.8,6.18,0.04,-43.26,-0.30,-2404.89,-24.05,228
575,Entry short,2021-07-13 13:52,S601,1807.562,8,14460.496,-44.1,-0.30,4.8,6.18,0.04,-43.26,-0.30,-2404.89,-24.05,228
576,Exit long,2021-07-13 18:00,L602 exit,1804.945,6,10874.016,-47.95,-0.44,3.6,13.34,0.12,-46.15,-0.42,-2452.84,-24.53,19
576,Entry long,2021-07-13 17:41,L602,1812.336,6,10874.016,-47.95,-0.44,3.6,13.34,0.12,-46.15,-0.42,-2452.84,-24.53,19
577,Exit short,2021-07-13 18:10,S603 exit,1815.86,5,9031.665,-50.63,-0.56,3,5.64,0.06,-49.13,-0.54,-2503.47,-25.03,9
577,Entry short,2021-07-13 18:01,S603,1806.333,5,9031.665,-50.63,-0.56,3,5.64,0.06,-49.13,-0.54,-2503.47,-25.03,9
578,Exit long,2021-07-13 18:27,Opposite signal,1802.965,4,7259.44,-49.98,-0.69,2.4,0,0.00,-48.78,-0.67,-2553.45,-25.53,15
578,Entry long,2021-07-13 18:12,L604,1814.86,4,7259.44,-49.98,-0.69,2.4,0,0.00,-48.78,-0.67,-2553.45,-25.53,15
579,Exit short,2021-07-14 02:00,Time flat,1807.65,3,5409.954,-14.8,-0.27,1.8,0,0.00,-36.88,-0.68,-2568.25,-25.68,445
579,Entry short,2021-07-13 18:32,S605,1803.318,3,5409.954,-14.8,-0.27,1.8,0,0.00,-36.88,-0.68,-2568.25,-25.68,445
580,Exit long,2021-07-15 02:00,Time flat,1827.605,2,3634.52,19.49,0.54,1.2,24.64,0.68,-2.16,-0.06,-2548.76,-25.49,544
580,Entry long,2021-07-14 16:55,L606,1817.26,2,3634.52,19.49,0.54,1.2,24.64,0.68,-2.16,-0.06,-2548.76,-25.49,544
581,Exit short,2021-07-15 17:54,Opposite signal,1827.745,10,18307.31,23.86,0.13,6,75.51,0.41,-26.55,-0.15,-2524.9,-25.25,259
581,Entry short,2021-07-15 13:35,S607,1830.731,10,18307.31,23.86,0.13,6,75.51,0.41,-26.55,-0.15,-2524.9,-25.25,259
582,Exit long,2021-07-15 19:41,L608 exit,1821.88,8,14620.88,-50.64,-0.35,4.8,6.16,0.04,-48.24,-0.33,-2575.54,-25.76,106
582,Entry long,2021-07-15 17:55,L608,1827.61,8,14620.88,-50.64,-0.35,4.8,6.16,0.04,-48.24,-0.33,-2575.54,-25.76,106
583,Exit short,2021-07-15 23:08,Opposite signal,1829.07,6,10935.588,-42.43,-0.39,3.6,11.54,0.11,-40.63,-0.37,-2617.97,-26.18,202
583,Entry short,2021-07-15 19:46,S609,1822.598,6,10935.588,-42.43,-0.39,3.6,11.54,0.11,-40.63,-0.37,-2617.97,-26.18,202
584,Exit long,2021-07-16 10:44,Opposite signal,1825.76,13,23762.375,-35.29,-0.15,7.8,11.96,0.05,-32.04,-0.13,-2653.26,-26.53,126
584,Entry long,2021-07-16 08:36,L610,1827.875,13,23762.375,-35.29,-0.15,7.8,11.96,0.05,-32.04,-0.13,-2653.26,-26.53,126
585,Exit short,2021-07-16 11:06,Opposite signal,1826.625,11,20087.793,-11.68,-0.06,6.6,13.29,0.07,-8.38,-0.04,-2664.95,-26.65,18
585,Entry short,2021-07-16 10:48,S611,1826.163,11,20087.793,-11.68,-0.06,6.6,13.29,0.07,-8.38,-0.04,-2664.95,-26.65,18
586,Exit long,2021-07-16 11:31,Opposite signal,1824.045,14,25572.68,-44.45,-0.17,8.4,2.94,0.01,-40.25,-0.16,-2709.4,-27.09,24
586,Entry long,2021-07-16 11:07,L612,1826.62,14,25572.68,-44.45,-0.17,8.4,2.94,0.01,-40.25,-0.16,-2709.4,-27.09,24
587,Exit short,2021-07-16 17:51,Opposite signal,1821.62,12,21896.268,29.63,0.14,7.2,106.19,0.48,-24.49,-0.11,-2679.77,-26.80,378
587,Entry short,2021-07-16 11:33,S613,1824.689,12,21896.268,29.63,0.14,7.2,106.19,0.48,-24.49,-0.11,-2679.77,-26.80,378
588,Exit long,2021-07-16 19:41,Opposite signal,1819.265,7,12744.564,-13.91,-0.11,4.2,40.83,0.32,-22.17,-0.17,-2693.68,-26.94,101
588,Entry long,2021-07-16 18:00,L614,1820.652,7,12744.564,-13.91,-0.11,4.2,40.83,0.32,-22.17,-0.17,-2693.68,-26.94,101
589,Exit long,2021-07-16 23:00,Weekend flat,1814.69,7,12707.59,-8.96,-0.07,4.2,6.3,0.05,-12.32,-0.10,-2702.64,-27.03,52
589,Entry long,2021-07-16 22:08,L616,1815.37,7,12707.59,-8.96,-0.07,4.2,6.3,0.05,-12.32,-0.10,-2702.64,-27.03,52
590,Exit short,2021-07-19 13:04,Opposite signal,1806.525,5,9045.15,9.53,0.11,3,30.07,0.33,-4.92,-0.05,-2693.11,-26.93,88
590,Entry short,2021-07-19 11:36,S617,1809.03,5,9045.15,9.53,0.11,3,30.07,0.33,-4.92,-0.05,-2693.11,-26.93,88
591,Exit long,2021-07-19 13:28,Opposite signal,1805.385,9,16257.24,-14.17,-0.09,5.4,8.69,0.05,-11.61,-0.07,-2707.29,-27.07,18
591,Entry long,2021-07-19 13:10,L618,1806.36,9,16257.24,-14.17,-0.09,5.4,8.69,0.05,-11.61,-0.07,-2707.29,-27.07,18
592,Exit short,2021-07-19 17:03,Opposite signal,1806.32,16,28899.2,-11.52,-0.04,9.6,64.48,0.22,-8.54,-0.03,-2718.81,-27.19,214
592,Entry short,2021-07-19 13:29,S619,1806.2,16,28899.2,-11.52,-0.04,9.6,64.48,0.22,-8.54,-0.03,-2718.81,-27.19,214
593,Exit long,2021-07-19 17:26,Opposite signal,1801.825,9,16249.392,-38.37,-0.24,5.4,0,0.00,-35.71,-0.22,-2757.17,-27.57,22
593,Entry long,2021-07-19 17:04,L620,1805.488,9,16249.392,-38.37,-0.24,5.4,0,0.00,-35.71,-0.22,-2757.17,-27.57,22
594,Exit long,2021-07-19 20:36,Opposite signal,1807.186,3,5428.098,-8.34,-0.15,1.8,17.97,0.33,-7.61,-0.14,-2765.51,-27.66,83
594,Entry long,2021-07-19 19:13,L622,1809.366,3,5428.098,-8.34,-0.15,1.8,17.97,0.33,-7.61,-0.14,-2765.51,-27.66,83
595,Exit short,2021-07-20 02:00,Time flat,1811.67,5,9038.095,-23.25,-0.26,3,9.47,0.10,-24.98,-0.28,-2788.77,-27.89,292
595,Entry short,2021-07-19 21:02,S623,1807.619,5,9038.095,-23.25,-0.26,3,9.47,0.10,-24.98,-0.28,-2788.77,-27.89,292
596,Exit long,2021-07-20 08:05,Opposite signal,1817.14,4,7262.62,3.54,0.05,2.4,12.88,0.18,-4.42,-0.06,-2785.23,-27.85,92
596,Entry long,2021-07-20 06:33,L624,1815.655,4,7262.62,3.54,0.05,2.4,12.88,0.18,-4.42,-0.06,-2785.23,-27.85,92
597,Exit short,2021-07-20 14:44,Opposite signal,1815.735,15,27262.65,17.63,0.06,9,82.2,0.30,-19.95,-0.07,-2767.6,-27.68,398
597,Entry short,2021-07-20 08:06,S625,1817.51,15,27262.65,17.63,0.06,9,82.2,0.30,-19.95,-0.07,-2767.6,-27.68,398
598,Exit long,2021-07-20 16:29,Opposite signal,1815.29,9,16338.915,-6.7,-0.04,5.4,30.2,0.18,-11.33,-0.07,-2774.31,-27.74,103
598,Entry long,2021-07-20 14:46,L626,1815.435,9,16338.915,-6.7,-0.04,5.4,30.2,0.18,-11.33,-0.07,-2774.31,-27.74,103
599,Exit short,2021-07-20 18:05,Opposite signal,1819.295,10,18160.08,-38.87,-0.21,6,5.54,0.03,-41.92,-0.23,-2813.18,-28.13,95
599,Entry short,2021-07-20 16:30,S627,1816.008,10,18160.08,-38.87,-0.21,6,5.54,0.03,-41.92,-0.23,-2813.18,-28.13,95
600,Exit long,2021-07-20 20:12,L628 exit,1813.98,9,16371.81,-51.39,-0.31,5.4,22.32,0.14,-48.69,-0.30,-2864.57,-28.65,12
600,Entry long,2021-07-20 20:00,L628,1819.09,9,16371.81,-51.39,-0.31,5.4,22.32,0.14,-48.69,-0.30,-2864.57,-28.65,12
601,Exit short,2021-07-20 20:45,Opposite signal,1810.2,10,18062.9,-45.1,-0.25,6,3.8,0.02,-42.1,-0.23,-2909.67,-29.10,7
601,Entry short,2021-07-20 20:38,S629,1806.29,10,18062.9,-45.1,-0.25,6,3.8,0.02,-42.1,-0.23,-2909.67,-29.10,7
602,Exit long,2021-07-20 20:58,Opposite signal,1807.855,9,16282.647,-17.35,-0.11,5.4,11.63,0.07,-14.65,-0.09,-2927.02,-29.27,11
602,Entry long,2021-07-20 20:47,L630,1809.183,9,16282.647,-17.35,-0.11,5.4,11.63,0.07,-14.65,-0.09,-2927.02,-29.27,11
603,Exit short,2021-07-20 22:11,Opposite signal,1810.82,13,23515.765,-32.69,-0.14,7.8,42.24,0.18,-33.34,-0.14,-2959.72,-29.60,72
603,Entry short,2021-07-20 20:59,S631,1808.905,13,23515.765,-32.69,-0.14,7.8,42.24,0.18,-33.34,-0.14,-2959.72,-29.60,72
604,Exit long,2021-07-20 23:31,Opposite signal,1809.396,8,14479.288,-8.92,-0.06,4.8,14.76,0.10,-7.61,-0.05,-2968.64,-29.69,78
604,Entry long,2021-07-20 22:13,L632,1809.911,8,14479.288,-8.92,-0.06,4.8,14.76,0.10,-7.61,-0.05,-2968.64,-29.69,78
605,Exit long,2021-07-21 07:15,Opposite signal,1805.31,15,27103.83,-33.18,-0.12,9,6.87,0.03,-29.43,-0.11,-3001.82,-30.02,16
605,Entry long,2021-07-21 06:59,L634,1806.922,15,27103.83,-33.18,-0.12,9,6.87,0.03,-29.43,-0.11,-3001.82,-30.02,16
606,Exit short,2021-07-21 08:11,Opposite signal,1808.03,12,21675.42,-28.14,-0.13,7.2,6.6,0.03,-24.54,-0.11,-3029.96,-30.30,55
606,Entry short,2021-07-21 07:16,S635,1806.285,12,21675.42,-28.14,-0.13,7.2,6.6,0.03,-24.54,-0.11,-3029.96,-30.30,55
607,Exit long,2021-07-21 10:02,Opposite signal,1808.03,12,21691.104,-1.94,-0.01,7.2,19.9,0.09,-18.14,-0.08,-3031.9,-30.32,108
607,Entry long,2021-07-21 08:13,L636,1807.592,12,21691.104,-1.94,-0.01,7.2,19.9,0.09,-18.14,-0.08,-3031.9,-30.32,108
608,Exit short,2021-07-21 10:32,Opposite signal,1808.65,16,28930.8,-17.2,-0.06,9.6,23.66,0.08,-13.84,-0.05,-3049.1,-30.49,29
608,Entry short,2021-07-21 10:03,S637,1808.175,16,28930.8,-17.2,-0.06,9.6,23.66,0.08,-13.84,-0.05,-3049.1,-30.49,29
609,Exit long,2021-07-21 11:30,Opposite signal,1808.54,14,25316.984,-5.82,-0.02,8.4,16.3,0.06,-21.36,-0.08,-3054.92,-30.55,53
609,Entry long,2021-07-21 10:37,L638,1808.356,14,25316.984,-5.82,-0.02,8.4,16.3,0.06,-21.36,-0.08,-3054.92,-30.55,53
610,Exit short,2021-07-21 11:33,Opposite signal,1810.105,17,30747.305,-34.68,-0.11,10.2,0,0.00,-31.13,-0.10,-3089.6,-30.90,2
610,Entry short,2021-07-21 11:31,S639,1808.665,17,30747.305,-34.68,-0.11,10.2,0,0.00,-31.13,-0.10,-3089.6,-30.90,2
611,Exit long,2021-07-21 12:32,Opposite signal,1811.35,9,16304.229,-7.48,-0.05,5.4,17.23,0.11,-8.56,-0.05,-3097.08,-30.97,37
611,Entry long,2021-07-21 11:55,L640,1811.581,9,16304.229,-7.48,-0.05,5.4,17.23,0.11,-8.56,-0.05,-3097.08,-30.97,37
612,Exit short,2021-07-21 14:33,Opposite signal,1808.515,12,21739.08,29.7,0.14,7.2,95.04,0.44,-8.28,-0.04,-3067.38,-30.67,120
612,Entry short,2021-07-21 12:33,S641,1811.59,12,21739.08,29.7,0.14,7.2,95.04,0.44,-8.28,-0.04,-3067.38,-30.67,120
613,Exit long,2021-07-21 16:05,Opposite signal,1803.27,8,14460.888,-39.53,-0.27,4.8,0,0.00,-42.61,-0.29,-3106.91,-31.07,78
613,Entry long,2021-07-21 14:47,L642,1807.611,8,14460.888,-39.53,-0.27,4.8,0,0.00,-42.61,-0.29,-3106.91,-31.07,78
614,Exit short,2021-07-21 17:57,Opposite signal,1801.466,7,12630.1,15.64,0.12,4.2,49.56,0.39,-2.31,-0.02,-3091.27,-30.91,111
614,Entry short,2021-07-21 16:06,S643,1804.3,7,12630.1,15.64,0.12,4.2,49.56,0.39,-2.31,-0.02,-3091.27,-30.91,111
615,Exit long,2021-07-21 18:15,L644 exit,1795.92,8,14410.488,-47.93,-0.33,4.8,0,0.00,-45.53,-0.32,-3139.2,-31.39,13
615,Entry long,2021-07-21 18:02,L644,1801.311,8,14410.488,-47.93,-0.33,4.8,0,0.00,-45.53,-0.32,-3139.2,-31.39,13
616,Exit short,2021-07-21 19:18,Opposite signal,1803.226,7,12578.44,-48.34,-0.38,4.2,6.75,0.05,-46.24,-0.37,-3187.54,-31.88,62
616,Entry short,2021-07-21 18:16,S645,1796.92,7,12578.44,-48.34,-0.38,4.2,6.75,0.05,-46.24,-0.37,-3187.54,-31.88,62
617,Exit long,2021-07-22 02:00,Time flat,1803.785,5,9015.195,0.73,0.01,3,11.11,0.12,-20.09,-0.22,-3186.81,-31.87,385
617,Entry long,2021-07-21 19:32,L646,1803.039,5,9015.195,0.73,0.01,3,11.11,0.12,-20.09,-0.22,-3186.81,-31.87,385
618,Exit short,2021-07-22 20:58,Opposite signal,1805.87,4,7178.664,-47.22,-0.66,2.4,6.12,0.09,-47.74,-0.66,-3234.03,-32.34,432
618,Entry short,2021-07-22 13:46,S647,1794.666,4,7178.664,-47.22,-0.66,2.4,6.12,0.09,-47.74,-0.66,-3234.03,-32.34,432
619,Exit long,2021-07-23 02:00,Time flat,1806.695,4,7217.18,7.2,0.10,2.4,13.84,0.19,-2.88,-0.04,-3226.83,-32.27,285
619,Entry long,2021-07-22 21:09,L648,1804.295,4,7217.18,7.2,0.10,2.4,13.84,0.19,-2.88,-0.04,-3226.83,-32.27,285
620,Exit short,2021-07-23 09:26,Opposite signal,1802.92,9,16242.75,11.07,0.07,5.4,18.68,0.11,-3.46,-0.02,-3215.76,-32.16,86
620,Entry short,2021-07-23 08:00,S649,1804.75,9,16242.75,11.07,0.07,5.4,18.68,0.11,-3.46,-0.02,-3215.76,-32.16,86
621,Exit long,2021-07-23 11:25,Opposite signal,1803.28,24,43265.76,-1.44,0.00,14.4,53.04,0.12,-13.44,-0.03,-3217.2,-32.17,112
621,Entry long,2021-07-23 09:33,L650,1802.74,24,43265.76,-1.44,0.00,14.4,53.04,0.12,-13.44,-0.03,-3217.2,-32.17,112
622,Exit short,2021-07-23 11:49,Opposite signal,1805.325,11,19825.663,-39.51,-0.20,6.6,0,0.00,-36.6,-0.18,-3256.71,-32.57,16
622,Entry short,2021-07-23 11:33,S651,1802.333,11,19825.663,-39.51,-0.20,6.6,0,0.00,-36.6,-0.18,-3256.71,-32.57,16
623,Exit long,2021-07-23 13:56,Opposite signal,1805.555,9,16247.25,-2.65,-0.02,5.4,43.38,0.27,-5.8,-0.04,-3259.37,-32.59,126
623,Entry long,2021-07-23 11:50,L652,1805.25,9,16247.25,-2.65,-0.02,5.4,43.38,0.27,-5.8,-0.04,-3259.37,-32.59,126
624,Exit short,2021-07-23 18:08,Opposite signal,1801.24,9,16255.935,39.38,0.24,5.4,146.03,0.90,-5.44,-0.03,-3219.99,-32.20,247
624,Entry short,2021-07-23 14:01,S653,1806.215,9,16255.935,39.38,0.24,5.4,146.03,0.90,-5.44,-0.03,-3219.99,-32.20,247
625,Exit long,2021-07-23 23:00,Weekend flat,1801.86,4,7204.868,0.17,0.00,2.4,12.09,0.17,-26.13,-0.36,-3219.82,-32.20,251
625,Entry long,2021-07-23 18:49,L654,1801.217,4,7204.868,0.17,0.00,2.4,12.09,0.17,-26.13,-0.36,-3219.82,-32.20,251
626,Exit short,2021-07-26 10:58,Opposite signal,1807.32,14,25276.51,-34.37,-0.14,8.4,9.03,0.04,-31.36,-0.12,-3254.19,-32.54,165
626,Entry short,2021-07-26 08:10,S655,1805.465,14,25276.51,-34.37,-0.14,8.4,9.03,0.04,-31.36,-0.12,-3254.19,-32.54,165
627,Exit long,2021-07-26 17:58,Opposite signal,1804.48,9,16272.837,-37.92,-0.23,5.4,28.91,0.18,-39.54,-0.24,-3292.11,-32.92,410
627,Entry long,2021-07-26 11:08,L656,1808.093,9,16272.837,-37.92,-0.23,5.4,28.91,0.18,-39.54,-0.24,-3292.11,-32.92,410
628,Exit short,2021-07-26 20:15,Opposite signal,1801.5,5,9019.12,8.62,0.10,3,33.92,0.38,-6.13,-0.07,-3283.49,-32.83,118
628,Entry short,2021-07-26 18:17,S657,1803.824,5,9019.12,8.62,0.10,3,33.92,0.38,-6.13,-0.07,-3283.49,-32.83,118
629,Exit long,2021-07-26 23:52,Opposite signal,1796.48,8,14406.12,-39.08,-0.27,4.8,12.4,0.09,-36.96,-0.26,-3322.57,-33.23,216
629,Entry long,2021-07-26 20:16,L658,1800.765,8,14406.12,-39.08,-0.27,4.8,12.4,0.09,-36.96,-0.26,-3322.57,-33.23,216
630,Exit long,2021-07-27 18:26,Opposite signal,1803.01,9,16175.385,46.31,0.29,5.4,69.53,0.43,-23.89,-0.15,-3276.26,-32.76,288
630,Entry long,2021-07-27 13:38,L659,1797.265,9,16175.385,46.31,0.29,5.4,69.53,0.43,-23.89,-0.15,-3276.26,-32.76,288
631,Exit short,2021-07-28 02:00,Time flat,1800,13,23439.429,31.63,0.13,7.8,104.95,0.45,-29.47,-0.13,-3244.63,-32.45,451
631,Entry short,2021-07-27 18:27,S660,1803.033,13,23439.429,31.63,0.13,7.8,104.95,0.45,-29.47,-0.13,-3244.63,-32.45,451
632,Exit long,2021-07-28 07:15,Opposite signal,1802.135,5,9016.35,-8.68,-0.10,3,0.73,0.01,-7.6,-0.08,-3253.31,-32.53,22
632,Entry long,2021-07-28 06:53,L661,1803.27,5,9016.35,-8.68,-0.10,3,0.73,0.01,-7.6,-0.08,-3253.31,-32.53,22
633,Exit short,2021-07-28 07:59,Opposite signal,1803.135,17,30641.939,-21.56,-0.07,10.2,20.69,0.07,-16.46,-0.05,-3274.86,-32.75,38
633,Entry short,2021-07-28 07:21,S662,1802.467,17,30641.939,-21.56,-0.07,10.2,20.69,0.07,-16.46,-0.05,-3274.86,-32.75,38
634,Exit long,2021-07-28 13:15,Opposite signal,1803.67,13,23439,0.91,0.00,7.8,54.47,0.23,-4.55,-0.02,-3273.95,-32.74,315
634,Entry long,2021-07-28 08:00,L663,1803,13,23439,0.91,0.00,7.8,54.47,0.23,-4.55,-0.02,-3273.95,-32.74,315
635,Exit short,2021-07-28 20:31,Opposite signal,1800.666,7,12611.27,2.41,0.02,4.2,47.04,0.37,-3.78,-0.03,-3271.54,-32.72,391
635,Entry short,2021-07-28 13:59,S664,1801.61,7,12611.27,2.41,0.02,4.2,47.04,0.37,-3.78,-0.03,-3271.54,-32.72,391
636,Exit long,2021-07-28 23:09,Opposite signal,1799.23,7,12603.43,-13.02,-0.10,4.2,14.46,0.11,-10.96,-0.09,-3284.56,-32.85,157
636,Entry long,2021-07-28 20:32,L665,1800.49,7,12603.43,-13.02,-0.10,4.2,14.46,0.11,-10.96,-0.09,-3284.56,-32.85,157
637,Exit long,2021-07-29 06:53,Opposite signal,1815.305,15,27154.275,66.3,0.24,9,104.48,0.38,-18.52,-0.07,-3218.26,-32.18,45
637,Entry long,2021-07-29 06:08,L666,1810.285,15,27154.275,66.3,0.24,9,104.48,0.38,-18.52,-0.07,-3218.26,-32.18,45
638,Exit short,2021-07-29 11:01,Opposite signal,1817.845,14,25418.092,-40.14,-0.16,8.4,11.37,0.04,-36.01,-0.14,-3258.4,-32.58,244
638,Entry short,2021-07-29 06:56,S667,1815.578,14,25418.092,-40.14,-0.16,8.4,11.37,0.04,-36.01,-0.14,-3258.4,-32.58,244
639,Exit long,2021-07-29 13:17,Opposite signal,1817.78,11,19992.445,-3.46,-0.02,6.6,23.71,0.12,-24.91,-0.12,-3261.87,-32.62,134
639,Entry long,2021-07-29 11:03,L668,1817.495,11,19992.445,-3.46,-0.02,6.6,23.71,0.12,-24.91,-0.12,-3261.87,-32.62,134
640,Exit short,2021-07-29 14:13,S669 exit,1820.95,10,18164.14,-51.36,-0.28,6,0,0.00,-48.36,-0.27,-3313.23,-33.13,41
640,Entry short,2021-07-29 13:32,S669,1816.414,10,18164.14,-51.36,-0.28,6,0,0.00,-48.36,-0.27,-3313.23,-33.13,41
641,Exit long,2021-07-29 22:22,Opposite signal,1830.1,8,14559.6,76.4,0.52,4.8,99.84,0.69,-5.25,-0.04,-3236.83,-32.37,456
641,Entry long,2021-07-29 14:46,L670,1819.95,8,14559.6,76.4,0.52,4.8,99.84,0.69,-5.25,-0.04,-3236.83,-32.37,456
642,Exit short,2021-07-30 02:00,Time flat,1828.04,13,23797.371,25.05,0.11,7.8,30.97,0.13,-19.67,-0.08,-3211.78,-32.12,212
642,Entry short,2021-07-29 22:26,S671,1830.567,13,23797.371,25.05,0.11,7.8,30.97,0.13,-19.67,-0.08,-3211.78,-32.12,212
643,Exit long,2021-07-30 18:16,Opposite signal,1825.775,8,14643.96,-42.56,-0.29,4.8,4.92,0.03,-40.52,-0.28,-3254.34,-32.54,324
643,Entry long,2021-07-30 12:52,L672,1830.495,8,14643.96,-42.56,-0.29,4.8,4.92,0.03,-40.52,-0.28,-3254.34,-32.54,324
644,Exit short,2021-07-30 23:00,Weekend flat,1814.12,6,10945.734,57.41,0.52,3.6,68.72,0.63,-19.96,-0.18,-3196.92,-31.97,272
644,Entry short,2021-07-30 18:28,S673,1824.289,6,10945.734,57.41,0.52,3.6,68.72,0.63,-19.96,-0.18,-3196.92,-31.97,272
645,Exit long,2021-08-02 07:01,Opposite signal,1810.255,7,12707.24,-39.65,-0.31,4.2,0,0.00,-38.4,-0.30,-3236.58,-32.37,26
645,Entry long,2021-08-02 06:35,L674,1815.32,7,12707.24,-39.65,-0.31,4.2,0,0.00,-38.4,-0.30,-3236.58,-32.37,26
646,Exit short,2021-08-02 15:28,Opposite signal,1810.04,6,10861.95,-1.89,-0.02,3.6,21.33,0.20,-20.33,-0.19,-3238.47,-32.38,506
646,Entry short,2021-08-02 07:02,S675,1810.325,6,10861.95,-1.89,-0.02,3.6,21.33,0.20,-20.33,-0.19,-3238.47,-32.38,506
647,Exit long,2021-08-02 17:35,Opposite signal,1807.64,10,18098.03,-27.63,-0.15,6,16.47,0.09,-32.73,-0.18,-3266.1,-32.66,111
647,Entry long,2021-08-02 15:43,L676,1809.803,10,18098.03,-27.63,-0.15,6,16.47,0.09,-32.73,-0.18,-3266.1,-32.66,111
648,Exit short,2021-08-02 19:04,Opposite signal,1811.86,9,16273.944,-38.2,-0.23,5.4,18.37,0.11,-38.74,-0.24,-3304.29,-33.04,88
648,Entry short,2021-08-02 17:36,S677,1808.216,9,16273.944,-38.2,-0.23,5.4,18.37,0.11,-38.74,-0.24,-3304.29,-33.04,88
649,Exit long,2021-08-02 23:02,Opposite signal,1817.36,7,12676.587,40.73,0.32,4.2,58.23,0.46,-26.68,-0.21,-3263.56,-32.64,233
649,Entry long,2021-08-02 19:09,L678,1810.941,7,12676.587,40.73,0.32,4.2,58.23,0.46,-26.68,-0.21,-3263.56,-32.64,233
650,Exit long,2021-08-03 06:37,Opposite signal,1810.54,18,32617.53,-38.61,-0.12,10.8,1.53,0.00,-34.29,-0.11,-3302.17,-33.02,6
650,Entry long,2021-08-03 06:31,L679,1812.085,18,32617.53,-38.61,-0.12,10.8,1.53,0.00,-34.29,-0.11,-3302.17,-33.02,6
651,Exit short,2021-08-03 07:28,Opposite signal,1812.495,15,27163.2,-33.22,-0.12,9,15.9,0.06,-31.42,-0.12,-3335.4,-33.35,50
651,Entry short,2021-08-03 06:38,S680,1810.88,15,27163.2,-33.22,-0.12,9,15.9,0.06,-31.42,-0.12,-3335.4,-33.35,50
652,Exit long,2021-08-03 11:54,Opposite signal,1809.2,11,19937.17,-42.57,-0.21,6.6,9.24,0.05,-42.51,-0.21,-3377.97,-33.78,264
652,Entry long,2021-08-03 07:29,L681,1812.47,11,19937.17,-42.57,-0.21,6.6,9.24,0.05,-42.51,-0.21,-3377.97,-33.78,264
653,Exit short,2021-08-03 12:24,Opposite signal,1809.62,19,34365.68,-28.5,-0.08,11.4,0,0.00,-22.8,-0.07,-3406.47,-34.06,21
653,Entry short,2021-08-03 12:03,S682,1808.72,19,34365.68,-28.5,-0.08,11.4,0,0.00,-22.8,-0.07,-3406.47,-34.06,21
654,Exit long,2021-08-03 14:51,Opposite signal,1808.955,17,30763.285,-21.25,-0.07,10.2,39.19,0.13,-16.49,-0.05,-3427.72,-34.28,145
654,Entry long,2021-08-03 12:26,L683,1809.605,17,30763.285,-21.25,-0.07,10.2,39.19,0.13,-16.49,-0.05,-3427.72,-34.28,145
655,Exit short,2021-08-03 18:22,Opposite signal,1811.95,12,21715.116,-35.48,-0.16,7.2,25.42,0.12,-34.84,-0.16,-3463.2,-34.63,201
655,Entry short,2021-08-03 15:00,S684,1809.593,12,21715.116,-35.48,-0.16,7.2,25.42,0.12,-34.84,-0.16,-3463.2,-34.63,201
656,Exit long,2021-08-03 20:42,Opposite signal,1809.31,8,14493.56,-23.88,-0.16,4.8,24.56,0.17,-21.52,-0.15,-3487.08,-34.87,128
656,Entry long,2021-08-03 18:34,L685,1811.695,8,14493.56,-23.88,-0.16,4.8,24.56,0.17,-21.52,-0.15,-3487.08,-34.87,128
657,Exit short,2021-08-04 02:01,Time flat,1810.666,8,14482.784,-7.34,-0.05,4.8,9.54,0.07,-12.86,-0.09,-3494.42,-34.94,290
657,Entry short,2021-08-03 20:50,S686,1810.348,8,14482.784,-7.34,-0.05,4.8,9.54,0.07,-12.86,-0.09,-3494.42,-34.94,290
658,Exit long,2021-08-04 19:31,Opposite signal,1828.365,6,10890.39,76.2,0.70,3.6,98.43,0.90,-27.03,-0.25,-3418.22,-34.18,370
658,Entry long,2021-08-04 13:21,L687,1815.065,6,10890.39,76.2,0.70,3.6,98.43,0.90,-27.03,-0.25,-3418.22,-34.18,370
659,Exit short,2021-08-05 02:00,Time flat,1812.23,6,10948.638,71.66,0.65,3.6,108.1,0.99,-2.3,-0.02,-3346.57,-33.47,380
659,Entry short,2021-08-04 19:34,S688,1824.773,6,10948.638,71.66,0.65,3.6,108.1,0.99,-2.3,-0.02,-3346.57,-33.47,380
660,Exit long,2021-08-05 19:10,L689 exit,1805.456,6,10875.744,-46.61,-0.43,3.6,12.01,0.11,-44.81,-0.41,-3393.17,-33.93,337
660,Entry long,2021-08-05 13:33,L689,1812.624,6,10875.744,-46.61,-0.43,3.6,12.01,0.11,-44.81,-0.41,-3393.17,-33.93,337
661,Exit long,2021-08-06 17:54,Opposite signal,1798.23,8,14390.384,-9.34,-0.06,4.8,18.98,0.13,-7.3,-0.05,-3402.52,-34.03,20
661,Entry long,2021-08-06 17:34,L691,1798.798,8,14390.384,-9.34,-0.06,4.8,18.98,0.13,-7.3,-0.05,-3402.52,-34.03,20
662,Exit short,2021-08-06 18:11,S692 exit,1783.65,11,19783.335,156.59,0.79,6.6,159.89,0.81,-35.47,-0.18,-3245.93,-32.46,14
662,Entry short,2021-08-06 17:57,S692,1798.485,11,19783.335,156.59,0.79,6.6,159.89,0.81,-35.47,-0.18,-3245.93,-32.46,14
663,Exit long,2021-08-12 13:38,Opposite signal,1755.77,15,26364.915,-37.36,-0.14,9,2.01,0.01,-34.74,-0.13,-3283.3,-32.83,15
663,Entry long,2021-08-12 13:23,L693,1757.661,15,26364.915,-37.36,-0.14,9,2.01,0.01,-34.74,-0.13,-3283.3,-32.83,15
664,Exit short,2021-08-12 19:06,S694 exit,1743.7,13,22828.585,152.69,0.67,7.8,156.59,0.69,-13,-0.06,-3130.61,-31.31,326
664,Entry short,2021-08-12 13:40,S694,1756.045,13,22828.585,152.69,0.67,7.8,156.59,0.69,-13,-0.06,-3130.61,-31.31,326
665,Exit long,2021-08-12 22:58,Opposite signal,1750.395,11,19284.441,-36.7,-0.19,6.6,1.42,0.01,-38.84,-0.20,-3167.31,-31.67,69
665,Entry long,2021-08-12 21:49,L695,1753.131,11,19284.441,-36.7,-0.19,6.6,1.42,0.01,-38.84,-0.20,-3167.31,-31.67,69
666,Exit short,2021-08-13 02:00,Time flat,1753.19,9,15754.05,-30.06,-0.19,5.4,3.96,0.03,-34.11,-0.22,-3197.37,-31.97,177
666,Entry short,2021-08-12 22:59,S696,1750.45,9,15754.05,-30.06,-0.19,5.4,3.96,0.03,-34.11,-0.22,-3197.37,-31.97,177
667,Exit short,2021-08-13 14:58,Opposite signal,1757.67,13,22855.365,-2.14,-0.01,7.8,25.94,0.11,-11.05,-0.05,-3199.51,-32.00,112
667,Entry short,2021-08-13 13:06,S697,1758.105,13,22855.365,-2.14,-0.01,7.8,25.94,0.11,-11.05,-0.05,-3199.51,-32.00,112
668,Exit long,2021-08-13 16:35,Opposite signal,1759.42,15,26361.27,21.03,0.08,9,60.63,0.23,-10.1,-0.04,-3178.48,-31.78,94
668,Entry long,2021-08-13 15:01,L698,1757.418,15,26361.27,21.03,0.08,9,60.63,0.23,-10.1,-0.04,-3178.48,-31.78,94
669,Exit short,2021-08-13 17:04,Opposite signal,1760.88,13,22874.41,-24.83,-0.11,7.8,10.34,0.05,-25.15,-0.11,-3203.31,-32.03,28
669,Entry short,2021-08-13 16:36,S699,1759.57,13,22874.41,-24.83,-0.11,7.8,10.34,0.05,-25.15,-0.11,-3203.31,-32.03,28
670,Exit long,2021-08-13 17:45,L700 exit,1757.475,13,22886.786,-47.41,-0.21,7.8,3.16,0.01,-43.51,-0.19,-3250.72,-32.51,40
670,Entry long,2021-08-13 17:05,L700,1760.522,13,22886.786,-47.41,-0.21,7.8,3.16,0.01,-43.51,-0.19,-3250.72,-32.51,40
671,Exit short,2021-08-13 18:04,Opposite signal,1761.49,11,19343.225,-39.76,-0.21,6.6,7.15,0.04,-38.55,-0.20,-3290.49,-32.90,14
671,Entry short,2021-08-13 17:50,S701,1758.475,11,19343.225,-39.76,-0.21,6.6,7.15,0.04,-38.55,-0.20,-3290.49,-32.90,14
672,Exit long,2021-08-13 21:07,L702 exit,1777.585,9,15846.318,146.55,0.92,5.4,149.25,0.94,-17.52,-0.11,-3143.94,-31.44,179
672,Entry long,2021-08-13 18:08,L702,1760.702,9,15846.318,146.55,0.92,5.4,149.25,0.94,-17.52,-0.11,-3143.94,-31.44,179
673,Exit short,2021-08-16 11:57,Opposite signal,1775,9,16006.536,26.14,0.16,5.4,56.74,0.35,-18.95,-0.12,-3117.81,-31.18,264
673,Entry short,2021-08-16 07:33,S703,1778.504,9,16006.536,26.14,0.16,5.4,56.74,0.35,-18.95,-0.12,-3117.81,-31.18,264
674,Exit long,2021-08-16 16:54,Opposite signal,1772.58,11,19520.6,-28.82,-0.15,6.6,29.43,0.15,-25.79,-0.13,-3146.63,-31.47,291
674,Entry long,2021-08-16 12:03,L704,1774.6,11,19520.6,-28.82,-0.15,6.6,29.43,0.15,-25.79,-0.13,-3146.63,-31.47,291
675,Exit short,2021-08-16 17:32,Opposite signal,1773.995,8,14183.04,-13.72,-0.10,4.8,13.63,0.10,-12.68,-0.09,-3160.35,-31.60,37
675,Entry short,2021-08-16 16:55,S705,1772.88,8,14183.04,-13.72,-0.10,4.8,13.63,0.10,-12.68,-0.09,-3160.35,-31.60,37
676,Exit long,2021-08-16 19:40,Opposite signal,1783.25,11,19510.854,98.3,0.50,6.6,143.01,0.73,-10.6,-0.05,-3062.05,-30.62,126
676,Entry long,2021-08-16 17:34,L706,1773.714,11,19510.854,98.3,0.50,6.6,143.01,0.73,-10.6,-0.05,-3062.05,-30.62,126
677,Exit short,2021-08-16 20:04,Opposite signal,1787.27,10,17836.7,-42,-0.24,6,6.85,0.04,-39.4,-0.22,-3104.05,-31.04,21
677,Entry short,2021-08-16 19:43,S707,1783.67,10,17836.7,-42,-0.24,6,6.85,0.04,-39.4,-0.22,-3104.05,-31.04,21
678,Exit long,2021-08-16 20:37,Opposite signal,1786.97,8,14296.12,-5.16,-0.04,4.8,0,0.00,-2.84,-0.02,-3109.21,-31.09,1
678,Entry long,2021-08-16 20:36,L708,1787.015,8,14296.12,-5.16,-0.04,4.8,0,0.00,-2.84,-0.02,-3109.21,-31.09,1
679,Exit short,2021-08-17 01:12,Opposite signal,1788.39,12,21442.572,-25.31,-0.12,7.2,30.31,0.14,-23.27,-0.11,-3134.52,-31.35,269
679,Entry short,2021-08-16 20:43,S709,1786.881,12,21442.572,-25.31,-0.12,7.2,30.31,0.14,-23.27,-0.11,-3134.52,-31.35,269
680,Exit short,2021-08-17 11:07,Opposite signal,1789.367,14,25015.242,-44.3,-0.18,8.4,28.28,0.11,-40.45,-0.16,-3178.81,-31.79,248
680,Entry short,2021-08-17 06:59,S710,1786.803,14,25015.242,-44.3,-0.18,8.4,28.28,0.11,-40.45,-0.16,-3178.81,-31.79,248
681,Exit short,2021-08-18 02:00,Time flat,1785.205,7,12529.93,29.3,0.23,4.2,63.14,0.50,-23.83,-0.19,-3149.52,-31.50,474
681,Entry short,2021-08-17 18:04,S712,1789.99,7,12529.93,29.3,0.23,4.2,63.14,0.50,-23.83,-0.19,-3149.52,-31.50,474
682,Exit long,2021-08-18 11:02,Opposite signal,1788.235,6,10723.044,2.77,0.03,3.6,29.32,0.27,-2.9,-0.03,-3146.75,-31.47,266
682,Entry long,2021-08-18 06:36,L713,1787.174,6,10723.044,2.77,0.03,3.6,29.32,0.27,-2.9,-0.03,-3146.75,-31.47,266
683,Exit short,2021-08-18 12:04,Opposite signal,1792.959,10,17890.6,-44.99,-0.25,6,0,0.00,-42.5,-0.24,-3191.74,-31.92,53
683,Entry short,2021-08-18 11:11,S714,1789.06,10,17890.6,-44.99,-0.25,6,0,0.00,-42.5,-0.24,-3191.74,-31.92,53
684,Exit long,2021-08-18 13:23,Opposite signal,1791.36,8,14338.88,-12.8,-0.09,4.8,9.38,0.07,-10.8,-0.08,-3204.54,-32.05,73
684,Entry long,2021-08-18 12:10,L715,1792.36,8,14338.88,-12.8,-0.09,4.8,9.38,0.07,-10.8,-0.08,-3204.54,-32.05,73
685,Exit short,2021-08-18 17:51,Opposite signal,1789.177,7,12518.002,-10.44,-0.08,4.2,34.97,0.28,-8.88,-0.07,-3214.98,-32.15,218
685,Entry short,2021-08-18 14:13,S716,1788.286,7,12518.002,-10.44,-0.08,4.2,34.97,0.28,-8.88,-0.07,-3214.98,-32.15,218
686,Exit long,2021-08-18 19:55,Opposite signal,1782.665,6,10733.88,-41.49,-0.39,3.6,8.39,0.08,-40.16,-0.37,-3256.47,-32.56,108
686,Entry long,2021-08-18 18:07,L717,1788.98,6,10733.88,-41.49,-0.39,3.6,8.39,0.08,-40.16,-0.37,-3256.47,-32.56,108
687,Exit short,2021-08-18 21:19,Opposite signal,1782.87,5,8912.94,-4.41,-0.05,3,24.29,0.27,-3.13,-0.04,-3260.88,-32.61,51
687,Entry short,2021-08-18 20:28,S718,1782.588,5,8912.94,-4.41,-0.05,3,24.29,0.27,-3.13,-0.04,-3260.88,-32.61,51
688,Exit long,2021-08-19 02:00,Time flat,1787.18,7,12479.005,27.06,0.22,4.2,52.37,0.42,-17.43,-0.14,-3233.83,-32.34,253
688,Entry long,2021-08-18 21:46,L719,1782.715,7,12479.005,27.06,0.22,4.2,52.37,0.42,-17.43,-0.14,-3233.83,-32.34,253
689,Exit short,2021-08-19 18:36,S720 exit,1791.497,4,7113.144,-55.24,-0.78,2.4,8.88,0.12,-54.04,-0.76,-3289.07,-32.89,570
689,Entry short,2021-08-19 09:05,S720,1778.286,4,7113.144,-55.24,-0.78,2.4,8.88,0.12,-54.04,-0.76,-3289.07,-32.89,570
690,Exit long,2021-08-20 02:00,Time flat,1780.906,3,5371.491,-30.57,-0.57,1.8,5.25,0.10,-43.02,-0.80,-3319.64,-33.20,439
690,Entry long,2021-08-19 18:37,L721,1790.497,3,5371.491,-30.57,-0.57,1.8,5.25,0.10,-43.02,-0.80,-3319.64,-33.20,439
691,Exit long,2021-08-25 12:25,Opposite signal,1794.465,9,16160.805,-16.02,-0.10,5.4,14.72,0.09,-14.08,-0.09,-3335.66,-33.36,57
691,Entry long,2021-08-25 11:28,L722,1795.645,9,16160.805,-16.02,-0.10,5.4,14.72,0.09,-14.08,-0.09,-3335.66,-33.36,57
692,Exit short,2021-08-25 13:15,Opposite signal,1794.307,11,19741.425,-2.55,-0.01,6.6,27.28,0.14,-5.88,-0.03,-3338.21,-33.38,43
692,Entry short,2021-08-25 12:32,S723,1794.675,11,19741.425,-2.55,-0.01,6.6,27.28,0.14,-5.88,-0.03,-3338.21,-33.38,43
693,Exit long,2021-08-25 16:55,L724 exit,1790.895,10,17951.31,-48.36,-0.27,6,9.74,0.05,-45.36,-0.25,-3386.57,-33.87,210
693,Entry long,2021-08-25 13:25,L724,1795.131,10,17951.31,-48.36,-0.27,6,9.74,0.05,-45.36,-0.25,-3386.57,-33.87,210
694,Exit short,2021-08-25 18:21,Opposite signal,1796.746,8,14335.16,-43.61,-0.30,4.8,8.78,0.06,-43.62,-0.30,-3430.18,-34.30,80
694,Entry short,2021-08-25 17:01,S725,1791.895,8,14335.16,-43.61,-0.30,4.8,8.78,0.06,-43.62,-0.30,-3430.18,-34.30,80
695,Exit long,2021-08-25 19:10,L726 exit,1789.3,7,12571.433,-50.53,-0.40,4.2,11.1,0.09,-48.43,-0.39,-3480.72,-34.81,41
695,Entry long,2021-08-25 18:29,L726,1795.919,7,12571.433,-50.53,-0.40,4.2,11.1,0.09,-48.43,-0.39,-3480.72,-34.81,41
696,Exit short,2021-08-26 02:00,Time flat,1790.454,5,8951.5,-3.77,-0.04,3,37.33,0.42,-19.1,-0.21,-3484.49,-34.84,404
696,Entry short,2021-08-25 19:13,S727,1790.3,5,8951.5,-3.77,-0.04,3,37.33,0.42,-19.1,-0.21,-3484.49,-34.84,404
697,Exit long,2021-08-27 02:00,Time flat,1791.736,6,10718.67,28.15,0.26,3.6,69.18,0.65,-19.26,-0.18,-3456.34,-34.56,415
697,Entry long,2021-08-26 19:03,L728,1786.445,6,10718.67,28.15,0.26,3.6,69.18,0.65,-19.26,-0.18,-3456.34,-34.56,415
698,Exit short,2021-08-27 18:05,Opposite signal,1797.575,5,8987.635,-3.24,-0.04,3,23.34,0.26,-1.74,-0.02,-3459.58,-34.60,209
698,Entry short,2021-08-27 14:36,S729,1797.527,5,8987.635,-3.24,-0.04,3,23.34,0.26,-1.74,-0.02,-3459.58,-34.60,209
699,Exit long,2021-08-27 18:42,L730 exit,1791.56,7,12577.803,-41.08,-0.33,4.2,25.03,0.20,-38.98,-0.31,-3500.66,-35.01,36
699,Entry long,2021-08-27 18:06,L730,1796.829,7,12577.803,-41.08,-0.33,4.2,25.03,0.20,-38.98,-0.31,-3500.66,-35.01,36
700,Exit short,2021-08-27 19:32,S731 exit,1801.705,5,8965.97,-45.55,-0.51,3,39.67,0.44,-44.05,-0.49,-3546.22,-35.46,46
700,Entry short,2021-08-27 18:46,S731,1793.194,5,8965.97,-45.55,-0.51,3,39.67,0.44,-44.05,-0.49,-3546.22,-35.46,46
701,Exit long,2021-08-27 23:00,Weekend flat,1817.11,3,5402.703,46.83,0.87,1.8,48.27,0.89,-5.94,-0.11,-3499.39,-34.99,188
701,Entry long,2021-08-27 19:52,L732,1800.901,3,5402.703,46.83,0.87,1.8,48.27,0.89,-5.94,-0.11,-3499.39,-34.99,188
702,Exit short,2021-08-30 09:03,Opposite signal,1815.4,7,12726.994,14.99,0.12,4.2,30.88,0.24,-6.71,-0.05,-3484.4,-34.84,91
702,Entry short,2021-08-30 07:32,S733,1818.142,7,12726.994,14.99,0.12,4.2,30.88,0.24,-6.71,-0.05,-3484.4,-34.84,91
703,Exit long,2021-08-30 11:12,Opposite signal,1816.416,14,25412.268,9.16,0.04,8.4,38.33,0.15,-13.75,-0.05,-3475.24,-34.75,110
703,Entry long,2021-08-30 09:20,L734,1815.162,14,25412.268,9.16,0.04,8.4,38.33,0.15,-13.75,-0.05,-3475.24,-34.75,110
704,Exit long,2021-08-30 17:37,Opposite signal,1816.674,14,25404.022,21.01,0.08,8.4,42.8,0.17,-15.08,-0.06,-3454.23,-34.54,247
704,Entry long,2021-08-30 13:30,L736,1814.573,14,25404.022,21.01,0.08,8.4,42.8,0.17,-15.08,-0.06,-3454.23,-34.54,247
705,Exit short,2021-08-30 18:02,Opposite signal,1816.955,17,30884.665,-13.77,-0.04,10.2,19.64,0.06,-10.2,-0.03,-3468,-34.68,24
705,Entry short,2021-08-30 17:38,S737,1816.745,17,30884.665,-13.77,-0.04,10.2,19.64,0.06,-10.2,-0.03,-3468,-34.68,24
706,Exit long,2021-08-30 18:08,Opposite signal,1815.26,15,27251.85,-31.95,-0.12,9,0,0.00,-31.95,-0.12,-3499.95,-35.00,5
706,Entry long,2021-08-30 18:03,L738,1816.79,15,27251.85,-31.95,-0.12,9,0,0.00,-31.95,-0.12,-3499.95,-35.00,5
707,Exit short,2021-08-31 00:21,Opposite signal,1809.7,13,23600.07,66.17,0.28,7.8,94.97,0.40,-9.83,-0.04,-3433.78,-34.34,371
707,Entry short,2021-08-30 18:09,S739,1815.39,13,23600.07,66.17,0.28,7.8,94.97,0.40,-9.83,-0.04,-3433.78,-34.34,371
708,Exit short,2021-08-31 08:52,Opposite signal,1814.57,13,23560.095,-37.11,-0.16,7.8,0,0.00,-33.6,-0.14,-3470.89,-34.71,79
708,Entry short,2021-08-31 07:33,S740,1812.315,13,23560.095,-37.11,-0.16,7.8,0,0.00,-33.6,-0.14,-3470.89,-34.71,79
709,Exit long,2021-08-31 12:13,Opposite signal,1815.63,11,19966.265,-0.93,0.00,6.6,42.13,0.21,-8.8,-0.04,-3471.83,-34.72,149
709,Entry long,2021-08-31 09:42,L741,1815.115,11,19966.265,-0.93,0.00,6.6,42.13,0.21,-8.8,-0.04,-3471.83,-34.72,149
710,Exit short,2021-08-31 12:42,Opposite signal,1816.34,10,18160.65,-8.75,-0.05,6,13.15,0.07,-5.75,-0.03,-3480.58,-34.81,24
710,Entry short,2021-08-31 12:18,S742,1816.065,10,18160.65,-8.75,-0.05,6,13.15,0.07,-5.75,-0.03,-3480.58,-34.81,24
711,Exit long,2021-08-31 14:25,Opposite signal,1814.14,14,25426.1,-36.54,-0.14,8.4,3.29,0.01,-33.88,-0.13,-3517.12,-35.17,102
711,Entry long,2021-08-31 12:43,L743,1816.15,14,25426.1,-36.54,-0.14,8.4,3.29,0.01,-33.88,-0.13,-3517.12,-35.17,102
712,Exit short,2021-08-31 15:53,Opposite signal,1817.006,13,23595.13,-33.75,-0.14,7.8,11.31,0.05,-29.9,-0.13,-3550.86,-35.51,87
712,Entry short,2021-08-31 14:26,S744,1815.01,13,23595.13,-33.75,-0.14,7.8,11.31,0.05,-29.9,-0.13,-3550.86,-35.51,87
713,Exit long,2021-08-31 16:24,Opposite signal,1813.394,11,19983.535,-42.8,-0.21,6.6,0.61,0.00,-43.02,-0.22,-3593.67,-35.94,29
713,Entry long,2021-08-31 15:55,L745,1816.685,11,19983.535,-42.8,-0.21,6.6,0.61,0.00,-43.02,-0.22,-3593.67,-35.94,29
714,Exit short,2021-08-31 19:14,Opposite signal,1815.065,9,16319.376,-21.61,-0.13,5.4,101.2,0.62,-20.66,-0.13,-3615.27,-36.15,162
714,Entry short,2021-08-31 16:32,S746,1813.264,9,16319.376,-21.61,-0.13,5.4,101.2,0.62,-20.66,-0.13,-3615.27,-36.15,162
715,Exit long,2021-09-01 02:00,Time flat,1814.735,4,7247.5,9.04,0.12,2.4,17.04,0.24,-31.76,-0.44,-3606.23,-36.06,392
715,Entry long,2021-08-31 19:28,L747,1811.875,4,7247.5,9.04,0.12,2.4,17.04,0.24,-31.76,-0.44,-3606.23,-36.06,392
716,Exit short,2021-09-01 18:13,Opposite signal,1817.225,6,10862.37,-44.58,-0.41,3.6,0,0.00,-46.68,-0.43,-3650.81,-36.51,266
716,Entry short,2021-09-01 13:47,S748,1810.395,6,10862.37,-44.58,-0.41,3.6,0,0.00,-46.68,-0.43,-3650.81,-36.51,266
717,Exit long,2021-09-01 20:33,Opposite signal,1808.825,5,9087.08,-45.95,-0.51,3,0.57,0.01,-44.8,-0.49,-3696.77,-36.97,114
717,Entry long,2021-09-01 18:39,L749,1817.416,5,9087.08,-45.95,-0.51,3,0.57,0.01,-44.8,-0.49,-3696.77,-36.97,114
718,Exit short,2021-09-02 02:00,Time flat,1814.055,5,9057.85,-15.42,-0.17,3,0,0.00,-26.52,-0.29,-3712.19,-37.12,312
718,Entry short,2021-09-01 20:45,S750,1811.57,5,9057.85,-15.42,-0.17,3,0,0.00,-26.52,-0.29,-3712.19,-37.12,312
719,Exit short,2021-09-03 23:00,Weekend flat,1831.425,8,14634.016,-22.18,-0.15,4.8,6.3,0.04,-19.78,-0.14,-3734.38,-37.34,103
719,Entry short,2021-09-03 21:17,S752,1829.252,8,14634.016,-22.18,-0.15,4.8,6.3,0.04,-19.78,-0.14,-3734.38,-37.34,103
720,Exit long,2021-09-06 13:33,Opposite signal,1825.164,14,25578.91,-35.01,-0.14,8.4,16.59,0.06,-30.94,-0.12,-3769.39,-37.69,408
720,Entry long,2021-09-06 06:36,L753,1827.065,14,25578.91,-35.01,-0.14,8.4,16.59,0.06,-30.94,-0.12,-3769.39,-37.69,408
721,Exit short,2021-09-06 16:17,Opposite signal,1823.835,11,20083.085,14.3,0.07,6.6,28.55,0.14,-17.65,-0.09,-3755.09,-37.55,163
721,Entry short,2021-09-06 13:34,S754,1825.735,11,20083.085,14.3,0.07,6.6,28.55,0.14,-17.65,-0.09,-3755.09,-37.55,163
722,Exit short,2021-09-07 03:31,Time flat,1824.205,16,29175.952,-20.93,-0.07,9.6,27.06,0.09,-20.37,-0.07,-3776.02,-37.76,331
722,Entry short,2021-09-06 16:56,S756,1823.497,16,29175.952,-20.93,-0.07,9.6,27.06,0.09,-20.37,-0.07,-3776.02,-37.76,331
723,Exit short,2021-09-07 12:26,Opposite signal,1818.3,15,27385.185,101.69,0.37,9,145.56,0.53,-13.66,-0.05,-3674.34,-36.74,242
723,Entry short,2021-09-07 08:21,S757,1825.679,15,27385.185,101.69,0.37,9,145.56,0.53,-13.66,-0.05,-3674.34,-36.74,242
724,Exit long,2021-09-07 13:19,Opposite signal,1818.635,12,21817.44,-1.02,0.00,7.2,26.4,0.12,-8.64,-0.04,-3675.36,-36.75,49
724,Entry long,2021-09-07 12:30,L758,1818.12,12,21817.44,-1.02,0.00,7.2,26.4,0.12,-8.64,-0.04,-3675.36,-36.75,49
725,Exit short,2021-09-07 15:53,Opposite signal,1811.92,14,25462.22,86.94,0.34,8.4,121.24,0.48,-10.58,-0.04,-3588.42,-35.88,151
725,Entry short,2021-09-07 13:22,S759,1818.73,14,25462.22,86.94,0.34,8.4,121.24,0.48,-10.58,-0.04,-3588.42,-35.88,151
726,Exit long,2021-09-07 16:46,Opposite signal,1809.57,13,23553.79,-37.18,-0.16,7.8,0,0.00,-33.86,-0.14,-3625.6,-36.26,52
726,Entry long,2021-09-07 15:54,L760,1811.83,13,23553.79,-37.18,-0.16,7.8,0,0.00,-33.86,-0.14,-3625.6,-36.26,52
727,Exit short,2021-09-07 17:39,Opposite signal,1812.385,12,21717.924,-37.9,-0.17,7.2,14.3,0.07,-35.92,-0.17,-3663.49,-36.63,51
727,Entry short,2021-09-07 16:48,S761,1809.827,12,21717.924,-37.9,-0.17,7.2,14.3,0.07,-35.92,-0.17,-3663.49,-36.63,51
728,Exit long,2021-09-07 19:32,L762 exit,1807.335,9,16309.71,-49.09,-0.30,5.4,23.63,0.14,-46.39,-0.28,-3712.59,-37.13,112
728,Entry long,2021-09-07 17:40,L762,1812.19,9,16309.71,-49.09,-0.30,5.4,23.63,0.14,-46.39,-0.28,-3712.59,-37.13,112
729,Exit short,2021-09-08 02:00,Time flat,1794.21,3,5396.286,11.86,0.22,1.8,18.01,0.33,-5.65,-0.10,-3700.73,-37.01,350
729,Entry short,2021-09-07 20:09,S763,1798.762,3,5396.286,11.86,0.22,1.8,18.01,0.33,-5.65,-0.10,-3700.73,-37.01,350
730,Exit long,2021-09-08 18:32,Opposite signal,1795.925,6,10793.64,-21.69,-0.20,3.6,17.64,0.16,-29.61,-0.27,-3722.42,-37.22,581
730,Entry long,2021-09-08 08:49,L764,1798.94,6,10793.64,-21.69,-0.20,3.6,17.64,0.16,-29.61,-0.27,-3722.42,-37.22,581
731,Exit short,2021-09-09 02:00,Time flat,1790.05,7,12575.57,41.02,0.33,4.2,96.18,0.76,-10.74,-0.09,-3681.4,-36.81,438
731,Entry short,2021-09-08 18:40,S765,1796.51,7,12575.57,41.02,0.33,4.2,96.18,0.76,-10.74,-0.09,-3681.4,-36.81,438
732,Exit long,2021-09-09 17:17,Opposite signal,1799.065,20,36009.62,-40.32,-0.11,12,3.98,0.01,-39.42,-0.11,-3721.72,-37.22,4
732,Entry long,2021-09-09 17:13,L766,1800.481,20,36009.62,-40.32,-0.11,12,3.98,0.01,-39.42,-0.11,-3721.72,-37.22,4
733,Exit short,2021-09-09 19:26,S767 exit,1789.996,17,30594.968,154.84,0.51,10.2,159.94,0.52,-28.15,-0.09,-3566.88,-35.67,126
733,Entry short,2021-09-09 17:20,S767,1799.704,17,30594.968,154.84,0.51,10.2,159.94,0.52,-28.15,-0.09,-3566.88,-35.67,126
734,Exit long,2021-09-10 00:34,Opposite signal,1792.47,6,10739.898,11.32,0.11,3.6,53.62,0.50,-9.41,-0.09,-3555.56,-35.56,229
734,Entry long,2021-09-09 20:45,L768,1789.983,6,10739.898,11.32,0.11,3.6,53.62,0.50,-9.41,-0.09,-3555.56,-35.56,229
735,Exit long,2021-09-10 15:36,Opposite signal,1795.596,6,10786.272,-16.3,-0.15,3.6,35.45,0.33,-19.54,-0.18,-3571.86,-35.72,357
735,Entry long,2021-09-10 09:38,L769,1797.712,6,10786.272,-16.3,-0.15,3.6,35.45,0.33,-19.54,-0.18,-3571.86,-35.72,357
736,Exit short,2021-09-10 17:06,Opposite signal,1797.435,6,10782.282,-5.93,-0.05,3.6,22.39,0.21,-4.13,-0.04,-3577.79,-35.78,87
736,Entry short,2021-09-10 15:39,S770,1797.047,6,10782.282,-5.93,-0.05,3.6,22.39,0.21,-4.13,-0.04,-3577.79,-35.78,87
737,Exit long,2021-09-10 17:52,Opposite signal,1797.22,9,16172.955,-3.37,-0.02,5.4,21.78,0.13,-4.86,-0.03,-3581.16,-35.81,45
737,Entry long,2021-09-10 17:07,L771,1796.995,9,16172.955,-3.37,-0.02,5.4,21.78,0.13,-4.86,-0.03,-3581.16,-35.81,45
738,Exit short,2021-09-10 18:48,Opposite signal,1795.126,13,23379.018,34.58,0.15,7.8,82.3,0.35,-33.01,-0.14,-3546.58,-35.47,55
738,Entry short,2021-09-10 17:53,S772,1798.386,13,23379.018,34.58,0.15,7.8,82.3,0.35,-33.01,-0.14,-3546.58,-35.47,55
739,Exit long,2021-09-10 19:04,L773 exit,1790.755,10,17948.96,-47.41,-0.26,6,8.89,0.05,-44.41,-0.25,-3593.99,-35.94,15
739,Entry long,2021-09-10 18:49,L773,1794.896,10,17948.96,-47.41,-0.26,6,8.89,0.05,-44.41,-0.25,-3593.99,-35.94,15
740,Exit short,2021-09-10 19:34,Opposite signal,1796.32,8,14334.312,-41.05,-0.29,4.8,0,0.00,-40.81,-0.28,-3635.04,-36.35,29
740,Entry short,2021-09-10 19:05,S774,1791.789,8,14334.312,-41.05,-0.29,4.8,0,0.00,-40.81,-0.28,-3635.04,-36.35,29
741,Exit long,2021-09-10 21:12,Opposite signal,1792.92,6,10776.51,-22.59,-0.21,3.6,3.07,0.03,-26.04,-0.24,-3657.63,-36.58,97
741,Entry long,2021-09-10 19:35,L775,1796.085,6,10776.51,-22.59,-0.21,3.6,3.07,0.03,-26.04,-0.24,-3657.63,-36.58,97
742,Exit short,2021-09-10 23:00,Weekend flat,1790.804,8,14340.128,8.9,0.06,4.8,13.13,0.09,-12.19,-0.09,-3648.73,-36.49,102
742,Entry short,2021-09-10 21:18,S776,1792.516,8,14340.128,8.9,0.06,4.8,13.13,0.09,-12.19,-0.09,-3648.73,-36.49,102
743,Exit long,2021-09-13 09:36,Opposite signal,1791.85,10,17873.4,39.1,0.22,6,50.1,0.28,-14.8,-0.08,-3609.63,-36.10,178
743,Entry long,2021-09-13 06:36,L777,1787.34,10,17873.4,39.1,0.22,6,50.1,0.28,-14.8,-0.08,-3609.63,-36.10,178
744,Exit short,2021-09-13 11:07,Opposite signal,1792.155,20,35837.52,-17.58,-0.05,12,24.8,0.07,-15.38,-0.04,-3627.21,-36.27,88
744,Entry short,2021-09-13 09:39,S778,1791.876,20,35837.52,-17.58,-0.05,12,24.8,0.07,-15.38,-0.04,-3627.21,-36.27,88
745,Exit long,2021-09-13 11:53,Opposite signal,1790.295,14,25089.96,-34.23,-0.14,8.4,17.78,0.07,-31.01,-0.12,-3661.44,-36.61,44
745,Entry long,2021-09-13 11:09,L779,1792.14,14,25089.96,-34.23,-0.14,8.4,17.78,0.07,-31.01,-0.12,-3661.44,-36.61,44
746,Exit short,2021-09-13 12:53,Opposite signal,1789.84,10,17901.97,-2.43,-0.01,6,28.27,0.16,-11.68,-0.07,-3663.87,-36.64,48
746,Entry short,2021-09-13 12:05,S780,1790.197,10,17901.97,-2.43,-0.01,6,28.27,0.16,-11.68,-0.07,-3663.87,-36.64,48
747,Exit long,2021-09-13 15:01,Opposite signal,1788.576,14,25044.74,-13.08,-0.05,8.4,30.94,0.12,-11.83,-0.05,-3676.95,-36.77,110
747,Entry long,2021-09-13 13:11,L781,1788.91,14,25044.74,-13.08,-0.05,8.4,30.94,0.12,-11.83,-0.05,-3676.95,-36.77,110
748,Exit short,2021-09-13 17:06,Opposite signal,1790.435,11,19676.547,-24.84,-0.13,6.6,8.55,0.04,-21.54,-0.11,-3701.79,-37.02,116
748,Entry short,2021-09-13 15:09,S782,1788.777,11,19676.547,-24.84,-0.13,6.6,8.55,0.04,-21.54,-0.11,-3701.79,-37.02,116
749,Exit long,2021-09-13 17:34,Opposite signal,1789.054,11,19684.445,-11.45,-0.06,6.6,9.9,0.05,-9.51,-0.05,-3713.24,-37.13,27
749,Entry long,2021-09-13 17:07,L783,1789.495,11,19684.445,-11.45,-0.06,6.6,9.9,0.05,-9.51,-0.05,-3713.24,-37.13,27
750,Exit short,2021-09-13 17:37,Opposite signal,1791.05,16,28635.52,-30.88,-0.11,9.6,0,0.00,-26.08,-0.09,-3744.12,-37.44,2
750,Entry short,2021-09-13 17:35,S784,1789.72,16,28635.52,-30.88,-0.11,9.6,0,0.00,-26.08,-0.09,-3744.12,-37.44,2
751,Exit long,2021-09-13 17:56,Opposite signal,1788.345,14,25069.73,-41.3,-0.16,8.4,10.71,0.04,-37.66,-0.15,-3785.42,-37.85,18
751,Entry long,2021-09-13 17:38,L785,1790.695,14,25069.73,-41.3,-0.16,8.4,10.71,0.04,-37.66,-0.15,-3785.42,-37.85,18
752,Exit short,2021-09-13 18:42,Opposite signal,1789.105,11,19679.869,-6.89,-0.03,6.6,38.82,0.20,-9.69,-0.05,-3792.3,-37.92,45
752,Entry short,2021-09-13 17:57,S786,1789.079,11,19679.869,-6.89,-0.03,6.6,38.82,0.20,-9.69,-0.05,-3792.3,-37.92,45
753,Exit short,2021-09-14 16:37,Opposite signal,1787.906,6,10751.874,20.84,0.19,3.6,37.22,0.35,-19.78,-0.18,-3771.47,-37.71,526
753,Entry short,2021-09-14 07:46,S788,1791.979,6,10751.874,20.84,0.19,3.6,37.22,0.35,-19.78,-0.18,-3771.47,-37.71,526
754,Exit long,2021-09-14 17:17,Opposite signal,1786.73,12,21454.26,-20.7,-0.10,7.2,1.14,0.01,-17.7,-0.08,-3792.17,-37.92,39
754,Entry long,2021-09-14 16:38,L789,1787.855,12,21454.26,-20.7,-0.10,7.2,1.14,0.01,-17.7,-0.08,-3792.17,-37.92,39
755,Exit short,2021-09-14 18:00,S790 exit,1789.25,8,14275.408,-43.39,-0.30,4.8,28.21,0.20,-40.99,-0.29,-3835.56,-38.36,37
755,Entry short,2021-09-14 17:23,S790,1784.426,8,14275.408,-43.39,-0.30,4.8,28.21,0.20,-40.99,-0.29,-3835.56,-38.36,37
756,Exit long,2021-09-14 19:05,Opposite signal,1794.575,5,8941.25,28.63,0.32,3,60.43,0.68,-4.28,-0.05,-3806.93,-38.07,62
756,Entry long,2021-09-14 18:03,L791,1788.25,5,8941.25,28.63,0.32,3,60.43,0.68,-4.28,-0.05,-3806.93,-38.07,62
757,Exit short,2021-09-14 20:07,S792 exit,1801.635,8,14367.584,-50.3,-0.35,4.8,38.58,0.27,-47.9,-0.33,-3857.23,-38.57,61
757,Entry short,2021-09-14 19:06,S792,1795.948,8,14367.584,-50.3,-0.35,4.8,38.58,0.27,-47.9,-0.33,-3857.23,-38.57,61
758,Exit short,2021-09-14 22:15,Opposite signal,1804.795,20,36079.96,-27.94,-0.08,12,0,0.00,-23.84,-0.07,-3885.17,-38.85,15
758,Entry short,2021-09-14 22:00,S794,1803.998,20,36079.96,-27.94,-0.08,12,0,0.00,-23.84,-0.07,-3885.17,-38.85,15
759,Exit long,2021-09-14 22:25,Opposite signal,1803.56,18,32482.8,-29.52,-0.09,10.8,0,0.00,-25.65,-0.08,-3914.69,-39.15,9
759,Entry long,2021-09-14 22:16,L795,1804.6,18,32482.8,-29.52,-0.09,10.8,0,0.00,-25.65,-0.08,-3914.69,-39.15,9
760,Exit short,2021-09-14 22:54,Opposite signal,1805.015,17,30663.631,-31.82,-0.10,10.2,3.45,0.01,-27.57,-0.09,-3946.51,-39.47,25
760,Entry short,2021-09-14 22:29,S796,1803.743,17,30663.631,-31.82,-0.10,10.2,3.45,0.01,-27.57,-0.09,-3946.51,-39.47,25
761,Exit long,2021-09-15 00:06,Opposite signal,1803.88,15,27073.35,-24.15,-0.09,9,22.8,0.08,-23.47,-0.09,-3970.66,-39.71,71
761,Entry long,2021-09-14 22:55,L797,1804.89,15,27073.35,-24.15,-0.09,9,22.8,0.08,-23.47,-0.09,-3970.66,-39.71,71
762,Exit long,2021-09-15 06:40,Opposite signal,1802.175,18,32459.4,-31.05,-0.10,10.8,0,0.00,-28.17,-0.09,-4001.71,-40.02,6
762,Entry long,2021-09-15 06:34,L798,1803.3,18,32459.4,-31.05,-0.10,10.8,0,0.00,-28.17,-0.09,-4001.71,-40.02,6
763,Exit short,2021-09-15 07:27,Opposite signal,1803.9,14,25228.14,-34.86,-0.14,8.4,0,0.00,-31.64,-0.13,-4036.57,-40.37,42
763,Entry short,2021-09-15 06:45,S799,1802.01,14,25228.14,-34.86,-0.14,8.4,0,0.00,-31.64,-0.13,-4036.57,-40.37,42
764,Exit long,2021-09-15 11:04,Opposite signal,1802.09,12,21645.36,-27.48,-0.13,7.2,7.32,0.03,-27.54,-0.13,-4064.05,-40.64,206
764,Entry long,2021-09-15 07:29,L800,1803.78,12,21645.36,-27.48,-0.13,7.2,7.32,0.03,-27.54,-0.13,-4064.05,-40.64,206
765,Exit short,2021-09-15 16:31,Opposite signal,1802.805,13,23432.656,-11.61,-0.05,7.8,41.95,0.18,-28.51,-0.12,-4075.66,-40.76,326
765,Entry short,2021-09-15 11:05,S801,1802.512,13,23432.656,-11.61,-0.05,7.8,41.95,0.18,-28.51,-0.12,-4075.66,-40.76,326
766,Exit long,2021-09-15 18:08,Opposite signal,1802.33,9,16220.115,-4.54,-0.03,5.4,40.1,0.25,-10.26,-0.06,-4080.21,-40.80,96
766,Entry long,2021-09-15 16:32,L802,1802.235,9,16220.115,-4.54,-0.03,5.4,40.1,0.25,-10.26,-0.06,-4080.21,-40.80,96
767,Exit short,2021-09-15 19:03,Opposite signal,1798.53,7,12616.695,22.79,0.18,4.2,53.2,0.42,-4.97,-0.04,-4057.42,-40.57,52
767,Entry short,2021-09-15 18:11,S803,1802.385,7,12616.695,22.79,0.18,4.2,53.2,0.42,-4.97,-0.04,-4057.42,-40.57,52
768,Exit long,2021-09-15 20:03,Opposite signal,1794.38,9,16185.15,-41.13,-0.25,5.4,13.14,0.08,-42.39,-0.26,-4098.55,-40.99,56
768,Entry long,2021-09-15 19:07,L804,1798.35,9,16185.15,-41.13,-0.25,5.4,13.14,0.08,-42.39,-0.26,-4098.55,-40.99,56
769,Exit short,2021-09-16 02:01,Time flat,1793.615,7,12565.469,5.96,0.05,4.2,28.43,0.23,-11.96,-0.10,-4092.59,-40.93,348
769,Entry short,2021-09-15 20:09,S805,1795.067,7,12565.469,5.96,0.05,4.2,28.43,0.23,-11.96,-0.10,-4092.59,-40.93,348
770,Exit short,2021-09-16 15:23,S806 exit,1780.83,12,21526.38,149.22,0.69,7.2,152.82,0.71,-9.84,-0.05,-3943.37,-39.43,407
770,Entry short,2021-09-16 08:36,S806,1793.865,12,21526.38,149.22,0.69,7.2,152.82,0.71,-9.84,-0.05,-3943.37,-39.43,407
771,Exit long,2021-09-17 15:51,Opposite signal,1764.725,3,5281.278,11.1,0.21,1.8,20.49,0.39,-1.62,-0.03,-3932.27,-39.32,146
771,Entry long,2021-09-17 13:25,L807,1760.426,3,5281.278,11.1,0.21,1.8,20.49,0.39,-1.62,-0.03,-3932.27,-39.32,146
772,Exit short,2021-09-17 17:30,Opposite signal,1760.005,11,19414.395,47.74,0.25,6.6,70.13,0.36,-4.84,-0.02,-3884.53,-38.85,98
772,Entry short,2021-09-17 15:52,S808,1764.945,11,19414.395,47.74,0.25,6.6,70.13,0.36,-4.84,-0.02,-3884.53,-38.85,98
773,Exit long,2021-09-17 17:39,Opposite signal,1758.235,16,28153.376,-31.22,-0.11,9.6,9.82,0.03,-30.18,-0.11,-3915.75,-39.16,8
773,Entry long,2021-09-17 17:31,L809,1759.586,16,28153.376,-31.22,-0.11,9.6,9.82,0.03,-30.18,-0.11,-3915.75,-39.16,8
774,Exit short,2021-09-17 17:48,Opposite signal,1760.57,13,22857.51,-37.7,-0.16,7.8,0,0.00,-34.65,-0.15,-3953.45,-39.53,8
774,Entry short,2021-09-17 17:40,S810,1758.27,13,22857.51,-37.7,-0.16,7.8,0,0.00,-34.65,-0.15,-3953.45,-39.53,8
775,Exit long,2021-09-17 18:10,Opposite signal,1757.925,12,21127.452,-39.55,-0.19,7.2,32.03,0.15,-37.03,-0.18,-3993,-39.93,21
775,Entry long,2021-09-17 17:49,L811,1760.621,12,21127.452,-39.55,-0.19,7.2,32.03,0.15,-37.03,-0.18,-3993,-39.93,21
776,Exit short,2021-09-17 19:33,Opposite signal,1755.68,7,12306,12.04,0.10,4.2,63.63,0.52,-4.76,-0.04,-3980.96,-39.81,82
776,Entry short,2021-09-17 18:11,S812,1758,7,12306,12.04,0.10,4.2,63.63,0.52,-4.76,-0.04,-3980.96,-39.81,82
777,Exit long,2021-09-17 19:46,L813 exit,1747.61,6,10529.796,-47.74,-0.45,3.6,0,0.00,-45.94,-0.44,-4028.7,-40.29,12
777,Entry long,2021-09-17 19:34,L813,1754.966,6,10529.796,-47.74,-0.45,3.6,0,0.00,-45.94,-0.44,-4028.7,-40.29,12
778,Exit short,2021-09-17 23:00,Weekend flat,1751.075,5,8743.05,-15.32,-0.18,3,0.88,0.01,-36.03,-0.41,-4044.02,-40.44,192
778,Entry short,2021-09-17 19:48,S814,1748.61,5,8743.05,-15.32,-0.18,3,0.88,0.01,-36.03,-0.41,-4044.02,-40.44,192
779,Exit long,2021-09-20 16:32,Opposite signal,1756.355,21,36888.285,-17.43,-0.05,12.6,70.14,0.19,-11.76,-0.03,-4061.45,-40.61,129
779,Entry long,2021-09-20 14:23,L815,1756.585,21,36888.285,-17.43,-0.05,12.6,70.14,0.19,-11.76,-0.03,-4061.45,-40.61,129
780,Exit short,2021-09-20 17:32,Opposite signal,1756.82,9,15810.705,-6.07,-0.04,5.4,19.98,0.13,-17.68,-0.11,-4067.53,-40.68,59
780,Entry short,2021-09-20 16:33,S816,1756.745,9,15810.705,-6.07,-0.04,5.4,19.98,0.13,-17.68,-0.11,-4067.53,-40.68,59
781,Exit long,2021-09-20 21:15,Opposite signal,1761.505,7,12315.695,10.64,0.09,4.2,52.65,0.43,-35.94,-0.29,-4056.89,-40.57,202
781,Entry long,2021-09-20 17:53,L817,1759.385,7,12315.695,10.64,0.09,4.2,52.65,0.43,-35.94,-0.29,-4056.89,-40.57,202
782,Exit short,2021-09-20 22:38,Opposite signal,1762.665,7,12332.635,-10.22,-0.08,4.2,15.97,0.13,-8.61,-0.07,-4067.11,-40.67,82
782,Entry short,2021-09-20 21:16,S818,1761.805,7,12332.635,-10.22,-0.08,4.2,15.97,0.13,-8.61,-0.07,-4067.11,-40.67,82
783,Exit long,2021-09-20 23:45,Opposite signal,1761.325,11,19384.464,-16.49,-0.09,6.6,18.82,0.10,-13.19,-0.07,-4083.59,-40.84,59
783,Entry long,2021-09-20 22:46,L819,1762.224,11,19384.464,-16.49,-0.09,6.6,18.82,0.10,-13.19,-0.07,-4083.59,-40.84,59
784,Exit long,2021-09-21 08:28,Opposite signal,1762.405,11,19417.981,-38.13,-0.20,6.6,0,0.00,-34.88,-0.18,-4121.72,-41.22,38
784,Entry long,2021-09-21 07:46,L820,1765.271,11,19417.981,-38.13,-0.20,6.6,0,0.00,-34.88,-0.18,-4121.72,-41.22,38
785,Exit short,2021-09-21 10:38,Opposite signal,1761.82,9,15865.38,3.6,0.02,5.4,15.03,0.09,-8.19,-0.05,-4118.12,-41.18,125
785,Entry short,2021-09-21 08:29,S821,1762.82,9,15865.38,3.6,0.02,5.4,15.03,0.09,-8.19,-0.05,-4118.12,-41.18,125
786,Exit long,2021-09-21 11:46,Opposite signal,1761.94,20,35231.54,-4.74,-0.01,12,33.26,0.09,-12.84,-0.04,-4122.86,-41.23,67
786,Entry long,2021-09-21 10:39,L822,1761.577,20,35231.54,-4.74,-0.01,12,33.26,0.09,-12.84,-0.04,-4122.86,-41.23,67
787,Exit short,2021-09-21 11:57,Opposite signal,1763.555,16,28194.336,-32.14,-0.11,9.6,0,0.00,-31.34,-0.11,-4155,-41.55,10
787,Entry short,2021-09-21 11:47,S823,1762.146,16,28194.336,-32.14,-0.11,9.6,0,0.00,-31.34,-0.11,-4155,-41.55,10
788,Exit long,2021-09-21 12:18,Opposite signal,1761.225,14,24684.52,-35.77,-0.14,8.4,1.26,0.01,-31.57,-0.13,-4190.77,-41.91,19
788,Entry long,2021-09-21 11:59,L824,1763.18,14,24684.52,-35.77,-0.14,8.4,1.26,0.01,-31.57,-0.13,-4190.77,-41.91,19
789,Exit short,2021-09-21 14:16,Opposite signal,1762.53,12,21135.96,-21.6,-0.10,7.2,36.36,0.17,-18.18,-0.09,-4212.37,-42.12,117
789,Entry short,2021-09-21 12:19,S825,1761.33,12,21135.96,-21.6,-0.10,7.2,36.36,0.17,-18.18,-0.09,-4212.37,-42.12,117
790,Exit long,2021-09-21 16:30,Opposite signal,1765.99,14,24723.972,-8.51,-0.03,8.4,27.54,0.11,-11.38,-0.05,-4220.89,-42.21,88
790,Entry long,2021-09-21 15:02,L826,1765.998,14,24723.972,-8.51,-0.03,8.4,27.54,0.11,-11.38,-0.05,-4220.89,-42.21,88
791,Exit short,2021-09-21 17:36,Opposite signal,1768.76,13,22960.145,-41.53,-0.18,7.8,4.49,0.02,-39.65,-0.17,-4262.42,-42.62,59
791,Entry short,2021-09-21 16:37,S827,1766.165,13,22960.145,-41.53,-0.18,7.8,4.49,0.02,-39.65,-0.17,-4262.42,-42.62,59
792,Exit long,2021-09-21 21:32,Opposite signal,1777.005,11,19442.434,98.02,0.50,6.6,154.45,0.79,-11.77,-0.06,-4164.4,-41.64,235
792,Entry long,2021-09-21 17:37,L828,1767.494,11,19442.434,98.02,0.50,6.6,154.45,0.79,-11.77,-0.06,-4164.4,-41.64,235
793,Exit short,2021-09-22 02:01,Time flat,1774.38,8,14216.592,16.75,0.12,4.8,20.27,0.14,-12.37,-0.09,-4147.65,-41.48,226
793,Entry short,2021-09-21 22:10,S829,1777.074,8,14216.592,16.75,0.12,4.8,20.27,0.14,-12.37,-0.09,-4147.65,-41.48,226
794,Exit long,2021-09-22 09:41,Opposite signal,1776.68,10,17755.25,5.55,0.03,6,34.3,0.19,-24.45,-0.14,-4142.1,-41.42,181
794,Entry long,2021-09-22 06:38,L830,1775.525,10,17755.25,5.55,0.03,6,34.3,0.19,-24.45,-0.14,-4142.1,-41.42,181
795,Exit short,2021-09-22 10:43,Opposite signal,1777.04,22,39082.56,-25.52,-0.07,13.2,6.27,0.02,-18.92,-0.05,-4167.62,-41.68,40
795,Entry short,2021-09-22 10:02,S831,1776.48,22,39082.56,-25.52,-0.07,13.2,6.27,0.02,-18.92,-0.05,-4167.62,-41.68,40
796,Exit long,2021-09-22 13:26,Opposite signal,1777.39,18,31983.66,-1.44,0.00,10.8,57.69,0.18,-12.51,-0.04,-4169.06,-41.69,162
796,Entry long,2021-09-22 10:44,L832,1776.87,18,31983.66,-1.44,0.00,10.8,57.69,0.18,-12.51,-0.04,-4169.06,-41.69,162
797,Exit short,2021-09-22 17:38,Opposite signal,1773.555,12,21333.636,43.78,0.21,7.2,68.56,0.32,-5.78,-0.03,-4125.28,-41.25,248
797,Entry short,2021-09-22 13:30,S833,1777.803,12,21333.636,43.78,0.21,7.2,68.56,0.32,-5.78,-0.03,-4125.28,-41.25,248
798,Exit long,2021-09-22 17:45,Opposite signal,1771.715,17,30140.575,-31.62,-0.10,10.2,0,0.00,-27.79,-0.09,-4156.9,-41.57,4
798,Entry long,2021-09-22 17:41,L834,1772.975,17,30140.575,-31.62,-0.10,10.2,0,0.00,-27.79,-0.09,-4156.9,-41.57,4
799,Exit short,2021-09-22 17:57,Opposite signal,1774.46,14,24811.808,-39.03,-0.16,8.4,6.19,0.02,-40.85,-0.16,-4195.94,-41.96,11
799,Entry short,2021-09-22 17:46,S835,1772.272,14,24811.808,-39.03,-0.16,8.4,6.19,0.02,-40.85,-0.16,-4195.94,-41.96,11
800,Exit long,2021-09-22 23:30,L836 exit,1770.53,11,19515.815,-46.58,-0.24,6.6,75.06,0.38,-43.28,-0.22,-4242.52,-42.43,331
800,Entry long,2021-09-22 17:59,L836,1774.165,11,19515.815,-46.58,-0.24,6.6,75.06,0.38,-43.28,-0.22,-4242.52,-42.43,331
801,Exit long,2021-09-23 12:45,Opposite signal,1760.51,8,14122.704,-43.42,-0.31,4.8,0,0.00,-41.62,-0.29,-4285.94,-42.86,75
801,Entry long,2021-09-23 11:30,L837,1765.338,8,14122.704,-43.42,-0.31,4.8,0,0.00,-41.62,-0.29,-4285.94,-42.86,75
802,Exit short,2021-09-23 13:15,Opposite signal,1766.885,7,12330.052,-42.34,-0.34,4.2,0,0.00,-43.11,-0.35,-4328.29,-43.28,29
802,Entry short,2021-09-23 12:46,S838,1761.436,7,12330.052,-42.34,-0.34,4.2,0,0.00,-43.11,-0.35,-4328.29,-43.28,29
803,Exit long,2021-09-23 17:56,Opposite signal,1769.82,7,12358.822,25.72,0.21,4.2,75.52,0.61,-6.93,-0.06,-4302.57,-43.03,279
803,Entry long,2021-09-23 13:17,L839,1765.546,7,12358.822,25.72,0.21,4.2,75.52,0.61,-6.93,-0.06,-4302.57,-43.03,279
804,Exit short,2021-09-23 19:39,Opposite signal,1754.415,6,10618.368,88.28,0.83,3.6,118.57,1.12,-11.44,-0.11,-4214.29,-42.14,97
804,Entry short,2021-09-23 18:02,S840,1769.728,6,10618.368,88.28,0.83,3.6,118.57,1.12,-11.44,-0.11,-4214.29,-42.14,97
805,Exit long,2021-09-23 20:06,Opposite signal,1751.765,9,15784.074,-23.59,-0.15,5.4,12.55,0.08,-21.29,-0.13,-4237.88,-42.38,23
805,Entry long,2021-09-23 19:43,L841,1753.786,9,15784.074,-23.59,-0.15,5.4,12.55,0.08,-21.29,-0.13,-4237.88,-42.38,23
806,Exit short,2021-09-23 21:21,Opposite signal,1752.99,10,17522.7,-13.2,-0.08,6,60.24,0.34,-11.4,-0.07,-4251.08,-42.51,73
806,Entry short,2021-09-23 20:08,S842,1752.27,10,17522.7,-13.2,-0.08,6,60.24,0.34,-11.4,-0.07,-4251.08,-42.51,73
807,Exit long,2021-09-24 01:53,Opposite signal,1745.88,7,12259.863,-42.9,-0.35,4.2,11.6,0.09,-40.87,-0.33,-4293.98,-42.94,262
807,Entry long,2021-09-23 21:31,L843,1751.409,7,12259.863,-42.9,-0.35,4.2,11.6,0.09,-40.87,-0.33,-4293.98,-42.94,262
808,Exit long,2021-09-24 12:21,Opposite signal,1753.915,14,24583.608,-37.2,-0.15,8.4,1.58,0.01,-35.1,-0.14,-4331.18,-43.31,36
808,Entry long,2021-09-24 11:45,L844,1755.972,14,24583.608,-37.2,-0.15,8.4,1.58,0.01,-35.1,-0.14,-4331.18,-43.31,36
809,Exit short,2021-09-24 12:55,Opposite signal,1754.616,12,21049.98,-12.61,-0.06,7.2,11.82,0.06,-9.01,-0.04,-4343.79,-43.44,28
809,Entry short,2021-09-24 12:27,S845,1754.165,12,21049.98,-12.61,-0.06,7.2,11.82,0.06,-9.01,-0.04,-4343.79,-43.44,28
810,Exit long,2021-09-24 16:46,Opposite signal,1753.59,15,26317.68,-22.83,-0.09,9,42.57,0.16,-31.98,-0.12,-4366.62,-43.67,227
810,Entry long,2021-09-24 12:59,L846,1754.512,15,26317.68,-22.83,-0.09,9,42.57,0.16,-31.98,-0.12,-4366.62,-43.67,227
811,Exit short,2021-09-24 19:33,Opposite signal,1747.255,9,15783.48,52.79,0.33,5.4,116.15,0.74,-3.91,-0.02,-4313.84,-43.14,162
811,Entry short,2021-09-24 16:51,S847,1753.72,9,15783.48,52.79,0.33,5.4,116.15,0.74,-3.91,-0.02,-4313.84,-43.14,162
812,Exit long,2021-09-24 23:00,Weekend flat,1751.58,7,12220.537,36.32,0.30,4.2,55.71,0.46,-17.82,-0.15,-4277.52,-42.78,204
812,Entry long,2021-09-24 19:36,L848,1745.791,7,12220.537,36.32,0.30,4.2,55.71,0.46,-17.82,-0.15,-4277.52,-42.78,204
813,Exit long,2021-09-27 06:35,Opposite signal,1753.275,18,31582.098,-33.95,-0.11,10.8,0,0.00,-29.45,-0.09,-4311.46,-43.11,4
813,Entry long,2021-09-27 06:31,L849,1754.561,18,31582.098,-33.95,-0.11,10.8,0,0.00,-29.45,-0.09,-4311.46,-43.11,4
814,Exit short,2021-09-27 06:43,Opposite signal,1755.705,16,28057.2,-43.68,-0.16,9.6,0,0.00,-40.56,-0.14,-4355.14,-43.55,7
814,Entry short,2021-09-27 06:36,S850,1753.575,16,28057.2,-43.68,-0.16,9.6,0,0.00,-40.56,-0.14,-4355.14,-43.55,7
815,Exit long,2021-09-27 08:02,Opposite signal,1758.63,16,28139.52,-11.04,-0.04,9.6,15.68,0.06,-7.58,-0.03,-4366.18,-43.66,47
815,Entry long,2021-09-27 07:15,L851,1758.72,16,28139.52,-11.04,-0.04,9.6,15.68,0.06,-7.58,-0.03,-4366.18,-43.66,47
816,Exit short,2021-09-27 08:13,Opposite signal,1760.185,17,29901.81,-31.53,-0.11,10.2,0,0.00,-32.55,-0.11,-4397.72,-43.98,10
816,Entry short,2021-09-27 08:03,S852,1758.93,17,29901.81,-31.53,-0.11,10.2,0,0.00,-32.55,-0.11,-4397.72,-43.98,10
817,Exit long,2021-09-27 08:32,Opposite signal,1759.695,15,26402.7,-16.27,-0.06,9,6.45,0.02,-12.45,-0.05,-4413.99,-44.14,17
817,Entry long,2021-09-27 08:15,L853,1760.18,15,26402.7,-16.27,-0.06,9,6.45,0.02,-12.45,-0.05,-4413.99,-44.14,17
818,Exit short,2021-09-27 11:05,Opposite signal,1759.68,17,29914.985,-9.77,-0.03,10.2,23.21,0.08,-20.82,-0.07,-4423.77,-44.24,144
818,Entry short,2021-09-27 08:37,S854,1759.705,17,29914.985,-9.77,-0.03,10.2,23.21,0.08,-20.82,-0.07,-4423.77,-44.24,144
819,Exit long,2021-09-27 11:34,Opposite signal,1757.545,16,28149.632,-38.51,-0.14,9.6,10.85,0.04,-33.71,-0.12,-4462.28,-44.62,25
819,Entry long,2021-09-27 11:09,L855,1759.352,16,28149.632,-38.51,-0.14,9.6,10.85,0.04,-33.71,-0.12,-4462.28,-44.62,25
820,Exit short,2021-09-27 12:49,Opposite signal,1760.56,12,21096.48,-37.44,-0.18,7.2,8.88,0.04,-34.32,-0.16,-4499.72,-45.00,44
820,Entry short,2021-09-27 12:05,S856,1758.04,12,21096.48,-37.44,-0.18,7.2,8.88,0.04,-34.32,-0.16,-4499.72,-45.00,44
821,Exit long,2021-09-27 13:24,Opposite signal,1755.045,9,15834.978,-44.97,-0.28,5.4,3.94,0.02,-44.48,-0.28,-4544.69,-45.45,32
821,Entry long,2021-09-27 12:52,L857,1759.442,9,15834.978,-44.97,-0.28,5.4,3.94,0.02,-44.48,-0.28,-4544.69,-45.45,32
822,Exit short,2021-09-27 18:11,Opposite signal,1752.905,7,12288.01,13.48,0.11,4.2,71.72,0.58,-3.57,-0.03,-4531.22,-45.31,285
822,Entry short,2021-09-27 13:26,S858,1755.43,7,12288.01,13.48,0.11,4.2,71.72,0.58,-3.57,-0.03,-4531.22,-45.31,285
823,Exit long,2021-09-27 20:22,Opposite signal,1749.18,5,8762.935,-20.03,-0.23,3,25.25,0.29,-18.96,-0.22,-4551.25,-45.51,110
823,Entry long,2021-09-27 18:32,L859,1752.587,5,8762.935,-20.03,-0.23,3,25.25,0.29,-18.96,-0.22,-4551.25,-45.51,110
824,Exit short,2021-09-28 02:00,Time flat,1750.715,5,8750,-6.57,-0.08,3,4.9,0.06,-21.92,-0.25,-4557.83,-45.58,330
824,Entry short,2021-09-27 20:25,S860,1750,5,8750,-6.57,-0.08,3,4.9,0.06,-21.92,-0.25,-4557.83,-45.58,330
825,Exit long,2021-09-28 11:42,Opposite signal,1747.035,7,12269.026,-43.98,-0.36,4.2,1.83,0.01,-42.3,-0.34,-4601.81,-46.02,215
825,Entry long,2021-09-28 08:04,L861,1752.718,7,12269.026,-43.98,-0.36,4.2,1.83,0.01,-42.3,-0.34,-4601.81,-46.02,215
826,Exit short,2021-09-28 13:22,Opposite signal,1744.125,6,10484.28,15.93,0.15,3.6,66.48,0.63,-4.11,-0.04,-4585.88,-45.86,99
826,Entry short,2021-09-28 11:43,S862,1747.38,6,10484.28,15.93,0.15,3.6,66.48,0.63,-4.11,-0.04,-4585.88,-45.86,99
827,Exit long,2021-09-28 16:19,L863 exit,1735,6,10455.306,-48.91,-0.47,3.6,6.23,0.06,-47.11,-0.45,-4634.78,-46.35,162
827,Entry long,2021-09-28 13:37,L863,1742.551,6,10455.306,-48.91,-0.47,3.6,6.23,0.06,-47.11,-0.45,-4634.78,-46.35,162
828,Exit short,2021-09-28 18:58,Opposite signal,1739.265,5,8680,-19.32,-0.22,3,37.55,0.43,-18.52,-0.21,-4654.11,-46.54,105
828,Entry short,2021-09-28 17:13,S864,1736,5,8680,-19.32,-0.22,3,37.55,0.43,-18.52,-0.21,-4654.11,-46.54,105
829,Exit long,2021-09-29 02:00,Time flat,1733.45,4,6952.208,-20.81,-0.30,2.4,9.45,0.14,-34.31,-0.49,-4674.92,-46.75,417
829,Entry long,2021-09-28 19:03,L865,1738.052,4,6952.208,-20.81,-0.30,2.4,9.45,0.14,-34.31,-0.49,-4674.92,-46.75,417
830,Exit short,2021-09-30 00:27,Opposite signal,1725.81,8,13927.76,116.48,0.84,4.8,151.68,1.09,-3.6,-0.03,-4558.44,-45.58,392
830,Entry short,2021-09-29 17:55,S866,1740.97,8,13927.76,116.48,0.84,4.8,151.68,1.09,-3.6,-0.03,-4558.44,-45.58,392
831,Exit short,2021-09-30 06:46,Opposite signal,1730.915,16,27670.16,-34.08,-0.12,9.6,2.64,0.01,-30,-0.11,-4592.52,-45.93,13
831,Entry short,2021-09-30 06:33,S867,1729.385,16,27670.16,-34.08,-0.12,9.6,2.64,0.01,-30,-0.11,-4592.52,-45.93,13
832,Exit long,2021-09-30 09:41,Opposite signal,1732.24,14,24228.834,14.13,0.06,8.4,56.2,0.23,-26.89,-0.11,-4578.39,-45.78,171
832,Entry long,2021-09-30 06:47,L868,1730.631,14,24228.834,14.13,0.06,8.4,56.2,0.23,-26.89,-0.11,-4578.39,-45.78,171
833,Exit short,2021-09-30 11:58,Opposite signal,1730.555,11,19055.245,12.54,0.07,6.6,33.33,0.17,-19.08,-0.10,-4565.85,-45.66,130
833,Entry short,2021-09-30 09:47,S869,1732.295,11,19055.245,12.54,0.07,6.6,33.33,0.17,-19.08,-0.10,-4565.85,-45.66,130
834,Exit long,2021-09-30 12:08,Opposite signal,1728.87,16,27684.688,-32.37,-0.12,9.6,2.51,0.01,-31.33,-0.11,-4598.22,-45.98,9
834,Entry long,2021-09-30 11:59,L870,1730.293,16,27684.688,-32.37,-0.12,9.6,2.51,0.01,-31.33,-0.11,-4598.22,-45.98,9
835,Exit short,2021-09-30 12:57,Opposite signal,1729.97,14,24205.51,-22.47,-0.09,8.4,32.89,0.14,-18.83,-0.08,-4620.69,-46.21,47
835,Entry short,2021-09-30 12:10,S871,1728.965,14,24205.51,-22.47,-0.09,8.4,32.89,0.14,-18.83,-0.08,-4620.69,-46.21,47
836,Exit long,2021-09-30 14:41,Opposite signal,1730.745,8,13848.952,-7.79,-0.06,4.8,21.58,0.16,-5.39,-0.04,-4628.48,-46.28,83
836,Entry long,2021-09-30 13:18,L872,1731.119,8,13848.952,-7.79,-0.06,4.8,21.58,0.16,-5.39,-0.04,-4628.48,-46.28,83
837,Exit short,2021-09-30 17:09,Opposite signal,1726.71,10,17308.65,35.55,0.21,6,82.75,0.48,-13.1,-0.08,-4592.93,-45.93,147
837,Entry short,2021-09-30 14:42,S873,1730.865,10,17308.65,35.55,0.21,6,82.75,0.48,-13.1,-0.08,-4592.93,-45.93,147
838,Exit long,2021-09-30 19:04,L874 exit,1742.525,9,15532.902,144.42,0.93,5.4,147.12,0.95,-12.49,-0.08,-4448.51,-44.49,108
838,Entry long,2021-09-30 17:16,L874,1725.878,9,15532.902,144.42,0.93,5.4,147.12,0.95,-12.49,-0.08,-4448.51,-44.49,108
839,Exit short,2021-10-01 18:16,Opposite signal,1757.82,4,7016.252,-17.43,-0.25,2.4,16.21,0.23,-18.11,-0.26,-4465.94,-44.66,689
839,Entry short,2021-10-01 06:46,S875,1754.063,4,7016.252,-17.43,-0.25,2.4,16.21,0.23,-18.11,-0.26,-4465.94,-44.66,689
840,Exit long,2021-10-01 20:27,Opposite signal,1757.78,5,8786.425,-0.52,-0.01,3,33.83,0.38,-24.2,-0.28,-4466.46,-44.66,125
840,Entry long,2021-10-01 18:22,L876,1757.285,5,8786.425,-0.52,-0.01,3,33.83,0.38,-24.2,-0.28,-4466.46,-44.66,125
841,Exit short,2021-10-01 23:00,Weekend flat,1758.415,7,12314.386,1.28,0.01,4.2,21.41,0.17,-27.63,-0.22,-4465.18,-44.65,151
841,Entry short,2021-10-01 20:29,S877,1759.198,7,12314.386,1.28,0.01,4.2,21.41,0.17,-27.63,-0.22,-4465.18,-44.65,151
842,Exit short,2021-10-04 09:43,Opposite signal,1759.755,18,31695.462,9.07,0.03,10.8,48.67,0.15,-21.62,-0.07,-4456.11,-44.56,113
842,Entry short,2021-10-04 07:50,S878,1760.859,18,31695.462,9.07,0.03,10.8,48.67,0.15,-21.62,-0.07,-4456.11,-44.56,113
843,Exit long,2021-10-04 11:34,Opposite signal,1760.316,14,24636.43,-0.41,0.00,8.4,29.05,0.12,-7.77,-0.03,-4456.52,-44.57,93
843,Entry long,2021-10-04 10:00,L879,1759.745,14,24636.43,-0.41,0.00,8.4,29.05,0.12,-7.77,-0.03,-4456.52,-44.57,93
844,Exit short,2021-10-04 11:39,Opposite signal,1762.265,16,28171.792,-34.05,-0.12,9.6,0,0.00,-37.17,-0.13,-4490.56,-44.91,4
844,Entry short,2021-10-04 11:35,S880,1760.737,16,28171.792,-34.05,-0.12,9.6,0,0.00,-37.17,-0.13,-4490.56,-44.91,4
845,Exit long,2021-10-04 11:52,Opposite signal,1760.125,14,24664.136,-30.79,-0.12,8.4,0,0.00,-29.04,-0.12,-4521.35,-45.21,12
845,Entry long,2021-10-04 11:40,L881,1761.724,14,24664.136,-30.79,-0.12,8.4,0,0.00,-29.04,-0.12,-4521.35,-45.21,12
846,Exit short,2021-10-04 17:20,Opposite signal,1752.65,11,19357.239,71.49,0.37,6.6,128.3,0.66,-4.41,-0.02,-4449.86,-44.50,316
846,Entry short,2021-10-04 12:04,S882,1759.749,11,19357.239,71.49,0.37,6.6,128.3,0.66,-4.41,-0.02,-4449.86,-44.50,316
847,Exit long,2021-10-04 18:44,Opposite signal,1751.1,7,12269.565,-16.07,-0.13,4.2,36.82,0.30,-15.78,-0.13,-4465.92,-44.66,73
847,Entry long,2021-10-04 17:31,L883,1752.795,7,12269.565,-16.07,-0.13,4.2,36.82,0.30,-15.78,-0.13,-4465.92,-44.66,73
848,Exit short,2021-10-04 19:31,Opposite signal,1753.47,6,10507.65,-16.77,-0.16,3.6,14.7,0.14,-22.77,-0.22,-4482.69,-44.83,45
848,Entry short,2021-10-04 18:46,S884,1751.275,6,10507.65,-16.77,-0.16,3.6,14.7,0.14,-22.77,-0.22,-4482.69,-44.83,45
849,Exit long,2021-10-05 02:00,Time flat,1768.055,5,8780.18,57.1,0.65,3,71.22,0.81,-11.43,-0.13,-4425.6,-44.26,370
849,Entry long,2021-10-04 19:45,L885,1756.036,5,8780.18,57.1,0.65,3,71.22,0.81,-11.43,-0.13,-4425.6,-44.26,370
850,Exit short,2021-10-05 20:40,Opposite signal,1754.505,3,5273.661,8.35,0.16,1.8,26.72,0.51,-11.62,-0.22,-4417.25,-44.17,214
850,Entry short,2021-10-05 17:06,S886,1757.887,3,5273.661,8.35,0.16,1.8,26.72,0.51,-11.62,-0.22,-4417.25,-44.17,214
851,Exit long,2021-10-06 00:06,Opposite signal,1761.37,7,12279.96,45.43,0.37,4.2,59.15,0.48,-4.72,-0.04,-4371.82,-43.72,204
851,Entry long,2021-10-05 20:41,L887,1754.28,7,12279.96,45.43,0.37,4.2,59.15,0.48,-4.72,-0.04,-4371.82,-43.72,204
852,Exit long,2021-10-06 06:46,Opposite signal,1757.245,17,29896.132,-33.17,-0.11,10.2,0,0.00,-29.77,-0.10,-4404.99,-44.05,21
852,Entry long,2021-10-06 06:25,L888,1758.596,17,29896.132,-33.17,-0.11,10.2,0,0.00,-29.77,-0.10,-4404.99,-44.05,21
853,Exit short,2021-10-06 11:34,Opposite signal,1752.586,13,22836.515,45.1,0.20,7.8,75.79,0.33,-22.75,-0.10,-4359.89,-43.60,276
853,Entry short,2021-10-06 06:58,S889,1756.655,13,22836.515,45.1,0.20,7.8,75.79,0.33,-22.75,-0.10,-4359.89,-43.60,276
854,Exit long,2021-10-06 12:33,Opposite signal,1751.49,14,24533.95,-21.49,-0.09,8.4,30.24,0.12,-19.95,-0.08,-4381.38,-43.81,58
854,Entry long,2021-10-06 11:35,L890,1752.425,14,24533.95,-21.49,-0.09,8.4,30.24,0.12,-19.95,-0.08,-4381.38,-43.81,58
855,Exit short,2021-10-06 16:35,Opposite signal,1752.765,10,17514.84,-18.81,-0.11,6,51.94,0.30,-18.56,-0.11,-4400.19,-44.00,238
855,Entry short,2021-10-06 12:37,S891,1751.484,10,17514.84,-18.81,-0.11,6,51.94,0.30,-18.56,-0.11,-4400.19,-44.00,238
856,Exit long,2021-10-07 01:09,Opposite signal,1764.025,5,8770.935,46.19,0.53,3,52.87,0.60,-5.33,-0.06,-4354,-43.54,485
856,Entry long,2021-10-06 17:04,L892,1754.187,5,8770.935,46.19,0.53,3,52.87,0.60,-5.33,-0.06,-4354,-43.54,485
857,Exit long,2021-10-07 10:52,Opposite signal,1758.765,14,24633.882,-19.57,-0.08,8.4,14.32,0.06,-15.37,-0.06,-4373.58,-43.74,89
857,Entry long,2021-10-07 09:21,L894,1759.563,14,24633.882,-19.57,-0.08,8.4,14.32,0.06,-15.37,-0.06,-4373.58,-43.74,89
858,Exit long,2021-10-07 14:14,Opposite signal,1761.61,9,15842.205,6.89,0.04,5.4,57.96,0.37,-4.41,-0.03,-4366.69,-43.67,141
858,Entry long,2021-10-07 11:53,L896,1760.245,9,15842.205,6.89,0.04,5.4,57.96,0.37,-4.41,-0.03,-4366.69,-43.67,141
859,Exit long,2021-10-07 17:52,Opposite signal,1760.115,14,24642.38,-9.17,-0.04,8.4,60.06,0.24,-10.43,-0.04,-4375.86,-43.76,164
859,Entry long,2021-10-07 15:08,L898,1760.17,14,24642.38,-9.17,-0.04,8.4,60.06,0.24,-10.43,-0.04,-4375.86,-43.76,164
860,Exit long,2021-10-08 01:15,Opposite signal,1754.97,8,14053.416,-18.46,-0.13,4.8,50.07,0.36,-16.14,-0.11,-4394.32,-43.94,356
860,Entry long,2021-10-07 19:19,L900,1756.677,8,14053.416,-18.46,-0.13,4.8,50.07,0.36,-16.14,-0.11,-4394.32,-43.94,356
861,Exit long,2021-10-08 10:09,Opposite signal,1757.885,10,17565.55,7.3,0.04,6,37.8,0.22,-12.15,-0.07,-4387.02,-43.87,209
861,Entry long,2021-10-08 06:39,L901,1756.555,10,17565.55,7.3,0.04,6,37.8,0.22,-12.15,-0.07,-4387.02,-43.87,209
862,Exit short,2021-10-08 11:14,Opposite signal,1758.44,11,19336.9,-12.54,-0.06,6.6,17.23,0.09,-9.24,-0.05,-4399.56,-44.00,61
862,Entry short,2021-10-08 10:13,S902,1757.9,11,19336.9,-12.54,-0.06,6.6,17.23,0.09,-9.24,-0.05,-4399.56,-44.00,61
863,Exit long,2021-10-08 12:38,Opposite signal,1756.73,13,22856.574,-26.88,-0.12,7.8,23.63,0.10,-23.83,-0.10,-4426.44,-44.26,77
863,Entry long,2021-10-08 11:21,L903,1758.198,13,22856.574,-26.88,-0.12,7.8,23.63,0.10,-23.83,-0.10,-4426.44,-44.26,77
864,Exit short,2021-10-08 16:31,Opposite signal,1760.65,11,19330.575,-43.17,-0.22,6.6,22.22,0.11,-39.87,-0.21,-4469.62,-44.70,195
864,Entry short,2021-10-08 13:16,S904,1757.325,11,19330.575,-43.17,-0.22,6.6,22.22,0.11,-39.87,-0.21,-4469.62,-44.70,195
865,Exit long,2021-10-08 18:45,L905 exit,1779.54,10,17643,146.4,0.83,6,149.4,0.85,-31.55,-0.18,-4323.22,-43.23,57
865,Entry long,2021-10-08 17:48,L905,1764.3,10,17643,146.4,0.83,6,149.4,0.85,-31.55,-0.18,-4323.22,-43.23,57
866,Exit short,2021-10-08 23:00,Weekend flat,1757.01,5,8862.085,74.04,0.84,3,82.61,0.93,-10.56,-0.12,-4249.18,-42.49,218
866,Entry short,2021-10-08 19:22,S906,1772.417,5,8862.085,74.04,0.84,3,82.61,0.93,-10.56,-0.12,-4249.18,-42.49,218
867,Exit long,2021-10-11 18:26,Opposite signal,1750.496,4,7043,-43.42,-0.62,2.4,0,0.00,-42.22,-0.60,-4292.6,-42.93,669
867,Entry long,2021-10-11 07:15,L907,1760.75,4,7043,-43.42,-0.62,2.4,0,0.00,-42.22,-0.60,-4292.6,-42.93,669
868,Exit short,2021-10-12 02:00,Time flat,1754.215,5,8764.79,-9.28,-0.11,3,0,0.00,-37.81,-0.43,-4301.88,-43.02,439
868,Entry short,2021-10-11 18:34,S908,1752.958,5,8764.79,-9.28,-0.11,3,0,0.00,-37.81,-0.43,-4301.88,-43.02,439
869,Exit long,2021-10-12 17:14,Opposite signal,1762.005,4,7044.38,1.24,0.02,2.4,14.56,0.21,-19.52,-0.28,-4300.64,-43.01,371
869,Entry long,2021-10-12 11:03,L909,1761.095,4,7044.38,1.24,0.02,2.4,14.56,0.21,-19.52,-0.28,-4300.64,-43.01,371
870,Exit short,2021-10-12 17:49,Opposite signal,1763.185,12,21149.784,-15.64,-0.07,7.2,19.15,0.09,-13.01,-0.06,-4316.28,-43.16,33
870,Entry short,2021-10-12 17:16,S910,1762.482,12,21149.784,-15.64,-0.07,7.2,19.15,0.09,-13.01,-0.06,-4316.28,-43.16,33
871,Exit long,2021-10-12 17:55,Opposite signal,1759.86,13,22913.67,-43.29,-0.19,7.8,0,0.00,-40.49,-0.18,-4359.57,-43.60,5
871,Entry long,2021-10-12 17:50,L911,1762.59,13,22913.67,-43.29,-0.19,7.8,0,0.00,-40.49,-0.18,-4359.57,-43.60,5
872,Exit short,2021-10-12 19:18,S912 exit,1764.385,6,10538.148,-51.76,-0.49,3.6,0,0.00,-49.96,-0.47,-4411.33,-44.11,54
872,Entry short,2021-10-12 18:24,S912,1756.358,6,10538.148,-51.76,-0.49,3.6,0,0.00,-49.96,-0.47,-4411.33,-44.11,54
873,Exit long,2021-10-13 02:00,Time flat,1760.57,5,8816.925,-17.07,-0.19,3,12.5,0.14,-28.4,-0.32,-4428.4,-44.28,353
873,Entry long,2021-10-12 20:05,L913,1763.385,5,8816.925,-17.07,-0.19,3,12.5,0.14,-28.4,-0.32,-4428.4,-44.28,353
874,Exit short,2021-10-13 19:09,S914 exit,1778.585,3,5289.285,-48.27,-0.91,1.8,14.72,0.28,-47.37,-0.90,-4476.67,-44.77,45
874,Entry short,2021-10-13 18:24,S914,1763.095,3,5289.285,-48.27,-0.91,1.8,14.72,0.28,-47.37,-0.90,-4476.67,-44.77,45
875,Exit long,2021-10-14 12:48,Opposite signal,1791.95,10,17902,11.5,0.06,6,45.6,0.25,-5.8,-0.03,-4465.17,-44.65,148
875,Entry long,2021-10-14 10:19,L916,1790.2,10,17902,11.5,0.06,6,45.6,0.25,-5.8,-0.03,-4465.17,-44.65,148
876,Exit short,2021-10-14 13:34,Opposite signal,1795.846,12,21511.704,-45.65,-0.21,7.2,18.07,0.08,-43.42,-0.20,-4510.82,-45.11,45
876,Entry short,2021-10-14 12:49,S917,1792.642,12,21511.704,-45.65,-0.21,7.2,18.07,0.08,-43.42,-0.20,-4510.82,-45.11,45
877,Exit long,2021-10-14 17:24,Opposite signal,1797.66,8,14360.48,16,0.11,4.8,42.28,0.29,-8.68,-0.06,-4494.82,-44.95,229
877,Entry long,2021-10-14 13:35,L918,1795.06,8,14360.48,16,0.11,4.8,42.28,0.29,-8.68,-0.06,-4494.82,-44.95,229
878,Exit short,2021-10-15 02:00,Time flat,1796.51,9,16170.435,-3.55,-0.02,5.4,23.48,0.15,-29.8,-0.18,-4498.38,-44.98,507
878,Entry short,2021-10-14 17:31,S919,1796.715,9,16170.435,-3.55,-0.02,5.4,23.48,0.15,-29.8,-0.18,-4498.38,-44.98,507
879,Exit long,2021-10-15 11:43,Opposite signal,1792.28,15,26896.95,-21.75,-0.08,9,0,0.00,-19.5,-0.07,-4520.13,-45.20,25
879,Entry long,2021-10-15 11:18,L920,1793.13,15,26896.95,-21.75,-0.08,9,0,0.00,-19.5,-0.07,-4520.13,-45.20,25
880,Exit short,2021-10-15 14:44,S921 exit,1783.66,19,34066.145,165.21,0.48,11.4,170.91,0.50,-5.7,-0.02,-4354.92,-43.55,180
880,Entry short,2021-10-15 11:44,S921,1792.955,19,34066.145,165.21,0.48,11.4,170.91,0.50,-5.7,-0.02,-4354.92,-43.55,180
881,Exit long,2021-10-15 21:05,Opposite signal,1771.686,5,8863.825,-8.39,-0.09,3,16.77,0.19,-7.77,-0.09,-4363.32,-43.63,89
881,Entry long,2021-10-15 19:36,L922,1772.765,5,8863.825,-8.39,-0.09,3,16.77,0.19,-7.77,-0.09,-4363.32,-43.63,89
882,Exit short,2021-10-15 23:00,Weekend flat,1767.66,8,14174.52,28.44,0.20,4.8,41.04,0.29,-5.08,-0.04,-4334.88,-43.35,113
882,Entry short,2021-10-15 21:07,S923,1771.815,8,14174.52,28.44,0.20,4.8,41.04,0.29,-5.08,-0.04,-4334.88,-43.35,113
883,Exit long,2021-10-18 11:08,Opposite signal,1767.97,14,24761.044,-17.86,-0.07,8.4,8.96,0.04,-13.66,-0.06,-4352.74,-43.53,25
883,Entry long,2021-10-18 10:43,L924,1768.646,14,24761.044,-17.86,-0.07,8.4,8.96,0.04,-13.66,-0.06,-4352.74,-43.53,25
884,Exit short,2021-10-18 17:35,Opposite signal,1765.81,17,30061.1,32.13,0.11,10.2,129.63,0.43,-18.1,-0.06,-4320.61,-43.21,386
884,Entry short,2021-10-18 11:09,S925,1768.3,17,30061.1,32.13,0.11,10.2,129.63,0.43,-18.1,-0.06,-4320.61,-43.21,386
885,Exit long,2021-10-18 21:24,Opposite signal,1767.78,6,10598.832,4.25,0.04,3.6,26.96,0.25,-31.03,-0.29,-4316.36,-43.16,217
885,Entry long,2021-10-18 17:47,L926,1766.472,6,10598.832,4.25,0.04,3.6,26.96,0.25,-31.03,-0.29,-4316.36,-43.16,217
886,Exit short,2021-10-18 23:24,Opposite signal,1767.805,10,17678.15,-5.9,-0.03,6,27.45,0.16,-6.75,-0.04,-4322.26,-43.22,117
886,Entry short,2021-10-18 21:27,S927,1767.815,10,17678.15,-5.9,-0.03,6,27.45,0.16,-6.75,-0.04,-4322.26,-43.22,117
887,Exit short,2021-10-19 10:36,Opposite signal,1775.11,19,33722.055,-16.43,-0.05,11.4,2.38,0.01,-12.44,-0.04,-4338.7,-43.39,23
887,Entry short,2021-10-19 10:12,S928,1774.845,19,33722.055,-16.43,-0.05,11.4,2.38,0.01,-12.44,-0.04,-4338.7,-43.39,23
888,Exit long,2021-10-19 10:40,Opposite signal,1774.265,22,39047.58,-26.95,-0.07,13.2,0,0.00,-20.35,-0.05,-4365.65,-43.66,3
888,Entry long,2021-10-19 10:37,L929,1774.89,22,39047.58,-26.95,-0.07,13.2,0,0.00,-20.35,-0.05,-4365.65,-43.66,3
889,Exit short,2021-10-19 11:06,Opposite signal,1775.325,20,35488.6,-29.9,-0.08,12,6.8,0.02,-24.2,-0.07,-4395.55,-43.96,25
889,Entry short,2021-10-19 10:41,S930,1774.43,20,35488.6,-29.9,-0.08,12,6.8,0.02,-24.2,-0.07,-4395.55,-43.96,25
890,Exit long,2021-10-19 13:31,Opposite signal,1781.216,16,28401.632,88.22,0.31,9.6,120.05,0.42,-8.99,-0.03,-4307.32,-43.07,144
890,Entry long,2021-10-19 11:07,L931,1775.102,16,28401.632,88.22,0.31,9.6,120.05,0.42,-8.99,-0.03,-4307.32,-43.07,144
891,Exit short,2021-10-19 17:02,Opposite signal,1779.185,16,28503.264,26.7,0.09,9.6,83.34,0.29,-29.7,-0.10,-4280.62,-42.81,210
891,Entry short,2021-10-19 13:32,S932,1781.454,16,28503.264,26.7,0.09,9.6,83.34,0.29,-29.7,-0.10,-4280.62,-42.81,210
892,Exit long,2021-10-19 19:11,Opposite signal,1776.764,11,19566.91,-29.11,-0.15,6.6,66.55,0.34,-26.95,-0.14,-4309.73,-43.10,127
892,Entry long,2021-10-19 17:04,L933,1778.81,11,19566.91,-29.11,-0.15,6.6,66.55,0.34,-26.95,-0.14,-4309.73,-43.10,127
893,Exit short,2021-10-20 02:00,Time flat,1769.91,6,10672.35,49.29,0.46,3.6,67.13,0.63,-15.54,-0.15,-4260.44,-42.60,400
893,Entry short,2021-10-19 19:15,S934,1778.725,6,10672.35,49.29,0.46,3.6,67.13,0.63,-15.54,-0.15,-4260.44,-42.60,400
894,Exit long,2021-10-20 15:13,Opposite signal,1777.805,8,14169.4,48.24,0.34,4.8,65.52,0.46,-15.08,-0.11,-4212.2,-42.12,508
894,Entry long,2021-10-20 06:42,L935,1771.175,8,14169.4,48.24,0.34,4.8,65.52,0.46,-15.08,-0.11,-4212.2,-42.12,508
895,Exit short,2021-10-20 16:26,Opposite signal,1780.005,16,28452.144,-37.54,-0.13,9.6,0,0.00,-34.58,-0.12,-4249.73,-42.50,72
895,Entry short,2021-10-20 15:14,S936,1778.259,16,28452.144,-37.54,-0.13,9.6,0,0.00,-34.58,-0.12,-4249.73,-42.50,72
896,Exit long,2021-10-20 18:58,Opposite signal,1781.32,14,24915.31,14.77,0.06,8.4,119.07,0.48,-21.21,-0.09,-4234.96,-42.35,121
896,Entry long,2021-10-20 16:57,L937,1779.665,14,24915.31,14.77,0.06,8.4,119.07,0.48,-21.21,-0.09,-4234.96,-42.35,121
897,Exit short,2021-10-21 02:00,Time flat,1781.8,4,7113.08,-16.52,-0.23,2.4,4.62,0.06,-38.6,-0.54,-4251.48,-42.51,412
897,Entry short,2021-10-20 19:07,S938,1778.27,4,7113.08,-16.52,-0.23,2.4,4.62,0.06,-38.6,-0.54,-4251.48,-42.51,412
898,Exit long,2021-10-22 02:00,Time flat,1783.125,3,5365.41,-17.83,-0.33,1.8,0,0.00,-36.65,-0.68,-4269.32,-42.69,1066
898,Entry long,2021-10-21 08:12,L939,1788.47,3,5365.41,-17.83,-0.33,1.8,0,0.00,-36.65,-0.68,-4269.32,-42.69,1066
899,Exit short,2021-10-22 13:36,Opposite signal,1794.56,11,19710.845,-35.91,-0.18,6.6,5.12,0.03,-35.36,-0.18,-4305.23,-43.05,55
899,Entry short,2021-10-22 12:41,S940,1791.895,11,19710.845,-35.91,-0.18,6.6,5.12,0.03,-35.36,-0.18,-4305.23,-43.05,55
900,Exit long,2021-10-22 14:15,Opposite signal,1790.85,10,17942.6,-40.1,-0.22,6,0,0.00,-39.15,-0.22,-4345.33,-43.45,38
900,Entry long,2021-10-22 13:37,L941,1794.26,10,17942.6,-40.1,-0.22,6,0,0.00,-39.15,-0.22,-4345.33,-43.45,38
901,Exit short,2021-10-22 14:39,Opposite signal,1792.155,10,17917.13,-10.42,-0.06,6,8.98,0.05,-8.63,-0.05,-4355.75,-43.56,18
901,Entry short,2021-10-22 14:21,S942,1791.713,10,17917.13,-10.42,-0.06,6,8.98,0.05,-8.63,-0.05,-4355.75,-43.56,18
902,Exit long,2021-10-22 16:14,Opposite signal,1792.545,15,26880.375,-1.2,0.00,9,30.38,0.11,-18.37,-0.07,-4356.95,-43.57,75
902,Entry long,2021-10-22 14:59,L943,1792.025,15,26880.375,-1.2,0.00,9,30.38,0.11,-18.37,-0.07,-4356.95,-43.57,75
903,Exit short,2021-10-22 16:52,Opposite signal,1794.974,16,28685.728,-43.46,-0.15,9.6,10.61,0.04,-40.59,-0.14,-4400.41,-44.00,31
903,Entry short,2021-10-22 16:21,S944,1792.858,16,28685.728,-43.46,-0.15,9.6,10.61,0.04,-40.59,-0.14,-4400.41,-44.00,31
904,Exit long,2021-10-22 17:31,Opposite signal,1791.58,12,21532.2,-40.44,-0.19,7.2,0.54,0.00,-36.84,-0.17,-4440.85,-44.41,37
904,Entry long,2021-10-22 16:54,L945,1794.35,12,21532.2,-40.44,-0.19,7.2,0.54,0.00,-36.84,-0.17,-4440.85,-44.41,37
905,Exit short,2021-10-22 17:50,S946 exit,1796.095,11,19714.739,-48.91,-0.25,6.6,0,0.00,-45.61,-0.23,-4489.75,-44.90,18
905,Entry short,2021-10-22 17:32,S946,1792.249,11,19714.739,-48.91,-0.25,6.6,0,0.00,-45.61,-0.23,-4489.75,-44.90,18
906,Exit short,2021-10-22 23:00,Weekend flat,1795.22,2,3581.244,-10.4,-0.29,1.2,0,0.00,-16.68,-0.47,-4500.15,-45.00,69
906,Entry short,2021-10-22 21:51,S948,1790.622,2,3581.244,-10.4,-0.29,1.2,0,0.00,-16.68,-0.47,-4500.15,-45.00,69
907,Exit short,2021-11-01 06:39,Opposite signal,1782.905,13,23149.23,-36.33,-0.16,7.8,0,0.00,-34.32,-0.15,-4536.49,-45.36,7
907,Entry short,2021-11-01 06:32,S949,1780.71,13,23149.23,-36.33,-0.16,7.8,0,0.00,-34.32,-0.15,-4536.49,-45.36,7
908,Exit long,2021-11-01 07:48,Opposite signal,1785.684,13,23171.499,34.59,0.15,7.8,51.25,0.22,-25.78,-0.11,-4501.89,-45.02,66
908,Entry long,2021-11-01 06:42,L950,1782.423,13,23171.499,34.59,0.15,7.8,51.25,0.22,-25.78,-0.11,-4501.89,-45.02,66
909,Exit short,2021-11-01 08:11,Opposite signal,1787.045,20,35718,-34.9,-0.10,12,0,0.00,-29,-0.08,-4536.79,-45.37,20
909,Entry short,2021-11-01 07:51,S951,1785.9,20,35718,-34.9,-0.10,12,0,0.00,-29,-0.08,-4536.79,-45.37,20
910,Exit long,2021-11-01 08:49,Opposite signal,1785.465,16,28589.44,-31.6,-0.11,9.6,4.64,0.02,-26.8,-0.09,-4568.39,-45.68,37
910,Entry long,2021-11-01 08:12,L952,1786.84,16,28589.44,-31.6,-0.11,9.6,4.64,0.02,-26.8,-0.09,-4568.39,-45.68,37
911,Exit long,2021-11-01 11:44,Opposite signal,1785.7,17,30341.022,5.68,0.02,10.2,46.82,0.15,-18.12,-0.06,-4562.71,-45.63,56
911,Entry long,2021-11-01 10:48,L954,1784.766,17,30341.022,5.68,0.02,10.2,46.82,0.15,-18.12,-0.06,-4562.71,-45.63,56
912,Exit long,2021-11-01 13:21,Opposite signal,1784.12,12,21412.776,-10.54,-0.05,7.2,12.02,0.06,-6.94,-0.03,-4573.25,-45.73,15
912,Entry long,2021-11-01 13:06,L956,1784.398,12,21412.776,-10.54,-0.05,7.2,12.02,0.06,-6.94,-0.03,-4573.25,-45.73,15
913,Exit long,2021-11-01 16:42,Opposite signal,1785.37,11,19622.658,9.81,0.05,6.6,44.19,0.23,-5.85,-0.03,-4563.44,-45.63,127
913,Entry long,2021-11-01 14:35,L958,1783.878,11,19622.658,9.81,0.05,6.6,44.19,0.23,-5.85,-0.03,-4563.44,-45.63,127
914,Exit short,2021-11-01 17:52,S959 exit,1789.195,12,21427.2,-50.34,-0.23,7.2,0,0.00,-46.74,-0.22,-4613.78,-46.14,39
914,Entry short,2021-11-01 17:13,S959,1785.6,12,21427.2,-50.34,-0.23,7.2,0,0.00,-46.74,-0.22,-4613.78,-46.14,39
915,Exit long,2021-11-01 19:04,Opposite signal,1786.804,6,10732.248,-15.02,-0.14,3.6,15.13,0.14,-13.73,-0.13,-4628.8,-46.29,69
915,Entry long,2021-11-01 17:55,L960,1788.708,6,10732.248,-15.02,-0.14,3.6,15.13,0.14,-13.73,-0.13,-4628.8,-46.29,69
916,Exit short,2021-11-01 19:28,Opposite signal,1791.62,8,14297.72,-40.04,-0.28,4.8,0,0.00,-42.01,-0.29,-4668.84,-46.69,23
916,Entry short,2021-11-01 19:05,S961,1787.215,8,14297.72,-40.04,-0.28,4.8,0,0.00,-42.01,-0.29,-4668.84,-46.69,23
917,Exit long,2021-11-02 02:00,Time flat,1793.34,6,10753.932,2.51,0.02,3.6,19.31,0.18,-16.66,-0.15,-4666.33,-46.66,386
917,Entry long,2021-11-01 19:31,L962,1792.322,6,10753.932,2.51,0.02,3.6,19.31,0.18,-16.66,-0.15,-4666.33,-46.66,386
918,Exit short,2021-11-02 06:59,Opposite signal,1790.72,7,12530.63,-8.61,-0.07,4.2,1.86,0.01,-8.57,-0.07,-4674.94,-46.75,24
918,Entry short,2021-11-02 06:35,S963,1790.09,7,12530.63,-8.61,-0.07,4.2,1.86,0.01,-8.57,-0.07,-4674.94,-46.75,24
919,Exit long,2021-11-02 07:38,Opposite signal,1789.48,17,30443.6,-32.64,-0.11,10.2,4.85,0.02,-27.54,-0.09,-4707.58,-47.08,38
919,Entry long,2021-11-02 07:00,L964,1790.8,17,30443.6,-32.64,-0.11,10.2,4.85,0.02,-27.54,-0.09,-4707.58,-47.08,38
920,Exit short,2021-11-02 08:03,Opposite signal,1791.685,14,25053.35,-38.64,-0.15,8.4,0,0.00,-35.07,-0.14,-4746.23,-47.46,24
920,Entry short,2021-11-02 07:39,S965,1789.525,14,25053.35,-38.64,-0.15,8.4,0,0.00,-35.07,-0.14,-4746.23,-47.46,24
921,Exit long,2021-11-02 08:20,Opposite signal,1791.01,14,25076.226,-10.49,-0.04,8.4,9.11,0.04,-6.29,-0.03,-4756.71,-47.57,15
921,Entry long,2021-11-02 08:05,L966,1791.159,14,25076.226,-10.49,-0.04,8.4,9.11,0.04,-6.29,-0.03,-4756.71,-47.57,15
922,Exit short,2021-11-02 08:44,Opposite signal,1791.3,18,32238.54,-15.66,-0.05,10.8,9.09,0.03,-11.88,-0.04,-4772.37,-47.72,19
922,Entry short,2021-11-02 08:25,S967,1791.03,18,32238.54,-15.66,-0.05,10.8,9.09,0.03,-11.88,-0.04,-4772.37,-47.72,19
923,Exit long,2021-11-02 09:01,Opposite signal,1790.145,19,34029.38,-28.02,-0.08,11.4,0,0.00,-22.69,-0.07,-4800.4,-48.00,16
923,Entry long,2021-11-02 08:45,L968,1791.02,19,34029.38,-28.02,-0.08,11.4,0,0.00,-22.69,-0.07,-4800.4,-48.00,16
924,Exit short,2021-11-02 09:04,Opposite signal,1791.63,17,30444.705,-23.2,-0.08,10.2,0,0.00,-18.87,-0.06,-4823.6,-48.24,2
924,Entry short,2021-11-02 09:02,S969,1790.865,17,30444.705,-23.2,-0.08,10.2,0,0.00,-18.87,-0.06,-4823.6,-48.24,2
925,Exit long,2021-11-02 11:36,Opposite signal,1793.18,17,30453.103,20.76,0.07,10.2,55.61,0.18,-18.26,-0.06,-4802.84,-48.03,148
925,Entry long,2021-11-02 09:06,L970,1791.359,17,30453.103,20.76,0.07,10.2,55.61,0.18,-18.26,-0.06,-4802.84,-48.03,148
926,Exit short,2021-11-02 11:52,Opposite signal,1794.98,14,25108.93,-29.19,-0.12,8.4,5.31,0.02,-25.69,-0.10,-4832.03,-48.32,15
926,Entry short,2021-11-02 11:37,S971,1793.495,14,25108.93,-29.19,-0.12,8.4,5.31,0.02,-25.69,-0.10,-4832.03,-48.32,15
927,Exit long,2021-11-02 12:19,Opposite signal,1794.025,13,23330.281,-15.76,-0.07,7.8,10.7,0.05,-12.96,-0.06,-4847.79,-48.48,24
927,Entry long,2021-11-02 11:55,L972,1794.637,13,23330.281,-15.76,-0.07,7.8,10.7,0.05,-12.96,-0.06,-4847.79,-48.48,24
928,Exit short,2021-11-02 12:39,Opposite signal,1795.795,15,26912.25,-33.67,-0.13,9,4.05,0.02,-35.1,-0.13,-4881.46,-48.81,16
928,Entry short,2021-11-02 12:23,S973,1794.15,15,26912.25,-33.67,-0.13,9,4.05,0.02,-35.1,-0.13,-4881.46,-48.81,16
929,Exit long,2021-11-02 13:33,Opposite signal,1793.28,13,23344.035,-39.19,-0.17,7.8,5.46,0.02,-42.05,-0.18,-4920.66,-49.21,49
929,Entry long,2021-11-02 12:44,L974,1795.695,13,23344.035,-39.19,-0.17,7.8,5.46,0.02,-42.05,-0.18,-4920.66,-49.21,49
930,Exit long,2021-11-02 15:52,Opposite signal,1792.79,11,19732.647,-18.56,-0.09,6.6,16.2,0.08,-15.26,-0.08,-4939.22,-49.39,93
930,Entry long,2021-11-02 14:19,L976,1793.877,11,19732.647,-18.56,-0.09,6.6,16.2,0.08,-15.26,-0.08,-4939.22,-49.39,93
931,Exit short,2021-11-02 17:44,Opposite signal,1793.175,12,21519.6,-5.7,-0.03,7.2,55.97,0.26,-16.98,-0.08,-4944.92,-49.45,111
931,Entry short,2021-11-02 15:53,S977,1793.3,12,21519.6,-5.7,-0.03,7.2,55.97,0.26,-16.98,-0.08,-4944.92,-49.45,111
932,Exit long,2021-11-02 19:38,Opposite signal,1788.11,8,14344.088,-44.01,-0.31,4.8,3.32,0.02,-41.61,-0.29,-4988.92,-49.89,110
932,Entry long,2021-11-02 17:48,L978,1793.011,8,14344.088,-44.01,-0.31,4.8,3.32,0.02,-41.61,-0.29,-4988.92,-49.89,110
933,Exit short,2021-11-03 02:00,Time flat,1787.865,6,10730.016,-0.77,-0.01,3.6,9.52,0.09,-31.55,-0.29,-4989.7,-49.90,376
933,Entry short,2021-11-02 19:42,S979,1788.336,6,10730.016,-0.77,-0.01,3.6,9.52,0.09,-31.55,-0.29,-4989.7,-49.90,376
934,Exit long,2021-11-03 11:48,Opposite signal,1778.67,10,17826.78,-46.08,-0.26,6,9.22,0.05,-46.42,-0.26,-5035.78,-50.36,163
934,Entry long,2021-11-03 09:04,L980,1782.678,10,17826.78,-46.08,-0.26,6,9.22,0.05,-46.42,-0.26,-5035.78,-50.36,163
935,Exit short,2021-11-03 16:33,Opposite signal,1783.96,8,14234.368,-42.11,-0.30,4.8,0.97,0.01,-40.07,-0.28,-5077.89,-50.78,284
935,Entry short,2021-11-03 11:49,S981,1779.296,8,14234.368,-42.11,-0.30,4.8,0.97,0.01,-40.07,-0.28,-5077.89,-50.78,284
936,Exit long,2021-11-03 17:47,Opposite signal,1783.925,8,14263.432,3.17,0.02,4.8,19.41,0.14,-4.19,-0.03,-5074.72,-50.75,55
936,Entry long,2021-11-03 16:52,L982,1782.929,8,14263.432,3.17,0.02,4.8,19.41,0.14,-4.19,-0.03,-5074.72,-50.75,55
937,Exit short,2021-11-03 18:41,S983 exit,1773.095,15,26759.775,154.35,0.58,9,158.85,0.59,-30.97,-0.12,-4920.37,-49.20,52
937,Entry short,2021-11-03 17:49,S983,1783.985,15,26759.775,154.35,0.58,9,158.85,0.59,-30.97,-0.12,-4920.37,-49.20,52
938,Exit long,2021-11-04 02:00,Time flat,1772.236,8,14107.36,65.73,0.47,4.8,91.04,0.65,-17.28,-0.12,-4854.65,-48.55,181
938,Entry long,2021-11-03 22:59,L984,1763.42,8,14107.36,65.73,0.47,4.8,91.04,0.65,-17.28,-0.12,-4854.65,-48.55,181
939,Exit short,2021-11-04 16:02,Opposite signal,1778.4,7,12413.52,-39.48,-0.32,4.2,15.36,0.12,-37.38,-0.30,-4894.12,-48.94,270
939,Entry short,2021-11-04 11:32,S985,1773.36,7,12413.52,-39.48,-0.32,4.2,15.36,0.12,-37.38,-0.30,-4894.12,-48.94,270
940,Exit long,2021-11-04 17:01,Opposite signal,1778.445,18,32012.82,-11.61,-0.04,10.8,28.98,0.09,-15.93,-0.05,-4905.73,-49.06,49
940,Entry long,2021-11-04 16:12,L986,1778.49,18,32012.82,-11.61,-0.04,10.8,28.98,0.09,-15.93,-0.05,-4905.73,-49.06,49
941,Exit short,2021-11-04 17:09,Opposite signal,1780.45,14,24900.904,-33.8,-0.14,8.4,0,0.00,-30.16,-0.12,-4939.53,-49.40,7
941,Entry short,2021-11-04 17:02,S987,1778.636,14,24900.904,-33.8,-0.14,8.4,0,0.00,-30.16,-0.12,-4939.53,-49.40,7
942,Exit long,2021-11-04 18:20,L988 exit,1790.877,15,26698.98,155.18,0.58,9,159.68,0.60,-16.29,-0.06,-4784.36,-47.84,68
942,Entry long,2021-11-04 17:12,L988,1779.932,15,26698.98,155.18,0.58,9,159.68,0.60,-16.29,-0.06,-4784.36,-47.84,68
943,Exit short,2021-11-05 02:00,Time flat,1791.67,6,10757.748,4.13,0.04,3.6,7.58,0.07,-8.95,-0.08,-4780.23,-47.80,190
943,Entry short,2021-11-04 22:49,S989,1792.958,6,10757.748,4.13,0.04,3.6,7.58,0.07,-8.95,-0.08,-4780.23,-47.80,190
944,Exit long,2021-11-05 08:01,Opposite signal,1795.065,10,17934.8,9.85,0.05,6,23.65,0.13,-3.8,-0.02,-4770.38,-47.70,38
944,Entry long,2021-11-05 07:23,L990,1793.48,10,17934.8,9.85,0.05,6,23.65,0.13,-3.8,-0.02,-4770.38,-47.70,38
945,Exit short,2021-11-05 10:35,Opposite signal,1796.56,17,30512.807,-38.91,-0.13,10.2,38.69,0.13,-33.81,-0.11,-4809.29,-48.09,145
945,Entry short,2021-11-05 08:10,S991,1794.871,17,30512.807,-38.91,-0.13,10.2,38.69,0.13,-33.81,-0.11,-4809.29,-48.09,145
946,Exit long,2021-11-05 13:08,Opposite signal,1796.83,9,16165.305,0.77,0.00,5.4,17.91,0.11,-20.34,-0.13,-4808.53,-48.09,152
946,Entry long,2021-11-05 10:36,L992,1796.145,9,16165.305,0.77,0.00,5.4,17.91,0.11,-20.34,-0.13,-4808.53,-48.09,152
947,Exit short,2021-11-05 13:47,Opposite signal,1797.3,17,30551.601,-12.7,-0.04,10.2,31.94,0.10,-19.84,-0.06,-4821.23,-48.21,36
947,Entry short,2021-11-05 13:11,S993,1797.153,17,30551.601,-12.7,-0.04,10.2,31.94,0.10,-19.84,-0.06,-4821.23,-48.21,36
948,Exit long,2021-11-05 14:55,Opposite signal,1794.885,13,23363.925,-38.22,-0.16,7.8,0,0.00,-36.85,-0.16,-4859.44,-48.59,30
948,Entry long,2021-11-05 14:25,L994,1797.225,13,23363.925,-38.22,-0.16,7.8,0,0.00,-36.85,-0.16,-4859.44,-48.59,30
949,Exit short,2021-11-05 18:08,Opposite signal,1796.88,8,14364.992,-14.85,-0.10,4.8,82.11,0.57,-13.65,-0.09,-4874.29,-48.74,185
949,Entry short,2021-11-05 15:03,S995,1795.624,8,14364.992,-14.85,-0.10,4.8,82.11,0.57,-13.65,-0.09,-4874.29,-48.74,185
950,Exit long,2021-11-05 23:00,Weekend flat,1815.05,4,7181.056,76.74,1.07,2.4,79.84,1.11,-23.94,-0.33,-4797.55,-47.98,291
950,Entry long,2021-11-05 18:09,L996,1795.264,4,7181.056,76.74,1.07,2.4,79.84,1.11,-23.94,-0.33,-4797.55,-47.98,291
951,Exit short,2021-11-08 12:57,Opposite signal,1817.545,8,14538.304,-6.86,-0.05,4.8,18.1,0.12,-5.14,-0.04,-4804.4,-48.04,26
951,Entry short,2021-11-08 12:31,S998,1817.288,8,14538.304,-6.86,-0.05,4.8,18.1,0.12,-5.14,-0.04,-4804.4,-48.04,26
952,Exit long,2021-11-08 14:09,Opposite signal,1815.225,11,19988.65,-27.77,-0.14,6.6,8.25,0.04,-24.47,-0.12,-4832.18,-48.32,71
952,Entry long,2021-11-08 12:58,L999,1817.15,11,19988.65,-27.77,-0.14,6.6,8.25,0.04,-24.47,-0.12,-4832.18,-48.32,71
953,Exit short,2021-11-08 18:15,Opposite signal,1818.4,8,14511.376,-40.62,-0.28,4.8,0,0.00,-39.31,-0.27,-4872.8,-48.73,215
953,Entry short,2021-11-08 14:39,S1000,1813.922,8,14511.376,-40.62,-0.28,4.8,0,0.00,-39.31,-0.27,-4872.8,-48.73,215
954,Exit long,2021-11-09 02:00,Time flat,1825.455,7,12727.4,46.59,0.37,4.2,56.11,0.44,-16.03,-0.13,-4826.22,-48.26,464
954,Entry long,2021-11-08 18:16,L1001,1818.2,7,12727.4,46.59,0.37,4.2,56.11,0.44,-16.03,-0.13,-4826.22,-48.26,464
955,Exit short,2021-11-09 17:12,S1002 exit,1828.22,10,18239.43,-48.77,-0.27,6,44.53,0.24,-45.77,-0.25,-4874.99,-48.75,540
955,Entry short,2021-11-09 08:11,S1002,1823.943,10,18239.43,-48.77,-0.27,6,44.53,0.24,-45.77,-0.25,-4874.99,-48.75,540
956,Exit long,2021-11-09 20:33,Opposite signal,1824.07,5,9136.1,-18.75,-0.21,3,14.85,0.16,-23.37,-0.26,-4893.74,-48.94,199
956,Entry long,2021-11-09 17:14,L1003,1827.22,5,9136.1,-18.75,-0.21,3,14.85,0.16,-23.37,-0.26,-4893.74,-48.94,199
957,Exit short,2021-11-09 23:27,Opposite signal,1830.56,5,9114.445,-41.35,-0.45,3,4.75,0.05,-42.32,-0.46,-4935.09,-49.35,167
957,Entry short,2021-11-09 20:40,S1004,1822.889,5,9114.445,-41.35,-0.45,3,4.75,0.05,-42.32,-0.46,-4935.09,-49.35,167
958,Exit short,2021-11-10 12:26,Opposite signal,1826.596,17,31047.253,-15.08,-0.05,10.2,31.94,0.10,-21.1,-0.07,-4950.17,-49.50,154
958,Entry short,2021-11-10 09:50,S1005,1826.309,17,31047.253,-15.08,-0.05,10.2,31.94,0.10,-21.1,-0.07,-4950.17,-49.50,154
959,Exit long,2021-11-10 13:06,Opposite signal,1824.085,12,21917.04,-35.22,-0.16,7.2,0,0.00,-38.94,-0.18,-4985.39,-49.85,36
959,Entry long,2021-11-10 12:30,L1006,1826.42,12,21917.04,-35.22,-0.16,7.2,0,0.00,-38.94,-0.18,-4985.39,-49.85,36
960,Exit short,2021-11-10 18:51,Opposite signal,1827.465,11,20076.65,-32.06,-0.16,6.6,22,0.11,-30.32,-0.15,-5017.46,-50.17,344
960,Entry short,2021-11-10 13:07,S1007,1825.15,11,20076.65,-32.06,-0.16,6.6,22,0.11,-30.32,-0.15,-5017.46,-50.17,344
961,Exit long,2021-11-10 19:07,L1008 exit,1845.97,8,14614.64,148.32,1.01,4.8,150.72,1.03,-37.84,-0.26,-4869.14,-48.69,15
961,Entry long,2021-11-10 18:52,L1008,1826.83,8,14614.64,148.32,1.01,4.8,150.72,1.03,-37.84,-0.26,-4869.14,-48.69,15
962,Exit short,2021-11-11 08:54,Opposite signal,1853.13,5,9227.085,-41.56,-0.45,3,0,0.00,-40.31,-0.44,-4910.7,-49.11,9
962,Entry short,2021-11-11 08:45,S1009,1845.417,5,9227.085,-41.56,-0.45,3,0,0.00,-40.31,-0.44,-4910.7,-49.11,9
963,Exit long,2021-11-11 17:48,Opposite signal,1859.955,4,7411.26,26.16,0.35,2.4,50.14,0.68,-24.06,-0.32,-4884.54,-48.85,532
963,Entry long,2021-11-11 08:55,L1010,1852.815,4,7411.26,26.16,0.35,2.4,50.14,0.68,-24.06,-0.32,-4884.54,-48.85,532
964,Exit short,2021-11-11 19:19,Opposite signal,1865.915,6,11150.952,-48.14,-0.43,3.6,19.33,0.17,-46.94,-0.42,-4932.68,-49.33,78
964,Entry short,2021-11-11 18:01,S1011,1858.492,6,11150.952,-48.14,-0.43,3.6,19.33,0.17,-46.94,-0.42,-4932.68,-49.33,78
965,Exit long,2021-11-12 02:00,Time flat,1862.54,4,7462.6,-14.84,-0.20,2.4,0,0.00,-28.02,-0.38,-4947.52,-49.48,399
965,Entry long,2021-11-11 19:20,L1012,1865.65,4,7462.6,-14.84,-0.20,2.4,0,0.00,-28.02,-0.38,-4947.52,-49.48,399
966,Exit short,2021-11-12 18:32,Opposite signal,1855.21,4,7423.272,0.03,0.00,2.4,40.87,0.55,-3.03,-0.04,-4947.49,-49.47,268
966,Entry short,2021-11-12 14:04,S1013,1855.818,4,7423.272,0.03,0.00,2.4,40.87,0.55,-3.03,-0.04,-4947.49,-49.47,268
967,Exit long,2021-11-12 19:10,Opposite signal,1853.985,5,9271.325,-4.4,-0.05,3,0,0.00,-4.2,-0.05,-4951.89,-49.52,1
967,Entry long,2021-11-12 19:09,L1014,1854.265,5,9271.325,-4.4,-0.05,3,0,0.00,-4.2,-0.05,-4951.89,-49.52,1
968,Exit short,2021-11-12 20:04,Opposite signal,1859.085,9,16693.875,-43.29,-0.26,5.4,6.03,0.04,-40.87,-0.24,-4995.18,-49.95,52
968,Entry short,2021-11-12 19:12,S1015,1854.875,9,16693.875,-43.29,-0.26,5.4,6.03,0.04,-40.87,-0.24,-4995.18,-49.95,52
969,Exit long,2021-11-12 23:00,Weekend flat,1862.66,7,13007.96,26.46,0.20,4.2,52.33,0.40,-21.45,-0.16,-4968.72,-49.69,175
969,Entry long,2021-11-12 20:05,L1016,1858.28,7,13007.96,26.46,0.20,4.2,52.33,0.40,-21.45,-0.16,-4968.72,-49.69,175
970,Exit short,2021-11-15 13:53,Opposite signal,1862.65,5,9300.865,-15.38,-0.17,3,17.49,0.19,-14.16,-0.15,-4984.1,-49.84,385
970,Entry short,2021-11-15 07:28,S1017,1860.173,5,9300.865,-15.38,-0.17,3,17.49,0.19,-14.16,-0.15,-4984.1,-49.84,385
971,Exit long,2021-11-15 20:14,Opposite signal,1860.15,6,11174.76,-17.46,-0.16,3.6,46.9,0.42,-26.04,-0.23,-5001.56,-50.02,380
971,Entry long,2021-11-15 13:54,L1018,1862.46,6,11174.76,-17.46,-0.16,3.6,46.9,0.42,-26.04,-0.23,-5001.56,-50.02,380
972,Exit short,2021-11-15 20:41,Opposite signal,1862.49,14,26043.388,-39.87,-0.15,8.4,23.48,0.09,-38.82,-0.15,-5041.44,-50.41,10
972,Entry short,2021-11-15 20:31,S1019,1860.242,14,26043.388,-39.87,-0.15,8.4,23.48,0.09,-38.82,-0.15,-5041.44,-50.41,10
973,Exit long,2021-11-16 01:34,Opposite signal,1866.25,9,16758,32.85,0.20,5.4,50.27,0.30,-28.71,-0.17,-5008.59,-50.09,292
973,Entry long,2021-11-15 20:42,L1020,1862,9,16758,32.85,0.20,5.4,50.27,0.30,-28.71,-0.17,-5008.59,-50.09,292
974,Exit long,2021-11-16 09:05,Opposite signal,1865.97,13,24232,17.81,0.07,7.8,59.41,0.25,-24.37,-0.10,-4990.78,-49.91,170
974,Entry long,2021-11-16 06:15,L1021,1864,13,24232,17.81,0.07,7.8,59.41,0.25,-24.37,-0.10,-4990.78,-49.91,170
975,Exit short,2021-11-16 13:35,Opposite signal,1865.505,11,20528.453,1.3,0.01,6.6,39.74,0.19,-20.76,-0.10,-4989.48,-49.89,251
975,Entry short,2021-11-16 09:23,S1022,1866.223,11,20528.453,1.3,0.01,6.6,39.74,0.19,-20.76,-0.10,-4989.48,-49.89,251
976,Exit long,2021-11-16 18:20,Opposite signal,1869.98,11,20515.616,47.56,0.23,6.6,106.3,0.52,-9.25,-0.05,-4941.91,-49.42,284
976,Entry long,2021-11-16 13:36,L1023,1865.056,11,20515.616,47.56,0.23,6.6,106.3,0.52,-9.25,-0.05,-4941.91,-49.42,284
977,Exit short,2021-11-16 18:42,S1024 exit,1876.02,9,16838.874,-50.71,-0.30,5.4,11.21,0.07,-48.01,-0.29,-4992.62,-49.93,21
977,Entry short,2021-11-16 18:21,S1024,1870.986,9,16838.874,-50.71,-0.30,5.4,11.21,0.07,-48.01,-0.29,-4992.62,-49.93,21
978,Exit long,2021-11-16 19:29,L1025 exit,1868.44,7,13125.14,-50.26,-0.38,4.2,2.42,0.02,-48.16,-0.37,-5042.88,-50.43,42
978,Entry long,2021-11-16 18:47,L1025,1875.02,7,13125.14,-50.26,-0.38,4.2,2.42,0.02,-48.16,-0.37,-5042.88,-50.43,42
979,Exit short,2021-11-17 00:44,Opposite signal,1852.34,5,9342.075,77.38,0.83,3,91.73,0.98,-5.2,-0.06,-4965.5,-49.66,314
979,Entry short,2021-11-16 19:30,S1026,1868.415,5,9342.075,77.38,0.83,3,91.73,0.98,-5.2,-0.06,-4965.5,-49.66,314
980,Exit short,2021-11-17 12:51,Opposite signal,1856.215,10,18531.13,-37.02,-0.20,6,7.18,0.04,-34.47,-0.19,-5002.52,-50.03,218
980,Entry short,2021-11-17 09:13,S1027,1853.113,10,18531.13,-37.02,-0.20,6,7.18,0.04,-34.47,-0.19,-5002.52,-50.03,218
981,Exit long,2021-11-17 18:39,Opposite signal,1862.865,9,16702.335,58.05,0.35,5.4,86.81,0.52,-2.7,-0.02,-4944.48,-49.44,347
981,Entry long,2021-11-17 12:52,L1028,1855.815,9,16702.335,58.05,0.35,5.4,86.81,0.52,-2.7,-0.02,-4944.48,-49.44,347
982,Exit short,2021-11-17 20:05,Opposite signal,1866.26,10,18626.25,-42.35,-0.23,6,22.55,0.12,-40.11,-0.22,-4986.82,-49.87,82
982,Entry short,2021-11-17 18:43,S1029,1862.625,10,18626.25,-42.35,-0.23,6,22.55,0.12,-40.11,-0.22,-4986.82,-49.87,82
983,Exit long,2021-11-17 21:10,Opposite signal,1864.385,7,13057.59,-11.09,-0.08,4.2,17.19,0.13,-12.18,-0.09,-4997.92,-49.98,63
983,Entry long,2021-11-17 20:07,L1030,1865.37,7,13057.59,-11.09,-0.08,4.2,17.19,0.13,-12.18,-0.09,-4997.92,-49.98,63
984,Exit short,2021-11-18 02:00,Time flat,1864.914,7,13035.932,-22.67,-0.17,4.2,0,0.00,-42.69,-0.33,-5020.59,-50.21,279
984,Entry short,2021-11-17 21:21,S1031,1862.276,7,13035.932,-22.67,-0.17,4.2,0,0.00,-42.69,-0.33,-5020.59,-50.21,279
985,Exit short,2021-11-18 09:59,Opposite signal,1867.29,13,24297.455,14.89,0.06,7.8,58.89,0.24,-20.86,-0.09,-5005.7,-50.06,202
985,Entry short,2021-11-18 06:37,S1032,1869.035,13,24297.455,14.89,0.06,7.8,58.89,0.24,-20.86,-0.09,-5005.7,-50.06,202
986,Exit long,2021-11-18 12:13,Opposite signal,1864.05,11,20539.145,-41.19,-0.20,6.6,0,0.00,-37.9,-0.18,-5046.9,-50.47,133
986,Entry long,2021-11-18 10:00,L1033,1867.195,11,20539.145,-41.19,-0.20,6.6,0,0.00,-37.9,-0.18,-5046.9,-50.47,133
987,Exit short,2021-11-18 13:23,Opposite signal,1867.49,10,18638.84,-42.06,-0.23,6,2.54,0.01,-39.91,-0.21,-5088.96,-50.89,66
987,Entry short,2021-11-18 12:17,S1034,1863.884,10,18638.84,-42.06,-0.23,6,2.54,0.01,-39.91,-0.21,-5088.96,-50.89,66
988,Exit long,2021-11-18 15:49,Opposite signal,1862.54,8,14939.36,-43.84,-0.29,4.8,4.24,0.03,-43.44,-0.29,-5132.8,-51.33,132
988,Entry long,2021-11-18 13:37,L1035,1867.42,8,14939.36,-43.84,-0.29,4.8,4.24,0.03,-43.44,-0.29,-5132.8,-51.33,132
989,Exit short,2021-11-19 02:00,Time flat,1858.12,5,9307.91,14.31,0.15,3,30.39,0.33,-28.69,-0.31,-5118.49,-51.18,572
989,Entry short,2021-11-18 16:28,S1036,1861.582,5,9307.91,14.31,0.15,3,30.39,0.33,-28.69,-0.31,-5118.49,-51.18,572
990,Exit short,2021-11-19 18:04,Opposite signal,1862.845,13,24216.14,-8.64,-0.04,7.8,54.08,0.22,-13.19,-0.05,-5127.13,-51.27,136
990,Entry short,2021-11-19 15:48,S1038,1862.78,13,24216.14,-8.64,-0.04,7.8,54.08,0.22,-13.19,-0.05,-5127.13,-51.27,136
991,Exit long,2021-11-19 19:21,Opposite signal,1858.865,8,14898.56,-32.44,-0.22,4.8,13.48,0.09,-33.08,-0.22,-5159.57,-51.60,76
991,Entry long,2021-11-19 18:05,L1039,1862.32,8,14898.56,-32.44,-0.22,4.8,13.48,0.09,-33.08,-0.22,-5159.57,-51.60,76
992,Exit short,2021-11-19 19:36,Opposite signal,1864.61,8,14875.896,-45.78,-0.31,4.8,0,0.00,-44.23,-0.30,-5205.35,-52.05,9
992,Entry short,2021-11-19 19:27,S1040,1859.487,8,14875.896,-45.78,-0.31,4.8,0,0.00,-44.23,-0.30,-5205.35,-52.05,9
993,Exit long,2021-11-19 19:45,L1041 exit,1856.88,6,11185.83,-48.15,-0.43,3.6,0,0.00,-46.35,-0.41,-5253.5,-52.54,6
993,Entry long,2021-11-19 19:39,L1041,1864.305,6,11185.83,-48.15,-0.43,3.6,0,0.00,-46.35,-0.41,-5253.5,-52.54,6
994,Exit short,2021-11-19 23:00,Weekend flat,1856.655,4,7423.292,-5.73,-0.08,2.4,6.43,0.09,-28.67,-0.39,-5259.23,-52.59,191
994,Entry short,2021-11-19 19:49,S1042,1855.823,4,7423.292,-5.73,-0.08,2.4,6.43,0.09,-28.67,-0.39,-5259.23,-52.59,191
995,Exit short,2021-11-23 12:50,Opposite signal,1807.58,8,14464.32,-1.12,-0.01,4.8,38.72,0.27,-22.56,-0.16,-5260.35,-52.60,304
995,Entry short,2021-11-23 07:45,S1043,1808.04,8,14464.32,-1.12,-0.01,4.8,38.72,0.27,-22.56,-0.16,-5260.35,-52.60,304
996,Exit long,2021-11-23 13:04,Opposite signal,1807.61,15,27141.105,-35.95,-0.13,9,0,0.00,-32.8,-0.12,-5296.31,-52.96,5
996,Entry long,2021-11-23 12:59,L1044,1809.407,15,27141.105,-35.95,-0.13,9,0,0.00,-32.8,-0.12,-5296.31,-52.96,5
997,Exit short,2021-11-23 15:08,S1045 exit,1795.39,13,23501.14,153.27,0.65,7.8,157.17,0.67,-20.93,-0.09,-5143.04,-51.43,123
997,Entry short,2021-11-23 13:05,S1045,1807.78,13,23501.14,153.27,0.65,7.8,157.17,0.67,-20.93,-0.09,-5143.04,-51.43,123
998,Exit long,2021-11-23 18:54,Opposite signal,1787.915,9,16129.584,-43.75,-0.27,5.4,0.04,0.00,-42.58,-0.26,-5186.79,-51.87,5
998,Entry long,2021-11-23 18:49,L1046,1792.176,9,16129.584,-43.75,-0.27,5.4,0.04,0.00,-42.58,-0.26,-5186.79,-51.87,5
999,Exit short,2021-11-24 02:00,Time flat,1791.375,7,12516.7,-27.12,-0.22,4.2,40.32,0.32,-38.33,-0.31,-5213.91,-52.14,425
999,Entry short,2021-11-23 18:55,S1047,1788.1,7,12516.7,-27.12,-0.22,4.2,40.32,0.32,-38.33,-0.31,-5213.91,-52.14,425
1000,Exit long,2021-11-24 13:08,Opposite signal,1792.315,4,7170.52,-3.66,-0.05,2.4,14.1,0.20,-2.58,-0.04,-5217.57,-52.18,68
1000,Entry long,2021-11-24 12:00,L1048,1792.63,4,7170.52,-3.66,-0.05,2.4,14.1,0.20,-2.58,-0.04,-5217.57,-52.18,68
1001,Exit short,2021-11-24 14:32,Opposite signal,1792.37,9,16132.266,-4.46,-0.03,5.4,15.79,0.10,-23.72,-0.15,-5222.04,-52.22,82
1001,Entry short,2021-11-24 13:10,S1049,1792.474,9,16132.266,-4.46,-0.03,5.4,15.79,0.10,-23.72,-0.15,-5222.04,-52.22,82
1002,Exit long,2021-11-24 15:35,Opposite signal,1789.765,16,28670.48,-43.84,-0.15,9.6,28.32,0.10,-40.48,-0.14,-5265.88,-52.66,62
1002,Entry long,2021-11-24 14:33,L1050,1791.905,16,28670.48,-43.84,-0.15,9.6,28.32,0.10,-40.48,-0.14,-5265.88,-52.66,62
1003,Exit short,2021-11-24 16:04,Opposite signal,1791.175,10,17909.3,-8.45,-0.05,6,21.75,0.12,-5.45,-0.03,-5274.33,-52.74,23
1003,Entry short,2021-11-24 15:41,S1051,1790.93,10,17909.3,-8.45,-0.05,6,21.75,0.12,-5.45,-0.03,-5274.33,-52.74,23
1004,Exit long,2021-11-24 16:36,Opposite signal,1787.87,13,23277.696,-43.19,-0.19,7.8,0,0.00,-41.04,-0.18,-5317.51,-53.18,30
1004,Entry long,2021-11-24 16:06,L1052,1790.592,13,23277.696,-43.19,-0.19,7.8,0,0.00,-41.04,-0.18,-5317.51,-53.18,30
1005,Exit short,2021-11-24 18:36,Opposite signal,1786.63,11,19673.005,13.48,0.07,6.6,42.13,0.21,-22.49,-0.11,-5304.04,-53.04,109
1005,Entry short,2021-11-24 16:47,S1053,1788.455,11,19673.005,13.48,0.07,6.6,42.13,0.21,-22.49,-0.11,-5304.04,-53.04,109
1006,Exit long,2021-11-24 18:41,Opposite signal,1784.27,13,23223.226,-35.52,-0.15,7.8,0,0.00,-32.92,-0.14,-5339.55,-53.40,4
1006,Entry long,2021-11-24 18:37,L1054,1786.402,13,23223.226,-35.52,-0.15,7.8,0,0.00,-32.92,-0.14,-5339.55,-53.40,4
1007,Exit short,2021-11-24 19:02,Opposite signal,1787.886,11,19630.71,-42.64,-0.22,6.6,26.4,0.13,-39.89,-0.20,-5382.19,-53.82,20
1007,Entry short,2021-11-24 18:42,S1055,1784.61,11,19630.71,-42.64,-0.22,6.6,26.4,0.13,-39.89,-0.20,-5382.19,-53.82,20
1008,Exit long,2021-11-24 19:40,L1056 exit,1780.91,8,14291.432,-48.95,-0.34,4.8,7.05,0.05,-46.55,-0.33,-5431.14,-54.31,37
1008,Entry long,2021-11-24 19:03,L1056,1786.429,8,14291.432,-48.95,-0.34,4.8,7.05,0.05,-46.55,-0.33,-5431.14,-54.31,37
1009,Exit short,2021-11-24 22:01,S1057 exit,1788.936,6,10691.46,-45.76,-0.43,3.6,11.76,0.11,-43.96,-0.41,-5476.9,-54.77,137
1009,Entry short,2021-11-24 19:44,S1057,1781.91,6,10691.46,-45.76,-0.43,3.6,11.76,0.11,-43.96,-0.41,-5476.9,-54.77,137
1010,Exit long,2021-11-25 02:00,Time flat,1787.47,4,7152.992,-5.51,-0.08,2.4,6.21,0.09,-23.79,-0.33,-5482.41,-54.82,225
1010,Entry long,2021-11-24 22:15,L1058,1788.248,4,7152.992,-5.51,-0.08,2.4,6.21,0.09,-23.79,-0.33,-5482.41,-54.82,225
1011,Exit short,2021-11-25 07:18,Opposite signal,1792.91,15,26867.925,-34.72,-0.13,9,10.43,0.04,-30.22,-0.11,-5517.13,-55.17,46
1011,Entry short,2021-11-25 06:32,S1059,1791.195,15,26867.925,-34.72,-0.13,9,10.43,0.04,-30.22,-0.11,-5517.13,-55.17,46
1012,Exit long,2021-11-25 15:52,Opposite signal,1791.485,12,21510.66,-20.04,-0.09,7.2,27.49,0.13,-16.44,-0.08,-5537.17,-55.37,508
1012,Entry long,2021-11-25 07:21,L1060,1792.555,12,21510.66,-20.04,-0.09,7.2,27.49,0.13,-16.44,-0.08,-5537.17,-55.37,508
1013,Exit short,2021-11-25 17:41,Opposite signal,1792.125,9,16124.085,-10.44,-0.06,5.4,12.02,0.07,-8.28,-0.05,-5547.61,-55.48,84
1013,Entry short,2021-11-25 16:17,S1061,1791.565,9,16124.085,-10.44,-0.06,5.4,12.02,0.07,-8.28,-0.05,-5547.61,-55.48,84
1014,Exit long,2021-11-25 18:41,Opposite signal,1789.915,13,23297.95,-36.85,-0.16,7.8,0,0.00,-34.51,-0.15,-5584.47,-55.84,40
1014,Entry long,2021-11-25 18:01,L1062,1792.15,13,23297.95,-36.85,-0.16,7.8,0,0.00,-34.51,-0.15,-5584.47,-55.84,40
1015,Exit short,2021-11-26 04:31,Time flat,1789.94,11,19692.53,-3.41,-0.02,6.6,21.18,0.11,-24.69,-0.13,-5587.88,-55.88,288
1015,Entry short,2021-11-25 18:42,S1063,1790.23,11,19692.53,-3.41,-0.02,6.6,21.18,0.11,-24.69,-0.13,-5587.88,-55.88,288
1016,Exit long,2021-11-26 12:46,Opposite signal,1800.47,10,17933.26,65.44,0.36,6,100.1,0.56,-26.16,-0.15,-5522.44,-55.22,390
1016,Entry long,2021-11-26 06:16,L1064,1793.326,10,17933.26,65.44,0.36,6,100.1,0.56,-26.16,-0.15,-5522.44,-55.22,390
1017,Exit short,2021-11-26 12:58,Opposite signal,1803.945,12,21619.032,-35.51,-0.16,7.2,0,0.00,-32.39,-0.15,-5557.95,-55.58,11
1017,Entry short,2021-11-26 12:47,S1065,1801.586,12,21619.032,-35.51,-0.16,7.2,0,0.00,-32.39,-0.15,-5557.95,-55.58,11
1018,Exit long,2021-11-26 14:09,Opposite signal,1803.626,10,18036.36,-6.1,-0.03,6,50.94,0.28,-13.76,-0.08,-5564.05,-55.64,70
1018,Entry long,2021-11-26 12:59,L1066,1803.636,10,18036.36,-6.1,-0.03,6,50.94,0.28,-13.76,-0.08,-5564.05,-55.64,70
1019,Exit short,2021-11-26 15:30,Opposite signal,1809.91,5,9003.34,-49.21,-0.55,3,1.62,0.02,-47.96,-0.53,-5613.26,-56.13,74
1019,Entry short,2021-11-26 14:16,S1067,1800.668,5,9003.34,-49.21,-0.55,3,1.62,0.02,-47.96,-0.53,-5613.26,-56.13,74
1020,Exit long,2021-11-26 17:44,Opposite signal,1807.71,4,7236.12,-7.68,-0.11,2.4,24.96,0.34,-13.34,-0.18,-5620.94,-56.21,133
1020,Entry long,2021-11-26 15:31,L1068,1809.03,4,7236.12,-7.68,-0.11,2.4,24.96,0.34,-13.34,-0.18,-5620.94,-56.21,133
1021,Exit short,2021-11-26 18:47,Opposite signal,1809.525,6,10857.39,-3.36,-0.03,3.6,23.46,0.22,-14.04,-0.13,-5624.3,-56.24,62
1021,Entry short,2021-11-26 17:45,S1069,1809.565,6,10857.39,-3.36,-0.03,3.6,23.46,0.22,-14.04,-0.13,-5624.3,-56.24,62
1022,Exit long,2021-11-26 18:52,Opposite signal,1805.25,9,16277.94,-36.09,-0.22,5.4,2.84,0.02,-33.39,-0.21,-5660.39,-56.60,4
1022,Entry long,2021-11-26 18:48,L1070,1808.66,9,16277.94,-36.09,-0.22,5.4,2.84,0.02,-33.39,-0.21,-5660.39,-56.60,4
1023,Exit short,2021-11-26 22:13,S1071 exit,1783.33,7,12634.3,146.79,1.16,4.2,148.89,1.18,-24.78,-0.20,-5513.6,-55.14,197
1023,Entry short,2021-11-26 18:56,S1071,1804.9,7,12634.3,146.79,1.16,4.2,148.89,1.18,-24.78,-0.20,-5513.6,-55.14,197
1024,Exit long,2021-12-01 02:00,Time flat,1773.565,1,1802.715,-29.75,-1.65,0.6,5.85,0.32,-33.04,-1.83,-5543.35,-55.43,334
1024,Entry long,2021-11-30 20:26,L1072,1802.715,1,1802.715,-29.75,-1.65,0.6,5.85,0.32,-33.04,-1.83,-5543.35,-55.43,334
1025,Exit short,2021-12-03 00:32,Opposite signal,1765.285,1,1769.8,3.92,0.22,0.6,7.56,0.43,-3.55,-0.20,-5539.43,-55.39,263
1025,Entry short,2021-12-02 20:09,S1073,1769.8,1,1769.8,3.92,0.22,0.6,7.56,0.43,-3.55,-0.20,-5539.43,-55.39,263
1026,Exit short,2021-12-03 11:00,Opposite signal,1773.635,19,33697.07,-13.39,-0.04,11.4,23.94,0.07,-7.69,-0.02,-5552.83,-55.53,90
1026,Entry short,2021-12-03 09:29,S1074,1773.53,19,33697.07,-13.39,-0.04,11.4,23.94,0.07,-7.69,-0.02,-5552.83,-55.53,90
1027,Exit long,2021-12-03 11:50,Opposite signal,1773.745,11,19521.535,-16.94,-0.09,6.6,17.16,0.09,-14.84,-0.08,-5569.77,-55.70,39
1027,Entry long,2021-12-03 11:11,L1075,1774.685,11,19521.535,-16.94,-0.09,6.6,17.16,0.09,-14.84,-0.08,-5569.77,-55.70,39
1028,Exit short,2021-12-03 15:42,Opposite signal,1770.31,12,21288.18,37.26,0.17,7.2,90.06,0.42,-10.14,-0.05,-5532.51,-55.33,229
1028,Entry short,2021-12-03 11:53,S1076,1774.015,12,21288.18,37.26,0.17,7.2,90.06,0.42,-10.14,-0.05,-5532.51,-55.33,229
1029,Exit long,2021-12-03 18:36,Opposite signal,1770.975,7,12400.976,-8.35,-0.07,4.2,20.56,0.17,-11.22,-0.09,-5540.86,-55.41,142
1029,Entry long,2021-12-03 16:14,L1077,1771.568,7,12400.976,-8.35,-0.07,4.2,20.56,0.17,-11.22,-0.09,-5540.86,-55.41,142
1030,Exit short,2021-12-03 19:00,S1078 exit,1775.805,10,17714.55,-49.5,-0.28,6,32.8,0.19,-46.5,-0.26,-5590.36,-55.90,23
1030,Entry short,2021-12-03 18:37,S1078,1771.455,10,17714.55,-49.5,-0.28,6,32.8,0.19,-46.5,-0.26,-5590.36,-55.90,23
1031,Exit long,2021-12-03 19:22,Opposite signal,1767.16,5,8878.28,-45.48,-0.51,3,2.42,0.03,-43.98,-0.50,-5635.84,-56.36,21
1031,Entry long,2021-12-03 19:01,L1079,1775.656,5,8878.28,-45.48,-0.51,3,2.42,0.03,-43.98,-0.50,-5635.84,-56.36,21
1032,Exit short,2021-12-03 22:26,Opposite signal,1779.11,4,7071.5,-47.34,-0.67,2.4,4.74,0.07,-46.34,-0.66,-5683.18,-56.83,183
1032,Entry short,2021-12-03 19:23,S1080,1767.875,4,7071.5,-47.34,-0.67,2.4,4.74,0.07,-46.34,-0.66,-5683.18,-56.83,183
1033,Exit long,2021-12-06 08:35,Opposite signal,1786.145,7,12502.875,-4.06,-0.03,4.2,9.51,0.08,-8.74,-0.07,-5687.24,-56.87,83
1033,Entry long,2021-12-06 07:12,L1082,1786.125,7,12502.875,-4.06,-0.03,4.2,9.51,0.08,-8.74,-0.07,-5687.24,-56.87,83
1034,Exit short,2021-12-06 09:31,Opposite signal,1784.305,12,21425.292,6.43,0.03,7.2,17.29,0.08,-9.59,-0.04,-5680.81,-56.81,42
1034,Entry short,2021-12-06 08:49,S1083,1785.441,12,21425.292,6.43,0.03,7.2,17.29,0.08,-9.59,-0.04,-5680.81,-56.81,42
1035,Exit long,2021-12-06 09:36,Opposite signal,1783.596,23,41036.14,-27.23,-0.07,13.8,0,0.00,-20.33,-0.05,-5708.04,-57.08,4
1035,Entry long,2021-12-06 09:32,L1084,1784.18,23,41036.14,-27.23,-0.07,13.8,0,0.00,-20.33,-0.05,-5708.04,-57.08,4
1036,Exit short,2021-12-06 10:53,Opposite signal,1782.666,20,35672.96,7.64,0.02,12,43.56,0.12,-21.24,-0.06,-5700.4,-57.00,76
1036,Entry short,2021-12-06 09:37,S1085,1783.648,20,35672.96,7.64,0.02,12,43.56,0.12,-21.24,-0.06,-5700.4,-57.00,76
1037,Exit long,2021-12-06 12:36,Opposite signal,1783.55,16,28520,7.2,0.03,9.6,53.7,0.19,-10.72,-0.04,-5693.2,-56.93,98
1037,Entry long,2021-12-06 10:58,L1086,1782.5,16,28520,7.2,0.03,9.6,53.7,0.19,-10.72,-0.04,-5693.2,-56.93,98
1038,Exit short,2021-12-06 16:25,Opposite signal,1782.816,11,19617.444,-0.13,0.00,6.6,57.57,0.29,-21.52,-0.11,-5693.33,-56.93,224
1038,Entry short,2021-12-06 12:40,S1087,1783.404,11,19617.444,-0.13,0.00,6.6,57.57,0.29,-21.52,-0.11,-5693.33,-56.93,224
1039,Exit long,2021-12-06 17:15,Opposite signal,1780.815,8,14259.72,-18,-0.13,4.8,1.68,0.01,-16.44,-0.12,-5711.33,-57.11,49
1039,Entry long,2021-12-06 16:26,L1088,1782.465,8,14259.72,-18,-0.13,4.8,1.68,0.01,-16.44,-0.12,-5711.33,-57.11,49
1040,Exit short,2021-12-06 18:22,Opposite signal,1779.655,12,21365.196,2.14,0.01,7.2,39.94,0.19,-10.16,-0.05,-5709.19,-57.09,57
1040,Entry short,2021-12-06 17:25,S1089,1780.433,12,21365.196,2.14,0.01,7.2,39.94,0.19,-10.16,-0.05,-5709.19,-57.09,57
1041,Exit long,2021-12-06 20:14,Opposite signal,1775.87,11,19575.996,-48.03,-0.25,6.6,24.79,0.13,-45.22,-0.23,-5757.22,-57.57,111
1041,Entry long,2021-12-06 18:23,L1090,1779.636,11,19575.996,-48.03,-0.25,6.6,24.79,0.13,-45.22,-0.23,-5757.22,-57.57,111
1042,Exit short,2021-12-06 22:18,Opposite signal,1782.65,8,14218.976,-47.02,-0.33,4.8,5.86,0.04,-44.62,-0.31,-5804.24,-58.04,123
1042,Entry short,2021-12-06 20:15,S1091,1777.372,8,14218.976,-47.02,-0.33,4.8,5.86,0.04,-44.62,-0.31,-5804.24,-58.04,123
1043,Exit long,2021-12-07 02:00,Time flat,1779.53,6,10693.14,-19.56,-0.18,3.6,1.8,0.02,-27.81,-0.26,-5823.8,-58.24,184
1043,Entry long,2021-12-06 22:56,L1092,1782.19,6,10693.14,-19.56,-0.18,3.6,1.8,0.02,-27.81,-0.26,-5823.8,-58.24,184
1044,Exit short,2021-12-07 21:59,Opposite signal,1785.43,4,7101.768,-42.35,-0.60,2.4,5.47,0.08,-42.59,-0.60,-5866.16,-58.66,152
1044,Entry short,2021-12-07 19:27,S1093,1775.442,4,7101.768,-42.35,-0.60,2.4,5.47,0.08,-42.59,-0.60,-5866.16,-58.66,152
1045,Exit long,2021-12-08 02:00,Time flat,1785.855,3,5355.045,0.72,0.01,1.8,7.68,0.14,-9.76,-0.18,-5865.44,-58.65,236
1045,Entry long,2021-12-07 22:03,L1094,1785.015,3,5355.045,0.72,0.01,1.8,7.68,0.14,-9.76,-0.18,-5865.44,-58.65,236
1046,Exit short,2021-12-08 10:27,Opposite signal,1789.605,17,30418.576,-14.91,-0.05,10.2,23.68,0.08,-9.81,-0.03,-5880.34,-58.80,104
1046,Entry short,2021-12-08 08:41,S1095,1789.328,17,30418.576,-14.91,-0.05,10.2,23.68,0.08,-9.81,-0.03,-5880.34,-58.80,104
1047,Exit long,2021-12-08 12:06,Opposite signal,1789.995,14,25053,-1.47,-0.01,8.4,25.62,0.10,-14.63,-0.06,-5881.81,-58.82,97
1047,Entry long,2021-12-08 10:28,L1096,1789.5,14,25053,-1.47,-0.01,8.4,25.62,0.10,-14.63,-0.06,-5881.81,-58.82,97
1048,Exit short,2021-12-08 12:58,Opposite signal,1789.19,16,28645.088,8.45,0.03,9.6,53.57,0.19,-4.99,-0.02,-5873.37,-58.73,51
1048,Entry short,2021-12-08 12:07,S1097,1790.318,16,28645.088,8.45,0.03,9.6,53.57,0.19,-4.99,-0.02,-5873.37,-58.73,51
1049,Exit long,2021-12-08 13:48,Opposite signal,1786.64,9,16113.24,-38.88,-0.24,5.4,0,0.00,-41.26,-0.26,-5912.25,-59.12,24
1049,Entry long,2021-12-08 13:24,L1098,1790.36,9,16113.24,-38.88,-0.24,5.4,0,0.00,-41.26,-0.26,-5912.25,-59.12,24
1050,Exit short,2021-12-08 16:08,Opposite signal,1792.16,8,14293.36,-48.72,-0.34,4.8,4.08,0.03,-46.32,-0.32,-5960.97,-59.61,139
1050,Entry short,2021-12-08 13:49,S1099,1786.67,8,14293.36,-48.72,-0.34,4.8,4.08,0.03,-46.32,-0.32,-5960.97,-59.61,139
1051,Exit long,2021-12-08 17:17,Opposite signal,1785.57,7,12539.317,-44.53,-0.36,4.2,0,0.00,-43.41,-0.35,-6005.49,-60.05,38
1051,Entry long,2021-12-08 16:39,L1100,1791.331,7,12539.317,-44.53,-0.36,4.2,0,0.00,-43.41,-0.35,-6005.49,-60.05,38
1052,Exit short,2021-12-08 20:32,Opposite signal,1784.4,5,8927.585,2.59,0.03,3,27.51,0.31,-15.36,-0.17,-6002.91,-60.03,193
1052,Entry short,2021-12-08 17:19,S1101,1785.517,5,8927.585,2.59,0.03,3,27.51,0.31,-15.36,-0.17,-6002.91,-60.03,193
1053,Exit long,2021-12-09 02:00,Time flat,1786.845,9,16053.579,22.63,0.14,5.4,25.33,0.16,-33.98,-0.21,-5980.28,-59.80,325
1053,Entry long,2021-12-08 20:33,L1102,1783.731,9,16053.579,22.63,0.14,5.4,25.33,0.16,-33.98,-0.21,-5980.28,-59.80,325
1054,Exit short,2021-12-09 09:41,Opposite signal,1785.575,11,19610.635,-37.29,-0.19,6.6,0.5,0.00,-34.33,-0.18,-6017.57,-60.18,81
1054,Entry short,2021-12-09 08:20,S1103,1782.785,11,19610.635,-37.29,-0.19,6.6,0.5,0.00,-34.33,-0.18,-6017.57,-60.18,81
1055,Exit long,2021-12-09 11:28,Opposite signal,1785.89,23,41076.988,-15.32,-0.04,13.8,19.87,0.05,-16.47,-0.04,-6032.89,-60.33,66
1055,Entry long,2021-12-09 10:21,L1104,1785.956,23,41076.988,-15.32,-0.04,13.8,19.87,0.05,-16.47,-0.04,-6032.89,-60.33,66
1056,Exit short,2021-12-09 12:57,Opposite signal,1786.78,17,30360.98,-24.48,-0.08,10.2,38.85,0.13,-20.06,-0.07,-6057.37,-60.57,88
1056,Entry short,2021-12-09 11:29,S1105,1785.94,17,30360.98,-24.48,-0.08,10.2,38.85,0.13,-20.06,-0.07,-6057.37,-60.57,88
1057,Exit long,2021-12-09 14:00,Opposite signal,1785.255,11,19648.585,-17.38,-0.09,6.6,12.49,0.06,-16.06,-0.08,-6074.75,-60.75,58
1057,Entry long,2021-12-09 13:02,L1106,1786.235,11,19648.585,-17.38,-0.09,6.6,12.49,0.06,-16.06,-0.08,-6074.75,-60.75,58
1058,Exit short,2021-12-09 15:21,Opposite signal,1783.01,12,21424.5,21.18,0.10,7.2,34.44,0.16,-10.32,-0.05,-6053.57,-60.54,80
1058,Entry short,2021-12-09 14:01,S1107,1785.375,12,21424.5,21.18,0.10,7.2,34.44,0.16,-10.32,-0.05,-6053.57,-60.54,80
1059,Exit long,2021-12-09 15:36,Opposite signal,1781.9,21,37439.766,-32.47,-0.09,12.6,3.02,0.01,-27.01,-0.07,-6086.04,-60.86,14
1059,Entry long,2021-12-09 15:22,L1108,1782.846,21,37439.766,-32.47,-0.09,12.6,3.02,0.01,-27.01,-0.07,-6086.04,-60.86,14
1060,Exit short,2021-12-09 16:03,Opposite signal,1783.31,17,30300.46,-26.01,-0.09,10.2,12.5,0.04,-21.15,-0.07,-6112.05,-61.12,26
1060,Entry short,2021-12-09 15:37,S1109,1782.38,17,30300.46,-26.01,-0.09,10.2,12.5,0.04,-21.15,-0.07,-6112.05,-61.12,26
1061,Exit long,2021-12-09 17:15,Opposite signal,1781.275,14,24963.078,-33.63,-0.13,8.4,11.45,0.05,-29.43,-0.12,-6145.67,-61.46,71
1061,Entry long,2021-12-09 16:04,L1110,1783.077,14,24963.078,-33.63,-0.13,8.4,11.45,0.05,-29.43,-0.12,-6145.67,-61.46,71
1062,Exit long,2021-12-10 02:00,Time flat,1776.21,6,10685.334,-31.67,-0.30,3.6,0,0.00,-47.27,-0.44,-6177.35,-61.77,359
1062,Entry long,2021-12-09 20:01,L1112,1780.889,6,10685.334,-31.67,-0.30,3.6,0,0.00,-47.27,-0.44,-6177.35,-61.77,359
1063,Exit short,2021-12-10 18:27,Opposite signal,1773.47,5,8869.4,-0.95,-0.01,3,16.83,0.19,-3,-0.03,-6178.3,-61.78,398
1063,Entry short,2021-12-10 11:49,S1113,1773.88,5,8869.4,-0.95,-0.01,3,16.83,0.19,-3,-0.03,-6178.3,-61.78,398
1064,Exit long,2021-12-10 19:31,L1114 exit,1787.09,11,19502.593,148.8,0.76,6.6,152.1,0.78,-10.1,-0.05,-6029.5,-60.30,61
1064,Entry long,2021-12-10 18:30,L1114,1772.963,11,19502.593,148.8,0.76,6.6,152.1,0.78,-10.1,-0.05,-6029.5,-60.30,61
1065,Exit short,2021-12-13 19:45,Opposite signal,1784.95,7,12502.056,3.21,0.03,4.2,26.73,0.21,-2.43,-0.02,-6026.3,-60.26,56
1065,Entry short,2021-12-13 18:49,S1115,1786.008,7,12502.056,3.21,0.03,4.2,26.73,0.21,-2.43,-0.02,-6026.3,-60.26,56
1066,Exit long,2021-12-14 02:00,Time flat,1788.01,10,17849.45,24.65,0.14,6,49.55,0.28,-11.95,-0.07,-6001.65,-60.02,347
1066,Entry long,2021-12-13 20:11,L1116,1784.945,10,17849.45,24.65,0.14,6,49.55,0.28,-11.95,-0.07,-6001.65,-60.02,347
1067,Exit long,2021-12-14 14:50,Opposite signal,1783.67,12,21413.52,-16.68,-0.08,7.2,13.14,0.06,-13.14,-0.06,-6018.33,-60.18,32
1067,Entry long,2021-12-14 14:18,L1117,1784.46,12,21413.52,-16.68,-0.08,7.2,13.14,0.06,-13.14,-0.06,-6018.33,-60.18,32
1068,Exit short,2021-12-14 15:27,Opposite signal,1784.115,14,24974.936,-11.07,-0.04,8.4,11.54,0.05,-15.41,-0.06,-6029.4,-60.29,25
1068,Entry short,2021-12-14 15:02,S1118,1783.924,14,24974.936,-11.07,-0.04,8.4,11.54,0.05,-15.41,-0.06,-6029.4,-60.29,25
1069,Exit long,2021-12-14 16:10,Opposite signal,1782.61,17,30327.235,-33.06,-0.11,10.2,14.88,0.05,-28.98,-0.10,-6062.46,-60.62,41
1069,Entry long,2021-12-14 15:29,L1119,1783.955,17,30327.235,-33.06,-0.11,10.2,14.88,0.05,-28.98,-0.10,-6062.46,-60.62,41
1070,Exit short,2021-12-14 16:19,Opposite signal,1785.26,14,24967.6,-34.44,-0.14,8.4,2.94,0.01,-33.67,-0.13,-6096.9,-60.97,8
1070,Entry short,2021-12-14 16:11,S1120,1783.4,14,24967.6,-34.44,-0.14,8.4,2.94,0.01,-33.67,-0.13,-6096.9,-60.97,8
1071,Exit long,2021-12-14 18:51,Opposite signal,1782.3,12,21421.56,-41.16,-0.19,7.2,3.79,0.02,-39.54,-0.18,-6138.06,-61.38,151
1071,Entry long,2021-12-14 16:20,L1121,1785.13,12,21421.56,-41.16,-0.19,7.2,3.79,0.02,-39.54,-0.18,-6138.06,-61.38,151
1072,Exit short,2021-12-15 02:00,Time flat,1771.585,8,14249.728,72.25,0.51,4.8,114.65,0.80,-3.95,-0.03,-6065.82,-60.66,426
1072,Entry short,2021-12-14 18:54,S1122,1781.216,8,14249.728,72.25,0.51,4.8,114.65,0.80,-3.95,-0.03,-6065.82,-60.66,426
1073,Exit short,2021-12-16 11:17,Opposite signal,1783.076,15,26739.15,-15.99,-0.06,9,19.27,0.07,-16.59,-0.06,-6081.81,-60.82,183
1073,Entry short,2021-12-16 08:11,S1123,1782.61,15,26739.15,-15.99,-0.06,9,19.27,0.07,-16.59,-0.06,-6081.81,-60.82,183
1074,Exit long,2021-12-16 14:42,Opposite signal,1785.075,14,24961.244,21.41,0.09,8.4,54.24,0.22,-7.36,-0.03,-6060.4,-60.60,204
1074,Entry long,2021-12-16 11:18,L1124,1782.946,14,24961.244,21.41,0.09,8.4,54.24,0.22,-7.36,-0.03,-6060.4,-60.60,204
1075,Exit short,2021-12-16 15:55,Opposite signal,1787.14,15,26781.72,-34.38,-0.13,9,4.02,0.02,-32.88,-0.12,-6094.78,-60.95,70
1075,Entry short,2021-12-16 14:45,S1125,1785.448,15,26781.72,-34.38,-0.13,9,4.02,0.02,-32.88,-0.12,-6094.78,-60.95,70
1076,Exit long,2021-12-16 17:32,Opposite signal,1785.37,12,21444.78,-27.54,-0.13,7.2,12.12,0.06,-24.48,-0.11,-6122.32,-61.22,96
1076,Entry long,2021-12-16 15:56,L1126,1787.065,12,21444.78,-27.54,-0.13,7.2,12.12,0.06,-24.48,-0.11,-6122.32,-61.22,96
1077,Exit short,2021-12-16 18:43,Opposite signal,1788.765,10,17853.19,-40.46,-0.23,6,27.99,0.16,-38.81,-0.22,-6162.78,-61.63,70
1077,Entry short,2021-12-16 17:33,S1127,1785.319,10,17853.19,-40.46,-0.23,6,27.99,0.16,-38.81,-0.22,-6162.78,-61.63,70
1078,Exit long,2021-12-17 00:45,Opposite signal,1795.23,6,10730.25,37.53,0.35,3.6,62.61,0.58,-17.31,-0.16,-6125.25,-61.25,360
1078,Entry long,2021-12-16 18:44,L1128,1788.375,6,10730.25,37.53,0.35,3.6,62.61,0.58,-17.31,-0.16,-6125.25,-61.25,360
1079,Exit short,2021-12-17 06:37,Opposite signal,1798.25,25,44949.725,-21.52,-0.05,15,8.32,0.02,-22.02,-0.05,-6146.78,-61.47,16
1079,Entry short,2021-12-17 06:21,S1129,1797.989,25,44949.725,-21.52,-0.05,15,8.32,0.02,-22.02,-0.05,-6146.78,-61.47,16
1080,Exit long,2021-12-17 08:25,Opposite signal,1801.675,19,34165.705,54.72,0.16,11.4,112.77,0.33,-15.86,-0.05,-6092.06,-60.92,107
1080,Entry long,2021-12-17 06:38,L1130,1798.195,19,34165.705,54.72,0.16,11.4,112.77,0.33,-15.86,-0.05,-6092.06,-60.92,107
1081,Exit short,2021-12-17 11:24,Opposite signal,1804.9,13,23429.9,-41.6,-0.18,7.8,5.85,0.02,-37.7,-0.16,-6133.66,-61.34,177
1081,Entry short,2021-12-17 08:27,S1131,1802.3,13,23429.9,-41.6,-0.18,7.8,5.85,0.02,-37.7,-0.16,-6133.66,-61.34,177
1082,Exit short,2021-12-17 17:56,Opposite signal,1810.03,11,19876.615,-40.31,-0.20,6.6,0,0.00,-38.11,-0.19,-6173.97,-61.74,73
1082,Entry short,2021-12-17 16:43,S1133,1806.965,11,19876.615,-40.31,-0.20,6.6,0,0.00,-38.11,-0.19,-6173.97,-61.74,73
1083,Exit long,2021-12-17 19:12,Opposite signal,1811.04,9,16289.415,4.55,0.03,5.4,36.63,0.22,-10.57,-0.06,-6169.43,-61.69,75
1083,Entry long,2021-12-17 17:57,L1134,1809.935,9,16289.415,4.55,0.03,5.4,36.63,0.22,-10.57,-0.06,-6169.43,-61.69,75
1084,Exit short,2021-12-17 23:00,Weekend flat,1804.43,6,10842.612,12.43,0.11,3.6,26.47,0.24,-18.41,-0.17,-6156.99,-61.57,211
1084,Entry short,2021-12-17 19:29,S1135,1807.102,6,10842.612,12.43,0.11,3.6,26.47,0.24,-18.41,-0.17,-6156.99,-61.57,211
1085,Exit short,2021-12-20 08:27,Opposite signal,1802.325,14,25209.87,-31.08,-0.12,8.4,17.99,0.07,-27.72,-0.11,-6188.07,-61.88,121
1085,Entry short,2021-12-20 06:26,S1136,1800.705,14,25209.87,-31.08,-0.12,8.4,17.99,0.07,-27.72,-0.11,-6188.07,-61.88,121
1086,Exit long,2021-12-20 11:47,Opposite signal,1802.295,11,19819.393,-0.75,0.00,6.6,23.23,0.12,-9.82,-0.05,-6188.82,-61.89,171
1086,Entry long,2021-12-20 08:43,L1137,1801.763,11,19819.393,-0.75,0.00,6.6,23.23,0.12,-9.82,-0.05,-6188.82,-61.89,171
1087,Exit short,2021-12-20 14:14,Opposite signal,1800.015,15,27037.125,27.9,0.10,9,70.58,0.26,-7.42,-0.03,-6160.92,-61.61,106
1087,Entry short,2021-12-20 12:28,S1138,1802.475,15,27037.125,27.9,0.10,9,70.58,0.26,-7.42,-0.03,-6160.92,-61.61,106
1088,Exit long,2021-12-20 14:56,Opposite signal,1800.365,10,18005.41,-7.76,-0.04,6,15.39,0.09,-5.66,-0.03,-6168.68,-61.69,31
1088,Entry long,2021-12-20 14:25,L1139,1800.541,10,18005.41,-7.76,-0.04,6,15.39,0.09,-5.66,-0.03,-6168.68,-61.69,31
1089,Exit short,2021-12-20 17:50,Opposite signal,1798.306,14,25207.63,22.95,0.09,8.4,73.92,0.29,-9.66,-0.04,-6145.74,-61.46,172
1089,Entry short,2021-12-20 14:57,S1140,1800.545,14,25207.63,22.95,0.09,8.4,73.92,0.29,-9.66,-0.04,-6145.74,-61.46,172
1090,Exit long,2021-12-20 19:00,Opposite signal,1794.695,10,17981.48,-40.53,-0.23,6,17.52,0.10,-38.98,-0.22,-6186.27,-61.86,62
1090,Entry long,2021-12-20 17:58,L1141,1798.148,10,17981.48,-40.53,-0.23,6,17.52,0.10,-38.98,-0.22,-6186.27,-61.86,62
1091,Exit short,2021-12-21 02:00,Time flat,1790.495,9,16167.195,47.34,0.29,5.4,65.08,0.40,-21.1,-0.13,-6138.93,-61.39,419
1091,Entry short,2021-12-20 19:01,S1142,1796.355,9,16167.195,47.34,0.29,5.4,65.08,0.40,-21.1,-0.13,-6138.93,-61.39,419
1092,Exit short,2021-12-21 09:15,Opposite signal,1792.24,14,25068.96,-30.8,-0.12,8.4,14,0.06,-27.44,-0.11,-6169.73,-61.70,179
1092,Entry short,2021-12-21 06:16,S1143,1790.64,14,25068.96,-30.8,-0.12,8.4,14,0.06,-27.44,-0.11,-6169.73,-61.70,179
1093,Exit long,2021-12-21 11:39,Opposite signal,1790.81,12,21502.5,-19.98,-0.09,7.2,15.78,0.07,-18.9,-0.09,-6189.71,-61.90,135
1093,Entry long,2021-12-21 09:19,L1144,1791.875,12,21502.5,-19.98,-0.09,7.2,15.78,0.07,-18.9,-0.09,-6189.71,-61.90,135
1094,Exit short,2021-12-21 12:37,Opposite signal,1791.62,11,19699.35,-15.07,-0.08,6.6,18.04,0.09,-11.77,-0.06,-6204.78,-62.05,57
1094,Entry short,2021-12-21 11:40,S1145,1790.85,11,19699.35,-15.07,-0.08,6.6,18.04,0.09,-11.77,-0.06,-6204.78,-62.05,57
1095,Exit long,2021-12-21 19:47,Opposite signal,1794.86,12,21495.9,35.22,0.16,7.2,106.62,0.50,-27.3,-0.13,-6169.56,-61.70,426
1095,Entry long,2021-12-21 12:41,L1146,1791.325,12,21495.9,35.22,0.16,7.2,106.62,0.50,-27.3,-0.13,-6169.56,-61.70,426
1096,Exit short,2021-12-22 02:00,Time flat,1788.925,7,12568.465,41.79,0.33,4.2,72.03,0.57,-6.86,-0.05,-6127.77,-61.28,372
1096,Entry short,2021-12-21 19:48,S1147,1795.495,7,12568.465,41.79,0.33,4.2,72.03,0.57,-6.86,-0.05,-6127.77,-61.28,372
1097,Exit long,2021-12-22 20:22,Opposite signal,1790.63,6,10748.688,-8.51,-0.08,3.6,19.24,0.18,-6.74,-0.06,-6136.27,-61.36,79
1097,Entry long,2021-12-22 19:03,L1148,1791.448,6,10748.688,-8.51,-0.08,3.6,19.24,0.18,-6.74,-0.06,-6136.27,-61.36,79
1098,Exit short,2021-12-22 21:22,Opposite signal,1795.12,9,16118.1,-43.38,-0.27,5.4,0,0.00,-41.08,-0.25,-6179.65,-61.80,52
1098,Entry short,2021-12-22 20:30,S1149,1790.9,9,16118.1,-43.38,-0.27,5.4,0,0.00,-41.08,-0.25,-6179.65,-61.80,52
1099,Exit long,2021-12-23 02:00,Time flat,1803.9,5,8985.89,30.61,0.34,3,34.84,0.39,-3.36,-0.04,-6149.04,-61.49,228
1099,Entry long,2021-12-22 22:11,L1150,1797.178,5,8985.89,30.61,0.34,3,34.84,0.39,-3.36,-0.04,-6149.04,-61.49,228
1100,Exit long,2021-12-23 20:05,Opposite signal,1803.03,14,25270.7,-36.68,-0.15,8.4,66.36,0.26,-39.13,-0.15,-6185.72,-61.86,800
1100,Entry long,2021-12-23 06:36,L1151,1805.05,14,25270.7,-36.68,-0.15,8.4,66.36,0.26,-39.13,-0.15,-6185.72,-61.86,800
1101,Exit short,2021-12-23 23:59,Opposite signal,1810.235,5,9008.525,-45.65,-0.51,3,0,0.00,-44.15,-0.49,-6231.37,-62.31,224
1101,Entry short,2021-12-23 20:15,S1152,1801.705,5,9008.525,-45.65,-0.51,3,0,0.00,-44.15,-0.49,-6231.37,-62.31,224
1102,Exit short,2021-12-27 15:27,Opposite signal,1806.29,16,28968.464,58.22,0.20,9.6,81.9,0.28,-18.74,-0.06,-6173.15,-61.73,433
1102,Entry short,2021-12-27 07:57,S1153,1810.529,16,28968.464,58.22,0.20,9.6,81.9,0.28,-18.74,-0.06,-6173.15,-61.73,433
1103,Exit long,2021-12-27 16:53,Opposite signal,1805.006,13,23492.703,-35.42,-0.15,7.8,0,0.00,-31.52,-0.13,-6208.57,-62.09,69
1103,Entry long,2021-12-27 15:41,L1154,1807.131,13,23492.703,-35.42,-0.15,7.8,0,0.00,-31.52,-0.13,-6208.57,-62.09,69
1104,Exit short,2021-12-27 19:08,Opposite signal,1807.84,11,19856.21,-36.63,-0.18,6.6,19.75,0.10,-33.99,-0.17,-6245.2,-62.45,134
1104,Entry short,2021-12-27 16:54,S1155,1805.11,11,19856.21,-36.63,-0.18,6.6,19.75,0.10,-33.99,-0.17,-6245.2,-62.45,134
1105,Exit long,2021-12-27 20:07,Opposite signal,1807.6,9,16262.775,0.23,0.00,5.4,22.68,0.14,-8.23,-0.05,-6244.98,-62.45,56
1105,Entry long,2021-12-27 19:11,L1156,1806.975,9,16262.775,0.23,0.00,5.4,22.68,0.14,-8.23,-0.05,-6244.98,-62.45,56
1106,Exit short,2021-12-27 20:32,Opposite signal,1809.866,15,27121.17,-35.82,-0.13,9,0,0.00,-38.2,-0.14,-6280.8,-62.81,24
1106,Entry short,2021-12-27 20:08,S1157,1808.078,15,27121.17,-35.82,-0.13,9,0,0.00,-38.2,-0.14,-6280.8,-62.81,24
1107,Exit long,2021-12-27 23:33,Opposite signal,1807.15,12,21717.54,-38.94,-0.18,7.2,1.56,0.01,-36.06,-0.17,-6319.74,-63.20,57
1107,Entry long,2021-12-27 22:36,L1158,1809.795,12,21717.54,-38.94,-0.18,7.2,1.56,0.01,-36.06,-0.17,-6319.74,-63.20,57
1108,Exit long,2021-12-28 13:08,Opposite signal,1814.36,6,10881.09,1.47,0.01,3.6,13.86,0.13,-2.37,-0.02,-6318.27,-63.18,66
1108,Entry long,2021-12-28 12:02,L1159,1813.515,6,10881.09,1.47,0.01,3.6,13.86,0.13,-2.37,-0.02,-6318.27,-63.18,66
1109,Exit short,2021-12-28 16:05,Opposite signal,1816.46,14,25400.396,-38.44,-0.15,8.4,5.73,0.02,-34.73,-0.14,-6356.71,-63.57,172
1109,Entry short,2021-12-28 13:13,S1160,1814.314,14,25400.396,-38.44,-0.15,8.4,5.73,0.02,-34.73,-0.14,-6356.71,-63.57,172
1110,Exit short,2021-12-28 16:37,Opposite signal,1818.15,19,34525.926,-30.32,-0.09,11.4,0,0.00,-25.76,-0.07,-6387.04,-63.87,4
1110,Entry short,2021-12-28 16:33,S1162,1817.154,19,34525.926,-30.32,-0.09,11.4,0,0.00,-25.76,-0.07,-6387.04,-63.87,4
1111,Exit long,2021-12-28 16:53,Opposite signal,1816.8,17,30906.595,-31.19,-0.10,10.2,0,0.00,-26.09,-0.08,-6418.23,-64.18,13
1111,Entry long,2021-12-28 16:39,L1163,1818.035,17,30906.595,-31.19,-0.10,10.2,0,0.00,-26.09,-0.08,-6418.23,-64.18,13
1112,Exit short,2021-12-28 18:59,Opposite signal,1818.656,15,27251.4,-37.44,-0.14,9,19.2,0.07,-35.25,-0.13,-6455.67,-64.56,117
1112,Entry short,2021-12-28 17:00,S1164,1816.76,15,27251.4,-37.44,-0.14,9,19.2,0.07,-35.25,-0.13,-6455.67,-64.56,117
1113,Exit long,2021-12-28 19:37,L1165 exit,1814.18,11,19999.32,-49.94,-0.25,6.6,2.2,0.01,-46.64,-0.23,-6505.61,-65.06,15
1113,Entry long,2021-12-28 19:22,L1165,1818.12,11,19999.32,-49.94,-0.25,6.6,2.2,0.01,-46.64,-0.23,-6505.61,-65.06,15
1114,Exit short,2021-12-29 02:00,Time flat,1806.63,6,10881.744,38.36,0.35,3.6,49.37,0.45,-16.33,-0.15,-6467.25,-64.67,379
1114,Entry short,2021-12-28 19:41,S1166,1813.624,6,10881.744,38.36,0.35,3.6,49.37,0.45,-16.33,-0.15,-6467.25,-64.67,379
1115,Exit long,2021-12-29 08:06,Opposite signal,1805.06,15,27086.52,-19.62,-0.07,9,5.21,0.02,-16.09,-0.06,-6486.87,-64.87,37
1115,Entry long,2021-12-29 07:29,L1167,1805.768,15,27086.52,-19.62,-0.07,9,5.21,0.02,-16.09,-0.06,-6486.87,-64.87,37
1116,Exit short,2021-12-29 08:20,Opposite signal,1806.505,17,30692.565,-28.22,-0.09,10.2,1.62,0.01,-24.56,-0.08,-6515.09,-65.15,13
1116,Entry short,2021-12-29 08:07,S1168,1805.445,17,30692.565,-28.22,-0.09,10.2,1.62,0.01,-24.56,-0.08,-6515.09,-65.15,13
1117,Exit long,2021-12-29 09:22,Opposite signal,1806.91,13,23490.909,-8.88,-0.04,7.8,6.02,0.03,-4.98,-0.02,-6523.97,-65.24,36
1117,Entry long,2021-12-29 08:40,L1169,1806.993,13,23490.909,-8.88,-0.04,7.8,6.02,0.03,-4.98,-0.02,-6523.97,-65.24,36
1118,Exit short,2021-12-29 11:02,Opposite signal,1807.13,20,36138.8,-15.8,-0.04,12,23.6,0.07,-9.8,-0.03,-6539.77,-65.40,87
1118,Entry short,2021-12-29 09:23,S1170,1806.94,20,36138.8,-15.8,-0.04,12,23.6,0.07,-9.8,-0.03,-6539.77,-65.40,87
1119,Exit long,2021-12-29 12:15,Opposite signal,1806.605,17,30714.308,-12.22,-0.04,10.2,9.28,0.03,-8.65,-0.03,-6551.99,-65.52,72
1119,Entry long,2021-12-29 11:03,L1171,1806.724,17,30714.308,-12.22,-0.04,10.2,9.28,0.03,-8.65,-0.03,-6551.99,-65.52,72
1120,Exit short,2021-12-29 16:00,S1172 exit,1797.95,19,34326.065,153.62,0.45,11.4,159.32,0.46,-6.55,-0.02,-6398.38,-63.98,218
1120,Entry short,2021-12-29 12:22,S1172,1806.635,19,34326.065,153.62,0.45,11.4,159.32,0.46,-6.55,-0.02,-6398.38,-63.98,218
1121,Exit long,2021-12-30 00:16,Opposite signal,1803.865,9,16228.944,0.44,0.00,5.4,19.71,0.12,-17.65,-0.11,-6397.93,-63.98,157
1121,Entry long,2021-12-29 21:39,L1173,1803.216,9,16228.944,0.44,0.00,5.4,19.71,0.12,-17.65,-0.11,-6397.93,-63.98,157
1122,Exit long,2021-12-30 12:51,Opposite signal,1797.195,16,28778.56,-33.04,-0.11,9.6,0.8,0.00,-28.96,-0.10,-6430.97,-64.31,46
1122,Entry long,2021-12-30 12:05,L1174,1798.66,16,28778.56,-33.04,-0.11,9.6,0.8,0.00,-28.96,-0.10,-6430.97,-64.31,46
1123,Exit short,2021-12-30 13:39,Opposite signal,1799.17,14,25162.34,-34.44,-0.14,8.4,7.98,0.03,-30.73,-0.12,-6465.41,-64.65,42
1123,Entry short,2021-12-30 12:57,S1175,1797.31,14,25162.34,-34.44,-0.14,8.4,7.98,0.03,-30.73,-0.12,-6465.41,-64.65,42
1124,Exit long,2021-12-30 14:54,Opposite signal,1800.6,10,17997.87,2.13,0.01,6,21.98,0.12,-5.11,-0.03,-6463.28,-64.63,56
1124,Entry long,2021-12-30 13:58,L1176,1799.787,10,17997.87,2.13,0.01,6,21.98,0.12,-5.11,-0.03,-6463.28,-64.63,56
1125,Exit short,2021-12-30 16:06,Opposite signal,1799.955,15,27009.15,0.83,0.00,9,15.23,0.06,-7.65,-0.03,-6462.46,-64.62,46
1125,Entry short,2021-12-30 15:20,S1177,1800.61,15,27009.15,0.83,0.00,9,15.23,0.06,-7.65,-0.03,-6462.46,-64.62,46
1126,Exit long,2021-12-30 17:33,Opposite signal,1802.425,16,28812.288,16.91,0.06,9.6,36.43,0.13,-5.65,-0.02,-6445.55,-64.46,67
1126,Entry long,2021-12-30 16:26,L1178,1800.768,16,28812.288,16.91,0.06,9.6,36.43,0.13,-5.65,-0.02,-6445.55,-64.46,67
1127,Exit short,2021-12-30 18:08,Opposite signal,1803.53,20,36051.5,-31.1,-0.09,12,11.8,0.03,-26,-0.07,-6476.65,-64.77,33
1127,Entry short,2021-12-30 17:35,S1179,1802.575,20,36051.5,-31.1,-0.09,12,11.8,0.03,-26,-0.07,-6476.65,-64.77,33
1128,Exit long,2021-12-30 18:49,Opposite signal,1801.505,12,21647.892,-37.03,-0.17,7.2,0,0.00,-35.41,-0.16,-6513.68,-65.14,19
1128,Entry long,2021-12-30 18:30,L1180,1803.991,12,21647.892,-37.03,-0.17,7.2,0,0.00,-35.41,-0.16,-6513.68,-65.14,19
1129,Exit short,2021-12-30 20:02,S1181 exit,1805.76,10,18016.85,-46.75,-0.26,6,3.99,0.02,-43.75,-0.24,-6560.43,-65.60,55
1129,Entry short,2021-12-30 19:07,S1181,1801.685,10,18016.85,-46.75,-0.26,6,3.99,0.02,-43.75,-0.24,-6560.43,-65.60,55
1130,Exit long,2021-12-31 02:00,Time flat,1816.326,5,9031.15,47.48,0.53,3,50.13,0.55,-8.43,-0.09,-6512.95,-65.13,338
1130,Entry long,2021-12-30 20:21,L1182,1806.23,5,9031.15,47.48,0.53,3,50.13,0.55,-8.43,-0.09,-6512.95,-65.13,338
1131,Exit short,2021-12-31 06:32,Opposite signal,1817.23,17,30867.393,-35.72,-0.12,10.2,0,0.00,-30.62,-0.10,-6548.67,-65.49,13
1131,Entry short,2021-12-31 06:18,S1183,1815.729,17,30867.393,-35.72,-0.12,10.2,0,0.00,-30.62,-0.10,-6548.67,-65.49,13
1132,Exit long,2021-12-31 07:27,Opposite signal,1815.2,15,27255.225,-36.22,-0.13,9,26.48,0.10,-32.4,-0.12,-6584.89,-65.85,54
1132,Entry long,2021-12-31 06:33,L1184,1817.015,15,27255.225,-36.22,-0.13,9,26.48,0.10,-32.4,-0.12,-6584.89,-65.85,54
1133,Exit short,2021-12-31 08:23,Opposite signal,1817.05,11,19977.507,-16.64,-0.08,6.6,11.79,0.06,-13.78,-0.07,-6601.53,-66.02,55
1133,Entry short,2021-12-31 07:28,S1185,1816.137,11,19977.507,-16.64,-0.08,6.6,11.79,0.06,-13.78,-0.07,-6601.53,-66.02,55
1134,Exit long,2021-12-31 13:15,Opposite signal,1817.33,13,23620.675,-3.18,-0.01,7.8,39,0.17,-6.76,-0.03,-6604.72,-66.05,235
1134,Entry long,2021-12-31 09:15,L1186,1816.975,13,23620.675,-3.18,-0.01,7.8,39,0.17,-6.76,-0.03,-6604.72,-66.05,235
1135,Exit short,2021-12-31 13:56,Opposite signal,1817.586,15,27239.205,-33.58,-0.12,9,0,0.00,-30.43,-0.11,-6638.3,-66.38,13
1135,Entry short,2021-12-31 13:43,S1187,1815.947,15,27239.205,-33.58,-0.12,9,0,0.00,-30.43,-0.11,-6638.3,-66.38,13
1136,Exit long,2021-12-31 15:03,Opposite signal,1818.75,12,21810.12,7.68,0.04,7.2,29.22,0.13,-4.01,-0.02,-6630.62,-66.31,52
1136,Entry long,2021-12-31 14:11,L1188,1817.51,12,21810.12,7.68,0.04,7.2,29.22,0.13,-4.01,-0.02,-6630.62,-66.31,52
1137,Exit short,2021-12-31 16:45,Opposite signal,1820.296,15,27279.945,-33.49,-0.12,9,7.85,0.03,-29.65,-0.11,-6664.12,-66.64,99
1137,Entry short,2021-12-31 15:06,S1189,1818.663,15,27279.945,-33.49,-0.12,9,7.85,0.03,-29.65,-0.11,-6664.12,-66.64,99
1138,Exit long,2021-12-31 20:31,Opposite signal,1821.64,12,21840.54,11.94,0.05,7.2,86.46,0.40,-20.52,-0.09,-6652.18,-66.52,224
1138,Entry long,2021-12-31 16:46,L1190,1820.045,12,21840.54,11.94,0.05,7.2,86.46,0.40,-20.52,-0.09,-6652.18,-66.52,224
1139,Exit short,2021-12-31 21:09,Opposite signal,1823.455,8,14581.04,-11.4,-0.08,4.8,15.92,0.11,-9,-0.06,-6663.58,-66.64,37
1139,Entry short,2021-12-31 20:32,S1191,1822.63,8,14581.04,-11.4,-0.08,4.8,15.92,0.11,-9,-0.06,-6663.58,-66.64,37
1140,Exit long,2021-12-31 23:00,Weekend flat,1826.826,11,20053,35.49,0.18,6.6,42.46,0.21,-23.98,-0.12,-6628.09,-66.28,106
1140,Entry long,2021-12-31 21:14,L1192,1823,11,20053,35.49,0.18,6.6,42.46,0.21,-23.98,-0.12,-6628.09,-66.28,106
1141,Exit long,2022-01-03 18:32,L1193 exit,1820.12,8,14606.848,-50.69,-0.35,4.8,11.11,0.08,-48.29,-0.33,-6678.78,-66.79,187
1141,Entry long,2022-01-03 15:25,L1193,1825.856,8,14606.848,-50.69,-0.35,4.8,11.11,0.08,-48.29,-0.33,-6678.78,-66.79,187
1142,Exit short,2022-01-04 02:00,Time flat,1802.25,10,18120,91.5,0.50,6,133.2,0.73,-14.36,-0.08,-6587.28,-65.87,421
1142,Entry short,2022-01-03 18:58,S1194,1812,10,18120,91.5,0.50,6,133.2,0.73,-14.36,-0.08,-6587.28,-65.87,421
1143,Exit long,2022-01-04 14:32,Opposite signal,1802.74,6,10829.766,-16.93,-0.16,3.6,13.19,0.12,-15.4,-0.14,-6604.21,-66.04,355
1143,Entry long,2022-01-04 08:35,L1195,1804.961,6,10829.766,-16.93,-0.16,3.6,13.19,0.12,-15.4,-0.14,-6604.21,-66.04,355
1144,Exit short,2022-01-04 16:01,S1196 exit,1808.46,8,14426,-46.48,-0.32,4.8,1.88,0.01,-44.08,-0.31,-6650.69,-66.51,84
1144,Entry short,2022-01-04 14:37,S1196,1803.25,8,14426,-46.48,-0.32,4.8,1.88,0.01,-44.08,-0.31,-6650.69,-66.51,84
1145,Exit long,2022-01-04 17:46,Opposite signal,1801.615,7,12649.056,-41.95,-0.33,4.2,0,0.00,-40.76,-0.32,-6692.64,-66.93,99
1145,Entry long,2022-01-04 16:07,L1197,1807.008,7,12649.056,-41.95,-0.33,4.2,0,0.00,-40.76,-0.32,-6692.64,-66.93,99
1146,Exit short,2022-01-04 19:31,Opposite signal,1809.27,6,10813.41,-45.81,-0.42,3.6,20.55,0.19,-45.87,-0.42,-6738.45,-67.38,104
1146,Entry short,2022-01-04 17:47,S1198,1802.235,6,10813.41,-45.81,-0.42,3.6,20.55,0.19,-45.87,-0.42,-6738.45,-67.38,104
1147,Exit long,2022-01-05 02:00,Time flat,1814.045,5,9034.06,33.17,0.37,3,48.49,0.54,-3.81,-0.04,-6705.28,-67.05,383
1147,Entry long,2022-01-04 19:36,L1199,1806.812,5,9034.06,33.17,0.37,3,48.49,0.54,-3.81,-0.04,-6705.28,-67.05,383
1148,Exit short,2022-01-05 18:55,S1200 exit,1821.81,10,18172.7,-51.4,-0.28,6,19.35,0.11,-48.4,-0.27,-6756.68,-67.57,60
1148,Entry short,2022-01-05 17:55,S1200,1817.27,10,18172.7,-51.4,-0.28,6,19.35,0.11,-48.4,-0.27,-6756.68,-67.57,60
1149,Exit long,2022-01-05 20:38,Opposite signal,1824.695,10,18280.31,-39.36,-0.22,6,12.99,0.07,-37.97,-0.21,-6796.04,-67.96,24
1149,Entry long,2022-01-05 20:14,L1201,1828.031,10,18280.31,-39.36,-0.22,6,12.99,0.07,-37.97,-0.21,-6796.04,-67.96,24
1150,Exit short,2022-01-06 02:00,Time flat,1810.11,8,14599.68,114,0.78,4.8,119.44,0.82,-9.04,-0.06,-6682.04,-66.82,319
1150,Entry short,2022-01-05 20:40,S1202,1824.96,8,14599.68,114,0.78,4.8,119.44,0.82,-9.04,-0.06,-6682.04,-66.82,319
1151,Exit long,2022-01-06 09:17,Opposite signal,1807,10,18104.77,-40.77,-0.23,6,0,0.00,-37.97,-0.21,-6722.81,-67.23,108
1151,Entry long,2022-01-06 07:29,L1203,1810.477,10,18104.77,-40.77,-0.23,6,0,0.00,-37.97,-0.21,-6722.81,-67.23,108
1152,Exit short,2022-01-06 10:56,Opposite signal,1807.08,8,14457.36,-4.08,-0.03,4.8,15.08,0.10,-4.96,-0.03,-6726.89,-67.27,97
1152,Entry short,2022-01-06 09:18,S1204,1807.17,8,14457.36,-4.08,-0.03,4.8,15.08,0.10,-4.96,-0.03,-6726.89,-67.27,97
1153,Exit long,2022-01-06 11:10,Opposite signal,1804.63,14,25297.454,-41.03,-0.16,8.4,0,0.00,-36.83,-0.15,-6767.93,-67.68,10
1153,Entry long,2022-01-06 11:00,L1205,1806.961,14,25297.454,-41.03,-0.16,8.4,0,0.00,-36.83,-0.15,-6767.93,-67.68,10
1154,Exit long,2022-01-06 18:26,Opposite signal,1793.43,4,7215.488,-44.17,-0.61,2.4,0,0.00,-43.14,-0.60,-6812.1,-68.12,137
1154,Entry long,2022-01-06 16:09,L1207,1803.872,4,7215.488,-44.17,-0.61,2.4,0,0.00,-43.14,-0.60,-6812.1,-68.12,137
1155,Exit long,2022-01-07 00:39,Opposite signal,1787.13,8,14333.544,-41.3,-0.29,4.8,28.82,0.20,-39.26,-0.27,-6853.4,-68.53,328
1155,Entry long,2022-01-06 19:11,L1209,1791.693,8,14333.544,-41.3,-0.29,4.8,28.82,0.20,-39.26,-0.27,-6853.4,-68.53,328
1156,Exit long,2022-01-10 14:43,Opposite signal,1796.19,21,37741.053,-33.66,-0.09,12.6,0,0.00,-30.83,-0.08,-6887.06,-68.87,5
1156,Entry long,2022-01-10 14:38,L1210,1797.193,21,37741.053,-33.66,-0.09,12.6,0,0.00,-30.83,-0.08,-6887.06,-68.87,5
1157,Exit short,2022-01-10 14:48,Opposite signal,1797.795,19,34139.39,-30.11,-0.09,11.4,0,0.00,-25.17,-0.07,-6917.18,-69.17,4
1157,Entry short,2022-01-10 14:44,S1211,1796.81,19,34139.39,-30.11,-0.09,11.4,0,0.00,-25.17,-0.07,-6917.18,-69.17,4
1158,Exit long,2022-01-10 17:40,Opposite signal,1800.09,16,28760.208,31.63,0.11,9.6,72.91,0.25,-19.57,-0.07,-6885.55,-68.86,168
1158,Entry long,2022-01-10 14:51,L1212,1797.513,16,28760.208,31.63,0.11,9.6,72.91,0.25,-19.57,-0.07,-6885.55,-68.86,168
1159,Exit short,2022-01-11 17:12,Opposite signal,1806.51,15,27130.005,23.36,0.09,9,59.81,0.22,-8.6,-0.03,-6862.19,-68.62,125
1159,Entry short,2022-01-11 15:06,S1214,1808.667,15,27130.005,23.36,0.09,9,59.81,0.22,-8.6,-0.03,-6862.19,-68.62,125
1160,Exit long,2022-01-11 19:12,Opposite signal,1805.185,12,21682.236,-27.22,-0.13,7.2,23.54,0.11,-24.16,-0.11,-6889.41,-68.89,106
1160,Entry long,2022-01-11 17:26,L1215,1806.853,12,21682.236,-27.22,-0.13,7.2,23.54,0.11,-24.16,-0.11,-6889.41,-68.89,106
1161,Exit short,2022-01-11 20:29,Opposite signal,1807.135,9,16246.89,-22.72,-0.14,5.4,27.54,0.17,-21.73,-0.13,-6912.13,-69.12,76
1161,Entry short,2022-01-11 19:13,S1216,1805.21,9,16246.89,-22.72,-0.14,5.4,27.54,0.17,-21.73,-0.13,-6912.13,-69.12,76
1162,Exit long,2022-01-12 02:00,Time flat,1821.545,9,16253.604,134.9,0.83,5.4,139.13,0.86,-7.84,-0.05,-6777.23,-67.77,330
1162,Entry long,2022-01-11 20:30,L1217,1805.956,9,16253.604,134.9,0.83,5.4,139.13,0.86,-7.84,-0.05,-6777.23,-67.77,330
1163,Exit long,2022-01-12 09:23,Opposite signal,1818.475,15,27300.975,-32.85,-0.12,9,0.3,0.00,-30.67,-0.11,-6810.08,-68.10,106
1163,Entry long,2022-01-12 07:34,L1218,1820.065,15,27300.975,-32.85,-0.12,9,0.3,0.00,-30.67,-0.11,-6810.08,-68.10,106
1164,Exit short,2022-01-12 11:07,Opposite signal,1820.41,14,25458.58,-35.56,-0.14,8.4,0.63,0.00,-31.57,-0.12,-6845.64,-68.46,77
1164,Entry short,2022-01-12 09:41,S1219,1818.47,14,25458.58,-35.56,-0.14,8.4,0.63,0.00,-31.57,-0.12,-6845.64,-68.46,77
1165,Exit long,2022-01-12 13:01,Opposite signal,1817.45,12,21844.86,-42.66,-0.20,7.2,9,0.04,-42.66,-0.20,-6888.3,-68.88,80
1165,Entry long,2022-01-12 11:41,L1220,1820.405,12,21844.86,-42.66,-0.20,7.2,9,0.04,-42.66,-0.20,-6888.3,-68.88,80
1166,Exit short,2022-01-12 13:41,Opposite signal,1817.74,8,14538.24,-8.48,-0.06,4.8,11.76,0.08,-6.44,-0.04,-6896.78,-68.97,12
1166,Entry short,2022-01-12 13:29,S1221,1817.28,8,14538.24,-8.48,-0.06,4.8,11.76,0.08,-6.44,-0.04,-6896.78,-68.97,12
1167,Exit long,2022-01-12 14:17,Opposite signal,1815.065,14,25444.23,-41.72,-0.16,8.4,0,0.00,-38.71,-0.15,-6938.5,-69.39,20
1167,Entry long,2022-01-12 13:57,L1222,1817.445,14,25444.23,-41.72,-0.16,8.4,0,0.00,-38.71,-0.15,-6938.5,-69.39,20
1168,Exit short,2022-01-12 16:59,Opposite signal,1818.37,11,19972.37,-36.3,-0.18,6.6,3.19,0.02,-33,-0.17,-6974.8,-69.75,161
1168,Entry short,2022-01-12 14:18,S1223,1815.67,11,19972.37,-36.3,-0.18,6.6,3.19,0.02,-33,-0.17,-6974.8,-69.75,161
1169,Exit long,2022-01-13 00:26,Opposite signal,1826.195,9,16363.8,66.56,0.41,5.4,85.23,0.52,-19.35,-0.12,-6908.25,-69.08,446
1169,Entry long,2022-01-12 17:00,L1224,1818.2,9,16363.8,66.56,0.41,5.4,85.23,0.52,-19.35,-0.12,-6908.25,-69.08,446
1170,Exit long,2022-01-13 07:40,Opposite signal,1824.55,19,34678.61,-23.56,-0.07,11.4,22.61,0.07,-17.95,-0.05,-6931.81,-69.32,57
1170,Entry long,2022-01-13 06:43,L1225,1825.19,19,34678.61,-23.56,-0.07,11.4,22.61,0.07,-17.95,-0.05,-6931.81,-69.32,57
1171,Exit short,2022-01-13 08:39,Opposite signal,1825.285,15,27376.185,-12.09,-0.04,9,10.41,0.04,-7.59,-0.03,-6943.9,-69.44,56
1171,Entry short,2022-01-13 07:42,S1226,1825.079,15,27376.185,-12.09,-0.04,9,10.41,0.04,-7.59,-0.03,-6943.9,-69.44,56
1172,Exit long,2022-01-13 11:29,Opposite signal,1826.31,18,32853.528,9.25,0.03,10.8,48.31,0.15,-17.66,-0.05,-6934.64,-69.35,159
1172,Entry long,2022-01-13 08:42,L1227,1825.196,18,32853.528,9.25,0.03,10.8,48.31,0.15,-17.66,-0.05,-6934.64,-69.35,159
1173,Exit short,2022-01-13 12:55,Opposite signal,1825.44,14,25568.746,4.19,0.02,8.4,34.71,0.14,-12.05,-0.05,-6930.46,-69.30,85
1173,Entry short,2022-01-13 11:30,S1228,1826.339,14,25568.746,4.19,0.02,8.4,34.71,0.14,-12.05,-0.05,-6930.46,-69.30,85
1174,Exit short,2022-01-13 15:43,Opposite signal,1823.49,14,25562.18,24.92,0.10,8.4,90.58,0.35,-23.66,-0.09,-6905.54,-69.06,117
1174,Entry short,2022-01-13 13:46,S1230,1825.87,14,25562.18,24.92,0.10,8.4,90.58,0.35,-23.66,-0.09,-6905.54,-69.06,117
1175,Exit long,2022-01-13 18:44,Opposite signal,1823.195,8,14586.64,-5.88,-0.04,4.8,19.2,0.13,-12.88,-0.09,-6911.42,-69.11,175
1175,Entry long,2022-01-13 15:49,L1231,1823.33,8,14586.64,-5.88,-0.04,4.8,19.2,0.13,-12.88,-0.09,-6911.42,-69.11,175
1176,Exit short,2022-01-13 21:45,Opposite signal,1815.865,10,18229.48,64.83,0.36,6,102.23,0.56,-15.32,-0.08,-6846.59,-68.47,176
1176,Entry short,2022-01-13 18:49,S1232,1822.948,10,18229.48,64.83,0.36,6,102.23,0.56,-15.32,-0.08,-6846.59,-68.47,176
1177,Exit long,2022-01-14 02:00,Time flat,1821.65,9,16348.14,41.31,0.25,5.4,50.18,0.31,-4.9,-0.03,-6805.28,-68.05,237
1177,Entry long,2022-01-13 22:03,L1233,1816.46,9,16348.14,41.31,0.25,5.4,50.18,0.31,-4.9,-0.03,-6805.28,-68.05,237
1178,Exit long,2022-01-14 14:27,Opposite signal,1825.795,14,25502.344,50.39,0.20,8.4,102.4,0.40,-9.97,-0.04,-6754.89,-67.55,460
1178,Entry long,2022-01-14 06:47,L1234,1821.596,14,25502.344,50.39,0.20,8.4,102.4,0.40,-9.97,-0.04,-6754.89,-67.55,460
1179,Exit long,2022-01-14 15:52,Opposite signal,1822.59,15,27351.75,-21.9,-0.08,9,9.23,0.03,-17.4,-0.06,-6776.79,-67.77,46
1179,Entry long,2022-01-14 15:06,L1236,1823.45,15,27351.75,-21.9,-0.08,9,9.23,0.03,-17.4,-0.06,-6776.79,-67.77,46
1180,Exit short,2022-01-14 17:28,Opposite signal,1822.775,14,25524.184,-3.07,-0.01,8.4,42.99,0.17,-13.36,-0.05,-6779.86,-67.80,95
1180,Entry short,2022-01-14 15:53,S1237,1823.156,14,25524.184,-3.07,-0.01,8.4,42.99,0.17,-13.36,-0.05,-6779.86,-67.80,95
1181,Exit long,2022-01-14 19:57,Opposite signal,1823.205,10,18228.9,-2.85,-0.02,6,45.75,0.25,-35.8,-0.20,-6782.71,-67.83,130
1181,Entry long,2022-01-14 17:47,L1238,1822.89,10,18228.9,-2.85,-0.02,6,45.75,0.25,-35.8,-0.20,-6782.71,-67.83,130
1182,Exit short,2022-01-14 23:00,Weekend flat,1818.19,8,14586.8,36.48,0.25,4.8,56.72,0.39,-23.39,-0.16,-6746.23,-67.46,168
1182,Entry short,2022-01-14 20:12,S1239,1823.35,8,14586.8,36.48,0.25,4.8,56.72,0.39,-23.39,-0.16,-6746.23,-67.46,168
1183,Exit long,2022-01-17 06:28,Opposite signal,1815.52,18,32685.264,-16.7,-0.05,10.8,4.72,0.01,-11.3,-0.03,-6762.93,-67.63,13
1183,Entry long,2022-01-17 06:15,L1240,1815.848,18,32685.264,-16.7,-0.05,10.8,4.72,0.01,-11.3,-0.03,-6762.93,-67.63,13
1184,Exit short,2022-01-17 07:06,Opposite signal,1814.44,20,36318.4,17.6,0.05,12,48.3,0.13,-6,-0.02,-6745.33,-67.45,37
1184,Entry short,2022-01-17 06:29,S1241,1815.92,20,36318.4,17.6,0.05,12,48.3,0.13,-6,-0.02,-6745.33,-67.45,37
1185,Exit long,2022-01-17 10:22,Opposite signal,1819.83,13,23600.72,49.27,0.21,7.8,59.1,0.25,-5.59,-0.02,-6696.06,-66.96,183
1185,Entry long,2022-01-17 07:15,L1242,1815.44,13,23600.72,49.27,0.21,7.8,59.1,0.25,-5.59,-0.02,-6696.06,-66.96,183
1186,Exit long,2022-01-17 15:02,Opposite signal,1821.08,19,34563.432,25.69,0.07,11.4,71.86,0.21,-15.26,-0.04,-6670.37,-66.70,242
1186,Entry long,2022-01-17 10:59,L1244,1819.128,19,34563.432,25.69,0.07,11.4,71.86,0.21,-15.26,-0.04,-6670.37,-66.70,242
1187,Exit short,2022-01-17 16:37,Opposite signal,1821.37,13,23674.95,-10.66,-0.05,7.8,12.55,0.05,-15.14,-0.06,-6681.03,-66.81,92
1187,Entry short,2022-01-17 15:03,S1245,1821.15,13,23674.95,-10.66,-0.05,7.8,12.55,0.05,-15.14,-0.06,-6681.03,-66.81,92
1188,Exit long,2022-01-17 17:50,Opposite signal,1819.715,15,27320.94,-34.22,-0.13,9,2.61,0.01,-29.71,-0.11,-6715.25,-67.15,54
1188,Entry long,2022-01-17 16:56,L1246,1821.396,15,27320.94,-34.22,-0.13,9,2.61,0.01,-29.71,-0.11,-6715.25,-67.15,54
1189,Exit short,2022-01-17 18:51,Opposite signal,1820.595,13,23660.325,-15.21,-0.06,7.8,6.18,0.03,-14.82,-0.06,-6730.46,-67.30,60
1189,Entry short,2022-01-17 17:51,S1247,1820.025,13,23660.325,-15.21,-0.06,7.8,6.18,0.03,-14.82,-0.06,-6730.46,-67.30,60
1190,Exit long,2022-01-17 20:30,L1248 exit,1818.25,18,32762.43,-44.73,-0.14,10.8,20.07,0.06,-39.33,-0.12,-6775.19,-67.75,98
1190,Entry long,2022-01-17 18:52,L1248,1820.135,18,32762.43,-44.73,-0.14,10.8,20.07,0.06,-39.33,-0.12,-6775.19,-67.75,98
1191,Exit short,2022-01-18 04:34,Time flat,1818.52,14,25476.22,8.54,0.03,8.4,16.04,0.06,-8.68,-0.03,-6766.65,-67.67,211
1191,Entry short,2022-01-17 20:50,S1249,1819.73,14,25476.22,8.54,0.03,8.4,16.04,0.06,-8.68,-0.03,-6766.65,-67.67,211
1192,Exit long,2022-01-18 08:53,Opposite signal,1821.08,10,18212.51,-7.71,-0.04,6,12.45,0.07,-5.16,-0.03,-6774.36,-67.74,33
1192,Entry long,2022-01-18 08:20,L1250,1821.251,10,18212.51,-7.71,-0.04,6,12.45,0.07,-5.16,-0.03,-6774.36,-67.74,33
1193,Exit long,2022-01-18 11:26,Opposite signal,1816.265,14,25441.64,-22.33,-0.09,8.4,10.22,0.04,-18.83,-0.07,-6796.69,-67.97,105
1193,Entry long,2022-01-18 09:41,L1252,1817.26,14,25441.64,-22.33,-0.09,8.4,10.22,0.04,-18.83,-0.07,-6796.69,-67.97,105
1194,Exit short,2022-01-18 17:10,Opposite signal,1812.18,14,25429.25,50.33,0.20,8.4,95.97,0.38,-27.79,-0.11,-6746.36,-67.46,332
1194,Entry short,2022-01-18 11:38,S1253,1816.375,14,25429.25,50.33,0.20,8.4,95.97,0.38,-27.79,-0.11,-6746.36,-67.46,332
1195,Exit long,2022-01-18 18:37,Opposite signal,1812.155,9,16317.873,-13.88,-0.09,5.4,25.9,0.16,-12.75,-0.08,-6760.24,-67.60,64
1195,Entry long,2022-01-18 17:33,L1254,1813.097,9,16317.873,-13.88,-0.09,5.4,25.9,0.16,-12.75,-0.08,-6760.24,-67.60,64
1196,Exit short,2022-01-18 19:04,Opposite signal,1816.68,10,18127.35,-45.45,-0.25,6,0,0.00,-46.55,-0.26,-6805.69,-68.06,2
1196,Entry short,2022-01-18 19:02,S1255,1812.735,10,18127.35,-45.45,-0.25,6,0,0.00,-46.55,-0.26,-6805.69,-68.06,2
1197,Exit long,2022-01-18 21:55,Opposite signal,1811.3,4,7265.868,-23.07,-0.32,2.4,13.49,0.19,-21.87,-0.30,-6828.75,-68.29,132
1197,Entry long,2022-01-18 19:43,L1256,1816.467,4,7265.868,-23.07,-0.32,2.4,13.49,0.19,-21.87,-0.30,-6828.75,-68.29,132
1198,Exit short,2022-01-19 02:00,Time flat,1815.175,6,10878.498,-16.15,-0.15,3.6,12.77,0.12,-18.88,-0.17,-6844.91,-68.45,240
1198,Entry short,2022-01-18 22:00,S1257,1813.083,6,10878.498,-16.15,-0.15,3.6,12.77,0.12,-18.88,-0.17,-6844.91,-68.45,240
1199,Exit long,2022-01-19 17:24,Opposite signal,1817.815,7,12711.51,8.99,0.07,4.2,26.18,0.21,-4.03,-0.03,-6835.91,-68.36,158
1199,Entry long,2022-01-19 14:46,L1258,1815.93,7,12711.51,8.99,0.07,4.2,26.18,0.21,-4.03,-0.03,-6835.91,-68.36,158
1200,Exit short,2022-01-19 18:50,Opposite signal,1819.98,12,21810.936,-36.02,-0.17,7.2,1.9,0.01,-34.4,-0.16,-6871.94,-68.72,76
1200,Entry short,2022-01-19 17:34,S1259,1817.578,12,21810.936,-36.02,-0.17,7.2,1.9,0.01,-34.4,-0.16,-6871.94,-68.72,76
1201,Exit short,2022-01-20 11:43,Opposite signal,1840.655,9,16564.707,-6.59,-0.04,5.4,15.06,0.09,-12.26,-0.07,-6878.52,-68.79,215
1201,Entry short,2022-01-20 08:04,S1261,1840.523,9,16564.707,-6.59,-0.04,5.4,15.06,0.09,-12.26,-0.07,-6878.52,-68.79,215
1202,Exit long,2022-01-20 15:20,Opposite signal,1838.046,14,25766.58,-42.34,-0.16,8.4,19.74,0.08,-40.32,-0.16,-6920.86,-69.21,216
1202,Entry long,2022-01-20 11:44,L1262,1840.47,14,25766.58,-42.34,-0.16,8.4,19.74,0.08,-40.32,-0.16,-6920.86,-69.21,216
1203,Exit short,2022-01-20 17:02,Opposite signal,1837.865,9,16544.997,-1.19,-0.01,5.4,11.19,0.07,-14.28,-0.09,-6922.05,-69.22,93
1203,Entry short,2022-01-20 15:28,S1263,1838.333,9,16544.997,-1.19,-0.01,5.4,11.19,0.07,-14.28,-0.09,-6922.05,-69.22,93
1204,Exit long,2022-01-20 17:54,Opposite signal,1836.45,13,23906.155,-40.1,-0.17,7.8,4.68,0.02,-42.05,-0.18,-6962.15,-69.62,40
1204,Entry long,2022-01-20 17:14,L1264,1838.935,13,23906.155,-40.1,-0.17,7.8,4.68,0.02,-42.05,-0.18,-6962.15,-69.62,40
1205,Exit short,2022-01-20 18:27,Opposite signal,1840.265,11,20204.69,-44.82,-0.22,6.6,0,0.00,-42.17,-0.21,-7006.98,-70.07,30
1205,Entry short,2022-01-20 17:57,S1265,1836.79,11,20204.69,-44.82,-0.22,6.6,0,0.00,-42.17,-0.21,-7006.98,-70.07,30
1206,Exit long,2022-01-20 20:17,Opposite signal,1842.385,9,16558.731,17.33,0.10,5.4,62.15,0.38,-9.22,-0.06,-6989.64,-69.90,105
1206,Entry long,2022-01-20 18:32,L1266,1839.859,9,16558.731,17.33,0.10,5.4,62.15,0.38,-9.22,-0.06,-6989.64,-69.90,105
1207,Exit short,2022-01-20 20:33,Opposite signal,1847.125,9,16602.435,-27.09,-0.16,5.4,5.09,0.03,-24.39,-0.15,-7016.73,-70.17,15
1207,Entry short,2022-01-20 20:18,S1267,1844.715,9,16602.435,-27.09,-0.16,5.4,5.09,0.03,-24.39,-0.15,-7016.73,-70.17,15
1208,Exit long,2022-01-20 21:52,L1268 exit,1841.01,7,12920.705,-37.83,-0.29,4.2,12.82,0.10,-35.73,-0.28,-7054.57,-70.55,78
1208,Entry long,2022-01-20 20:34,L1268,1845.815,7,12920.705,-37.83,-0.29,4.2,12.82,0.10,-35.73,-0.28,-7054.57,-70.55,78
1209,Exit short,2022-01-21 02:00,Time flat,1839.23,6,11045.712,6.73,0.06,3.6,10.21,0.09,-18.74,-0.17,-7047.84,-70.48,244
1209,Entry short,2022-01-20 21:56,S1269,1840.952,6,11045.712,6.73,0.06,3.6,10.21,0.09,-18.74,-0.17,-7047.84,-70.48,244
1210,Exit long,2022-01-21 09:33,Opposite signal,1840.545,11,20231.75,7.65,0.04,6.6,27.45,0.14,-10.72,-0.05,-7040.19,-70.40,108
1210,Entry long,2022-01-21 07:45,L1270,1839.25,11,20231.75,7.65,0.04,6.6,27.45,0.14,-10.72,-0.05,-7040.19,-70.40,108
1211,Exit short,2022-01-21 11:20,Opposite signal,1841.985,17,31295.011,-28.93,-0.09,10.2,9.83,0.03,-24.68,-0.08,-7069.13,-70.69,102
1211,Entry short,2022-01-21 09:36,S1271,1840.883,17,31295.011,-28.93,-0.09,10.2,9.83,0.03,-24.68,-0.08,-7069.13,-70.69,102
1212,Exit long,2022-01-21 12:11,Opposite signal,1839.89,14,25783.1,-33.04,-0.13,8.4,0.77,0.00,-29.82,-0.12,-7102.17,-71.02,50
1212,Entry long,2022-01-21 11:21,L1272,1841.65,14,25783.1,-33.04,-0.13,8.4,0.77,0.00,-29.82,-0.12,-7102.17,-71.02,50
1213,Exit short,2022-01-21 12:37,Opposite signal,1842.29,15,27606.675,-36.67,-0.13,9,3.23,0.01,-32.85,-0.12,-7138.84,-71.39,22
1213,Entry short,2022-01-21 12:15,S1273,1840.445,15,27606.675,-36.67,-0.13,9,3.23,0.01,-32.85,-0.12,-7138.84,-71.39,22
1214,Exit long,2022-01-21 13:09,Opposite signal,1839.815,12,22103.4,-32.82,-0.15,7.2,6.96,0.03,-34.26,-0.15,-7171.66,-71.72,31
1214,Entry long,2022-01-21 12:38,L1274,1841.95,12,22103.4,-32.82,-0.15,7.2,6.96,0.03,-34.26,-0.15,-7171.66,-71.72,31
1215,Exit short,2022-01-21 15:20,Opposite signal,1833.525,10,18394.93,53.68,0.29,6,106.43,0.58,-3.93,-0.02,-7117.98,-71.18,125
1215,Entry short,2022-01-21 13:15,S1275,1839.493,10,18394.93,53.68,0.29,6,106.43,0.58,-3.93,-0.02,-7117.98,-71.18,125
1216,Exit long,2022-01-21 20:12,Opposite signal,1840.195,7,12837.804,39.36,0.31,4.2,62.81,0.49,-21.36,-0.17,-7078.62,-70.79,228
1216,Entry long,2022-01-21 16:24,L1276,1833.972,7,12837.804,39.36,0.31,4.2,62.81,0.49,-21.36,-0.17,-7078.62,-70.79,228
1217,Exit short,2022-01-21 23:00,Weekend flat,1833.275,11,20245.995,73.37,0.36,6.6,97.41,0.48,-22.16,-0.11,-7005.25,-70.05,167
1217,Entry short,2022-01-21 20:13,S1277,1840.545,11,20245.995,73.37,0.36,6.6,97.41,0.48,-22.16,-0.11,-7005.25,-70.05,167
1218,Exit short,2022-01-24 11:24,Opposite signal,1838.69,17,31233.675,-34.26,-0.11,10.2,1.62,0.01,-29.15,-0.09,-7039.5,-70.40,35
1218,Entry short,2022-01-24 10:49,S1278,1837.275,17,31233.675,-34.26,-0.11,10.2,1.62,0.01,-29.15,-0.09,-7039.5,-70.40,35
1219,Exit long,2022-01-24 12:42,Opposite signal,1836.76,13,23906.545,-36.47,-0.15,7.8,0.85,0.00,-32.56,-0.14,-7075.97,-70.76,73
1219,Entry long,2022-01-24 11:29,L1279,1838.965,13,23906.545,-36.47,-0.15,7.8,0.85,0.00,-32.56,-0.14,-7075.97,-70.76,73
1220,Exit short,2022-01-24 13:39,Opposite signal,1840.045,11,20206.45,-40.65,-0.20,6.6,1.71,0.01,-37.34,-0.18,-7116.61,-71.17,56
1220,Entry short,2022-01-24 12:43,S1280,1836.95,11,20206.45,-40.65,-0.20,6.6,1.71,0.01,-37.34,-0.18,-7116.61,-71.17,56
1221,Exit long,2022-01-24 15:36,Opposite signal,1840.4,9,16561.395,-3.19,-0.02,5.4,35.29,0.21,-6.57,-0.04,-7119.81,-71.20,113
1221,Entry long,2022-01-24 13:43,L1281,1840.155,9,16561.395,-3.19,-0.02,5.4,35.29,0.21,-6.57,-0.04,-7119.81,-71.20,113
1222,Exit short,2022-01-24 17:40,Opposite signal,1840.795,9,16566.03,-6.52,-0.04,5.4,28.62,0.17,-16.92,-0.10,-7126.33,-71.26,123
1222,Entry short,2022-01-24 15:37,S1282,1840.67,9,16566.03,-6.52,-0.04,5.4,28.62,0.17,-16.92,-0.10,-7126.33,-71.26,123
1223,Exit long,2022-01-24 18:18,Opposite signal,1837.14,11,20240.561,-38.62,-0.19,6.6,4.77,0.02,-36.37,-0.18,-7164.96,-71.65,36
1223,Entry long,2022-01-24 17:42,L1283,1840.051,11,20240.561,-38.62,-0.19,6.6,4.77,0.02,-36.37,-0.18,-7164.96,-71.65,36
1224,Exit short,2022-01-24 18:47,Opposite signal,1841.014,9,16535.25,-39.28,-0.24,5.4,4.01,0.02,-40.01,-0.24,-7204.23,-72.04,28
1224,Entry short,2022-01-24 18:19,S1284,1837.25,9,16535.25,-39.28,-0.24,5.4,4.01,0.02,-40.01,-0.24,-7204.23,-72.04,28
1225,Exit long,2022-01-24 19:15,Opposite signal,1838.01,9,16561.548,-24.86,-0.15,5.4,23.34,0.14,-23.37,-0.14,-7229.09,-72.29,27
1225,Entry long,2022-01-24 18:48,L1285,1840.172,9,16561.548,-24.86,-0.15,5.4,23.34,0.14,-23.37,-0.14,-7229.09,-72.29,27
1226,Exit short,2022-01-24 19:41,Opposite signal,1839.566,9,16554.51,-6.98,-0.04,5.4,0,0.00,-4.77,-0.03,-7236.07,-72.36,1
1226,Entry short,2022-01-24 19:40,S1286,1839.39,9,16554.51,-6.98,-0.04,5.4,0,0.00,-4.77,-0.03,-7236.07,-72.36,1
1227,Exit long,2022-01-24 20:07,Opposite signal,1834.47,8,14715.056,-44.1,-0.30,4.8,12.22,0.08,-43.1,-0.29,-7280.17,-72.80,24
1227,Entry long,2022-01-24 19:43,L1287,1839.382,8,14715.056,-44.1,-0.30,4.8,12.22,0.08,-43.1,-0.29,-7280.17,-72.80,24
1228,Exit short,2022-01-24 20:44,Opposite signal,1833.375,6,11007.996,4.15,0.04,3.6,19,0.17,-9.98,-0.09,-7276.02,-72.76,34
1228,Entry short,2022-01-24 20:10,S1288,1834.666,6,11007.996,4.15,0.04,3.6,19,0.17,-9.98,-0.09,-7276.02,-72.76,34
1229,Exit long,2022-01-24 20:51,L1289 exit,1830.2,14,25659.27,-44.87,-0.17,8.4,2.66,0.01,-40.67,-0.16,-7320.89,-73.21,6
1229,Entry long,2022-01-24 20:45,L1289,1832.805,14,25659.27,-44.87,-0.17,8.4,2.66,0.01,-40.67,-0.16,-7320.89,-73.21,6
1230,Exit short,2022-01-24 21:17,Opposite signal,1833.79,12,21974.4,-38.28,-0.17,7.2,12.24,0.06,-34.68,-0.16,-7359.17,-73.59,22
1230,Entry short,2022-01-24 20:55,S1290,1831.2,12,21974.4,-38.28,-0.17,7.2,12.24,0.06,-34.68,-0.16,-7359.17,-73.59,22
1231,Exit long,2022-01-24 23:07,Opposite signal,1835.13,8,14675.768,0.47,0.00,4.8,16.71,0.11,-17.21,-0.12,-7358.7,-73.59,98
1231,Entry long,2022-01-24 21:29,L1291,1834.471,8,14675.768,0.47,0.00,4.8,16.71,0.11,-17.21,-0.12,-7358.7,-73.59,98
1232,Exit short,2022-01-25 17:11,Opposite signal,1839.085,6,11026.77,-11.34,-0.10,3.6,15.24,0.14,-11.19,-0.10,-7370.04,-73.70,150
1232,Entry short,2022-01-25 14:41,S1292,1837.795,6,11026.77,-11.34,-0.10,3.6,15.24,0.14,-11.19,-0.10,-7370.04,-73.70,150
1233,Exit long,2022-01-25 18:45,Opposite signal,1838.89,10,18384.68,-1.78,-0.01,6,29.67,0.16,-15.38,-0.08,-7371.82,-73.72,85
1233,Entry long,2022-01-25 17:20,L1293,1838.468,10,18384.68,-1.78,-0.01,6,29.67,0.16,-15.38,-0.08,-7371.82,-73.72,85
1234,Exit short,2022-01-25 18:54,Opposite signal,1842.115,11,20231.53,-38.33,-0.19,6.6,9.02,0.04,-37.78,-0.19,-7410.16,-74.10,8
1234,Entry short,2022-01-25 18:46,S1294,1839.23,11,20231.53,-38.33,-0.19,6.6,9.02,0.04,-37.78,-0.19,-7410.16,-74.10,8
1235,Exit long,2022-01-25 19:43,Opposite signal,1841.005,10,18413.01,-8.96,-0.05,6,16.75,0.09,-11.16,-0.06,-7419.12,-74.19,47
1235,Entry long,2022-01-25 18:56,L1295,1841.301,10,18413.01,-8.96,-0.05,6,16.75,0.09,-11.16,-0.06,-7419.12,-74.19,47
1236,Exit short,2022-01-25 20:15,S1296 exit,1844.276,13,23934.495,-48.89,-0.20,7.8,18.4,0.08,-44.99,-0.19,-7468.01,-74.68,31
1236,Entry short,2022-01-25 19:44,S1296,1841.115,13,23934.495,-48.89,-0.20,7.8,18.4,0.08,-44.99,-0.19,-7468.01,-74.68,31
1237,Exit long,2022-01-26 02:00,Time flat,1849.06,4,7398.068,-4.23,-0.06,2.4,16.27,0.22,-35.17,-0.48,-7472.24,-74.72,330
1237,Entry long,2022-01-25 20:30,L1297,1849.517,4,7398.068,-4.23,-0.06,2.4,16.27,0.22,-35.17,-0.48,-7472.24,-74.72,330
1238,Exit short,2022-01-26 23:01,Opposite signal,1831.23,3,5510.952,15.46,0.28,1.8,23.01,0.42,-5.94,-0.11,-7456.78,-74.57,151
1238,Entry short,2022-01-26 20:30,S1298,1836.984,3,5510.952,15.46,0.28,1.8,23.01,0.42,-5.94,-0.11,-7456.78,-74.57,151
1239,Exit long,2022-01-27 13:43,Opposite signal,1810.025,11,19943.297,-39.62,-0.20,6.6,29.84,0.15,-38.08,-0.19,-7496.4,-74.96,66
1239,Entry long,2022-01-27 12:37,L1299,1813.027,11,19943.297,-39.62,-0.20,6.6,29.84,0.15,-38.08,-0.19,-7496.4,-74.96,66
1240,Exit short,2022-01-27 15:24,Opposite signal,1816.065,6,10860.21,-39.78,-0.37,3.6,0.66,0.01,-39.48,-0.36,-7536.18,-75.36,100
1240,Entry short,2022-01-27 13:44,S1300,1810.035,6,10860.21,-39.78,-0.37,3.6,0.66,0.01,-39.48,-0.36,-7536.18,-75.36,100
1241,Exit long,2022-01-27 17:05,Opposite signal,1809.195,7,12705.749,-45.58,-0.36,4.2,3.14,0.02,-44.25,-0.35,-7581.76,-75.82,71
1241,Entry long,2022-01-27 15:54,L1301,1815.107,7,12705.749,-45.58,-0.36,4.2,3.14,0.02,-44.25,-0.35,-7581.76,-75.82,71
1242,Exit short,2022-01-27 20:04,Opposite signal,1803.73,6,10857.75,31.77,0.29,3.6,70.71,0.65,-26.4,-0.24,-7549.99,-75.50,178
1242,Entry short,2022-01-27 17:06,S1302,1809.625,6,10857.75,31.77,0.29,3.6,70.71,0.65,-26.4,-0.24,-7549.99,-75.50,178
1243,Exit long,2022-01-27 21:05,Opposite signal,1797.45,4,7229.264,-41.86,-0.58,2.4,8,0.11,-40.86,-0.57,-7591.86,-75.92,48
1243,Entry long,2022-01-27 20:17,L1303,1807.316,4,7229.264,-41.86,-0.58,2.4,8,0.11,-40.86,-0.57,-7591.86,-75.92,48
1244,Exit short,2022-01-28 02:00,Time flat,1794.09,3,5392.62,8.55,0.16,1.8,16.14,0.30,-9.12,-0.17,-7583.31,-75.83,294
1244,Entry short,2022-01-27 21:06,S1304,1797.54,3,5392.62,8.55,0.16,1.8,16.14,0.30,-9.12,-0.17,-7583.31,-75.83,294
1245,Exit long,2022-01-28 10:38,Opposite signal,1797.635,11,19777.197,-9.81,-0.05,6.6,13.34,0.07,-8.27,-0.04,-7593.12,-75.93,211
1245,Entry long,2022-01-28 07:02,L1305,1797.927,11,19777.197,-9.81,-0.05,6.6,13.34,0.07,-8.27,-0.04,-7593.12,-75.93,211
1246,Exit short,2022-01-28 16:33,S1306 exit,1786.38,14,25167.03,149.31,0.59,8.4,153.51,0.61,-21.57,-0.09,-7443.81,-74.44,353
1246,Entry short,2022-01-28 10:40,S1306,1797.645,14,25167.03,149.31,0.59,8.4,153.51,0.61,-21.57,-0.09,-7443.81,-74.44,353
1247,Exit long,2022-01-28 19:24,Opposite signal,1784.59,5,8940.48,-20.53,-0.23,3,21.55,0.24,-19.03,-0.21,-7464.34,-74.64,67
1247,Entry long,2022-01-28 18:17,L1307,1788.096,5,8940.48,-20.53,-0.23,3,21.55,0.24,-19.03,-0.21,-7464.34,-74.64,67
1248,Exit short,2022-01-28 20:39,Opposite signal,1789.46,5,8925.25,-25.05,-0.28,3,20.08,0.22,-24.9,-0.28,-7489.39,-74.89,74
1248,Entry short,2022-01-28 19:25,S1308,1785.05,5,8925.25,-25.05,-0.28,3,20.08,0.22,-24.9,-0.28,-7489.39,-74.89,74
1249,Exit long,2022-01-28 23:00,Weekend flat,1783.29,5,8949.93,-36.48,-0.41,3,0,0.00,-42.15,-0.47,-7525.87,-75.26,137
1249,Entry long,2022-01-28 20:43,L1309,1789.986,5,8949.93,-36.48,-0.41,3,0,0.00,-42.15,-0.47,-7525.87,-75.26,137
1250,Exit short,2022-02-01 02:00,Time flat,1796.79,8,14361.72,-17.4,-0.12,4.8,13.68,0.10,-39.72,-0.28,-7543.27,-75.43,329
1250,Entry short,2022-01-31 20:31,S1310,1795.215,8,14361.72,-17.4,-0.12,4.8,13.68,0.10,-39.72,-0.28,-7543.27,-75.43,329
1251,Exit long,2022-02-01 11:11,Opposite signal,1801.69,6,10798.38,8.16,0.08,3.6,14.28,0.13,-2.64,-0.02,-7535.11,-75.35,36
1251,Entry long,2022-02-01 10:35,L1311,1799.73,6,10798.38,8.16,0.08,3.6,14.28,0.13,-2.64,-0.02,-7535.11,-75.35,36
1252,Exit short,2022-02-01 11:18,Opposite signal,1802.43,22,39640.48,-26.18,-0.07,13.2,0,0.00,-21.45,-0.05,-7561.29,-75.61,6
1252,Entry short,2022-02-01 11:12,S1312,1801.84,22,39640.48,-26.18,-0.07,13.2,0,0.00,-21.45,-0.05,-7561.29,-75.61,6
1253,Exit long,2022-02-01 11:54,Opposite signal,1801.525,19,34245.79,-28.21,-0.08,11.4,5.51,0.02,-28.4,-0.08,-7589.5,-75.90,24
1253,Entry long,2022-02-01 11:30,L1313,1802.41,19,34245.79,-28.21,-0.08,11.4,5.51,0.02,-28.4,-0.08,-7589.5,-75.90,24
1254,Exit short,2022-02-01 12:39,Opposite signal,1803.575,14,25224.99,-33.46,-0.13,8.4,0,0.00,-30.17,-0.12,-7622.96,-76.23,42
1254,Entry short,2022-02-01 11:57,S1314,1801.785,14,25224.99,-33.46,-0.13,8.4,0,0.00,-30.17,-0.12,-7622.96,-76.23,42
1255,Exit long,2022-02-01 13:13,Opposite signal,1802.835,12,21641.22,-14.4,-0.07,7.2,8.87,0.04,-21.84,-0.10,-7637.36,-76.37,33
1255,Entry long,2022-02-01 12:40,L1315,1803.435,12,21641.22,-14.4,-0.07,7.2,8.87,0.04,-21.84,-0.10,-7637.36,-76.37,33
1256,Exit short,2022-02-01 14:27,Opposite signal,1804.475,15,27046.275,-29.85,-0.11,9,12.75,0.05,-29.4,-0.11,-7667.21,-76.67,73
1256,Entry short,2022-02-01 13:14,S1316,1803.085,15,27046.275,-29.85,-0.11,9,12.75,0.05,-29.4,-0.11,-7667.21,-76.67,73
1257,Exit short,2022-02-01 18:36,Opposite signal,1808.47,16,28910.208,-34.91,-0.12,9.6,43.33,0.15,-32.99,-0.11,-7702.12,-77.02,73
1257,Entry short,2022-02-01 17:23,S1318,1806.888,16,28910.208,-34.91,-0.12,9.6,43.33,0.15,-32.99,-0.11,-7702.12,-77.02,73
1258,Exit long,2022-02-01 18:57,Opposite signal,1803.525,8,14464.28,-40.88,-0.28,4.8,0,0.00,-40.2,-0.28,-7743,-77.43,20
1258,Entry long,2022-02-01 18:37,L1319,1808.035,8,14464.28,-40.88,-0.28,4.8,0,0.00,-40.2,-0.28,-7743,-77.43,20
1259,Exit short,2022-02-01 19:41,Opposite signal,1805.44,8,14435.28,-13.04,-0.09,4.8,14.8,0.10,-12.8,-0.09,-7756.04,-77.56,39
1259,Entry short,2022-02-01 19:02,S1320,1804.41,8,14435.28,-13.04,-0.09,4.8,14.8,0.10,-12.8,-0.09,-7756.04,-77.56,39
1260,Exit long,2022-02-01 20:06,Opposite signal,1803.45,11,19857.145,-25.79,-0.13,6.6,6.33,0.03,-28.71,-0.14,-7781.84,-77.82,24
1260,Entry long,2022-02-01 19:42,L1321,1805.195,11,19857.145,-25.79,-0.13,6.6,6.33,0.03,-28.71,-0.14,-7781.84,-77.82,24
1261,Exit short,2022-02-01 21:08,Opposite signal,1804.856,12,21644.184,-21.29,-0.10,7.2,66.26,0.31,-29.38,-0.14,-7803.13,-78.03,61
1261,Entry short,2022-02-01 20:07,S1322,1803.682,12,21644.184,-21.29,-0.10,7.2,66.26,0.31,-29.38,-0.14,-7803.13,-78.03,61
1262,Exit long,2022-02-01 22:29,Opposite signal,1803.58,6,10826.844,-8.96,-0.08,3.6,18.97,0.18,-12.11,-0.11,-7812.09,-78.12,80
1262,Entry long,2022-02-01 21:09,L1323,1804.474,6,10826.844,-8.96,-0.08,3.6,18.97,0.18,-12.11,-0.11,-7812.09,-78.12,80
1263,Exit short,2022-02-02 02:00,Time flat,1799.786,19,34258.083,50.75,0.15,11.4,78.22,0.23,-22.86,-0.07,-7761.34,-77.61,186
1263,Entry short,2022-02-01 22:54,S1324,1803.057,19,34258.083,50.75,0.15,11.4,78.22,0.23,-22.86,-0.07,-7761.34,-77.61,186
1264,Exit short,2022-02-02 11:04,Opposite signal,1798.75,9,16188.093,-6.06,-0.04,5.4,10.37,0.06,-4.21,-0.03,-7767.4,-77.67,61
1264,Entry short,2022-02-02 10:01,S1325,1798.677,9,16188.093,-6.06,-0.04,5.4,10.37,0.06,-4.21,-0.03,-7767.4,-77.67,61
1265,Exit long,2022-02-02 12:05,Opposite signal,1797.06,15,26981.175,-34.27,-0.13,9,0,0.00,-35.55,-0.13,-7801.67,-78.02,55
1265,Entry long,2022-02-02 11:10,L1326,1798.745,15,26981.175,-34.27,-0.13,9,0,0.00,-35.55,-0.13,-7801.67,-78.02,55
1266,Exit short,2022-02-02 12:50,Opposite signal,1799.095,14,25161.64,-34.09,-0.14,8.4,0.7,0.00,-29.89,-0.12,-7835.76,-78.36,44
1266,Entry short,2022-02-02 12:06,S1327,1797.26,14,25161.64,-34.09,-0.14,8.4,0.7,0.00,-29.89,-0.12,-7835.76,-78.36,44
1267,Exit long,2022-02-02 13:09,Opposite signal,1796.01,12,21584.1,-39.18,-0.18,7.2,0,0.00,-37.56,-0.17,-7874.94,-78.75,18
1267,Entry long,2022-02-02 12:51,L1328,1798.675,12,21584.1,-39.18,-0.18,7.2,0,0.00,-37.56,-0.17,-7874.94,-78.75,18
1268,Exit short,2022-02-02 13:51,Opposite signal,1799.2,10,17957.18,-40.82,-0.23,6,8.84,0.05,-38.47,-0.21,-7915.76,-79.16,37
1268,Entry short,2022-02-02 13:14,S1329,1795.718,10,17957.18,-40.82,-0.23,6,8.84,0.05,-38.47,-0.21,-7915.76,-79.16,37
1269,Exit long,2022-02-02 19:14,Opposite signal,1802.505,8,14390.208,25.03,0.17,4.8,72.23,0.50,-7.13,-0.05,-7890.73,-78.91,311
1269,Entry long,2022-02-02 14:03,L1330,1798.776,8,14390.208,25.03,0.17,4.8,72.23,0.50,-7.13,-0.05,-7890.73,-78.91,311
1270,Exit short,2022-02-02 20:06,Opposite signal,1804.95,7,12619.075,-19.77,-0.16,4.2,12.64,0.10,-20.37,-0.16,-7910.51,-79.11,51
1270,Entry short,2022-02-02 19:15,S1331,1802.725,7,12619.075,-19.77,-0.16,4.2,12.64,0.10,-20.37,-0.16,-7910.51,-79.11,51
1271,Exit long,2022-02-03 02:00,Time flat,1806.55,9,16239.465,14.09,0.09,5.4,57.07,0.35,-35.83,-0.22,-7896.42,-78.96,349
1271,Entry long,2022-02-02 20:11,L1332,1804.385,9,16239.465,14.09,0.09,5.4,57.07,0.35,-35.83,-0.22,-7896.42,-78.96,349
1272,Exit short,2022-02-03 18:14,Opposite signal,1802.535,6,10826.802,7.99,0.07,3.6,21.1,0.19,-6.2,-0.06,-7888.43,-78.88,61
1272,Entry short,2022-02-03 17:13,S1333,1804.467,6,10826.802,7.99,0.07,3.6,21.1,0.19,-6.2,-0.06,-7888.43,-78.88,61
1273,Exit long,2022-02-03 20:01,Opposite signal,1800.965,16,28832.24,-26.4,-0.09,9.6,46.4,0.16,-35.68,-0.12,-7914.83,-79.15,106
1273,Entry long,2022-02-03 18:15,L1334,1802.015,16,28832.24,-26.4,-0.09,9.6,46.4,0.16,-35.68,-0.12,-7914.83,-79.15,106
1274,Exit short,2022-02-03 21:44,Opposite signal,1805.39,9,16214.571,-39.34,-0.24,5.4,113.71,0.70,-37.04,-0.23,-7954.17,-79.54,102
1274,Entry short,2022-02-03 20:02,S1335,1801.619,9,16214.571,-39.34,-0.24,5.4,113.71,0.70,-37.04,-0.23,-7954.17,-79.54,102
1275,Exit long,2022-02-03 23:15,Opposite signal,1804.95,14,25297.538,-36.64,-0.14,8.4,5.71,0.02,-34.12,-0.13,-7990.81,-79.91,55
1275,Entry long,2022-02-03 22:20,L1336,1806.967,14,25297.538,-36.64,-0.14,8.4,5.71,0.02,-34.12,-0.13,-7990.81,-79.91,55
1276,Exit short,2022-02-04 10:03,Opposite signal,1807.705,16,28899.28,-33.6,-0.12,9.6,0.32,0.00,-30.96,-0.11,-8024.41,-80.24,93
1276,Entry short,2022-02-04 08:28,S1337,1806.205,16,28899.28,-33.6,-0.12,9.6,0.32,0.00,-30.96,-0.11,-8024.41,-80.24,93
1277,Exit long,2022-02-04 19:01,Opposite signal,1807.02,15,27112.965,-16.66,-0.06,9,106.79,0.39,-29.41,-0.11,-8041.07,-80.41,518
1277,Entry long,2022-02-04 10:19,L1338,1807.531,15,27112.965,-16.66,-0.06,9,106.79,0.39,-29.41,-0.11,-8041.07,-80.41,518
1278,Exit short,2022-02-04 23:00,Weekend flat,1806.89,3,5393.73,-28.74,-0.53,1.8,0.87,0.02,-38.43,-0.71,-8069.81,-80.70,200
1278,Entry short,2022-02-04 19:40,S1339,1797.91,3,5393.73,-28.74,-0.53,1.8,0.87,0.02,-38.43,-0.71,-8069.81,-80.70,200
1279,Exit long,2022-02-08 02:00,Time flat,1820.56,2,3629.9,10.02,0.28,1.2,16.68,0.46,-6.94,-0.19,-8059.79,-80.60,445
1279,Entry long,2022-02-07 18:34,L1340,1814.95,2,3629.9,10.02,0.28,1.2,16.68,0.46,-6.94,-0.19,-8059.79,-80.60,445
1280,Exit short,2022-02-08 13:33,Opposite signal,1818.185,10,18202.3,14.45,0.08,6,44.35,0.24,-11.8,-0.06,-8045.34,-80.45,153
1280,Entry short,2022-02-08 11:00,S1341,1820.23,10,18202.3,14.45,0.08,6,44.35,0.24,-11.8,-0.06,-8045.34,-80.45,153
1281,Exit long,2022-02-08 14:40,Opposite signal,1818.43,12,21815.52,-1.56,-0.01,7.2,27.48,0.13,-7.74,-0.04,-8046.9,-80.47,51
1281,Entry long,2022-02-08 13:49,L1342,1817.96,12,21815.52,-1.56,-0.01,7.2,27.48,0.13,-7.74,-0.04,-8046.9,-80.47,51
1282,Exit short,2022-02-08 16:01,Opposite signal,1820.565,13,23638.199,-36.95,-0.16,7.8,5.89,0.02,-33.7,-0.14,-8083.85,-80.84,75
1282,Entry short,2022-02-08 14:46,S1343,1818.323,13,23638.199,-36.95,-0.16,7.8,5.89,0.02,-33.7,-0.14,-8083.85,-80.84,75
1283,Exit long,2022-02-08 16:51,Opposite signal,1817.525,11,20026.05,-39.87,-0.20,6.6,0,0.00,-36.58,-0.18,-8123.72,-81.24,44
1283,Entry long,2022-02-08 16:07,L1344,1820.55,11,20026.05,-39.87,-0.20,6.6,0,0.00,-36.58,-0.18,-8123.72,-81.24,44
1284,Exit short,2022-02-08 19:05,S1345 exit,1822.075,11,20001.883,-47.54,-0.24,6.6,8.01,0.04,-44.24,-0.22,-8171.27,-81.71,131
1284,Entry short,2022-02-08 16:54,S1345,1818.353,11,20001.883,-47.54,-0.24,6.6,8.01,0.04,-44.24,-0.22,-8171.27,-81.71,131
1285,Exit long,2022-02-08 20:05,Opposite signal,1820.39,9,16389.675,-11.56,-0.07,5.4,30.6,0.19,-8.91,-0.05,-8182.83,-81.83,51
1285,Entry long,2022-02-08 19:14,L1346,1821.075,9,16389.675,-11.56,-0.07,5.4,30.6,0.19,-8.91,-0.05,-8182.83,-81.83,51
1286,Exit short,2022-02-08 20:53,Opposite signal,1825.005,10,18213.25,-42.8,-0.23,6,6.2,0.03,-39.8,-0.22,-8225.63,-82.26,44
1286,Entry short,2022-02-08 20:09,S1347,1821.325,10,18213.25,-42.8,-0.23,6,6.2,0.03,-39.8,-0.22,-8225.63,-82.26,44
1287,Exit long,2022-02-09 02:00,Time flat,1827.07,8,14598.2,13.56,0.09,4.8,29.84,0.20,-4.72,-0.03,-8212.07,-82.12,305
1287,Entry long,2022-02-08 20:54,L1348,1824.775,8,14598.2,13.56,0.09,4.8,29.84,0.20,-4.72,-0.03,-8212.07,-82.12,305
1288,Exit short,2022-02-09 22:15,Opposite signal,1832.965,7,12787.068,-47.89,-0.37,4.2,0,0.00,-46.49,-0.36,-8259.96,-82.60,158
1288,Entry short,2022-02-09 19:37,S1349,1826.724,7,12787.068,-47.89,-0.37,4.2,0,0.00,-46.49,-0.36,-8259.96,-82.60,158
1289,Exit long,2022-02-10 00:42,Opposite signal,1833.605,5,9163.075,1.95,0.02,3,14.65,0.16,-3.52,-0.04,-8258.01,-82.58,145
1289,Entry long,2022-02-09 22:17,L1350,1832.615,5,9163.075,1.95,0.02,3,14.65,0.16,-3.52,-0.04,-8258.01,-82.58,145
1290,Exit long,2022-02-10 13:32,Opposite signal,1833.71,11,20174.165,-9.95,-0.05,6.6,20.02,0.10,-11.33,-0.06,-8267.96,-82.68,388
1290,Entry long,2022-02-10 06:36,L1351,1834.015,11,20174.165,-9.95,-0.05,6.6,20.02,0.10,-11.33,-0.06,-8267.96,-82.68,388
1291,Exit short,2022-02-10 16:34,Opposite signal,1833.6,12,22006.128,-4.27,-0.02,7.2,37.19,0.17,-6.31,-0.03,-8272.23,-82.72,181
1291,Entry short,2022-02-10 13:33,S1352,1833.844,12,22006.128,-4.27,-0.02,7.2,37.19,0.17,-6.31,-0.03,-8272.23,-82.72,181
1292,Exit long,2022-02-10 18:48,Opposite signal,1830.375,11,20168.005,-40.48,-0.20,6.6,0,0.00,-37.18,-0.18,-8312.71,-83.13,132
1292,Entry long,2022-02-10 16:35,L1353,1833.455,11,20168.005,-40.48,-0.20,6.6,0,0.00,-37.18,-0.18,-8312.71,-83.13,132
1293,Exit short,2022-02-10 19:11,S1354 exit,1834.695,12,21974.148,-49.39,-0.22,7.2,110.51,0.50,-45.79,-0.21,-8362.11,-83.62,22
1293,Entry short,2022-02-10 18:49,S1354,1831.179,12,21974.148,-49.39,-0.22,7.2,110.51,0.50,-45.79,-0.21,-8362.11,-83.62,22
1294,Exit long,2022-02-10 23:16,Opposite signal,1835.155,4,7334.78,3.44,0.05,2.4,31.88,0.43,-34.46,-0.47,-8358.67,-83.59,244
1294,Entry long,2022-02-10 19:12,L1355,1833.695,4,7334.78,3.44,0.05,2.4,31.88,0.43,-34.46,-0.47,-8358.67,-83.59,244
1295,Exit long,2022-02-11 07:41,Opposite signal,1825.12,14,25559.59,-16.31,-0.06,8.4,1.75,0.01,-12.11,-0.05,-8374.98,-83.75,26
1295,Entry long,2022-02-11 07:15,L1356,1825.685,14,25559.59,-16.31,-0.06,8.4,1.75,0.01,-12.11,-0.05,-8374.98,-83.75,26
1296,Exit short,2022-02-11 08:08,Opposite signal,1826.15,19,34679.712,-28.54,-0.08,11.4,0,0.00,-22.84,-0.07,-8403.51,-84.04,24
1296,Entry short,2022-02-11 07:44,S1357,1825.248,19,34679.712,-28.54,-0.08,11.4,0,0.00,-22.84,-0.07,-8403.51,-84.04,24
1297,Exit long,2022-02-11 08:35,Opposite signal,1825.985,17,31043.87,-12.32,-0.04,10.2,10.97,0.04,-9.18,-0.03,-8415.84,-84.16,21
1297,Entry long,2022-02-11 08:14,L1358,1826.11,17,31043.87,-12.32,-0.04,10.2,10.97,0.04,-9.18,-0.03,-8415.84,-84.16,21
1298,Exit short,2022-02-11 12:14,Opposite signal,1823.03,18,32868.234,42.89,0.13,10.8,67.45,0.21,-14.35,-0.04,-8372.95,-83.73,211
1298,Entry short,2022-02-11 08:40,S1359,1826.013,18,32868.234,42.89,0.13,10.8,67.45,0.21,-14.35,-0.04,-8372.95,-83.73,211
1299,Exit long,2022-02-11 12:52,Opposite signal,1821.88,18,32805.63,-22.59,-0.07,10.8,19.44,0.06,-33.21,-0.10,-8395.54,-83.96,37
1299,Entry long,2022-02-11 12:15,L1360,1822.535,18,32805.63,-22.59,-0.07,10.8,19.44,0.06,-33.21,-0.10,-8395.54,-83.96,37
1300,Exit short,2022-02-11 13:04,Opposite signal,1823.93,13,23695.1,-23.79,-0.10,7.8,0.2,0.00,-21.5,-0.09,-8419.33,-84.19,11
1300,Entry short,2022-02-11 12:53,S1361,1822.7,13,23695.1,-23.79,-0.10,7.8,0.2,0.00,-21.5,-0.09,-8419.33,-84.19,11
1301,Exit long,2022-02-11 18:14,Opposite signal,1829.636,11,20063.065,56.33,0.28,6.6,82.23,0.41,-7.75,-0.04,-8363,-83.63,306
1301,Entry long,2022-02-11 13:08,L1362,1823.915,11,20063.065,56.33,0.28,6.6,82.23,0.41,-7.75,-0.04,-8363,-83.63,306
1302,Exit short,2022-02-11 18:35,Opposite signal,1831.8,15,27452.07,-33.93,-0.12,9,5.45,0.02,-30.03,-0.11,-8396.92,-83.97,20
1302,Entry short,2022-02-11 18:15,S1363,1830.138,15,27452.07,-33.93,-0.12,9,5.45,0.02,-30.03,-0.11,-8396.92,-83.97,20
1303,Exit long,2022-02-11 18:56,Opposite signal,1828.965,13,23811.645,-42.9,-0.18,7.8,18.66,0.08,-39,-0.16,-8439.83,-84.40,20
1303,Entry long,2022-02-11 18:36,L1364,1831.665,13,23811.645,-42.9,-0.18,7.8,18.66,0.08,-39,-0.16,-8439.83,-84.40,20
1304,Exit short,2022-02-11 20:45,S1365 exit,1834.4,6,10962.402,-47.6,-0.43,3.6,6.43,0.06,-45.8,-0.42,-8487.42,-84.87,86
1304,Entry short,2022-02-11 19:19,S1365,1827.067,6,10962.402,-47.6,-0.43,3.6,6.43,0.06,-45.8,-0.42,-8487.42,-84.87,86
1305,Exit long,2022-02-11 23:00,Weekend flat,1840.93,5,9167,34.65,0.38,3,36.42,0.40,-4.65,-0.05,-8452.77,-84.53,79
1305,Entry long,2022-02-11 21:41,L1366,1833.4,5,9167,34.65,0.38,3,36.42,0.40,-4.65,-0.05,-8452.77,-84.53,79
1306,Exit long,2022-02-14 12:36,Opposite signal,1851.275,11,20396.09,-38.66,-0.19,6.6,4.46,0.02,-40.09,-0.20,-8491.44,-84.91,95
1306,Entry long,2022-02-14 11:01,L1367,1854.19,11,20396.09,-38.66,-0.19,6.6,4.46,0.02,-40.09,-0.20,-8491.44,-84.91,95
1307,Exit short,2022-02-14 13:18,Opposite signal,1855.28,11,20370.438,-44.24,-0.22,6.6,0,0.00,-41.16,-0.20,-8535.68,-85.36,39
1307,Entry short,2022-02-14 12:39,S1368,1851.858,11,20370.438,-44.24,-0.22,6.6,0,0.00,-41.16,-0.20,-8535.68,-85.36,39
1308,Exit long,2022-02-14 18:18,Opposite signal,1851.89,9,16694.055,-32.44,-0.19,5.4,29.8,0.18,-32.67,-0.20,-8568.12,-85.68,299
1308,Entry long,2022-02-14 13:19,L1369,1854.895,9,16694.055,-32.44,-0.19,5.4,29.8,0.18,-32.67,-0.20,-8568.12,-85.68,299
1309,Exit short,2022-02-14 19:09,S1370 exit,1859.506,7,12972.106,-48.64,-0.37,4.2,0,0.00,-46.54,-0.36,-8616.76,-86.17,50
1309,Entry short,2022-02-14 18:19,S1370,1853.158,7,12972.106,-48.64,-0.37,4.2,0,0.00,-46.54,-0.36,-8616.76,-86.17,50
1310,Exit short,2022-02-14 23:42,Opposite signal,1866.285,15,28039.725,36.45,0.13,9,130.28,0.46,-6.3,-0.02,-8580.31,-85.80,137
1310,Entry short,2022-02-14 21:25,S1372,1869.315,15,28039.725,36.45,0.13,9,130.28,0.46,-6.3,-0.02,-8580.31,-85.80,137
1311,Exit short,2022-02-15 14:15,S1373 exit,1861.025,10,18763.89,147.64,0.79,6,150.64,0.80,-12.01,-0.06,-8432.67,-84.33,55
1311,Entry short,2022-02-15 13:20,S1373,1876.389,10,18763.89,147.64,0.79,6,150.64,0.80,-12.01,-0.06,-8432.67,-84.33,55
1312,Exit long,2022-02-16 02:00,Time flat,1852.64,4,7416.388,-8.23,-0.11,2.4,8.59,0.12,-31.53,-0.43,-8440.9,-84.41,370
1312,Entry long,2022-02-15 19:49,L1374,1854.097,4,7416.388,-8.23,-0.11,2.4,8.59,0.12,-31.53,-0.43,-8440.9,-84.41,370
1313,Exit long,2022-02-16 17:47,Opposite signal,1854.025,15,27836.055,-34.68,-0.12,9,7.55,0.03,-32.95,-0.12,-8475.58,-84.76,21
1313,Entry long,2022-02-16 17:26,L1376,1855.737,15,27836.055,-34.68,-0.12,9,7.55,0.03,-32.95,-0.12,-8475.58,-84.76,21
1314,Exit short,2022-02-16 18:57,Opposite signal,1855.775,12,22253.16,-23.34,-0.10,7.2,33,0.15,-21.66,-0.10,-8498.92,-84.99,69
1314,Entry short,2022-02-16 17:48,S1377,1854.43,12,22253.16,-23.34,-0.10,7.2,33,0.15,-21.66,-0.10,-8498.92,-84.99,69
1315,Exit long,2022-02-17 00:22,Opposite signal,1867.42,10,18547.96,120.24,0.65,6,153.84,0.83,-33.96,-0.18,-8378.68,-83.79,324
1315,Entry long,2022-02-16 18:58,L1378,1854.796,10,18547.96,120.24,0.65,6,153.84,0.83,-33.96,-0.18,-8378.68,-83.79,324
1316,Exit short,2022-02-17 13:51,Opposite signal,1877.335,14,26255.39,-35.7,-0.14,8.4,17.57,0.07,-32.83,-0.13,-8414.38,-84.14,111
1316,Entry short,2022-02-17 12:00,S1379,1875.385,14,26255.39,-35.7,-0.14,8.4,17.57,0.07,-32.83,-0.13,-8414.38,-84.14,111
1317,Exit long,2022-02-17 14:59,L1380 exit,1893.24,10,18767.96,158.44,0.84,6,161.44,0.86,-5.71,-0.03,-8255.94,-82.56,64
1317,Entry long,2022-02-17 13:55,L1380,1876.796,10,18767.96,158.44,0.84,6,161.44,0.86,-5.71,-0.03,-8255.94,-82.56,64
1318,Exit short,2022-02-18 13:37,Opposite signal,1894.22,9,17091.018,37.64,0.22,5.4,92.58,0.54,-6.55,-0.04,-8218.3,-82.18,422
1318,Entry short,2022-02-18 06:35,S1381,1899.002,9,17091.018,37.64,0.22,5.4,92.58,0.54,-6.55,-0.04,-8218.3,-82.18,422
1319,Exit long,2022-02-18 16:00,L1382 exit,1887.415,7,13257.58,-49.87,-0.38,4.2,11.69,0.09,-47.77,-0.36,-8268.18,-82.68,125
1319,Entry long,2022-02-18 13:55,L1382,1893.94,7,13257.58,-49.87,-0.38,4.2,11.69,0.09,-47.77,-0.36,-8268.18,-82.68,125
1320,Exit short,2022-02-18 18:42,Opposite signal,1896.07,6,11333.856,-46.16,-0.41,3.6,11.98,0.11,-45.74,-0.40,-8314.34,-83.14,157
1320,Entry short,2022-02-18 16:05,S1383,1888.976,6,11333.856,-46.16,-0.41,3.6,11.98,0.11,-45.74,-0.40,-8314.34,-83.14,157
1321,Exit long,2022-02-18 23:00,Weekend flat,1896.05,5,9479.55,-2.3,-0.02,3,19.27,0.20,-28.8,-0.30,-8316.64,-83.17,257
1321,Entry long,2022-02-18 18:43,L1384,1895.91,5,9479.55,-2.3,-0.02,3,19.27,0.20,-28.8,-0.30,-8316.64,-83.17,257
1322,Exit short,2022-02-21 12:59,Opposite signal,1890.65,5,9496.74,40.49,0.43,3,56.92,0.60,-21.51,-0.23,-8276.15,-82.76,393
1322,Entry short,2022-02-21 06:26,S1385,1899.348,5,9496.74,40.49,0.43,3,56.92,0.60,-21.51,-0.23,-8276.15,-82.76,393
1323,Exit long,2022-02-21 14:59,Opposite signal,1895.38,11,20795.775,46.81,0.23,6.6,83.27,0.40,-5.94,-0.03,-8229.34,-82.29,119
1323,Entry long,2022-02-21 13:00,L1386,1890.525,11,20795.775,46.81,0.23,6.6,83.27,0.40,-5.94,-0.03,-8229.34,-82.29,119
1324,Exit short,2022-02-21 23:30,S1387 exit,1899.395,11,20850.918,-49.03,-0.24,6.6,30.34,0.15,-45.73,-0.22,-8278.37,-82.78,488
1324,Entry short,2022-02-21 15:21,S1387,1895.538,11,20850.918,-49.03,-0.24,6.6,30.34,0.15,-45.73,-0.22,-8278.37,-82.78,488
1325,Exit short,2022-02-22 16:13,Opposite signal,1897.475,6,11388.438,-0.01,0.00,3.6,20.81,0.18,-26.08,-0.23,-8278.38,-82.78,103
1325,Entry short,2022-02-22 14:30,S1388,1898.073,6,11388.438,-0.01,0.00,3.6,20.81,0.18,-26.08,-0.23,-8278.38,-82.78,103
1326,Exit long,2022-02-22 16:21,Opposite signal,1894.19,11,20856.385,-26.89,-0.13,6.6,3.58,0.02,-25.46,-0.12,-8305.28,-83.05,7
1326,Entry long,2022-02-22 16:14,L1389,1896.035,11,20856.385,-26.89,-0.13,6.6,3.58,0.02,-25.46,-0.12,-8305.28,-83.05,7
1327,Exit short,2022-02-22 16:41,Opposite signal,1897.935,11,20844.945,-38.94,-0.19,6.6,6.99,0.03,-37.51,-0.18,-8344.22,-83.44,19
1327,Entry short,2022-02-22 16:22,S1390,1894.995,11,20844.945,-38.94,-0.19,6.6,6.99,0.03,-37.51,-0.18,-8344.22,-83.44,19
1328,Exit long,2022-02-22 16:56,Opposite signal,1893.92,9,17078.805,-38.92,-0.23,5.4,0,0.00,-36.31,-0.21,-8383.14,-83.83,14
1328,Entry long,2022-02-22 16:42,L1391,1897.645,9,17078.805,-38.92,-0.23,5.4,0,0.00,-36.31,-0.21,-8383.14,-83.83,14
1329,Exit short,2022-02-22 18:01,Opposite signal,1898.09,9,17050.581,-37.63,-0.22,5.4,24.65,0.14,-35.87,-0.21,-8420.77,-84.21,62
1329,Entry short,2022-02-22 16:59,S1392,1894.509,9,17050.581,-37.63,-0.22,5.4,24.65,0.14,-35.87,-0.21,-8420.77,-84.21,62
1330,Exit long,2022-02-22 20:37,Opposite signal,1899.66,6,11386.11,8.25,0.07,3.6,55.69,0.49,-5.79,-0.05,-8412.52,-84.13,155
1330,Entry long,2022-02-22 18:02,L1393,1897.685,6,11386.11,8.25,0.07,3.6,55.69,0.49,-5.79,-0.05,-8412.52,-84.13,155
1331,Exit short,2022-02-22 21:47,Opposite signal,1900.055,5,9498.34,-4.93,-0.05,3,27.12,0.29,-4.18,-0.04,-8417.46,-84.17,64
1331,Entry short,2022-02-22 20:43,S1394,1899.668,5,9498.34,-4.93,-0.05,3,27.12,0.29,-4.18,-0.04,-8417.46,-84.17,64
1332,Exit short,2022-02-22 23:18,Opposite signal,1904.145,16,30440.192,-35.73,-0.12,9.6,0,0.00,-33.49,-0.11,-8453.19,-84.53,20
1332,Entry short,2022-02-22 22:58,S1396,1902.512,16,30440.192,-35.73,-0.12,9.6,0,0.00,-33.49,-0.11,-8453.19,-84.53,20
1333,Exit long,2022-02-23 12:56,Opposite signal,1896.035,10,18969.1,-14.75,-0.08,6,12.85,0.07,-11.8,-0.06,-8467.94,-84.68,35
1333,Entry long,2022-02-23 12:21,L1397,1896.91,10,18969.1,-14.75,-0.08,6,12.85,0.07,-11.8,-0.06,-8467.94,-84.68,35
1334,Exit short,2022-02-23 13:54,Opposite signal,1896.8,11,20854.372,-17.03,-0.08,6.6,9.15,0.04,-16.15,-0.08,-8484.96,-84.85,54
1334,Entry short,2022-02-23 13:00,S1398,1895.852,11,20854.372,-17.03,-0.08,6.6,9.15,0.04,-16.15,-0.08,-8484.96,-84.85,54
1335,Exit long,2022-02-23 14:00,L1399 exit,1893.72,13,24657.165,-46.6,-0.19,7.8,0,0.00,-42.7,-0.17,-8531.57,-85.32,5
1335,Entry long,2022-02-23 13:55,L1399,1896.705,13,24657.165,-46.6,-0.19,7.8,0,0.00,-42.7,-0.17,-8531.57,-85.32,5
1336,Exit short,2022-02-23 16:10,Opposite signal,1895.65,8,15148.344,-21.66,-0.14,4.8,28.5,0.19,-19.66,-0.13,-8553.22,-85.53,105
1336,Entry short,2022-02-23 14:25,S1400,1893.543,8,15148.344,-21.66,-0.14,4.8,28.5,0.19,-19.66,-0.13,-8553.22,-85.53,105
1337,Exit long,2022-02-23 21:48,Opposite signal,1906.365,7,13269.375,70.98,0.53,4.2,92.54,0.70,-16.24,-0.12,-8482.25,-84.82,337
1337,Entry long,2022-02-23 16:11,L1401,1895.625,7,13269.375,70.98,0.53,4.2,92.54,0.70,-16.24,-0.12,-8482.25,-84.82,337
1338,Exit short,2022-02-23 22:31,Opposite signal,1909.525,11,20970.73,-40.65,-0.19,6.6,2.75,0.01,-40.26,-0.19,-8522.89,-85.23,41
1338,Entry short,2022-02-23 21:50,S1402,1906.43,11,20970.73,-40.65,-0.19,6.6,2.75,0.01,-40.26,-0.19,-8522.89,-85.23,41
1339,Exit long,2022-02-23 23:18,Opposite signal,1908.55,9,17182.305,-10.75,-0.06,5.4,9.49,0.06,-9.49,-0.06,-8533.64,-85.34,40
1339,Entry long,2022-02-23 22:38,L1403,1909.145,9,17182.305,-10.75,-0.06,5.4,9.49,0.06,-9.49,-0.06,-8533.64,-85.34,40
1340,Exit short,2022-02-24 07:32,Opposite signal,1913.85,11,21022.012,-36.94,-0.18,6.6,0,0.00,-37.87,-0.18,-8570.58,-85.71,44
1340,Entry short,2022-02-24 06:48,S1404,1911.092,11,21022.012,-36.94,-0.18,6.6,0,0.00,-37.87,-0.18,-8570.58,-85.71,44
1341,Exit long,2022-02-24 08:51,L1405 exit,1930.715,9,17224.56,146.48,0.85,5.4,149.18,0.87,-13.36,-0.08,-8424.11,-84.24,78
1341,Entry long,2022-02-24 07:33,L1405,1913.84,9,17224.56,146.48,0.85,5.4,149.18,0.87,-13.36,-0.08,-8424.11,-84.24,78
1342,Exit short,2022-02-24 20:47,S1406 exit,1929.245,4,7858.58,139.2,1.77,2.4,140.4,1.79,-11.38,-0.14,-8284.91,-82.85,194
1342,Entry short,2022-02-24 17:33,S1406,1964.645,4,7858.58,139.2,1.77,2.4,140.4,1.79,-11.38,-0.14,-8284.91,-82.85,194
1343,Exit long,2022-02-25 16:58,L1407 exit,1903.1,4,7658.668,-48.67,-0.64,2.4,27.77,0.36,-47.47,-0.62,-8333.58,-83.34,625
1343,Entry long,2022-02-25 06:33,L1407,1914.667,4,7658.668,-48.67,-0.64,2.4,27.77,0.36,-47.47,-0.62,-8333.58,-83.34,625
1344,Exit short,2022-02-25 18:05,Opposite signal,1906.105,3,5712.3,-7.81,-0.14,1.8,32.74,0.57,-7.07,-0.12,-8341.39,-83.41,66
1344,Entry short,2022-02-25 16:59,S1408,1904.1,3,5712.3,-7.81,-0.14,1.8,32.74,0.57,-7.07,-0.12,-8341.39,-83.41,66
1345,Exit long,2022-02-25 18:42,L1409 exit,1891.885,4,7614.02,-48.88,-0.64,2.4,0,0.00,-47.68,-0.63,-8390.27,-83.90,22
1345,Entry long,2022-02-25 18:20,L1409,1903.505,4,7614.02,-48.88,-0.64,2.4,0,0.00,-47.68,-0.63,-8390.27,-83.90,22
1346,Exit short,2022-02-25 19:48,Opposite signal,1892.39,3,5678.655,-0.31,-0.01,1.8,22.35,0.39,-10.74,-0.19,-8390.59,-83.91,63
1346,Entry short,2022-02-25 18:45,S1410,1892.885,3,5678.655,-0.31,-0.01,1.8,22.35,0.39,-10.74,-0.19,-8390.59,-83.91,63
1347,Exit long,2022-02-25 20:31,Opposite signal,1886.805,7,13237.049,-33.61,-0.25,4.2,17.21,0.13,-36.87,-0.28,-8424.2,-84.24,42
1347,Entry long,2022-02-25 19:49,L1411,1891.007,7,13237.049,-33.61,-0.25,4.2,17.21,0.13,-36.87,-0.28,-8424.2,-84.24,42
1348,Exit short,2022-02-25 21:07,Opposite signal,1887.94,6,11325.45,-5.79,-0.05,3.6,25.68,0.23,-5.95,-0.05,-8429.99,-84.30,34
1348,Entry short,2022-02-25 20:33,S1412,1887.575,6,11325.45,-5.79,-0.05,3.6,25.68,0.23,-5.95,-0.05,-8429.99,-84.30,34
1349,Exit long,2022-02-25 23:00,Weekend flat,1884.025,7,13220.599,-36.62,-0.28,4.2,11.08,0.08,-40.19,-0.30,-8466.61,-84.67,100
1349,Entry long,2022-02-25 21:20,L1413,1888.657,7,13220.599,-36.62,-0.28,4.2,11.08,0.08,-40.19,-0.30,-8466.61,-84.67,100
1350,Exit long,2022-03-02 15:56,L1414 exit,1930.055,3,5831.313,-42.95,-0.74,1.8,0.54,0.01,-42.05,-0.72,-8509.56,-85.10,146
1350,Entry long,2022-03-02 13:30,L1414,1943.771,3,5831.313,-42.95,-0.74,1.8,0.54,0.01,-42.05,-0.72,-8509.56,-85.10,146
1351,Exit short,2022-03-03 02:00,Time flat,1929.32,3,5793.165,3.41,0.06,1.8,47.37,0.82,-14.83,-0.26,-8506.16,-85.06,563
1351,Entry short,2022-03-02 16:37,S1415,1931.055,3,5793.165,3.41,0.06,1.8,47.37,0.82,-14.83,-0.26,-8506.16,-85.06,563
1352,Exit long,2022-03-04 22:04,Opposite signal,1959.64,2,3883.404,34.68,0.89,1.2,41.64,1.07,-24.57,-0.63,-8471.48,-84.71,917
1352,Entry long,2022-03-04 06:47,L1416,1941.702,2,3883.404,34.68,0.89,1.2,41.64,1.07,-24.57,-0.63,-8471.48,-84.71,917
1353,Exit short,2022-03-04 22:16,Opposite signal,1962.885,12,23524.98,-36.84,-0.16,7.2,0,0.00,-33.24,-0.14,-8508.32,-85.08,11
1353,Entry short,2022-03-04 22:05,S1417,1960.415,12,23524.98,-36.84,-0.16,7.2,0,0.00,-33.24,-0.14,-8508.32,-85.08,11
1354,Exit long,2022-03-04 23:00,Weekend flat,1961.1,7,13748.161,-24.66,-0.18,4.2,8.31,0.06,-29.04,-0.21,-8532.98,-85.33,35
1354,Entry long,2022-03-04 22:25,L1418,1964.023,7,13748.161,-24.66,-0.18,4.2,8.31,0.06,-29.04,-0.21,-8532.98,-85.33,35
1355,Exit short,2022-03-07 09:31,Opposite signal,1991.174,4,7965.724,-1.37,-0.02,2.4,24.52,0.31,-1.74,-0.02,-8534.35,-85.34,76
1355,Entry short,2022-03-07 08:15,S1419,1991.431,4,7965.724,-1.37,-0.02,2.4,24.52,0.31,-1.74,-0.02,-8534.35,-85.34,76
1356,Exit long,2022-03-07 11:23,Opposite signal,1984.885,7,13933.57,-43.57,-0.31,4.2,4.9,0.04,-42.18,-0.30,-8577.93,-85.78,111
1356,Entry long,2022-03-07 09:32,L1420,1990.51,7,13933.57,-43.57,-0.31,4.2,4.9,0.04,-42.18,-0.30,-8577.93,-85.78,111
1357,Exit short,2022-03-07 13:25,Opposite signal,1991.93,4,7920.068,-50.05,-0.63,2.4,1.45,0.02,-49.51,-0.63,-8627.98,-86.28,90
1357,Entry short,2022-03-07 11:55,S1421,1980.017,4,7920.068,-50.05,-0.63,2.4,1.45,0.02,-49.51,-0.63,-8627.98,-86.28,90
1358,Exit long,2022-03-07 14:33,Opposite signal,1994.735,3,5974.455,7.95,0.13,1.8,20.69,0.35,-7.59,-0.13,-8620.03,-86.20,67
1358,Entry long,2022-03-07 13:26,L1422,1991.485,3,5974.455,7.95,0.13,1.8,20.69,0.35,-7.59,-0.13,-8620.03,-86.20,67
1359,Exit short,2022-03-07 15:18,Opposite signal,1999.65,10,19959.25,-43.25,-0.22,6,19.9,0.10,-40.51,-0.20,-8663.28,-86.63,44
1359,Entry short,2022-03-07 14:34,S1423,1995.925,10,19959.25,-43.25,-0.22,6,19.9,0.10,-40.51,-0.20,-8663.28,-86.63,44
1360,Exit long,2022-03-07 16:46,Opposite signal,1998.8,7,13990.76,-3.36,-0.02,4.2,25.83,0.18,-22.61,-0.16,-8666.64,-86.67,85
1360,Entry long,2022-03-07 15:21,L1424,1998.68,7,13990.76,-3.36,-0.02,4.2,25.83,0.18,-22.61,-0.16,-8666.64,-86.67,85
1361,Exit short,2022-03-07 20:19,Opposite signal,1984.82,3,5969.976,13.72,0.23,1.8,85.85,1.44,-8.51,-0.14,-8652.92,-86.53,193
1361,Entry short,2022-03-07 17:06,S1425,1989.992,3,5969.976,13.72,0.23,1.8,85.85,1.44,-8.51,-0.14,-8652.92,-86.53,193
1362,Exit long,2022-03-07 21:53,Opposite signal,1976.6,2,3959.094,-7.09,-0.18,1.2,23.79,0.60,-9.74,-0.25,-8660.02,-86.60,88
1362,Entry long,2022-03-07 20:25,L1426,1979.547,2,3959.094,-7.09,-0.18,1.2,23.79,0.60,-9.74,-0.25,-8660.02,-86.60,88
1363,Exit short,2022-03-07 23:58,Opposite signal,1992.03,3,5931.105,-46.78,-0.79,1.8,1.56,0.03,-46.12,-0.78,-8706.8,-87.07,123
1363,Entry short,2022-03-07 21:55,S1427,1977.035,3,5931.105,-46.78,-0.79,1.8,1.56,0.03,-46.12,-0.78,-8706.8,-87.07,123
1364,Exit long,2022-03-08 12:28,L1428 exit,2019.525,7,13989.36,143.12,1.02,4.2,145.22,1.04,-11.9,-0.09,-8563.69,-85.64,35
1364,Entry long,2022-03-08 11:53,L1428,1998.48,7,13989.36,143.12,1.02,4.2,145.22,1.04,-11.9,-0.09,-8563.69,-85.64,35
1365,Exit short,2022-03-08 20:08,S1429 exit,2022.09,3,6018.666,-49.4,-0.82,1.8,19.61,0.33,-48.5,-0.81,-8613.09,-86.13,376
1365,Entry short,2022-03-08 13:52,S1429,2006.222,3,6018.666,-49.4,-0.82,1.8,19.61,0.33,-48.5,-0.81,-8613.09,-86.13,376
1366,Exit short,2022-03-09 02:00,Time flat,2048.085,1,2040.289,-8.4,-0.41,0.6,18.7,0.92,-13.2,-0.65,-8621.49,-86.21,188
1366,Entry short,2022-03-08 22:52,S1431,2040.289,1,2040.289,-8.4,-0.41,0.6,18.7,0.92,-13.2,-0.65,-8621.49,-86.21,188
1367,Exit long,2022-03-10 00:37,Opposite signal,1981.725,3,5977.215,-33.84,-0.57,1.8,38.94,0.65,-35.97,-0.60,-8655.33,-86.55,288
1367,Entry long,2022-03-09 19:49,L1432,1992.405,3,5977.215,-33.84,-0.57,1.8,38.94,0.65,-35.97,-0.60,-8655.33,-86.55,288
1368,Exit long,2022-03-10 12:31,Opposite signal,1980.04,6,11862.096,14.54,0.12,3.6,70.8,0.60,-13.02,-0.11,-8640.78,-86.41,190
1368,Entry long,2022-03-10 09:21,L1433,1977.016,6,11862.096,14.54,0.12,3.6,70.8,0.60,-13.02,-0.11,-8640.78,-86.41,190
1369,Exit short,2022-03-10 13:35,Opposite signal,1981.84,5,9904.275,-7.92,-0.08,3,30.45,0.31,-8.55,-0.09,-8648.71,-86.49,63
1369,Entry short,2022-03-10 12:32,S1434,1980.855,5,9904.275,-7.92,-0.08,3,30.45,0.31,-8.55,-0.09,-8648.71,-86.49,63
1370,Exit long,2022-03-10 14:18,Opposite signal,1983.825,6,11886.954,12.4,0.10,3.6,40.66,0.34,-9.77,-0.08,-8636.31,-86.36,41
1370,Entry long,2022-03-10 13:37,L1435,1981.159,6,11886.954,12.4,0.10,3.6,40.66,0.34,-9.77,-0.08,-8636.31,-86.36,41
1371,Exit short,2022-03-10 15:27,Opposite signal,1987.365,9,17861.67,-30.01,-0.17,5.4,67.45,0.38,-28.85,-0.16,-8666.33,-86.66,67
1371,Entry short,2022-03-10 14:20,S1436,1984.63,9,17861.67,-30.01,-0.17,5.4,67.45,0.38,-28.85,-0.16,-8666.33,-86.66,67
1372,Exit long,2022-03-10 19:22,Opposite signal,1993.92,5,9924.305,42.3,0.43,3,120.32,1.21,-7.1,-0.07,-8624.03,-86.24,233
1372,Entry long,2022-03-10 15:29,L1437,1984.861,5,9924.305,42.3,0.43,3,120.32,1.21,-7.1,-0.07,-8624.03,-86.24,233
1373,Exit short,2022-03-11 02:00,Time flat,2001.906,3,5988.6,-18.92,-0.32,1.8,42.53,0.71,-33.27,-0.56,-8642.95,-86.43,397
1373,Entry short,2022-03-10 19:23,S1438,1996.2,3,5988.6,-18.92,-0.32,1.8,42.53,0.71,-33.27,-0.56,-8642.95,-86.43,397
1374,Exit long,2022-03-11 19:16,L1439 exit,1960.99,4,7891.088,-49.53,-0.63,2.4,18.22,0.23,-48.33,-0.61,-8692.48,-86.92,46
1374,Entry long,2022-03-11 18:30,L1439,1972.772,4,7891.088,-49.53,-0.63,2.4,18.22,0.23,-48.33,-0.61,-8692.48,-86.92,46
1375,Exit short,2022-03-11 20:31,Opposite signal,1978.555,3,5885.97,-51.49,-0.87,1.8,6.15,0.10,-50.79,-0.86,-8743.97,-87.44,70
1375,Entry short,2022-03-11 19:21,S1440,1961.99,3,5885.97,-51.49,-0.87,1.8,6.15,0.10,-50.79,-0.86,-8743.97,-87.44,70
1376,Exit long,2022-03-11 23:00,Weekend flat,1989.706,3,5928.726,38.59,0.65,1.8,40.61,0.68,-18.83,-0.32,-8705.38,-87.05,124
1376,Entry long,2022-03-11 20:56,L1441,1976.242,3,5928.726,38.59,0.65,1.8,40.61,0.68,-18.83,-0.32,-8705.38,-87.05,124
1377,Exit long,2022-03-14 18:08,Opposite signal,1962.5,5,9820.6,-11.1,-0.11,3,17.85,0.18,-9.73,-0.10,-8716.48,-87.16,31
1377,Entry long,2022-03-14 17:37,L1442,1964.12,5,9820.6,-11.1,-0.11,3,17.85,0.18,-9.73,-0.10,-8716.48,-87.16,31
1378,Exit short,2022-03-15 02:00,Time flat,1954.04,7,13738.06,55.58,0.40,4.2,87.75,0.64,-34.76,-0.25,-8660.9,-86.61,470
1378,Entry short,2022-03-14 18:10,S1443,1962.58,7,13738.06,55.58,0.40,4.2,87.75,0.64,-34.76,-0.25,-8660.9,-86.61,470
1379,Exit long,2022-03-15 08:45,Opposite signal,1941.83,8,15552.008,-22.17,-0.14,4.8,10.71,0.07,-19.77,-0.13,-8683.07,-86.83,59
1379,Entry long,2022-03-15 07:46,L1444,1944.001,8,15552.008,-22.17,-0.14,4.8,10.71,0.07,-19.77,-0.13,-8683.07,-86.83,59
1380,Exit short,2022-03-15 11:30,S1445 exit,1925.54,9,17478.765,143.51,0.82,5.4,146.21,0.84,-14.23,-0.08,-8539.57,-85.40,164
1380,Entry short,2022-03-15 08:46,S1445,1942.085,9,17478.765,143.51,0.82,5.4,146.21,0.84,-14.23,-0.08,-8539.57,-85.40,164
1381,Exit long,2022-03-15 13:05,Opposite signal,1932.37,14,27078.128,-33.35,-0.12,8.4,13.97,0.05,-38.72,-0.14,-8572.91,-85.73,10
1381,Entry long,2022-03-15 12:55,L1446,1934.152,14,27078.128,-33.35,-0.12,8.4,13.97,0.05,-38.72,-0.14,-8572.91,-85.73,10
1382,Exit short,2022-03-15 13:50,Opposite signal,1930.72,10,19331.35,18.15,0.09,6,63.09,0.33,-21.4,-0.11,-8554.76,-85.55,44
1382,Entry short,2022-03-15 13:06,S1447,1933.135,10,19331.35,18.15,0.09,6,63.09,0.33,-21.4,-0.11,-8554.76,-85.55,44
1383,Exit long,2022-03-15 16:26,L1448 exit,1925.526,9,17373.69,-49.36,-0.28,5.4,42.35,0.24,-46.66,-0.27,-8604.12,-86.04,155
1383,Entry long,2022-03-15 13:51,L1448,1930.41,9,17373.69,-49.36,-0.28,5.4,42.35,0.24,-46.66,-0.27,-8604.12,-86.04,155
1384,Exit short,2022-03-15 18:57,Opposite signal,1919.86,5,9632.63,30.33,0.31,3,61.93,0.64,-13.25,-0.14,-8573.79,-85.74,128
1384,Entry short,2022-03-15 16:49,S1449,1926.526,5,9632.63,30.33,0.31,3,61.93,0.64,-13.25,-0.14,-8573.79,-85.74,128
1385,Exit long,2022-03-15 19:38,Opposite signal,1916.34,7,13436.815,-26.63,-0.20,4.2,41.44,0.31,-28.17,-0.21,-8600.42,-86.00,39
1385,Entry long,2022-03-15 18:59,L1450,1919.545,7,13436.815,-26.63,-0.20,4.2,41.44,0.31,-28.17,-0.21,-8600.42,-86.00,39
1386,Exit short,2022-03-15 20:20,Opposite signal,1915.446,5,9582.05,1.82,0.02,3,45.12,0.47,-5.55,-0.06,-8598.6,-85.99,41
1386,Entry short,2022-03-15 19:39,S1451,1916.41,5,9582.05,1.82,0.02,3,45.12,0.47,-5.55,-0.06,-8598.6,-85.99,41
1387,Exit long,2022-03-16 00:17,Opposite signal,1920.135,5,9574.405,23.27,0.24,3,79.53,0.83,-11.03,-0.12,-8575.33,-85.75,227
1387,Entry long,2022-03-15 20:30,L1452,1914.881,5,9574.405,23.27,0.24,3,79.53,0.83,-11.03,-0.12,-8575.33,-85.75,227
1388,Exit short,2022-03-16 11:10,Opposite signal,1918.06,8,15361.08,11.8,0.08,4.8,36.28,0.24,-29.28,-0.19,-8563.53,-85.64,225
1388,Entry short,2022-03-16 07:25,S1453,1920.135,8,15361.08,11.8,0.08,4.8,36.28,0.24,-29.28,-0.19,-8563.53,-85.64,225
1389,Exit long,2022-03-16 12:04,Opposite signal,1915.105,13,24928.111,-39.55,-0.16,7.8,30.02,0.12,-40.52,-0.16,-8603.08,-86.03,53
1389,Entry long,2022-03-16 11:11,L1454,1917.547,13,24928.111,-39.55,-0.16,7.8,30.02,0.12,-40.52,-0.16,-8603.08,-86.03,53
1390,Exit short,2022-03-16 14:21,Opposite signal,1920.746,8,15322.4,-48.37,-0.32,4.8,25.96,0.17,-47.88,-0.31,-8651.45,-86.51,126
1390,Entry short,2022-03-16 12:15,S1455,1915.3,8,15322.4,-48.37,-0.32,4.8,25.96,0.17,-47.88,-0.31,-8651.45,-86.51,126
1391,Exit long,2022-03-16 17:53,Opposite signal,1917.585,6,11512.062,-10.15,-0.09,3.6,49.22,0.43,-9.55,-0.08,-8661.6,-86.62,207
1391,Entry long,2022-03-16 14:26,L1456,1918.677,6,11512.062,-10.15,-0.09,3.6,49.22,0.43,-9.55,-0.08,-8661.6,-86.62,207
1392,Exit short,2022-03-17 00:23,Opposite signal,1918.236,5,9593.375,-0.8,-0.01,3,116.55,1.21,-18.92,-0.20,-8662.41,-86.62,389
1392,Entry short,2022-03-16 17:54,S1457,1918.675,5,9593.375,-0.8,-0.01,3,116.55,1.21,-18.92,-0.20,-8662.41,-86.62,389
1393,Exit short,2022-03-17 12:00,Opposite signal,1932.57,9,17409.546,11.02,0.06,5.4,29.96,0.17,-18.05,-0.10,-8651.39,-86.51,62
1393,Entry short,2022-03-17 10:58,S1458,1934.394,9,17409.546,11.02,0.06,5.4,29.96,0.17,-18.05,-0.10,-8651.39,-86.51,62
1394,Exit long,2022-03-17 12:30,Opposite signal,1932.04,15,28986.525,-14.92,-0.05,9,32.17,0.11,-12.52,-0.04,-8666.31,-86.66,29
1394,Entry long,2022-03-17 12:01,L1459,1932.435,15,28986.525,-14.92,-0.05,9,32.17,0.11,-12.52,-0.04,-8666.31,-86.66,29
1395,Exit short,2022-03-17 13:03,Opposite signal,1934.335,12,23190.3,-28.92,-0.12,7.2,24.9,0.11,-31.45,-0.14,-8695.23,-86.95,32
1395,Entry short,2022-03-17 12:31,S1460,1932.525,12,23190.3,-28.92,-0.12,7.2,24.9,0.11,-31.45,-0.14,-8695.23,-86.95,32
1396,Exit long,2022-03-17 14:53,Opposite signal,1935.3,10,19336.2,10.8,0.06,6,88.75,0.46,-7.65,-0.04,-8684.43,-86.84,101
1396,Entry long,2022-03-17 13:12,L1461,1933.62,10,19336.2,10.8,0.06,6,88.75,0.46,-7.65,-0.04,-8684.43,-86.84,101
1397,Exit short,2022-03-17 15:30,S1462 exit,1943.795,7,13557.803,-52.96,-0.39,4.2,1.07,0.01,-50.86,-0.38,-8737.4,-87.37,35
1397,Entry short,2022-03-17 14:55,S1462,1936.829,7,13557.803,-52.96,-0.39,4.2,1.07,0.01,-50.86,-0.38,-8737.4,-87.37,35
1398,Exit long,2022-03-17 21:34,Opposite signal,1945.86,5,9713.975,12.33,0.13,3,33.85,0.35,-37.7,-0.39,-8725.07,-87.25,344
1398,Entry long,2022-03-17 15:50,L1463,1942.795,5,9713.975,12.33,0.13,3,33.85,0.35,-37.7,-0.39,-8725.07,-87.25,344
1399,Exit short,2022-03-17 22:29,Opposite signal,1944.62,7,13609.764,-6.78,-0.05,4.2,22.88,0.17,-6.64,-0.05,-8731.85,-87.32,43
1399,Entry short,2022-03-17 21:46,S1464,1944.252,7,13609.764,-6.78,-0.05,4.2,22.88,0.17,-6.64,-0.05,-8731.85,-87.32,43
1400,Exit long,2022-03-17 23:36,Opposite signal,1940.285,9,17499.834,-42.67,-0.24,5.4,11.51,0.07,-40.33,-0.23,-8774.52,-87.75,66
1400,Entry long,2022-03-17 22:30,L1465,1944.426,9,17499.834,-42.67,-0.24,5.4,11.51,0.07,-40.33,-0.23,-8774.52,-87.75,66
1401,Exit short,2022-03-18 09:20,Opposite signal,1934.875,8,15523.952,40.15,0.26,4.8,107.5,0.69,-17.78,-0.11,-8734.36,-87.34,155
1401,Entry short,2022-03-18 06:45,S1466,1940.494,8,15523.952,40.15,0.26,4.8,107.5,0.69,-17.78,-0.11,-8734.36,-87.34,155
1402,Exit long,2022-03-18 15:05,Opposite signal,1930.59,5,9672.275,-22.32,-0.23,3,12.46,0.13,-23.27,-0.24,-8756.69,-87.57,344
1402,Entry long,2022-03-18 09:21,L1467,1934.455,5,9672.275,-22.32,-0.23,3,12.46,0.13,-23.27,-0.24,-8756.69,-87.57,344
1403,Exit short,2022-03-18 16:36,Opposite signal,1937.635,7,13522.628,-45.02,-0.33,4.2,17.71,0.13,-46,-0.34,-8801.71,-88.02,81
1403,Entry short,2022-03-18 15:15,S1468,1931.804,7,13522.628,-45.02,-0.33,4.2,17.71,0.13,-46,-0.34,-8801.71,-88.02,81
1404,Exit long,2022-03-18 18:23,Opposite signal,1935.315,5,9686.23,-12.65,-0.13,3,16.97,0.18,-13.16,-0.14,-8814.36,-88.14,106
1404,Entry long,2022-03-18 16:37,L1469,1937.246,5,9686.23,-12.65,-0.13,3,16.97,0.18,-13.16,-0.14,-8814.36,-88.14,106
1405,Exit short,2022-03-18 20:23,Opposite signal,1937.53,8,15491.368,-13.67,-0.09,4.8,115.33,0.74,-18.75,-0.12,-8828.03,-88.28,118
1405,Entry short,2022-03-18 18:25,S1470,1936.421,8,15491.368,-13.67,-0.09,4.8,115.33,0.74,-18.75,-0.12,-8828.03,-88.28,118
1406,Exit long,2022-03-18 23:00,Weekend flat,1928.95,4,7736.964,-23.56,-0.30,2.4,7.42,0.10,-32.96,-0.43,-8851.6,-88.52,138
1406,Entry long,2022-03-18 20:42,L1471,1934.241,4,7736.964,-23.56,-0.30,2.4,7.42,0.10,-32.96,-0.43,-8851.6,-88.52,138
1407,Exit short,2022-03-21 13:19,Opposite signal,1925.455,9,17327.475,-7.02,-0.04,5.4,26.42,0.15,-7.51,-0.04,-8858.62,-88.59,114
1407,Entry short,2022-03-21 11:25,S1472,1925.275,9,17327.475,-7.02,-0.04,5.4,26.42,0.15,-7.51,-0.04,-8858.62,-88.59,114
1408,Exit long,2022-03-21 14:51,Opposite signal,1923.39,10,19251.27,-23.37,-0.12,6,19.53,0.10,-22.42,-0.12,-8881.99,-88.82,87
1408,Entry long,2022-03-21 13:24,L1473,1925.127,10,19251.27,-23.37,-0.12,6,19.53,0.10,-22.42,-0.12,-8881.99,-88.82,87
1409,Exit short,2022-03-21 15:34,Opposite signal,1927.675,9,17313.3,-41.17,-0.24,5.4,7.43,0.04,-39.78,-0.23,-8923.16,-89.23,39
1409,Entry short,2022-03-21 14:55,S1474,1923.7,9,17313.3,-41.17,-0.24,5.4,7.43,0.04,-39.78,-0.23,-8923.16,-89.23,39
1410,Exit long,2022-03-21 16:00,Opposite signal,1925.365,9,17338.572,-15.69,-0.09,5.4,19.28,0.11,-14.52,-0.08,-8938.85,-89.39,25
1410,Entry long,2022-03-21 15:35,L1475,1926.508,9,17338.572,-15.69,-0.09,5.4,19.28,0.11,-14.52,-0.08,-8938.85,-89.39,25
1411,Exit short,2022-03-21 19:18,Opposite signal,1927.015,10,19254.65,-21.5,-0.11,6,71.39,0.37,-29.91,-0.16,-8960.35,-89.60,196
1411,Entry short,2022-03-21 16:02,S1476,1925.465,10,19254.65,-21.5,-0.11,6,71.39,0.37,-29.91,-0.16,-8960.35,-89.60,196
1412,Exit long,2022-03-21 20:16,Opposite signal,1933.72,13,25156.56,-26,-0.10,7.8,28.94,0.12,-23.92,-0.10,-8986.35,-89.86,30
1412,Entry long,2022-03-21 19:46,L1477,1935.12,13,25156.56,-26,-0.10,7.8,28.94,0.12,-23.92,-0.10,-8986.35,-89.86,30
1413,Exit short,2022-03-22 00:27,S1478 exit,1938.646,9,17405.865,-47.35,-0.27,5.4,59.58,0.34,-44.65,-0.26,-9033.7,-90.34,250
1413,Entry short,2022-03-21 20:17,S1478,1933.985,9,17405.865,-47.35,-0.27,5.4,59.58,0.34,-44.65,-0.26,-9033.7,-90.34,250
1414,Exit short,2022-03-22 18:20,Opposite signal,1930.506,3,5781.195,-12.12,-0.21,1.8,11.96,0.21,-12.25,-0.21,-9045.82,-90.46,276
1414,Entry short,2022-03-22 13:44,S1479,1927.065,3,5781.195,-12.12,-0.21,1.8,11.96,0.21,-12.25,-0.21,-9045.82,-90.46,276
1415,Exit long,2022-03-22 19:04,L1480 exit,1921.78,6,11573.598,-46.52,-0.40,3.6,8.12,0.07,-44.72,-0.39,-9092.34,-90.92,42
1415,Entry long,2022-03-22 18:22,L1480,1928.933,6,11573.598,-46.52,-0.40,3.6,8.12,0.07,-44.72,-0.39,-9092.34,-90.92,42
1416,Exit short,2022-03-23 02:00,Time flat,1920.795,5,9613.9,6.93,0.07,3,58.75,0.61,-15.05,-0.16,-9085.42,-90.85,415
1416,Entry short,2022-03-22 19:05,S1481,1922.78,5,9613.9,6.93,0.07,3,58.75,0.61,-15.05,-0.16,-9085.42,-90.85,415
1417,Exit long,2022-03-23 16:52,Opposite signal,1931.61,9,17335.044,44.05,0.25,5.4,77.84,0.45,-3.96,-0.02,-9041.37,-90.41,137
1417,Entry long,2022-03-23 14:35,L1482,1926.116,9,17335.044,44.05,0.25,5.4,77.84,0.45,-3.96,-0.02,-9041.37,-90.41,137
1418,Exit short,2022-03-23 18:34,Opposite signal,1931.455,10,19324.4,3.85,0.02,6,72.1,0.37,-5.3,-0.03,-9037.52,-90.38,101
1418,Entry short,2022-03-23 16:53,S1483,1932.44,10,19324.4,3.85,0.02,6,72.1,0.37,-5.3,-0.03,-9037.52,-90.38,101
1419,Exit long,2022-03-23 19:43,Opposite signal,1932.48,6,11586.66,4.62,0.04,3.6,32.34,0.28,-4.29,-0.04,-9032.9,-90.33,55
1419,Entry long,2022-03-23 18:48,L1484,1931.11,6,11586.66,4.62,0.04,3.6,32.34,0.28,-4.29,-0.04,-9032.9,-90.33,55
1420,Exit short,2022-03-23 20:15,Opposite signal,1931.445,9,17394.696,6.29,0.04,5.4,35.95,0.21,-2.8,-0.02,-9026.61,-90.27,31
1420,Entry short,2022-03-23 19:44,S1485,1932.744,9,17394.696,6.29,0.04,5.4,35.95,0.21,-2.8,-0.02,-9026.61,-90.27,31
1421,Exit long,2022-03-23 21:11,L1486 exit,1927.45,8,15462.4,-47.6,-0.31,4.8,3.2,0.02,-45.2,-0.29,-9074.21,-90.74,50
1421,Entry long,2022-03-23 20:21,L1486,1932.8,8,15462.4,-47.6,-0.31,4.8,3.2,0.02,-45.2,-0.29,-9074.21,-90.74,50
1422,Exit short,2022-03-23 22:16,Opposite signal,1934.415,7,13499.15,-45.95,-0.34,4.2,2.35,0.02,-43.99,-0.33,-9120.16,-91.20,56
1422,Entry short,2022-03-23 21:20,S1487,1928.45,7,13499.15,-45.95,-0.34,4.2,2.35,0.02,-43.99,-0.33,-9120.16,-91.20,56
1423,Exit short,2022-03-24 11:43,Opposite signal,1942.995,8,15555.976,7.22,0.05,4.8,53.54,0.34,-3.91,-0.03,-9112.95,-91.13,288
1423,Entry short,2022-03-24 06:55,S1489,1944.497,8,15555.976,7.22,0.05,4.8,53.54,0.34,-3.91,-0.03,-9112.95,-91.13,288
1424,Exit long,2022-03-24 12:05,Opposite signal,1940.905,7,13598.592,-16.46,-0.12,4.2,2.2,0.02,-15.23,-0.11,-9129.4,-91.29,21
1424,Entry long,2022-03-24 11:44,L1490,1942.656,7,13598.592,-16.46,-0.12,4.2,2.2,0.02,-15.23,-0.11,-9129.4,-91.29,21
1425,Exit short,2022-03-24 13:10,Opposite signal,1943.4,10,19399.82,-40.18,-0.21,6,0.17,0.00,-37.24,-0.19,-9169.58,-91.70,60
1425,Entry short,2022-03-24 12:10,S1491,1939.982,10,19399.82,-40.18,-0.21,6,0.17,0.00,-37.24,-0.19,-9169.58,-91.70,60
1426,Exit long,2022-03-24 14:49,Opposite signal,1938.82,8,15546.16,-40.4,-0.26,4.8,19.41,0.12,-38.08,-0.24,-9209.98,-92.10,97
1426,Entry long,2022-03-24 13:12,L1492,1943.27,8,15546.16,-40.4,-0.26,4.8,19.41,0.12,-38.08,-0.24,-9209.98,-92.10,97
1427,Exit short,2022-03-24 15:54,Opposite signal,1946.095,6,11639.664,-40.51,-0.35,3.6,0,0.00,-38.71,-0.33,-9250.49,-92.50,36
1427,Entry short,2022-03-24 15:18,S1493,1939.944,6,11639.664,-40.51,-0.35,3.6,0,0.00,-38.71,-0.33,-9250.49,-92.50,36
1428,Exit long,2022-03-25 02:00,Time flat,1960.355,5,9729.5,69.28,0.71,3,100.03,1.03,-18.2,-0.19,-9181.21,-91.81,605
1428,Entry long,2022-03-24 15:55,L1494,1945.9,5,9729.5,69.28,0.71,3,100.03,1.03,-18.2,-0.19,-9181.21,-91.81,605
1429,Exit short,2022-03-28 13:55,S1495 exit,1929.57,12,23311.404,149.36,0.64,7.2,152.96,0.66,-23.38,-0.10,-9031.85,-90.32,221
1429,Entry short,2022-03-28 10:14,S1495,1942.617,12,23311.404,149.36,0.64,7.2,152.96,0.66,-23.38,-0.10,-9031.85,-90.32,221
1430,Exit long,2022-03-29 00:28,Opposite signal,1926.695,6,11589.222,-32.65,-0.28,3.6,83.75,0.72,-32.11,-0.28,-9064.5,-90.65,532
1430,Entry long,2022-03-28 15:36,L1496,1931.537,6,11589.222,-32.65,-0.28,3.6,83.75,0.72,-32.11,-0.28,-9064.5,-90.65,532
1431,Exit long,2022-03-29 13:59,L1497 exit,1916.13,5,9631.865,-54.21,-0.56,3,8.96,0.09,-52.71,-0.55,-9118.72,-91.19,395
1431,Entry long,2022-03-29 07:24,L1497,1926.373,5,9631.865,-54.21,-0.56,3,8.96,0.09,-52.71,-0.55,-9118.72,-91.19,395
1432,Exit long,2022-03-30 02:00,Time flat,1919.355,2,3817.3,20.21,0.53,1.2,25.06,0.66,-3.32,-0.09,-9098.51,-90.99,345
1432,Entry long,2022-03-29 20:15,L1499,1908.65,2,3817.3,20.21,0.53,1.2,25.06,0.66,-3.32,-0.09,-9098.51,-90.99,345
1433,Exit short,2022-03-30 08:37,Opposite signal,1924.975,13,25006.215,-26.26,-0.10,7.8,15.8,0.06,-25.09,-0.10,-9124.77,-91.25,32
1433,Entry short,2022-03-30 08:05,S1500,1923.555,13,25006.215,-26.26,-0.10,7.8,15.8,0.06,-25.09,-0.10,-9124.77,-91.25,32
1434,Exit long,2022-03-30 12:34,Opposite signal,1922.39,12,23094.624,-33.14,-0.14,7.2,43.61,0.19,-33.38,-0.14,-9157.91,-91.58,231
1434,Entry long,2022-03-30 08:43,L1501,1924.552,12,23094.624,-33.14,-0.14,7.2,43.61,0.19,-33.38,-0.14,-9157.91,-91.58,231
1435,Exit short,2022-03-30 15:34,Opposite signal,1921.22,7,13468.56,15.82,0.12,4.2,45.68,0.34,-18.58,-0.14,-9142.09,-91.42,179
1435,Entry short,2022-03-30 12:35,S1502,1924.08,7,13468.56,15.82,0.12,4.2,45.68,0.34,-18.58,-0.14,-9142.09,-91.42,179
1436,Exit long,2022-03-30 17:33,Opposite signal,1922.915,9,17288.235,12.6,0.07,5.4,39.47,0.23,-17.38,-0.10,-9129.49,-91.29,118
1436,Entry long,2022-03-30 15:35,L1503,1920.915,9,17288.235,12.6,0.07,5.4,39.47,0.23,-17.38,-0.10,-9129.49,-91.29,118
1437,Exit short,2022-03-30 17:43,Opposite signal,1926.1,13,25011.61,-35.49,-0.14,7.8,14.11,0.06,-32.5,-0.13,-9164.98,-91.65,9
1437,Entry short,2022-03-30 17:34,S1504,1923.97,13,25011.61,-35.49,-0.14,7.8,14.11,0.06,-32.5,-0.13,-9164.98,-91.65,9
1438,Exit long,2022-03-30 21:02,Opposite signal,1934.196,9,17335.359,67.01,0.39,5.4,109.52,0.63,-35.78,-0.21,-9097.98,-90.98,198
1438,Entry long,2022-03-30 17:44,L1505,1926.151,9,17335.359,67.01,0.39,5.4,109.52,0.63,-35.78,-0.21,-9097.98,-90.98,198
1439,Exit short,2022-03-30 22:38,Opposite signal,1934.67,9,17415.423,-2.01,-0.01,5.4,26.39,0.15,-26.81,-0.15,-9099.98,-91.00,95
1439,Entry short,2022-03-30 21:03,S1506,1935.047,9,17415.423,-2.01,-0.01,5.4,26.39,0.15,-26.81,-0.15,-9099.98,-91.00,95
1440,Exit long,2022-03-30 23:21,Opposite signal,1931.735,12,23210.46,-36.84,-0.16,7.2,10.62,0.05,-33.54,-0.14,-9136.82,-91.37,42
1440,Entry long,2022-03-30 22:39,L1507,1934.205,12,23210.46,-36.84,-0.16,7.2,10.62,0.05,-33.54,-0.14,-9136.82,-91.37,42
1441,Exit long,2022-03-31 06:59,Opposite signal,1928.255,9,17387.775,-38.88,-0.22,5.4,0,0.00,-37.26,-0.21,-9175.7,-91.76,43
1441,Entry long,2022-03-31 06:16,L1508,1931.975,9,17387.775,-38.88,-0.22,5.4,0,0.00,-37.26,-0.21,-9175.7,-91.76,43
1442,Exit short,2022-03-31 07:47,Opposite signal,1927.635,8,15425,-0.88,-0.01,4.8,18.76,0.12,-12.2,-0.08,-9176.58,-91.77,40
1442,Entry short,2022-03-31 07:07,S1509,1928.125,8,15425,-0.88,-0.01,4.8,18.76,0.12,-12.2,-0.08,-9176.58,-91.77,40
1443,Exit long,2022-03-31 08:30,Opposite signal,1925.17,12,23131.5,-36.66,-0.16,7.2,0,0.00,-33.96,-0.15,-9213.24,-92.13,42
1443,Entry long,2022-03-31 07:48,L1510,1927.625,12,23131.5,-36.66,-0.16,7.2,0,0.00,-33.96,-0.15,-9213.24,-92.13,42
1444,Exit short,2022-03-31 11:28,Opposite signal,1922.71,12,23104.68,24.96,0.11,7.2,69.84,0.30,-26.76,-0.12,-9188.28,-91.88,176
1444,Entry short,2022-03-31 08:32,S1511,1925.39,12,23104.68,24.96,0.11,7.2,69.84,0.30,-26.76,-0.12,-9188.28,-91.88,176
1445,Exit long,2022-03-31 13:46,Opposite signal,1927.58,10,19226.35,43.45,0.23,6,110.4,0.57,-3.3,-0.02,-9144.83,-91.45,137
1445,Entry long,2022-03-31 11:29,L1512,1922.635,10,19226.35,43.45,0.23,6,110.4,0.57,-3.3,-0.02,-9144.83,-91.45,137
1446,Exit short,2022-03-31 15:52,Opposite signal,1927.454,5,9632.285,-7.98,-0.08,3,17.81,0.18,-7.24,-0.08,-9152.82,-91.53,104
1446,Entry short,2022-03-31 14:08,S1513,1926.457,5,9632.285,-7.98,-0.08,3,17.81,0.18,-7.24,-0.08,-9152.82,-91.53,104
1447,Exit long,2022-03-31 22:48,L1514 exit,1947.475,8,15418.76,156.24,1.01,4.8,158.64,1.03,-5.2,-0.03,-8996.58,-89.97,413
1447,Entry long,2022-03-31 15:55,L1514,1927.345,8,15418.76,156.24,1.01,4.8,158.64,1.03,-5.2,-0.03,-8996.58,-89.97,413
1448,Exit long,2022-04-01 12:11,Opposite signal,1933.325,8,15496.48,-34.68,-0.22,4.8,18.08,0.12,-34.88,-0.23,-9031.26,-90.31,310
1448,Entry long,2022-04-01 07:01,L1515,1937.06,8,15496.48,-34.68,-0.22,4.8,18.08,0.12,-34.88,-0.23,-9031.26,-90.31,310
1449,Exit short,2022-04-01 13:09,Opposite signal,1932.565,14,27051.64,-12.67,-0.05,8.4,34.58,0.13,-19.95,-0.07,-9043.93,-90.44,42
1449,Entry short,2022-04-01 12:27,S1516,1932.26,14,27051.64,-12.67,-0.05,8.4,34.58,0.13,-19.95,-0.07,-9043.93,-90.44,42
1450,Exit long,2022-04-01 16:24,Opposite signal,1929.72,11,21256.356,-36.04,-0.17,6.6,42.56,0.20,-35.6,-0.17,-9079.96,-90.80,193
1450,Entry long,2022-04-01 13:11,L1517,1932.396,11,21256.356,-36.04,-0.17,6.6,42.56,0.20,-35.6,-0.17,-9079.96,-90.80,193
1451,Exit short,2022-04-01 17:24,Opposite signal,1928.61,11,21193.645,-27.66,-0.13,6.6,22.72,0.11,-26.51,-0.13,-9107.63,-91.08,44
1451,Entry short,2022-04-01 16:40,S1518,1926.695,11,21193.645,-27.66,-0.13,6.6,22.72,0.11,-26.51,-0.13,-9107.63,-91.08,44
1452,Exit long,2022-04-01 18:02,Opposite signal,1927.01,9,17353.665,-15.97,-0.09,5.4,33.39,0.19,-25.3,-0.15,-9123.6,-91.24,30
1452,Entry long,2022-04-01 17:32,L1519,1928.185,9,17353.665,-15.97,-0.09,5.4,33.39,0.19,-25.3,-0.15,-9123.6,-91.24,30
1453,Exit short,2022-04-01 18:14,Opposite signal,1932.7,8,15428.88,-37.52,-0.24,4.8,10.08,0.07,-37.6,-0.24,-9161.12,-91.61,11
1453,Entry short,2022-04-01 18:03,S1520,1928.61,8,15428.88,-37.52,-0.24,4.8,10.08,0.07,-37.6,-0.24,-9161.12,-91.61,11
1454,Exit long,2022-04-01 18:32,L1521 exit,1924.674,6,11591.91,-47.47,-0.41,3.6,10.74,0.09,-45.67,-0.39,-9208.59,-92.09,17
1454,Entry long,2022-04-01 18:15,L1521,1931.985,6,11591.91,-47.47,-0.41,3.6,10.74,0.09,-45.67,-0.39,-9208.59,-92.09,17
1455,Exit short,2022-04-01 23:00,Weekend flat,1920.58,5,9627.1,21.2,0.22,3,31.78,0.33,-43.13,-0.45,-9187.39,-91.87,267
1455,Entry short,2022-04-01 18:33,S1522,1925.42,5,9627.1,21.2,0.22,3,31.78,0.33,-43.13,-0.45,-9187.39,-91.87,267
1456,Exit long,2022-04-04 14:46,Opposite signal,1928.36,12,23163.192,-30.07,-0.13,7.2,30.89,0.13,-27.55,-0.12,-9217.46,-92.17,88
1456,Entry long,2022-04-04 13:18,L1523,1930.266,12,23163.192,-30.07,-0.13,7.2,30.89,0.13,-27.55,-0.12,-9217.46,-92.17,88
1457,Exit short,2022-04-04 16:29,Opposite signal,1929.145,8,15429.68,-8.28,-0.05,4.8,21.72,0.14,-6.44,-0.04,-9225.74,-92.26,102
1457,Entry short,2022-04-04 14:47,S1524,1928.71,8,15429.68,-8.28,-0.05,4.8,21.72,0.14,-6.44,-0.04,-9225.74,-92.26,102
1458,Exit long,2022-04-04 17:13,Opposite signal,1929.13,11,21211.685,2.15,0.01,6.6,28.11,0.13,-4.51,-0.02,-9223.6,-92.24,42
1458,Entry long,2022-04-04 16:31,L1525,1928.335,11,21211.685,2.15,0.01,6.6,28.11,0.13,-4.51,-0.02,-9223.6,-92.24,42
1459,Exit short,2022-04-04 17:33,S1526 exit,1932.19,12,23152.44,-41.04,-0.18,7.2,8.64,0.04,-37.44,-0.16,-9264.64,-92.65,15
1459,Entry short,2022-04-04 17:18,S1526,1929.37,12,23152.44,-41.04,-0.18,7.2,8.64,0.04,-37.44,-0.16,-9264.64,-92.65,15
1460,Exit long,2022-04-04 19:23,Opposite signal,1929.235,9,17388.855,-31.14,-0.18,5.4,40.91,0.24,-34.33,-0.20,-9295.78,-92.96,104
1460,Entry long,2022-04-04 17:39,L1527,1932.095,9,17388.855,-31.14,-0.18,5.4,40.91,0.24,-34.33,-0.20,-9295.78,-92.96,104
1461,Exit short,2022-04-05 02:00,Time flat,1931.745,6,11577.54,-16.53,-0.14,3.6,29.22,0.25,-43.08,-0.37,-9312.31,-93.12,395
1461,Entry short,2022-04-04 19:25,S1528,1929.59,6,11577.54,-16.53,-0.14,3.6,29.22,0.25,-43.08,-0.37,-9312.31,-93.12,395
1462,Exit long,2022-04-05 21:29,L1529 exit,1923.185,3,5818.569,-50.81,-0.87,1.8,1.67,0.03,-49.91,-0.86,-9363.12,-93.63,112
1462,Entry long,2022-04-05 19:37,L1529,1939.523,3,5818.569,-50.81,-0.87,1.8,1.67,0.03,-49.91,-0.86,-9363.12,-93.63,112
1463,Exit short,2022-04-06 02:00,Time flat,1923.186,2,3848.37,0.8,0.02,1.2,8.84,0.23,-3.79,-0.10,-9362.32,-93.62,253
1463,Entry short,2022-04-05 21:47,S1530,1924.185,2,3848.37,0.8,0.02,1.2,8.84,0.23,-3.79,-0.10,-9362.32,-93.62,253
1464,Exit long,2022-04-07 02:00,Time flat,1925.045,3,5786.865,-13.53,-0.23,1.8,8.19,0.14,-40.92,-0.71,-9375.85,-93.76,668
1464,Entry long,2022-04-06 14:52,L1531,1928.955,3,5786.865,-13.53,-0.23,1.8,8.19,0.14,-40.92,-0.71,-9375.85,-93.76,668
1465,Exit short,2022-04-08 01:25,Opposite signal,1932.01,8,15465.16,4.28,0.03,4.8,25.6,0.17,-32.84,-0.21,-9371.57,-93.72,240
1465,Entry short,2022-04-07 21:25,S1532,1933.145,8,15465.16,4.28,0.03,4.8,25.6,0.17,-32.84,-0.21,-9371.57,-93.72,240
1466,Exit short,2022-04-08 06:41,Opposite signal,1935.22,9,17396.73,-25.65,-0.15,5.4,0,0.00,-23.53,-0.14,-9397.22,-93.97,12
1466,Entry short,2022-04-08 06:29,S1533,1932.97,9,17396.73,-25.65,-0.15,5.4,0,0.00,-23.53,-0.14,-9397.22,-93.97,12
1467,Exit long,2022-04-08 07:08,Opposite signal,1932.37,9,17412.957,-27.03,-0.16,5.4,2.91,0.02,-24.96,-0.14,-9424.25,-94.24,24
1467,Entry long,2022-04-08 06:44,L1534,1934.773,9,17412.957,-27.03,-0.16,5.4,2.91,0.02,-24.96,-0.14,-9424.25,-94.24,24
1468,Exit short,2022-04-08 10:32,Opposite signal,1928.895,8,15459.8,23.84,0.15,4.8,35.2,0.23,-13.16,-0.09,-9400.41,-94.00,203
1468,Entry short,2022-04-08 07:09,S1535,1932.475,8,15459.8,23.84,0.15,4.8,35.2,0.23,-13.16,-0.09,-9400.41,-94.00,203
1469,Exit long,2022-04-08 11:49,Opposite signal,1930.455,9,17358.3,10.4,0.06,5.4,35.64,0.21,-4.73,-0.03,-9390.02,-93.90,76
1469,Entry long,2022-04-08 10:33,L1536,1928.7,9,17358.3,10.4,0.06,5.4,35.64,0.21,-4.73,-0.03,-9390.02,-93.90,76
1470,Exit short,2022-04-08 13:38,Opposite signal,1932.975,9,17374.23,-27.94,-0.16,5.4,17.73,0.10,-25.38,-0.15,-9417.96,-94.18,108
1470,Entry short,2022-04-08 11:50,S1537,1930.47,9,17374.23,-27.94,-0.16,5.4,17.73,0.10,-25.38,-0.15,-9417.96,-94.18,108
1471,Exit long,2022-04-08 16:36,Opposite signal,1932.89,9,17388.603,2.01,0.01,5.4,20.37,0.12,-21.44,-0.12,-9415.95,-94.16,170
1471,Entry long,2022-04-08 13:46,L1538,1932.067,9,17388.603,2.01,0.01,5.4,20.37,0.12,-21.44,-0.12,-9415.95,-94.16,170
1472,Exit short,2022-04-08 17:38,Opposite signal,1934.826,9,17397.315,-21.52,-0.12,5.4,21.74,0.12,-23.89,-0.14,-9437.47,-94.37,61
1472,Entry short,2022-04-08 16:37,S1539,1933.035,9,17397.315,-21.52,-0.12,5.4,21.74,0.12,-23.89,-0.14,-9437.47,-94.37,61
1473,Exit long,2022-04-08 18:17,Opposite signal,1930.04,6,11621.094,-44.45,-0.38,3.6,2.23,0.02,-46.52,-0.40,-9481.93,-94.82,32
1473,Entry long,2022-04-08 17:45,L1540,1936.849,6,11621.094,-44.45,-0.38,3.6,2.23,0.02,-46.52,-0.40,-9481.93,-94.82,32
1474,Exit short,2022-04-08 19:08,S1541 exit,1940.026,5,9654.275,-48.85,-0.51,3,1.98,0.02,-47.35,-0.49,-9530.78,-95.31,50
1474,Entry short,2022-04-08 18:18,S1541,1930.855,5,9654.275,-48.85,-0.51,3,1.98,0.02,-47.35,-0.49,-9530.78,-95.31,50
1475,Exit long,2022-04-08 23:00,Weekend flat,1941.755,5,9690.235,15.54,0.16,3,49.37,0.51,-6.76,-0.07,-9515.24,-95.15,225
1475,Entry long,2022-04-08 19:15,L1542,1938.047,5,9690.235,15.54,0.16,3,49.37,0.51,-6.76,-0.07,-9515.24,-95.15,225
1476,Exit short,2022-04-11 17:12,Opposite signal,1959.795,7,13682.991,-39.77,-0.29,4.2,9.72,0.07,-38.9,-0.28,-9555.02,-95.55,66
1476,Entry short,2022-04-11 16:06,S1543,1954.713,7,13682.991,-39.77,-0.29,4.2,9.72,0.07,-38.9,-0.28,-9555.02,-95.55,66
1477,Exit long,2022-04-11 18:41,Opposite signal,1960.735,6,11749.68,11.13,0.09,3.6,68.68,0.58,-2.7,-0.02,-9543.89,-95.44,88
1477,Entry long,2022-04-11 17:13,L1544,1958.28,6,11749.68,11.13,0.09,3.6,68.68,0.58,-2.7,-0.02,-9543.89,-95.44,88
1478,Exit short,2022-04-12 01:56,Opposite signal,1955.76,5,9811.82,30.02,0.31,3,106,1.08,-14.95,-0.15,-9513.87,-95.14,434
1478,Entry short,2022-04-11 18:42,S1545,1962.364,5,9811.82,30.02,0.31,3,106,1.08,-14.95,-0.15,-9513.87,-95.14,434
1479,Exit short,2022-04-12 15:08,Opposite signal,1952.305,7,13706.378,36.04,0.26,4.2,55.99,0.41,-16.42,-0.12,-9477.82,-94.78,271
1479,Entry short,2022-04-12 10:37,S1546,1958.054,7,13706.378,36.04,0.26,4.2,55.99,0.41,-16.42,-0.12,-9477.82,-94.78,271
1480,Exit long,2022-04-12 18:03,L1547 exit,1965.815,8,15618.28,103.44,0.66,4.8,105.84,0.68,-8.16,-0.05,-9374.38,-93.74,174
1480,Entry long,2022-04-12 15:09,L1547,1952.285,8,15618.28,103.44,0.66,4.8,105.84,0.68,-8.16,-0.05,-9374.38,-93.74,174
1481,Exit short,2022-04-13 16:54,Opposite signal,1976.84,9,17803.818,6.86,0.04,5.4,30.93,0.17,-6.01,-0.03,-9367.52,-93.68,36
1481,Entry short,2022-04-13 16:18,S1548,1978.202,9,17803.818,6.86,0.04,5.4,30.93,0.17,-6.01,-0.03,-9367.52,-93.68,36
1482,Exit long,2022-04-13 17:55,Opposite signal,1975.446,9,17791.515,-17.9,-0.10,5.4,32.35,0.18,-20.02,-0.11,-9385.43,-93.85,35
1482,Entry long,2022-04-13 17:20,L1549,1976.835,9,17791.515,-17.9,-0.10,5.4,32.35,0.18,-20.02,-0.11,-9385.43,-93.85,35
1483,Exit short,2022-04-13 21:17,Opposite signal,1981.08,6,11844.828,-45.25,-0.38,3.6,5.54,0.05,-44.89,-0.38,-9430.68,-94.31,199
1483,Entry short,2022-04-13 17:58,S1550,1974.138,6,11844.828,-45.25,-0.38,3.6,5.54,0.05,-44.89,-0.38,-9430.68,-94.31,199
1484,Exit long,2022-04-14 02:00,Time flat,1977.28,5,9903.65,-20.25,-0.20,3,2.68,0.03,-30.9,-0.31,-9450.93,-94.51,280
1484,Entry long,2022-04-13 21:20,L1551,1980.73,5,9903.65,-20.25,-0.20,3,2.68,0.03,-30.9,-0.31,-9450.93,-94.51,280
1485,Exit short,2022-04-14 16:21,Opposite signal,1971.84,4,7887.76,-2,-0.03,2.4,17.5,0.22,-27.14,-0.34,-9452.93,-94.53,236
1485,Entry short,2022-04-14 12:25,S1552,1971.94,4,7887.76,-2,-0.03,2.4,17.5,0.22,-27.14,-0.34,-9452.93,-94.53,236
1486,Exit long,2022-04-14 17:53,Opposite signal,1975.305,8,15810,-12.36,-0.08,4.8,27.2,0.17,-10.84,-0.07,-9465.29,-94.65,45
1486,Entry long,2022-04-14 17:08,L1553,1976.25,8,15810,-12.36,-0.08,4.8,27.2,0.17,-10.84,-0.07,-9465.29,-94.65,45
1487,Exit short,2022-04-14 19:29,S1554 exit,1960.89,8,15813.24,121.32,0.77,4.8,123.72,0.78,-12.6,-0.08,-9343.97,-93.44,53
1487,Entry short,2022-04-14 18:36,S1554,1976.655,8,15813.24,121.32,0.77,4.8,123.72,0.78,-12.6,-0.08,-9343.97,-93.44,53
1488,Exit short,2022-04-18 17:40,Opposite signal,1994.105,9,17910.918,-41.43,-0.23,5.4,17.25,0.10,-39.85,-0.22,-9385.39,-93.85,96
1488,Entry short,2022-04-18 16:04,S1555,1990.102,9,17910.918,-41.43,-0.23,5.4,17.25,0.10,-39.85,-0.22,-9385.39,-93.85,96
1489,Exit long,2022-04-18 20:07,L1556 exit,1986.885,6,11963.67,-45.96,-0.38,3.6,25.29,0.21,-44.16,-0.37,-9431.35,-94.31,146
1489,Entry long,2022-04-18 17:41,L1556,1993.945,6,11963.67,-45.96,-0.38,3.6,25.29,0.21,-44.16,-0.37,-9431.35,-94.31,146
1490,Exit short,2022-04-18 20:54,Opposite signal,1986.89,8,15870.432,-29.49,-0.19,4.8,0,0.00,-27.17,-0.17,-9460.84,-94.61,16
1490,Entry short,2022-04-18 20:38,S1557,1983.804,8,15870.432,-29.49,-0.19,4.8,0,0.00,-27.17,-0.17,-9460.84,-94.61,16
1491,Exit long,2022-04-18 22:11,Opposite signal,1987.635,8,15900.056,-3.78,-0.02,4.8,22.26,0.14,-9.98,-0.06,-9464.62,-94.65,68
1491,Entry long,2022-04-18 21:03,L1558,1987.507,8,15900.056,-3.78,-0.02,4.8,22.26,0.14,-9.98,-0.06,-9464.62,-94.65,68
1492,Exit short,2022-04-19 00:06,Opposite signal,1979.2,8,15902.88,64.48,0.41,4.8,89.96,0.57,-4.48,-0.03,-9400.14,-94.00,110
1492,Entry short,2022-04-18 22:16,S1559,1987.86,8,15902.88,64.48,0.41,4.8,89.96,0.57,-4.48,-0.03,-9400.14,-94.00,110
1493,Exit short,2022-04-19 11:47,Opposite signal,1976.03,9,17782.56,-7.11,-0.04,5.4,24.35,0.14,-29.34,-0.16,-9407.25,-94.07,327
1493,Entry short,2022-04-19 06:20,S1560,1975.84,9,17782.56,-7.11,-0.04,5.4,24.35,0.14,-29.34,-0.16,-9407.25,-94.07,327
1494,Exit long,2022-04-19 12:56,Opposite signal,1976.62,9,17778.294,5.89,0.03,5.4,26.14,0.15,-16.79,-0.09,-9401.36,-94.01,66
1494,Entry long,2022-04-19 11:50,L1561,1975.366,9,17778.294,5.89,0.03,5.4,26.14,0.15,-16.79,-0.09,-9401.36,-94.01,66
1495,Exit short,2022-04-19 12:59,Opposite signal,1978.245,9,17798.355,-11.25,-0.06,5.4,0,0.00,-10.45,-0.06,-9412.61,-94.13,2
1495,Entry short,2022-04-19 12:57,S1562,1977.595,9,17798.355,-11.25,-0.06,5.4,0,0.00,-10.45,-0.06,-9412.61,-94.13,2
1496,Exit long,2022-04-19 13:27,Opposite signal,1978.295,8,15832.616,-11.06,-0.07,4.8,11.54,0.07,-8.78,-0.06,-9423.67,-94.24,27
1496,Entry long,2022-04-19 13:00,L1563,1979.077,8,15832.616,-11.06,-0.07,4.8,11.54,0.07,-8.78,-0.06,-9423.67,-94.24,27
1497,Exit short,2022-04-19 13:58,Opposite signal,1981.015,8,15827.12,-25.8,-0.16,4.8,0.4,0.00,-25.24,-0.16,-9449.47,-94.49,27
1497,Entry short,2022-04-19 13:31,S1564,1978.39,8,15827.12,-25.8,-0.16,4.8,0.4,0.00,-25.24,-0.16,-9449.47,-94.49,27
1498,Exit long,2022-04-19 14:31,Opposite signal,1977.475,8,15845.8,-30.8,-0.19,4.8,0,0.00,-29.68,-0.19,-9480.27,-94.80,32
1498,Entry long,2022-04-19 13:59,L1565,1980.725,8,15845.8,-30.8,-0.19,4.8,0,0.00,-29.68,-0.19,-9480.27,-94.80,32
1499,Exit short,2022-04-19 15:29,Opposite signal,1977.26,7,13847.302,2.28,0.02,4.2,17.08,0.12,-13.05,-0.09,-9477.99,-94.78,57
1499,Entry short,2022-04-19 14:32,S1566,1978.186,7,13847.302,2.28,0.02,4.2,17.08,0.12,-13.05,-0.09,-9477.99,-94.78,57
1500,Exit long,2022-04-19 15:48,Opposite signal,1975.405,7,13840.75,-17.11,-0.12,4.2,0,0.00,-17.36,-0.13,-9495.1,-94.95,11
1500,Entry long,2022-04-19 15:37,L1567,1977.25,7,13840.75,-17.11,-0.12,4.2,0,0.00,-17.36,-0.13,-9495.1,-94.95,11
1501,Exit short,2022-04-19 16:36,Opposite signal,1979.19,7,13831.041,-27.49,-0.20,4.2,3.87,0.03,-25.39,-0.18,-9522.59,-95.23,41
1501,Entry short,2022-04-19 15:55,S1568,1975.863,7,13831.041,-27.49,-0.20,4.2,3.87,0.03,-25.39,-0.18,-9522.59,-95.23,41
1502,Exit long,2022-04-19 17:39,Opposite signal,1978.11,7,13848.275,-5.7,-0.04,4.2,11.98,0.09,-10.46,-0.08,-9528.3,-95.28,62
1502,Entry long,2022-04-19 16:37,L1569,1978.325,7,13848.275,-5.7,-0.04,4.2,11.98,0.09,-10.46,-0.08,-9528.3,-95.28,62
1503,Exit short,2022-04-19 17:48,Opposite signal,1980.99,7,13849.073,-22.06,-0.16,4.2,8.95,0.06,-20.42,-0.15,-9550.35,-95.50,8
1503,Entry short,2022-04-19 17:40,S1570,1978.439,7,13849.073,-22.06,-0.16,4.2,8.95,0.06,-20.42,-0.15,-9550.35,-95.50,8
1504,Exit long,2022-04-19 18:06,L1571 exit,1975.86,6,11882.016,-30.46,-0.26,3.6,8.4,0.07,-28.66,-0.24,-9580.81,-95.81,17
1504,Entry long,2022-04-19 17:49,L1571,1980.336,6,11882.016,-30.46,-0.26,3.6,8.4,0.07,-28.66,-0.24,-9580.81,-95.81,17
1505,Exit short,2022-04-19 21:31,Opposite signal,1957.405,2,3927.088,11.08,0.28,1.2,25.55,0.65,-10.25,-0.26,-9569.73,-95.70,159
1505,Entry short,2022-04-19 18:52,S1572,1963.544,2,3927.088,11.08,0.28,1.2,25.55,0.65,-10.25,-0.26,-9569.73,-95.70,159
1506,Exit long,2022-04-19 23:13,Opposite signal,1954.47,6,11735.202,-11.98,-0.10,3.6,12.65,0.11,-10.45,-0.09,-9581.71,-95.82,95
1506,Entry long,2022-04-19 21:38,L1573,1955.867,6,11735.202,-11.98,-0.10,3.6,12.65,0.11,-10.45,-0.09,-9581.71,-95.82,95
1507,Exit long,2022-04-20 17:46,Opposite signal,1949.275,6,11684.748,7.3,0.06,3.6,44.33,0.38,-8.06,-0.07,-9574.41,-95.74,166
1507,Entry long,2022-04-20 15:00,L1574,1947.458,6,11684.748,7.3,0.06,3.6,44.33,0.38,-8.06,-0.07,-9574.41,-95.74,166
1508,Exit short,2022-04-20 19:16,Opposite signal,1950.335,6,11695.122,-10.49,-0.09,3.6,29.65,0.25,-15.26,-0.13,-9584.9,-95.85,86
1508,Entry short,2022-04-20 17:50,S1575,1949.187,6,11695.122,-10.49,-0.09,3.6,29.65,0.25,-15.26,-0.13,-9584.9,-95.85,86
1509,Exit long,2022-04-20 21:40,Opposite signal,1949.55,6,11701.44,-7.74,-0.07,3.6,24.66,0.21,-10.74,-0.09,-9592.64,-95.93,143
1509,Entry long,2022-04-20 19:17,L1576,1950.24,6,11701.44,-7.74,-0.07,3.6,24.66,0.21,-10.74,-0.09,-9592.64,-95.93,143
1510,Exit short,2022-04-21 01:02,Opposite signal,1954.735,6,11704.188,-27.82,-0.24,3.6,3.14,0.03,-27.43,-0.23,-9620.46,-96.20,201
1510,Entry short,2022-04-20 21:41,S1577,1950.698,6,11704.188,-27.82,-0.24,3.6,3.14,0.03,-27.43,-0.23,-9620.46,-96.20,201
1511,Exit long,2022-04-21 13:30,Opposite signal,1949.885,5,9762.9,-16.48,-0.17,3,5.95,0.06,-15.37,-0.16,-9636.94,-96.37,129
1511,Entry long,2022-04-21 11:21,L1578,1952.58,5,9762.9,-16.48,-0.17,3,5.95,0.06,-15.37,-0.16,-9636.94,-96.37,129
1512,Exit short,2022-04-21 18:03,Opposite signal,1944.735,5,9731.05,4.38,0.04,3,45.43,0.47,-11.13,-0.11,-9632.56,-96.33,236
1512,Entry short,2022-04-21 14:07,S1579,1946.21,5,9731.05,4.38,0.04,3,45.43,0.47,-11.13,-0.11,-9632.56,-96.33,236
1513,Exit long,2022-04-22 01:19,Opposite signal,1952.125,4,7785.892,20.21,0.26,2.4,29.09,0.37,-35.45,-0.46,-9612.35,-96.12,378
1513,Entry long,2022-04-21 19:01,L1580,1946.473,4,7785.892,20.21,0.26,2.4,29.09,0.37,-35.45,-0.46,-9612.35,-96.12,378
1514,Exit long,2022-04-22 07:49,Opposite signal,1948.505,5,9757.59,-18.07,-0.19,3,9.49,0.10,-16.57,-0.17,-9630.42,-96.30,66
1514,Entry long,2022-04-22 06:43,L1581,1951.518,5,9757.59,-18.07,-0.19,3,9.49,0.10,-16.57,-0.17,-9630.42,-96.30,66
1515,Exit short,2022-04-22 11:32,Opposite signal,1954.37,5,9750.075,-24.77,-0.25,3,18.73,0.19,-23.27,-0.24,-9655.19,-96.55,222
1515,Entry short,2022-04-22 07:50,S1582,1950.015,5,9750.075,-24.77,-0.25,3,18.73,0.19,-23.27,-0.24,-9655.19,-96.55,222
1516,Exit long,2022-04-22 14:22,L1583 exit,1944.97,5,9766.375,-44.52,-0.46,3,8.13,0.08,-43.02,-0.44,-9699.72,-97.00,138
1516,Entry long,2022-04-22 12:04,L1583,1953.275,5,9766.375,-44.52,-0.46,3,8.13,0.08,-43.02,-0.44,-9699.72,-97.00,138
1517,Exit short,2022-04-22 18:07,Opposite signal,1938.05,4,7783.88,29.28,0.38,2.4,64.48,0.83,-1.7,-0.02,-9670.44,-96.70,224
1517,Entry short,2022-04-22 14:23,S1584,1945.97,4,7783.88,29.28,0.38,2.4,64.48,0.83,-1.7,-0.02,-9670.44,-96.70,224
1518,Exit long,2022-04-22 20:42,Opposite signal,1930.5,5,9685.68,-36.18,-0.37,3,45.22,0.47,-36.13,-0.37,-9706.62,-97.07,140
1518,Entry long,2022-04-22 18:22,L1585,1937.136,5,9685.68,-36.18,-0.37,3,45.22,0.47,-36.13,-0.37,-9706.62,-97.07,140
1519,Exit short,2022-04-22 23:00,Weekend flat,1932.495,3,5793.93,-5.35,-0.09,1.8,4.5,0.08,-29.74,-0.51,-9711.97,-97.12,130
1519,Entry short,2022-04-22 20:50,S1586,1931.31,3,5793.93,-5.35,-0.09,1.8,4.5,0.08,-29.74,-0.51,-9711.97,-97.12,130
1520,Exit long,2022-04-25 13:12,Opposite signal,1915.59,4,7669.404,-9.44,-0.12,2.4,13.88,0.18,-8.36,-0.11,-9721.42,-97.21,40
1520,Entry long,2022-04-25 12:32,L1587,1917.351,4,7669.404,-9.44,-0.12,2.4,13.88,0.18,-8.36,-0.11,-9721.42,-97.21,40
1521,Exit short,2022-04-25 18:19,S1588 exit,1893.22,4,7664.68,89.4,1.17,2.4,90.6,1.18,-21.48,-0.28,-9632.02,-96.32,306
1521,Entry short,2022-04-25 13:13,S1588,1916.17,4,7664.68,89.4,1.17,2.4,90.6,1.18,-21.48,-0.28,-9632.02,-96.32,306
1522,Exit long,2022-04-26 02:00,Time flat,1897.776,4,7604.308,-15.6,-0.21,2.4,5.52,0.07,-37.73,-0.50,-9647.62,-96.48,429
1522,Entry long,2022-04-25 18:51,L1589,1901.077,4,7604.308,-15.6,-0.21,2.4,5.52,0.07,-37.73,-0.50,-9647.62,-96.48,429
1523,Exit short,2022-04-26 13:35,Opposite signal,1898.955,5,9507.925,10.15,0.11,3,27.48,0.29,-16.37,-0.17,-9637.47,-96.37,90
1523,Entry short,2022-04-26 12:05,S1590,1901.585,5,9507.925,10.15,0.11,3,27.48,0.29,-16.37,-0.17,-9637.47,-96.37,90
1524,Exit long,2022-04-26 15:52,Opposite signal,1903.485,5,9503.225,11.2,0.12,3,30.96,0.33,-12,-0.13,-9626.27,-96.26,125
1524,Entry long,2022-04-26 13:47,L1591,1900.645,5,9503.225,11.2,0.12,3,30.96,0.33,-12,-0.13,-9626.27,-96.26,125
1525,Exit short,2022-04-26 16:26,Opposite signal,1907.19,5,9520.6,-18.35,-0.19,3,0,0.00,-16.87,-0.18,-9644.62,-96.45,33
1525,Entry short,2022-04-26 15:53,S1592,1904.12,5,9520.6,-18.35,-0.19,3,0,0.00,-16.87,-0.18,-9644.62,-96.45,33
1526,Exit long,2022-04-26 17:16,Opposite signal,1902.995,5,9536.33,-24.35,-0.26,3,10.55,0.11,-23,-0.24,-9668.98,-96.69,48
1526,Entry long,2022-04-26 16:28,L1593,1907.266,5,9536.33,-24.35,-0.26,3,10.55,0.11,-23,-0.24,-9668.98,-96.69,48
1527,Exit short,2022-04-26 18:39,Opposite signal,1906.03,5,9516.925,-16.23,-0.17,3,13.33,0.14,-15.2,-0.16,-9685.2,-96.85,82
1527,Entry short,2022-04-26 17:17,S1594,1903.385,5,9516.925,-16.23,-0.17,3,13.33,0.14,-15.2,-0.16,-9685.2,-96.85,82
1528,Exit long,2022-04-26 19:22,Opposite signal,1906.445,4,7626.592,-3.21,-0.04,2.4,17.43,0.23,-5.51,-0.07,-9688.41,-96.88,39
1528,Entry long,2022-04-26 18:43,L1595,1906.648,4,7626.592,-3.21,-0.04,2.4,17.43,0.23,-5.51,-0.07,-9688.41,-96.88,39
1529,Exit short,2022-04-27 01:11,Opposite signal,1901.5,4,7626.3,17.9,0.23,2.4,38.82,0.51,-8.12,-0.11,-9670.51,-96.71,348
1529,Entry short,2022-04-26 19:23,S1596,1906.575,4,7626.3,17.9,0.23,2.4,38.82,0.51,-8.12,-0.11,-9670.51,-96.71,348
1530,Exit short,2022-04-27 10:55,Opposite signal,1899.635,5,9517.65,16.48,0.17,3,36.55,0.38,-7.45,-0.08,-9654.04,-96.54,286
1530,Entry short,2022-04-27 06:09,S1597,1903.53,5,9517.65,16.48,0.17,3,36.55,0.38,-7.45,-0.08,-9654.04,-96.54,286
1531,Exit long,2022-04-27 12:11,Opposite signal,1897.52,5,9498.11,-13.51,-0.14,3,7.92,0.08,-12.36,-0.13,-9667.55,-96.68,68
1531,Entry long,2022-04-27 11:03,L1598,1899.622,5,9498.11,-13.51,-0.14,3,7.92,0.08,-12.36,-0.13,-9667.55,-96.68,68
1532,Exit short,2022-04-27 12:58,Opposite signal,1900.81,5,9490.975,-16.07,-0.17,3,5.78,0.06,-15.15,-0.16,-9683.62,-96.84,46
1532,Entry short,2022-04-27 12:12,S1599,1898.195,5,9490.975,-16.07,-0.17,3,5.78,0.06,-15.15,-0.16,-9683.62,-96.84,46
1533,Exit long,2022-04-27 13:31,Opposite signal,1896.52,4,7607.42,-23.74,-0.31,2.4,0,0.00,-23.22,-0.31,-9707.36,-97.07,26
1533,Entry long,2022-04-27 13:05,L1600,1901.855,4,7607.42,-23.74,-0.31,2.4,0,0.00,-23.22,-0.31,-9707.36,-97.07,26
1534,Exit short,2022-04-27 17:46,S1601 exit,1904.56,4,7586.96,-33.68,-0.44,2.4,25.12,0.33,-32.48,-0.43,-9741.04,-97.41,228
1534,Entry short,2022-04-27 13:58,S1601,1896.74,4,7586.96,-33.68,-0.44,2.4,25.12,0.33,-32.48,-0.43,-9741.04,-97.41,228
1535,Exit long,2022-04-27 19:13,L1602 exit,1885.5,3,5705.817,-51.12,-0.90,1.8,1.86,0.03,-50.22,-0.88,-9792.16,-97.92,63
1535,Entry long,2022-04-27 18:10,L1602,1901.939,3,5705.817,-51.12,-0.90,1.8,1.86,0.03,-50.22,-0.88,-9792.16,-97.92,63
1536,Exit short,2022-04-27 23:14,Opposite signal,1891.205,2,3773,-10.61,-0.28,1.2,9.61,0.25,-10.01,-0.27,-9802.77,-98.03,240
1536,Entry short,2022-04-27 19:14,S1603,1886.5,2,3773,-10.61,-0.28,1.2,9.61,0.25,-10.01,-0.27,-9802.77,-98.03,240
1537,Exit short,2022-04-28 06:47,Opposite signal,1883.825,3,5653.17,-0.1,0.00,1.8,7.71,0.14,-1.71,-0.03,-9802.87,-98.03,20
1537,Entry short,2022-04-28 06:27,S1604,1884.39,3,5653.17,-0.1,0.00,1.8,7.71,0.14,-1.71,-0.03,-9802.87,-98.03,20
1538,Exit long,2022-04-28 07:43,Opposite signal,1881.305,3,5650.8,-8.68,-0.15,1.8,1.95,0.03,-9.42,-0.17,-9811.56,-98.12,55
1538,Entry long,2022-04-28 06:48,L1605,1883.6,3,5650.8,-8.68,-0.15,1.8,1.95,0.03,-9.42,-0.17,-9811.56,-98.12,55
1539,Exit short,2022-04-28 12:20,Opposite signal,1880.536,3,5644.56,1.15,0.02,1.8,27.02,0.48,-10.01,-0.18,-9810.41,-98.10,276
1539,Entry short,2022-04-28 07:44,S1606,1881.52,3,5644.56,1.15,0.02,1.8,27.02,0.48,-10.01,-0.18,-9810.41,-98.10,276
1540,Exit long,2022-04-28 15:54,Opposite signal,1885.62,3,5649.663,5.4,0.10,1.8,24.91,0.44,-10.52,-0.19,-9805.01,-98.05,153
1540,Entry long,2022-04-28 13:21,L1607,1883.221,3,5649.663,5.4,0.10,1.8,24.91,0.44,-10.52,-0.19,-9805.01,-98.05,153
1541,Exit short,2022-04-28 18:03,S1608 exit,1892.825,3,5657.82,-22.45,-0.40,1.8,11.09,0.20,-21.55,-0.38,-9827.47,-98.27,128
1541,Entry short,2022-04-28 15:55,S1608,1885.94,3,5657.82,-22.45,-0.40,1.8,11.09,0.20,-21.55,-0.38,-9827.47,-98.27,128
1542,Exit long,2022-04-29 02:00,Time flat,1895.89,2,3784.14,6.44,0.17,1.2,8.85,0.23,-18.32,-0.48,-9821.03,-98.21,475
1542,Entry long,2022-04-28 18:05,L1609,1892.07,2,3784.14,6.44,0.17,1.2,8.85,0.23,-18.32,-0.48,-9821.03,-98.21,475
1543,Exit short,2022-04-29 08:37,Opposite signal,1901.93,2,3802.968,-2.09,-0.06,1.2,5.21,0.14,-1.92,-0.05,-9823.12,-98.23,31
1543,Entry short,2022-04-29 08:06,S1610,1901.484,2,3802.968,-2.09,-0.06,1.2,5.21,0.14,-1.92,-0.05,-9823.12,-98.23,31
1544,Exit long,2022-04-29 13:22,L1611 exit,1917.284,2,3803.572,29.8,0.78,1.2,30.4,0.80,-3.41,-0.09,-9793.32,-97.93,284
1544,Entry long,2022-04-29 08:38,L1611,1901.786,2,3803.572,29.8,0.78,1.2,30.4,0.80,-3.41,-0.09,-9793.32,-97.93,284
1545,Exit short,2022-04-29 20:27,Opposite signal,1913.965,3,5740.974,-2.72,-0.05,1.8,32.15,0.56,-4.03,-0.07,-9796.04,-97.96,149
1545,Entry short,2022-04-29 17:58,S1612,1913.658,3,5740.974,-2.72,-0.05,1.8,32.15,0.56,-4.03,-0.07,-9796.04,-97.96,149
1546,Exit long,2022-04-29 23:00,Weekend flat,1910.326,3,5738.235,-9.06,-0.16,1.8,1.14,0.02,-26.4,-0.46,-9805.1,-98.05,152
1546,Entry long,2022-04-29 20:28,L1613,1912.745,3,5738.235,-9.06,-0.16,1.8,1.14,0.02,-26.4,-0.46,-9805.1,-98.05,152
1547,Exit long,2022-05-02 12:40,Opposite signal,1885.11,3,5658.441,-4.91,-0.09,1.8,4.14,0.07,-9.4,-0.17,-9810.01,-98.10,90
1547,Entry long,2022-05-02 11:10,L1614,1886.147,3,5658.441,-4.91,-0.09,1.8,4.14,0.07,-9.4,-0.17,-9810.01,-98.10,90
1548,Exit short,2022-05-02 16:26,Opposite signal,1882.04,3,5655.63,7.71,0.14,1.8,24.08,0.43,-4.63,-0.08,-9802.3,-98.02,224
1548,Entry short,2022-05-02 12:42,S1615,1885.21,3,5655.63,7.71,0.14,1.8,24.08,0.43,-4.63,-0.08,-9802.3,-98.02,224
1549,Exit long,2022-05-02 17:14,Opposite signal,1876.315,3,5643.141,-16,-0.28,1.8,0,0.00,-15.13,-0.27,-9818.3,-98.18,39
1549,Entry long,2022-05-02 16:35,L1616,1881.047,3,5643.141,-16,-0.28,1.8,0,0.00,-15.13,-0.27,-9818.3,-98.18,39
1550,Exit short,2022-05-02 21:08,Opposite signal,1866.535,2,3753.77,19.5,0.52,1.2,44.21,1.18,-1.67,-0.04,-9798.8,-97.99,233
1550,Entry short,2022-05-02 17:15,S1617,1876.885,2,3753.77,19.5,0.52,1.2,44.21,1.18,-1.67,-0.04,-9798.8,-97.99,233
1551,Exit long,2022-05-03 02:00,Time flat,1861.86,3,5603.163,-19.38,-0.35,1.8,5.5,0.10,-24.18,-0.43,-9818.18,-98.18,263
1551,Entry long,2022-05-02 21:37,L1618,1867.721,3,5603.163,-19.38,-0.35,1.8,5.5,0.10,-24.18,-0.43,-9818.18,-98.18,263
1552,Exit short,2022-05-03 14:28,Opposite signal,1854.225,2,3708.96,-0.69,-0.02,1.2,7.42,0.20,-13.57,-0.37,-9818.87,-98.19,110
1552,Entry short,2022-05-03 12:38,S1619,1854.48,2,3708.96,-0.69,-0.02,1.2,7.42,0.20,-13.57,-0.37,-9818.87,-98.19,110
1553,Exit long,2022-05-03 16:04,Opposite signal,1857.415,2,3707.674,5.96,0.16,1.2,13.81,0.37,-0.88,-0.02,-9812.91,-98.13,87
1553,Entry long,2022-05-03 14:37,L1620,1853.837,2,3707.674,5.96,0.16,1.2,13.81,0.37,-0.88,-0.02,-9812.91,-98.13,87
1554,Exit short,2022-05-03 17:05,Opposite signal,1861.56,3,5572.965,-13.51,-0.24,1.8,0,0.00,-12.99,-0.23,-9826.43,-98.26,43
1554,Entry short,2022-05-03 16:22,S1621,1857.655,3,5572.965,-13.51,-0.24,1.8,0,0.00,-12.99,-0.23,-9826.43,-98.26,43
1555,Exit long,2022-05-03 17:37,Opposite signal,1862.63,2,3728.95,-4.89,-0.13,1.2,0.35,0.01,-4.82,-0.13,-9831.32,-98.31,2
1555,Entry long,2022-05-03 17:35,L1622,1864.475,2,3728.95,-4.89,-0.13,1.2,0.35,0.01,-4.82,-0.13,-9831.32,-98.31,2
1556,Exit short,2022-05-03 18:07,Opposite signal,1861.4,2,3725.56,1.56,0.04,1.2,11.25,0.30,-3.13,-0.08,-9829.76,-98.30,28
1556,Entry short,2022-05-03 17:39,S1623,1862.78,2,3725.56,1.56,0.04,1.2,11.25,0.30,-3.13,-0.08,-9829.76,-98.30,28
1557,Exit long,2022-05-04 00:13,Opposite signal,1866.405,2,3724.404,7.21,0.19,1.2,31.29,0.84,-4.12,-0.11,-9822.55,-98.23,361
1557,Entry long,2022-05-03 18:12,L1624,1862.202,2,3724.404,7.21,0.19,1.2,31.29,0.84,-4.12,-0.11,-9822.55,-98.23,361
1558,Exit long,2022-05-04 08:02,Opposite signal,1861.98,2,3726.39,-3.63,-0.10,1.2,0.12,0.00,-3.1,-0.08,-9826.18,-98.26,13
1558,Entry long,2022-05-04 07:49,L1625,1863.195,2,3726.39,-3.63,-0.10,1.2,0.12,0.00,-3.1,-0.08,-9826.18,-98.26,13
1559,Exit short,2022-05-04 08:27,Opposite signal,1864.475,2,3724.29,-5.86,-0.16,1.2,0,0.00,-5.26,-0.14,-9832.04,-98.32,24
1559,Entry short,2022-05-04 08:03,S1626,1862.145,2,3724.29,-5.86,-0.16,1.2,0,0.00,-5.26,-0.14,-9832.04,-98.32,24
1560,Exit long,2022-05-04 11:22,Opposite signal,1863.43,2,3727.11,-1.45,-0.04,1.2,4.94,0.13,-1.16,-0.03,-9833.49,-98.33,173
1560,Entry long,2022-05-04 08:29,L1627,1863.555,2,3727.11,-1.45,-0.04,1.2,4.94,0.13,-1.16,-0.03,-9833.49,-98.33,173
1561,Exit short,2022-05-04 12:29,Opposite signal,1866.51,2,3727.438,-6.78,-0.18,1.2,3.88,0.10,-6.57,-0.18,-9840.27,-98.40,61
1561,Entry short,2022-05-04 11:28,S1628,1863.719,2,3727.438,-6.78,-0.18,1.2,3.88,0.10,-6.57,-0.18,-9840.27,-98.40,61
1562,Exit long,2022-05-04 13:42,Opposite signal,1870.185,2,3732.65,6.52,0.17,1.2,11.02,0.30,-1,-0.03,-9833.75,-98.34,72
1562,Entry long,2022-05-04 12:30,L1629,1866.325,2,3732.65,6.52,0.17,1.2,11.02,0.30,-1,-0.03,-9833.75,-98.34,72
1563,Exit short,2022-05-04 15:16,Opposite signal,1870.53,2,3742.12,-0.14,0.00,1.2,7.51,0.20,-1.48,-0.04,-9833.89,-98.34,93
1563,Entry short,2022-05-04 13:43,S1630,1871.06,2,3742.12,-0.14,0.00,1.2,7.51,0.20,-1.48,-0.04,-9833.89,-98.34,93
1564,Exit long,2022-05-04 16:04,Opposite signal,1868.915,2,3740.472,-3.84,-0.10,1.2,2.58,0.07,-3.89,-0.10,-9837.74,-98.38,47
1564,Entry long,2022-05-04 15:17,L1631,1870.236,2,3740.472,-3.84,-0.10,1.2,2.58,0.07,-3.89,-0.10,-9837.74,-98.38,47
1565,Exit short,2022-05-04 16:54,Opposite signal,1867.785,2,3738.798,2.03,0.05,1.2,6.12,0.16,-2.86,-0.08,-9835.71,-98.36,46
1565,Entry short,2022-05-04 16:08,S1632,1869.399,2,3738.798,2.03,0.05,1.2,6.12,0.16,-2.86,-0.08,-9835.71,-98.36,46
1566,Exit long,2022-05-04 17:52,Opposite signal,1865.97,2,3735.17,-4.43,-0.12,1.2,4.37,0.12,-4.77,-0.13,-9840.14,-98.40,56
1566,Entry long,2022-05-04 16:56,L1633,1867.585,2,3735.17,-4.43,-0.12,1.2,4.37,0.12,-4.77,-0.13,-9840.14,-98.40,56
1567,Exit short,2022-05-04 18:53,Opposite signal,1870.67,2,3730.774,-11.77,-0.32,1.2,0.55,0.01,-11.82,-0.32,-9851.91,-98.52,55
1567,Entry short,2022-05-04 17:58,S1634,1865.387,2,3730.774,-11.77,-0.32,1.2,0.55,0.01,-11.82,-0.32,-9851.91,-98.52,55
1568,Exit long,2022-05-04 19:20,L1635 exit,1862.825,2,3738.13,-13.68,-0.37,1.2,0.65,0.02,-13.08,-0.35,-9865.58,-98.66,26
1568,Entry long,2022-05-04 18:54,L1635,1869.065,2,3738.13,-13.68,-0.37,1.2,0.65,0.02,-13.08,-0.35,-9865.58,-98.66,26
1569,Exit short,2022-05-04 23:31,S1636 exit,1871.995,2,3728.04,-17.15,-0.46,1.2,4.09,0.11,-16.55,-0.44,-9882.73,-98.83,246
1569,Entry short,2022-05-04 19:25,S1636,1864.02,2,3728.04,-17.15,-0.46,1.2,4.09,0.11,-16.55,-0.44,-9882.73,-98.83,246
1570,Exit short,2022-05-05 15:21,Opposite signal,1896.365,1,1900.414,3.45,0.18,0.6,10.51,0.55,-2.71,-0.14,-9879.29,-98.79,441
1570,Entry short,2022-05-05 08:00,S1637,1900.414,1,1900.414,3.45,0.18,0.6,10.51,0.55,-2.71,-0.14,-9879.29,-98.79,441
1571,Exit short,2022-05-05 16:40,Opposite signal,1900.185,1,1897.518,-3.27,-0.17,0.6,1.96,0.10,-3.15,-0.17,-9882.55,-98.83,58
1571,Entry short,2022-05-05 15:42,S1639,1897.518,1,1897.518,-3.27,-0.17,0.6,1.96,0.10,-3.15,-0.17,-9882.55,-98.83,58
1572,Exit long,2022-05-05 18:50,Opposite signal,1903.12,1,1899.17,3.35,0.18,0.6,10.35,0.54,-3.71,-0.20,-9879.2,-98.79,129
1572,Entry long,2022-05-05 16:41,L1640,1899.17,1,1899.17,3.35,0.18,0.6,10.35,0.54,-3.71,-0.20,-9879.2,-98.79,129
1573,Exit short,2022-05-05 21:30,S1641 exit,1874.27,1,1902.403,27.53,1.45,0.6,27.83,1.46,-2.14,-0.11,-9851.67,-98.52,155
1573,Entry short,2022-05-05 18:55,S1641,1902.403,1,1902.403,27.53,1.45,0.6,27.83,1.46,-2.14,-0.11,-9851.67,-98.52,155
1574,Exit long,2022-05-06 11:16,Opposite signal,1875.505,2,3747.88,1.93,0.05,1.2,7.53,0.20,-1.3,-0.03,-9849.74,-98.50,177
1574,Entry long,2022-05-06 08:19,L1642,1873.94,2,3747.88,1.93,0.05,1.2,7.53,0.20,-1.3,-0.03,-9849.74,-98.50,177
1575,Exit short,2022-05-06 13:54,Opposite signal,1877.665,2,3751.04,-5.49,-0.15,1.2,4.31,0.11,-5.15,-0.14,-9855.23,-98.55,140
1575,Entry short,2022-05-06 11:34,S1643,1875.52,2,3751.04,-5.49,-0.15,1.2,4.31,0.11,-5.15,-0.14,-9855.23,-98.55,140
1576,Exit long,2022-05-06 18:18,Opposite signal,1880.63,2,3762.81,-2.75,-0.07,1.2,16.87,0.45,-2.75,-0.07,-9857.98,-98.58,213
1576,Entry long,2022-05-06 14:45,L1644,1881.405,2,3762.81,-2.75,-0.07,1.2,16.87,0.45,-2.75,-0.07,-9857.98,-98.58,213
1577,Exit short,2022-05-06 20:52,S1645 exit,1891.14,2,3756.776,-26.7,-0.71,1.2,6.91,0.18,-26.1,-0.69,-9884.68,-98.85,115
1577,Entry short,2022-05-06 18:57,S1645,1878.388,2,3756.776,-26.7,-0.71,1.2,6.91,0.18,-26.1,-0.69,-9884.68,-98.85,115
1578,Exit long,2022-05-06 23:00,Weekend flat,1883.31,1,1890.14,-7.43,-0.39,0.6,0,0.00,-8.64,-0.46,-9892.11,-98.92,116
1578,Entry long,2022-05-06 21:04,L1646,1890.14,1,1890.14,-7.43,-0.39,0.6,0,0.00,-8.64,-0.46,-9892.11,-98.92,116
1579,Exit short,2022-05-09 15:47,S1647 exit,1861.13,1,1872.208,10.48,0.56,0.6,10.78,0.58,-1.94,-0.10,-9881.64,-98.82,316
1579,Entry short,2022-05-09 10:31,S1647,1872.208,1,1872.208,10.48,0.56,0.6,10.78,0.58,-1.94,-0.10,-9881.64,-98.82,316
1580,Exit long,2022-05-09 19:12,Opposite signal,1863.08,1,1865.869,-3.39,-0.18,0.6,5.44,0.29,-3.14,-0.17,-9885.02,-98.85,60
1580,Entry long,2022-05-09 18:12,L1648,1865.869,1,1865.869,-3.39,-0.18,0.6,5.44,0.29,-3.14,-0.17,-9885.02,-98.85,60
1581,Exit short,2022-05-10 00:39,Opposite signal,1856.236,1,1863.93,7.09,0.38,0.6,10.17,0.55,-3.23,-0.17,-9877.93,-98.78,326
1581,Entry short,2022-05-09 19:13,S1649,1863.93,1,1863.93,7.09,0.38,0.6,10.17,0.55,-3.23,-0.17,-9877.93,-98.78,326
1582,Exit long,2022-05-10 10:01,Opposite signal,1863.03,1,1854.852,7.58,0.41,0.6,10.25,0.55,-2.08,-0.11,-9870.35,-98.70,235
1582,Entry long,2022-05-10 06:06,L1650,1854.852,1,1854.852,7.58,0.41,0.6,10.25,0.55,-2.08,-0.11,-9870.35,-98.70,235
1583,Exit short,2022-05-10 10:57,Opposite signal,1863.87,2,3727.29,-1.65,-0.04,1.2,2.96,0.08,-2.61,-0.07,-9872,-98.72,55
1583,Entry short,2022-05-10 10:02,S1651,1863.645,2,3727.29,-1.65,-0.04,1.2,2.96,0.08,-2.61,-0.07,-9872,-98.72,55
1584,Exit long,2022-05-10 11:59,Opposite signal,1862.945,2,3727.674,-2.98,-0.08,1.2,2.78,0.07,-3.95,-0.11,-9874.99,-98.75,60
1584,Entry long,2022-05-10 10:59,L1652,1863.837,2,3727.674,-2.98,-0.08,1.2,2.78,0.07,-3.95,-0.11,-9874.99,-98.75,60
1585,Exit long,2022-05-10 13:28,Opposite signal,1860.026,2,3723.132,-4.28,-0.11,1.2,1.92,0.05,-3.91,-0.11,-9879.27,-98.79,45
1585,Entry long,2022-05-10 12:43,L1654,1861.566,2,3723.132,-4.28,-0.11,1.2,1.92,0.05,-3.91,-0.11,-9879.27,-98.79,45
1586,Exit short,2022-05-10 14:02,Opposite signal,1862.855,1,1860.14,-3.31,-0.18,0.6,0.96,0.05,-3.2,-0.17,-9882.58,-98.83,31
1586,Entry short,2022-05-10 13:31,S1655,1860.14,1,1860.14,-3.31,-0.18,0.6,0.96,0.05,-3.2,-0.17,-9882.58,-98.83,31
1587,Exit long,2022-05-10 15:28,Opposite signal,1858.505,1,1862,-4.09,-0.22,0.6,2.84,0.15,-3.94,-0.21,-9886.68,-98.87,82
1587,Entry long,2022-05-10 14:06,L1656,1862,1,1862,-4.09,-0.22,0.6,2.84,0.15,-3.94,-0.21,-9886.68,-98.87,82
1588,Exit short,2022-05-11 02:00,Time flat,1839.97,1,1858.88,18.31,0.98,0.6,23.05,1.24,-6.04,-0.32,-9868.37,-98.68,587
1588,Entry short,2022-05-10 16:13,S1657,1858.88,1,1858.88,18.31,0.98,0.6,23.05,1.24,-6.04,-0.32,-9868.37,-98.68,587
1589,Exit long,2022-05-11 09:01,Opposite signal,1836.68,2,3673.022,-0.86,-0.02,1.2,6.57,0.18,-0.64,-0.02,-9869.23,-98.69,85
1589,Entry long,2022-05-11 07:36,L1658,1836.511,2,3673.022,-0.86,-0.02,1.2,6.57,0.18,-0.64,-0.02,-9869.23,-98.69,85
1590,Exit short,2022-05-11 09:58,Opposite signal,1839.01,2,3673.92,-5.3,-0.14,1.2,1.38,0.04,-5.06,-0.14,-9874.53,-98.75,56
1590,Entry short,2022-05-11 09:02,S1659,1836.96,2,3673.92,-5.3,-0.14,1.2,1.38,0.04,-5.06,-0.14,-9874.53,-98.75,56
1591,Exit long,2022-05-11 11:11,Opposite signal,1837.475,2,3676.77,-3.02,-0.08,1.2,1.79,0.05,-2.85,-0.08,-9877.55,-98.78,70
1591,Entry long,2022-05-11 10:01,L1660,1838.385,2,3676.77,-3.02,-0.08,1.2,1.79,0.05,-2.85,-0.08,-9877.55,-98.78,70
1592,Exit short,2022-05-11 11:45,Opposite signal,1839.6,1,1837.55,-2.65,-0.14,0.6,0,0.00,-2.63,-0.14,-9880.2,-98.80,33
1592,Entry short,2022-05-11 11:12,S1661,1837.55,1,1837.55,-2.65,-0.14,0.6,0,0.00,-2.63,-0.14,-9880.2,-98.80,33
1593,Exit long,2022-05-11 14:27,L1662 exit,1852.18,1,1839.38,12.2,0.66,0.6,12.5,0.68,-0.59,-0.03,-9868,-98.68,161
1593,Entry long,2022-05-11 11:46,L1662,1839.38,1,1839.38,12.2,0.66,0.6,12.5,0.68,-0.59,-0.03,-9868,-98.68,161
1594,Exit short,2022-05-11 19:12,S1663 exit,1855.454,2,3693.45,-18.66,-0.51,1.2,4.61,0.12,-18.06,-0.49,-9886.66,-98.87,31
1594,Entry short,2022-05-11 18:41,S1663,1846.725,2,3693.45,-18.66,-0.51,1.2,4.61,0.12,-18.06,-0.49,-9886.66,-98.87,31
1595,Exit long,2022-05-12 02:00,Time flat,1851.825,1,1852.459,-1.23,-0.07,0.6,3.8,0.20,-6.32,-0.34,-9887.89,-98.88,394
1595,Entry long,2022-05-11 19:26,L1664,1852.459,1,1852.459,-1.23,-0.07,0.6,3.8,0.20,-6.32,-0.34,-9887.89,-98.88,394
1596,Exit short,2022-05-12 21:45,Opposite signal,1836.08,1,1846.435,9.76,0.53,0.6,12.78,0.69,-7.68,-0.42,-9878.14,-98.78,536
1596,Entry short,2022-05-12 12:49,S1665,1846.435,1,1846.435,9.76,0.53,0.6,12.78,0.69,-7.68,-0.42,-9878.14,-98.78,536
1597,Exit long,2022-05-12 22:22,Opposite signal,1832.88,1,1835.688,-3.41,-0.19,0.6,1.24,0.07,-3.34,-0.18,-9881.54,-98.82,36
1597,Entry long,2022-05-12 21:46,L1666,1835.688,1,1835.688,-3.41,-0.19,0.6,1.24,0.07,-3.34,-0.18,-9881.54,-98.82,36
1598,Exit long,2022-05-13 09:18,Opposite signal,1825.505,1,1826.726,-1.82,-0.10,0.6,0,0.00,-1.66,-0.09,-9883.36,-98.83,7
1598,Entry long,2022-05-13 09:11,L1668,1826.726,1,1826.726,-1.82,-0.10,0.6,0,0.00,-1.66,-0.09,-9883.36,-98.83,7
1599,Exit short,2022-05-13 10:00,Opposite signal,1827.155,1,1825.53,-2.22,-0.12,0.6,0.42,0.02,-2.31,-0.13,-9885.59,-98.86,38
1599,Entry short,2022-05-13 09:22,S1669,1825.53,1,1825.53,-2.22,-0.12,0.6,0.42,0.02,-2.31,-0.13,-9885.59,-98.86,38
1600,Exit long,2022-05-13 10:34,Opposite signal,1825.985,1,1826.719,-1.33,-0.07,0.6,0.58,0.03,-1.24,-0.07,-9886.92,-98.87,33
1600,Entry long,2022-05-13 10:01,L1670,1826.719,1,1826.719,-1.33,-0.07,0.6,0.58,0.03,-1.24,-0.07,-9886.92,-98.87,33
1601,Exit short,2022-05-13 10:56,Opposite signal,1828.465,1,1826.265,-2.8,-0.15,0.6,0.2,0.01,-2.54,-0.14,-9889.72,-98.90,21
1601,Entry short,2022-05-13 10:35,S1671,1826.265,1,1826.265,-2.8,-0.15,0.6,0.2,0.01,-2.54,-0.14,-9889.72,-98.90,21
1602,Exit long,2022-05-13 11:14,Opposite signal,1827.18,1,1827.82,-1.24,-0.07,0.6,0.43,0.02,-0.94,-0.05,-9890.96,-98.91,17
1602,Entry long,2022-05-13 10:57,L1672,1827.82,1,1827.82,-1.24,-0.07,0.6,0.43,0.02,-0.94,-0.05,-9890.96,-98.91,17
1603,Exit short,2022-05-13 13:05,Opposite signal,1828.745,1,1827.22,-2.12,-0.12,0.6,5.61,0.31,-1.86,-0.10,-9893.09,-98.93,92
1603,Entry short,2022-05-13 11:33,S1673,1827.22,1,1827.22,-2.12,-0.12,0.6,5.61,0.31,-1.86,-0.10,-9893.09,-98.93,92
1604,Exit long,2022-05-13 14:08,Opposite signal,1820.45,1,1826.995,-7.14,-0.39,0.6,0.77,0.04,-6.88,-0.38,-9900.23,-99.00,61
1604,Entry long,2022-05-13 13:07,L1674,1826.995,1,1826.995,-7.14,-0.39,0.6,0.77,0.04,-6.88,-0.38,-9900.23,-99.00,61
1605,Exit short,2022-05-13 16:25,Opposite signal,1818.735,1,1821.31,1.98,0.11,0.6,5.25,0.29,-3.71,-0.20,-9898.26,-98.98,136
1605,Entry short,2022-05-13 14:09,S1675,1821.31,1,1821.31,1.98,0.11,0.6,5.25,0.29,-3.71,-0.20,-9898.26,-98.98,136
1606,Exit long,2022-05-13 17:24,Opposite signal,1815.68,1,1819.383,-4.3,-0.24,0.6,0,0.00,-4.68,-0.26,-9902.56,-99.03,53
1606,Entry long,2022-05-13 16:31,L1676,1819.383,1,1819.383,-4.3,-0.24,0.6,0,0.00,-4.68,-0.26,-9902.56,-99.03,53
1607,Exit short,2022-05-13 19:38,Opposite signal,1815.86,1,1815.765,-0.69,-0.04,0.6,16.31,0.90,-1.16,-0.06,-9903.26,-99.03,114
1607,Entry short,2022-05-13 17:44,S1677,1815.765,1,1815.765,-0.69,-0.04,0.6,16.31,0.90,-1.16,-0.06,-9903.26,-99.03,114
1608,Exit long,2022-05-13 20:21,Opposite signal,1812.26,1,1812.934,-1.27,-0.07,0.6,5.26,0.29,-1.16,-0.06,-9904.53,-99.05,33
1608,Entry long,2022-05-13 19:48,L1678,1812.934,1,1812.934,-1.27,-0.07,0.6,5.26,0.29,-1.16,-0.06,-9904.53,-99.05,33
1609,Exit short,2022-05-13 23:00,Weekend flat,1809.335,1,1814.02,4.09,0.23,0.6,6.6,0.36,-2.99,-0.17,-9900.45,-99.00,158
1609,Entry short,2022-05-13 20:22,S1679,1814.02,1,1814.02,4.09,0.23,0.6,6.6,0.36,-2.99,-0.17,-9900.45,-99.00,158
1610,Exit short,2022-05-16 07:17,Opposite signal,1817.155,1,1815.356,-2.4,-0.13,0.6,0.34,0.02,-2.65,-0.15,-9902.84,-99.03,26
1610,Entry short,2022-05-16 06:51,S1680,1815.356,1,1815.356,-2.4,-0.13,0.6,0.34,0.02,-2.65,-0.15,-9902.84,-99.03,26
1611,Exit long,2022-05-16 07:30,L1681 exit,1813.605,1,1816.225,-3.22,-0.18,0.6,0,0.00,-2.92,-0.16,-9906.06,-99.06,12
1611,Entry long,2022-05-16 07:18,L1681,1816.225,1,1816.225,-3.22,-0.18,0.6,0,0.00,-2.92,-0.16,-9906.06,-99.06,12
1612,Exit long,2022-05-16 09:40,Opposite signal,1809.49,1,1810.778,-1.89,-0.10,0.6,0,0.00,-1.73,-0.10,-9907.95,-99.08,12
1612,Entry long,2022-05-16 09:28,L1683,1810.778,1,1810.778,-1.89,-0.10,0.6,0,0.00,-1.73,-0.10,-9907.95,-99.08,12
1613,Exit short,2022-05-16 09:53,Opposite signal,1811.215,1,1809.665,-2.15,-0.12,0.6,0,0.00,-1.89,-0.10,-9910.1,-99.10,10
1613,Entry short,2022-05-16 09:43,S1684,1809.665,1,1809.665,-2.15,-0.12,0.6,0,0.00,-1.89,-0.10,-9910.1,-99.10,10
1614,Exit long,2022-05-16 10:12,Opposite signal,1809.17,1,1810.838,-2.27,-0.13,0.6,0,0.00,-2.03,-0.11,-9912.37,-99.12,17
1614,Entry long,2022-05-16 09:55,L1685,1810.838,1,1810.838,-2.27,-0.13,0.6,0,0.00,-2.03,-0.11,-9912.37,-99.12,17
1615,Exit long,2022-05-16 11:38,Opposite signal,1806.195,1,1808.572,-2.98,-0.16,0.6,1.1,0.06,-2.79,-0.15,-9915.35,-99.15,54
1615,Entry long,2022-05-16 10:44,L1687,1808.572,1,1808.572,-2.98,-0.16,0.6,1.1,0.06,-2.79,-0.15,-9915.35,-99.15,54
1616,Exit short,2022-05-16 12:42,Opposite signal,1810.185,1,1806.685,-4.1,-0.23,0.6,1.13,0.06,-3.85,-0.21,-9919.45,-99.19,51
1616,Entry short,2022-05-16 11:51,S1688,1806.685,1,1806.685,-4.1,-0.23,0.6,1.13,0.06,-3.85,-0.21,-9919.45,-99.19,51
1617,Exit long,2022-05-16 13:08,Opposite signal,1804.28,1,1808.901,-5.22,-0.29,0.6,0.97,0.05,-5.03,-0.28,-9924.67,-99.25,25
1617,Entry long,2022-05-16 12:43,L1689,1808.901,1,1808.901,-5.22,-0.29,0.6,0.97,0.05,-5.03,-0.28,-9924.67,-99.25,25
1618,Exit short,2022-05-16 18:26,Opposite signal,1810.345,1,1804.885,-6.06,-0.34,0.6,6.4,0.35,-5.88,-0.33,-9930.73,-99.31,207
1618,Entry short,2022-05-16 14:59,S1690,1804.885,1,1804.885,-6.06,-0.34,0.6,6.4,0.35,-5.88,-0.33,-9930.73,-99.31,207
1619,Exit long,2022-05-16 20:20,Opposite signal,1812.096,1,1812.175,-0.68,-0.04,0.6,3.4,0.19,-0.38,-0.02,-9931.41,-99.31,29
1619,Entry long,2022-05-16 19:51,L1691,1812.175,1,1812.175,-0.68,-0.04,0.6,3.4,0.19,-0.38,-0.02,-9931.41,-99.31,29
1620,Exit short,2022-05-16 21:39,Opposite signal,1814.555,1,1812.68,-2.47,-0.14,0.6,1.8,0.10,-2.22,-0.12,-9933.88,-99.34,78
1620,Entry short,2022-05-16 20:21,S1692,1812.68,1,1812.68,-2.47,-0.14,0.6,1.8,0.10,-2.22,-0.12,-9933.88,-99.34,78
1621,Exit long,2022-05-17 01:56,Opposite signal,1822.935,1,1814.007,8.33,0.46,0.6,12.68,0.70,-2.36,-0.13,-9925.55,-99.26,249
1621,Entry long,2022-05-16 21:47,L1693,1814.007,1,1814.007,8.33,0.46,0.6,12.68,0.70,-2.36,-0.13,-9925.55,-99.26,249
1622,Exit short,2022-05-17 06:19,Opposite signal,1826.37,1,1825.555,-1.41,-0.08,0.6,0,0.00,-1.26,-0.07,-9926.97,-99.27,8
1622,Entry short,2022-05-17 06:11,S1694,1825.555,1,1825.555,-1.41,-0.08,0.6,0,0.00,-1.26,-0.07,-9926.97,-99.27,8
1623,Exit long,2022-05-17 06:31,Opposite signal,1824.625,1,1826.14,-2.12,-0.12,0.6,0.54,0.03,-1.89,-0.10,-9929.08,-99.29,11
1623,Entry long,2022-05-17 06:20,L1695,1826.14,1,1826.14,-2.12,-0.12,0.6,0.54,0.03,-1.89,-0.10,-9929.08,-99.29,11
1624,Exit short,2022-05-17 07:34,S1696 exit,1827.975,1,1824.459,-4.12,-0.23,0.6,1.74,0.10,-3.82,-0.21,-9933.2,-99.33,60
1624,Entry short,2022-05-17 06:34,S1696,1824.459,1,1824.459,-4.12,-0.23,0.6,1.74,0.10,-3.82,-0.21,-9933.2,-99.33,60
1625,Exit long,2022-05-17 09:14,Opposite signal,1822.115,1,1826.975,-5.46,-0.30,0.6,0,0.00,-5.36,-0.29,-9938.66,-99.39,97
1625,Entry long,2022-05-17 07:37,L1697,1826.975,1,1826.975,-5.46,-0.30,0.6,0,0.00,-5.36,-0.29,-9938.66,-99.39,97
1626,Exit short,2022-05-17 11:27,Opposite signal,1828.495,1,1823.528,-5.57,-0.31,0.6,0.03,0.00,-5.38,-0.29,-9944.23,-99.44,115
1626,Entry short,2022-05-17 09:32,S1698,1823.528,1,1823.528,-5.57,-0.31,0.6,0.03,0.00,-5.38,-0.29,-9944.23,-99.44,115
1627,Exit long,2022-09-16 15:16,Opposite signal,1661.075,1,1656.811,3.66,0.22,0.6,9.23,0.56,-0.7,-0.04,-9940.56,-99.41,70
1627,Entry long,2022-09-16 14:06,L2179,1656.811,1,1656.811,3.66,0.22,0.6,9.23,0.56,-0.7,-0.04,-9940.56,-99.41,70
1628,Exit short,2022-09-16 16:28,Opposite signal,1666.58,1,1661.095,-6.08,-0.37,0.6,0,0.00,-5.78,-0.35,-9946.65,-99.47,36
1628,Entry short,2022-09-16 15:52,S2180,1661.095,1,1661.095,-6.08,-0.37,0.6,0,0.00,-5.78,-0.35,-9946.65,-99.47,36