Trade number,Type,Date and time,Signal,Price USD,Size (qty),Size (value),Net PnL USD,Return %,Commission USD,Favorable excursion USD,Favorable excursion %,Adverse excursion USD,Adverse excursion %,Cumulative PnL USD,Cumulative PnL %,Duration (bars)
1,Exit short,2023-01-03 11:15,Opposite signal,1840.165,13,23935.496,5.55,0.02,7.8,37.27,0.16,-16.81,-0.07,5.55,0.06,126
1,Entry short,2023-01-03 09:09,S1,1841.192,13,23935.496,5.55,0.02,7.8,37.27,0.16,-16.81,-0.07,5.55,0.06,126
2,Exit long,2023-01-03 13:54,Opposite signal,1839.845,13,23923.718,-13.53,-0.06,7.8,122.25,0.51,-16.72,-0.07,-7.98,-0.08,145
2,Entry long,2023-01-03 11:29,L2,1840.286,13,23923.718,-13.53,-0.06,7.8,122.25,0.51,-16.72,-0.07,-7.98,-0.08,145
3,Exit short,2023-01-03 17:53,Opposite signal,1834.48,4,7353.88,13.56,0.18,2.4,29.06,0.40,-15.46,-0.21,5.58,0.06,187
3,Entry short,2023-01-03 14:46,S3,1838.47,4,7353.88,13.56,0.18,2.4,29.06,0.40,-15.46,-0.21,5.58,0.06,187
4,Exit long,2023-01-03 18:26,Opposite signal,1833.9,9,16510.032,-10.33,-0.06,5.4,15.23,0.09,-7.63,-0.05,-4.75,-0.05,23
4,Entry long,2023-01-03 18:03,L4,1834.448,9,16510.032,-10.33,-0.06,5.4,15.23,0.09,-7.63,-0.05,-4.75,-0.05,23
5,Exit short,2023-01-03 18:34,Opposite signal,1836.745,12,22013.34,-34.8,-0.16,7.2,1.38,0.01,-31.32,-0.14,-39.55,-0.40,7
5,Entry short,2023-01-03 18:27,S5,1834.445,12,22013.34,-34.8,-0.16,7.2,1.38,0.01,-31.32,-0.14,-39.55,-0.40,7
6,Exit long,2023-01-03 19:35,Opposite signal,1837.06,12,22033.872,3.65,0.02,7.2,55.97,0.25,-16.57,-0.08,-35.91,-0.36,60
6,Entry long,2023-01-03 18:35,L6,1836.156,12,22033.872,3.65,0.02,7.2,55.97,0.25,-16.57,-0.08,-35.91,-0.36,60
7,Exit short,2023-01-03 20:00,Opposite signal,1841.255,9,16533.63,-43.06,-0.26,5.4,0,0.00,-41.71,-0.25,-78.97,-0.79,24
7,Entry short,2023-01-03 19:36,S7,1837.07,9,16533.63,-43.06,-0.26,5.4,0,0.00,-41.71,-0.25,-78.97,-0.79,24
8,Exit long,2023-01-03 20:56,L8 exit,1835.73,4,7386.4,-45.88,-0.62,2.4,4.36,0.06,-44.68,-0.60,-124.85,-1.25,32
8,Entry long,2023-01-03 20:24,L8,1846.6,4,7386.4,-45.88,-0.62,2.4,4.36,0.06,-44.68,-0.60,-124.85,-1.25,32
9,Exit short,2023-01-04 02:00,Time flat,1838.44,3,5510.19,-6.93,-0.13,1.8,3.15,0.06,-11.55,-0.21,-131.78,-1.32,194
9,Entry short,2023-01-03 22:46,S9,1836.73,3,5510.19,-6.93,-0.13,1.8,3.15,0.06,-11.55,-0.21,-131.78,-1.32,194
10,Exit long,2023-01-04 13:46,L10 exit,1863.225,15,27785.58,153.79,0.55,9,158.29,0.57,-5.5,-0.02,22.01,0.22,49
10,Entry long,2023-01-04 12:57,L10,1852.372,15,27785.58,153.79,0.55,9,158.29,0.57,-5.5,-0.02,22.01,0.22,49
11,Exit short,2023-01-04 14:59,Opposite signal,1861.675,11,20488.127,3.1,0.02,6.6,36.16,0.18,-4.98,-0.02,25.12,0.25,52
11,Entry short,2023-01-04 14:07,S11,1862.557,11,20488.127,3.1,0.02,6.6,36.16,0.18,-4.98,-0.02,25.12,0.25,52
12,Exit long,2023-01-04 15:56,Opposite signal,1858.615,12,22336.56,-40.38,-0.18,7.2,7.86,0.04,-37.68,-0.17,-15.26,-0.15,54
12,Entry long,2023-01-04 15:02,L12,1861.38,12,22336.56,-40.38,-0.18,7.2,7.86,0.04,-37.68,-0.17,-15.26,-0.15,54
13,Exit short,2023-01-04 16:46,Opposite signal,1862.575,10,18588.74,-43.01,-0.23,6,7.39,0.04,-40.01,-0.22,-58.27,-0.58,42
13,Entry short,2023-01-04 16:04,S13,1858.874,10,18588.74,-43.01,-0.23,6,7.39,0.04,-40.01,-0.22,-58.27,-0.58,42
14,Exit long,2023-01-04 17:51,Opposite signal,1857.045,8,14898.2,-46.64,-0.31,4.8,1.84,0.01,-45.64,-0.31,-104.91,-1.05,64
14,Entry long,2023-01-04 16:47,L14,1862.275,8,14898.2,-46.64,-0.31,4.8,1.84,0.01,-45.64,-0.31,-104.91,-1.05,64
15,Exit short,2023-01-04 18:53,Opposite signal,1855.915,14,25953.046,-38.16,-0.15,8.4,8.46,0.03,-34.66,-0.13,-143.08,-1.43,41
15,Entry short,2023-01-04 18:12,S15,1853.789,14,25953.046,-38.16,-0.15,8.4,8.46,0.03,-34.66,-0.13,-143.08,-1.43,41
16,Exit short,2023-01-04 21:40,Opposite signal,1858.875,8,14868.28,-7.52,-0.05,4.8,73.12,0.49,-21.4,-0.14,-150.6,-1.51,126
16,Entry short,2023-01-04 19:34,S17,1858.535,8,14868.28,-7.52,-0.05,4.8,73.12,0.49,-21.4,-0.14,-150.6,-1.51,126
17,Exit long,2023-01-04 22:53,Opposite signal,1856.4,4,7435.4,-12.2,-0.16,2.4,5.36,0.07,-11.08,-0.15,-162.8,-1.63,68
17,Entry long,2023-01-04 21:45,L18,1858.85,4,7435.4,-12.2,-0.16,2.4,5.36,0.07,-11.08,-0.15,-162.8,-1.63,68
18,Exit short,2023-01-05 08:18,Opposite signal,1855.915,15,27811.635,-36.09,-0.13,9,0,0.00,-33.24,-0.12,-198.89,-1.99,20
18,Entry short,2023-01-05 07:58,S20,1854.109,15,27811.635,-36.09,-0.13,9,0,0.00,-33.24,-0.12,-198.89,-1.99,20
19,Exit long,2023-01-05 09:30,Opposite signal,1853.355,13,24124.815,-39,-0.16,7.8,12.74,0.05,-35.1,-0.15,-237.89,-2.38,71
19,Entry long,2023-01-05 08:19,L21,1855.755,13,24124.815,-39,-0.16,7.8,12.74,0.05,-35.1,-0.15,-237.89,-2.38,71
20,Exit short,2023-01-05 10:18,Opposite signal,1851.705,19,35163.566,-30.23,-0.09,11.4,0,0.00,-24.53,-0.07,-268.12,-2.68,15
20,Entry short,2023-01-05 10:03,S22,1850.714,19,35163.566,-30.23,-0.09,11.4,0,0.00,-24.53,-0.07,-268.12,-2.68,15
21,Exit long,2023-01-05 10:59,Opposite signal,1851.045,17,31476.265,-18.7,-0.06,10.2,16.07,0.05,-15.89,-0.05,-286.82,-2.87,40
21,Entry long,2023-01-05 10:19,L23,1851.545,17,31476.265,-18.7,-0.06,10.2,16.07,0.05,-15.89,-0.05,-286.82,-2.87,40
22,Exit short,2023-01-05 11:13,Opposite signal,1853.28,16,29621.904,-40.18,-0.14,9.6,6.54,0.02,-35.62,-0.12,-326.99,-3.27,13
22,Entry short,2023-01-05 11:00,S24,1851.369,16,29621.904,-40.18,-0.14,9.6,6.54,0.02,-35.62,-0.12,-326.99,-3.27,13
23,Exit long,2023-01-05 12:29,Opposite signal,1851.575,13,24086.27,-23.59,-0.10,7.8,34.58,0.14,-19.69,-0.08,-350.59,-3.51,74
23,Entry long,2023-01-05 11:15,L25,1852.79,13,24086.27,-23.59,-0.10,7.8,34.58,0.14,-19.69,-0.08,-350.59,-3.51,74
24,Exit short,2023-01-05 14:48,Opposite signal,1849.175,9,16666.65,18.68,0.11,5.4,68.94,0.41,-32.49,-0.19,-331.91,-3.32,133
24,Entry short,2023-01-05 12:35,S26,1851.85,9,16666.65,18.68,0.11,5.4,68.94,0.41,-32.49,-0.19,-331.91,-3.32,133
25,Exit long,2023-01-05 15:26,Opposite signal,1847.585,7,12942.965,-14.07,-0.11,4.2,9.28,0.07,-12.95,-0.10,-345.98,-3.46,37
25,Entry long,2023-01-05 14:49,L27,1848.995,7,12942.965,-14.07,-0.11,4.2,9.28,0.07,-12.95,-0.10,-345.98,-3.46,37
26,Exit short,2023-01-05 16:10,Opposite signal,1850.75,12,22178.868,-37.33,-0.17,7.2,4.55,0.02,-37.57,-0.17,-383.31,-3.83,41
26,Entry short,2023-01-05 15:29,S28,1848.239,12,22178.868,-37.33,-0.17,7.2,4.55,0.02,-37.57,-0.17,-383.31,-3.83,41
27,Exit long,2023-01-05 17:07,Opposite signal,1847.05,10,18506.2,-41.7,-0.23,6,4.85,0.03,-38.7,-0.21,-425.01,-4.25,56
27,Entry long,2023-01-05 16:11,L29,1850.62,10,18506.2,-41.7,-0.23,6,4.85,0.03,-38.7,-0.21,-425.01,-4.25,56
28,Exit short,2023-01-05 19:31,S30 exit,1832.22,10,18480.79,152.59,0.83,6,155.59,0.84,-10.86,-0.06,-272.42,-2.72,142
28,Entry short,2023-01-05 17:09,S30,1848.079,10,18480.79,152.59,0.83,6,155.59,0.84,-10.86,-0.06,-272.42,-2.72,142
29,Exit long,2023-01-06 10:31,Opposite signal,1837.7,12,22081.272,-36.07,-0.16,7.2,6.11,0.03,-33.37,-0.15,-308.5,-3.08,100
29,Entry long,2023-01-06 08:50,L31,1840.106,12,22081.272,-36.07,-0.16,7.2,6.11,0.03,-33.37,-0.15,-308.5,-3.08,100
30,Exit short,2023-01-06 11:33,Opposite signal,1838.405,10,18377.85,-12.2,-0.07,6,17.25,0.09,-9.9,-0.05,-320.7,-3.21,59
30,Entry short,2023-01-06 10:34,S32,1837.785,10,18377.85,-12.2,-0.07,6,17.25,0.09,-9.9,-0.05,-320.7,-3.21,59
31,Exit long,2023-01-06 12:50,Opposite signal,1838.22,11,20226.481,-12.66,-0.06,6.6,17.75,0.09,-9.36,-0.05,-333.36,-3.33,66
31,Entry long,2023-01-06 11:44,L33,1838.771,11,20226.481,-12.66,-0.06,6.6,17.75,0.09,-9.36,-0.05,-333.36,-3.33,66
32,Exit long,2023-01-06 13:11,Opposite signal,1836.94,18,33084.828,-30.71,-0.09,10.8,0.25,0.00,-26.48,-0.08,-364.07,-3.64,4
32,Entry long,2023-01-06 13:07,L35,1838.046,18,33084.828,-30.71,-0.09,10.8,0.25,0.00,-26.48,-0.08,-364.07,-3.64,4
33,Exit short,2023-01-06 13:17,Opposite signal,1838.745,16,29398.96,-30.56,-0.10,9.6,0,0.00,-26.88,-0.09,-394.63,-3.95,5
33,Entry short,2023-01-06 13:12,S36,1837.435,16,29398.96,-30.56,-0.10,9.6,0,0.00,-26.88,-0.09,-394.63,-3.95,5
34,Exit long,2023-01-06 14:00,Opposite signal,1837.765,14,25742.01,-21.7,-0.08,8.4,21.49,0.08,-17.5,-0.07,-416.33,-4.16,41
34,Entry long,2023-01-06 13:19,L37,1838.715,14,25742.01,-21.7,-0.08,8.4,21.49,0.08,-17.5,-0.07,-416.33,-4.16,41
35,Exit short,2023-01-06 16:14,Opposite signal,1837.73,11,20217.12,-4.51,-0.02,6.6,47.3,0.23,-13.58,-0.07,-420.84,-4.21,133
35,Entry short,2023-01-06 14:01,S38,1837.92,11,20217.12,-4.51,-0.02,6.6,47.3,0.23,-13.58,-0.07,-420.84,-4.21,133
36,Exit long,2023-01-06 17:09,Opposite signal,1837.255,10,18368.15,-1.6,-0.01,6,29.2,0.16,-4.8,-0.03,-422.44,-4.22,51
36,Entry long,2023-01-06 16:18,L39,1836.815,10,18368.15,-1.6,-0.01,6,29.2,0.16,-4.8,-0.03,-422.44,-4.22,51
37,Exit short,2023-01-06 17:34,Opposite signal,1837.245,12,22050.66,-3.48,-0.02,7.2,19.86,0.09,-7.86,-0.04,-425.92,-4.26,21
37,Entry short,2023-01-06 17:13,S40,1837.555,12,22050.66,-3.48,-0.02,7.2,19.86,0.09,-7.86,-0.04,-425.92,-4.26,21
38,Exit long,2023-01-06 17:43,Opposite signal,1835.32,16,29385.28,-29.76,-0.10,9.6,1.68,0.01,-27.04,-0.09,-455.68,-4.56,8
38,Entry long,2023-01-06 17:35,L41,1836.58,16,29385.28,-29.76,-0.10,9.6,1.68,0.01,-27.04,-0.09,-455.68,-4.56,8
39,Exit short,2023-01-06 18:01,Opposite signal,1837.525,14,25700.57,-33.18,-0.13,8.4,0,0.00,-29.75,-0.12,-488.86,-4.89,17
39,Entry short,2023-01-06 17:44,S42,1835.755,14,25700.57,-33.18,-0.13,8.4,0,0.00,-29.75,-0.12,-488.86,-4.89,17
40,Exit long,2023-01-06 19:14,L43 exit,1849.32,13,23881.351,152.01,0.64,7.8,155.91,0.65,-34.28,-0.14,-336.85,-3.37,72
40,Entry long,2023-01-06 18:02,L43,1837.027,13,23881.351,152.01,0.64,7.8,155.91,0.65,-34.28,-0.14,-336.85,-3.37,72
41,Exit short,2023-01-09 11:45,Opposite signal,1879.6,14,26286.33,-36.47,-0.14,8.4,34.93,0.13,-33.04,-0.13,-373.32,-3.73,130
41,Entry short,2023-01-09 09:35,S44,1877.595,14,26286.33,-36.47,-0.14,8.4,34.93,0.13,-33.04,-0.13,-373.32,-3.73,130
42,Exit long,2023-01-09 13:08,Opposite signal,1876.625,8,15036.36,-28.16,-0.19,4.8,9.4,0.06,-26.24,-0.17,-401.48,-4.01,80
42,Entry long,2023-01-09 11:48,L45,1879.545,8,15036.36,-28.16,-0.19,4.8,9.4,0.06,-26.24,-0.17,-401.48,-4.01,80
43,Exit short,2023-01-09 17:44,Opposite signal,1875.14,7,13131.573,1.39,0.01,4.2,35.55,0.27,-9.35,-0.07,-400.08,-4.00,267
43,Entry short,2023-01-09 13:17,S46,1875.939,7,13131.573,1.39,0.01,4.2,35.55,0.27,-9.35,-0.07,-400.08,-4.00,267
44,Exit long,2023-01-09 21:07,Opposite signal,1873.545,9,16869.699,-13.19,-0.08,5.4,61.55,0.36,-17.15,-0.10,-413.28,-4.13,196
44,Entry long,2023-01-09 17:51,L47,1874.411,9,16869.699,-13.19,-0.08,5.4,61.55,0.36,-17.15,-0.10,-413.28,-4.13,196
45,Exit short,2023-01-09 23:29,Opposite signal,1871.535,5,9369.8,9.13,0.10,3,22.75,0.24,-24.37,-0.26,-404.15,-4.04,141
45,Entry short,2023-01-09 21:08,S48,1873.96,5,9369.8,9.13,0.10,3,22.75,0.24,-24.37,-0.26,-404.15,-4.04,141
46,Exit long,2023-01-10 18:20,Opposite signal,1870.56,6,11244.48,-24.72,-0.22,3.6,17.7,0.16,-23.43,-0.21,-428.87,-4.29,651
46,Entry long,2023-01-10 07:28,L49,1874.08,6,11244.48,-24.72,-0.22,3.6,17.7,0.16,-23.43,-0.21,-428.87,-4.29,651
47,Exit short,2023-01-10 19:54,Opposite signal,1877.405,7,13105.323,-40.71,-0.31,4.2,6.54,0.05,-42.92,-0.33,-469.58,-4.70,92
47,Entry short,2023-01-10 18:22,S50,1872.189,7,13105.323,-40.71,-0.31,4.2,6.54,0.05,-42.92,-0.33,-469.58,-4.70,92
48,Exit long,2023-01-10 22:09,Opposite signal,1874.435,6,11262.99,-19.98,-0.18,3.6,19.98,0.18,-18.18,-0.16,-489.56,-4.90,134
48,Entry long,2023-01-10 19:55,L51,1877.165,6,11262.99,-19.98,-0.18,3.6,19.98,0.18,-18.18,-0.16,-489.56,-4.90,134
49,Exit short,2023-01-11 02:00,Time flat,1878.22,6,11242.002,-30.92,-0.27,3.6,7.93,0.07,-29.9,-0.27,-520.48,-5.20,187
49,Entry short,2023-01-10 22:53,S52,1873.667,6,11242.002,-30.92,-0.27,3.6,7.93,0.07,-29.9,-0.27,-520.48,-5.20,187
50,Exit long,2023-01-11 15:48,Opposite signal,1883.26,4,7523.18,7.46,0.10,2.4,22.4,0.30,-2.8,-0.04,-513.02,-5.13,285
50,Entry long,2023-01-11 11:03,L53,1880.795,4,7523.18,7.46,0.10,2.4,22.4,0.30,-2.8,-0.04,-513.02,-5.13,285
51,Exit short,2023-01-11 16:27,Opposite signal,1885.085,11,20725.705,-16.83,-0.08,6.6,14.3,0.07,-14.41,-0.07,-529.85,-5.30,38
51,Entry short,2023-01-11 15:49,S54,1884.155,11,20725.705,-16.83,-0.08,6.6,14.3,0.07,-14.41,-0.07,-529.85,-5.30,38
52,Exit long,2023-01-11 17:02,Opposite signal,1884.115,12,22618.2,-16.02,-0.07,7.2,11.4,0.05,-12.42,-0.05,-545.87,-5.46,34
52,Entry long,2023-01-11 16:28,L55,1884.85,12,22618.2,-16.02,-0.07,7.2,11.4,0.05,-12.42,-0.05,-545.87,-5.46,34
53,Exit short,2023-01-11 18:45,Opposite signal,1879.18,13,24492.299,55.16,0.23,7.8,102.74,0.42,-9.58,-0.04,-490.71,-4.91,95
53,Entry short,2023-01-11 17:10,S56,1884.023,13,24492.299,55.16,0.23,7.8,102.74,0.42,-9.58,-0.04,-490.71,-4.91,95
54,Exit long,2023-01-11 20:06,L57 exit,1874.82,11,20663.335,-46.91,-0.23,6.6,18.59,0.09,-43.61,-0.21,-537.63,-5.38,80
54,Entry long,2023-01-11 18:46,L57,1878.485,11,20663.335,-46.91,-0.23,6.6,18.59,0.09,-43.61,-0.21,-537.63,-5.38,80
55,Exit short,2023-01-11 22:21,Opposite signal,1873.465,5,9365.515,-4.81,-0.05,3,27.92,0.30,-5.93,-0.06,-542.44,-5.42,117
55,Entry short,2023-01-11 20:24,S58,1873.103,5,9365.515,-4.81,-0.05,3,27.92,0.30,-5.93,-0.06,-542.44,-5.42,117
56,Exit long,2023-01-12 01:33,Opposite signal,1876.895,15,28118.04,26.39,0.09,9,55.49,0.20,-28.66,-0.10,-516.05,-5.16,168
56,Entry long,2023-01-11 22:45,L59,1874.536,15,28118.04,26.39,0.09,9,55.49,0.20,-28.66,-0.10,-516.05,-5.16,168
57,Exit long,2023-01-12 13:08,Opposite signal,1880.22,11,20657.241,18.58,0.09,6.6,75.45,0.37,-5.4,-0.03,-497.47,-4.97,385
57,Entry long,2023-01-12 06:43,L60,1877.931,11,20657.241,18.58,0.09,6.6,75.45,0.37,-5.4,-0.03,-497.47,-4.97,385
58,Exit short,2023-01-12 15:13,Opposite signal,1885.12,8,15042.88,-42.88,-0.29,4.8,0.92,0.01,-43.32,-0.29,-540.35,-5.40,124
58,Entry short,2023-01-12 13:09,S61,1880.36,8,15042.88,-42.88,-0.29,4.8,0.92,0.01,-43.32,-0.29,-540.35,-5.40,124
59,Exit long,2023-01-12 17:27,Opposite signal,1885.23,9,16956.828,4.84,0.03,5.4,17.62,0.10,-16.22,-0.10,-535.51,-5.36,129
59,Entry long,2023-01-12 15:18,L62,1884.092,9,16956.828,4.84,0.03,5.4,17.62,0.10,-16.22,-0.10,-535.51,-5.36,129
60,Exit short,2023-01-12 17:51,S63 exit,1887.35,18,33936.84,-46.26,-0.14,10.8,4.77,0.01,-40.86,-0.12,-581.77,-5.82,23
60,Entry short,2023-01-12 17:28,S63,1885.38,18,33936.84,-46.26,-0.14,10.8,4.77,0.01,-40.86,-0.12,-581.77,-5.82,23
61,Exit long,2023-01-12 19:00,L64 exit,1883.815,9,16992.315,-43.38,-0.26,5.4,24.26,0.14,-40.68,-0.24,-625.15,-6.25,68
61,Entry long,2023-01-12 17:52,L64,1888.035,9,16992.315,-43.38,-0.26,5.4,24.26,0.14,-40.68,-0.24,-625.15,-6.25,68
62,Exit short,2023-01-12 22:47,Opposite signal,1894.82,4,7568.032,-13.65,-0.18,2.4,47.09,0.62,-12.59,-0.17,-638.8,-6.39,181
62,Entry short,2023-01-12 19:46,S65,1892.008,4,7568.032,-13.65,-0.18,2.4,47.09,0.62,-12.59,-0.17,-638.8,-6.39,181
63,Exit long,2023-01-12 23:54,Opposite signal,1896.045,3,5684.22,2.12,0.04,1.8,11.21,0.20,-1.83,-0.03,-636.69,-6.37,64
63,Entry long,2023-01-12 22:50,L66,1894.74,3,5684.22,2.12,0.04,1.8,11.21,0.20,-1.83,-0.03,-636.69,-6.37,64
64,Exit short,2023-01-13 13:38,Opposite signal,1901.495,6,11367.252,-45.32,-0.40,3.6,3.13,0.03,-45.5,-0.40,-682,-6.82,126
64,Entry short,2023-01-13 11:32,S67,1894.542,6,11367.252,-45.32,-0.40,3.6,3.13,0.03,-45.5,-0.40,-682,-6.82,126
65,Exit short,2023-01-13 19:40,Opposite signal,1901.88,7,13270.635,-46.72,-0.35,4.2,12.15,0.09,-45.04,-0.34,-728.73,-7.29,96
65,Entry short,2023-01-13 18:04,S69,1895.805,7,13270.635,-46.72,-0.35,4.2,12.15,0.09,-45.04,-0.34,-728.73,-7.29,96
66,Exit long,2023-01-13 23:00,Weekend flat,1915.98,5,9507.225,69.68,0.73,3,74.08,0.78,-4.07,-0.04,-659.05,-6.59,194
66,Entry long,2023-01-13 19:46,L70,1901.445,5,9507.225,69.68,0.73,3,74.08,0.78,-4.07,-0.04,-659.05,-6.59,194
67,Exit short,2023-01-16 15:23,Opposite signal,1917.725,10,19257.98,74.73,0.39,6,145.83,0.76,-15.77,-0.08,-584.32,-5.84,371
67,Entry short,2023-01-16 09:12,S71,1925.798,10,19257.98,74.73,0.39,6,145.83,0.76,-15.77,-0.08,-584.32,-5.84,371
68,Exit long,2023-01-16 18:10,Opposite signal,1914.77,7,13413.575,-14.38,-0.11,4.2,20.06,0.15,-12.28,-0.09,-598.71,-5.99,142
68,Entry long,2023-01-16 15:48,L72,1916.225,7,13413.575,-14.38,-0.11,4.2,20.06,0.15,-12.28,-0.09,-598.71,-5.99,142
69,Exit short,2023-01-16 19:09,Opposite signal,1913.835,8,15320.96,5.48,0.04,4.8,26.88,0.18,-11.48,-0.07,-593.23,-5.93,58
69,Entry short,2023-01-16 18:11,S73,1915.12,8,15320.96,5.48,0.04,4.8,26.88,0.18,-11.48,-0.07,-593.23,-5.93,58
70,Exit long,2023-01-16 21:03,Opposite signal,1915.155,12,22966.356,8.3,0.04,7.2,35.72,0.16,-18.64,-0.08,-584.92,-5.85,110
70,Entry long,2023-01-16 19:13,L74,1913.863,12,22966.356,8.3,0.04,7.2,35.72,0.16,-18.64,-0.08,-584.92,-5.85,110
71,Exit short,2023-01-17 00:50,Opposite signal,1915.21,14,26814.2,-7.14,-0.03,8.4,29.47,0.11,-16.66,-0.06,-592.07,-5.92,223
71,Entry short,2023-01-16 21:04,S75,1915.3,14,26814.2,-7.14,-0.03,8.4,29.47,0.11,-16.66,-0.06,-592.07,-5.92,223
72,Exit long,2023-01-17 11:01,Opposite signal,1910.945,15,28691.505,-36.33,-0.13,9,0,0.00,-34.83,-0.12,-628.39,-6.28,9
72,Entry long,2023-01-17 10:52,L76,1912.767,15,28691.505,-36.33,-0.13,9,0,0.00,-34.83,-0.12,-628.39,-6.28,9
73,Exit short,2023-01-17 17:19,Opposite signal,1908.165,13,24844.82,30.88,0.12,7.8,84.7,0.34,-15.34,-0.06,-597.52,-5.98,352
73,Entry short,2023-01-17 11:27,S77,1911.14,13,24844.82,30.88,0.12,7.8,84.7,0.34,-15.34,-0.06,-597.52,-5.98,352
74,Exit long,2023-01-17 20:09,Opposite signal,1911.8,6,11469.06,-1.86,-0.02,3.6,29.16,0.25,-28.17,-0.25,-599.38,-5.99,119
74,Entry long,2023-01-17 18:10,L78,1911.51,6,11469.06,-1.86,-0.02,3.6,29.16,0.25,-28.17,-0.25,-599.38,-5.99,119
75,Exit short,2023-01-17 21:19,Opposite signal,1911.5,9,17215.506,6.61,0.04,5.4,31.18,0.18,-29.26,-0.17,-592.77,-5.93,69
75,Entry short,2023-01-17 20:10,S79,1912.834,9,17215.506,6.61,0.04,5.4,31.18,0.18,-29.26,-0.17,-592.77,-5.93,69
76,Exit long,2023-01-17 22:48,Opposite signal,1910.24,12,22930.14,-14.46,-0.06,7.2,26.94,0.12,-22.62,-0.10,-607.23,-6.07,88
76,Entry long,2023-01-17 21:20,L80,1910.845,12,22930.14,-14.46,-0.06,7.2,26.94,0.12,-22.62,-0.10,-607.23,-6.07,88
77,Exit short,2023-01-18 07:31,Opposite signal,1909.535,10,19076.35,-25,-0.13,6,9.45,0.05,-23.7,-0.12,-632.23,-6.32,68
77,Entry short,2023-01-18 06:23,S82,1907.635,10,19076.35,-25,-0.13,6,9.45,0.05,-23.7,-0.12,-632.23,-6.32,68
78,Exit long,2023-01-18 08:10,L83 exit,1905.39,11,21003.081,-50.39,-0.24,6.6,0,0.00,-47.09,-0.22,-682.62,-6.83,15
78,Entry long,2023-01-18 07:55,L83,1909.371,11,21003.081,-50.39,-0.24,6.6,0,0.00,-47.09,-0.22,-682.62,-6.83,15
79,Exit long,2023-01-18 18:11,Opposite signal,1915.175,7,13316.961,85.06,0.64,4.2,101.69,0.76,-12.52,-0.09,-597.56,-5.98,367
79,Entry long,2023-01-18 12:04,L85,1902.423,7,13316.961,85.06,0.64,4.2,101.69,0.76,-12.52,-0.09,-597.56,-5.98,367
80,Exit short,2023-01-18 18:22,Opposite signal,1917.73,15,28734.285,-40.66,-0.14,9,5.69,0.02,-41.26,-0.14,-638.23,-6.38,9
80,Entry short,2023-01-18 18:13,S86,1915.619,15,28734.285,-40.66,-0.14,9,5.69,0.02,-41.26,-0.14,-638.23,-6.38,9
81,Exit long,2023-01-18 19:13,Opposite signal,1917.01,12,23007,-10.08,-0.04,7.2,82.32,0.36,-15.06,-0.07,-648.31,-6.48,50
81,Entry long,2023-01-18 18:23,L87,1917.25,12,23007,-10.08,-0.04,7.2,82.32,0.36,-15.06,-0.07,-648.31,-6.48,50
82,Exit short,2023-01-18 19:45,S88 exit,1925.41,6,11514.12,-41.94,-0.36,3.6,0,0.00,-40.14,-0.35,-690.25,-6.90,31
82,Entry short,2023-01-18 19:14,S88,1919.02,6,11514.12,-41.94,-0.36,3.6,0,0.00,-40.14,-0.35,-690.25,-6.90,31
83,Exit long,2023-01-18 20:45,Opposite signal,1916.12,5,9622.05,-44.45,-0.46,3,6.18,0.06,-45.5,-0.47,-734.7,-7.35,59
83,Entry long,2023-01-18 19:46,L89,1924.41,5,9622.05,-44.45,-0.46,3,6.18,0.06,-45.5,-0.47,-734.7,-7.35,59
84,Exit short,2023-01-19 02:00,Time flat,1904.005,5,9586.9,63.88,0.67,3,77.13,0.80,-6.55,-0.07,-670.82,-6.71,308
84,Entry short,2023-01-18 20:52,S90,1917.38,5,9586.9,63.88,0.67,3,77.13,0.80,-6.55,-0.07,-670.82,-6.71,308
85,Exit long,2023-01-19 06:21,Opposite signal,1906.71,14,26719.21,-33.67,-0.13,8.4,10.5,0.04,-31.85,-0.12,-704.49,-7.04,18
85,Entry long,2023-01-19 06:03,L91,1908.515,14,26719.21,-33.67,-0.13,8.4,10.5,0.04,-31.85,-0.12,-704.49,-7.04,18
86,Exit short,2023-01-19 08:02,Opposite signal,1903.955,12,22887.288,32.63,0.14,7.2,71.27,0.31,-6.37,-0.03,-671.86,-6.72,99
86,Entry short,2023-01-19 06:23,S92,1907.274,12,22887.288,32.63,0.14,7.2,71.27,0.31,-6.37,-0.03,-671.86,-6.72,99
87,Exit long,2023-01-19 11:10,Opposite signal,1908.5,11,20939.545,47.36,0.23,6.6,78.38,0.37,-4.01,-0.02,-624.51,-6.25,187
87,Entry long,2023-01-19 08:03,L93,1903.595,11,20939.545,47.36,0.23,6.6,78.38,0.37,-4.01,-0.02,-624.51,-6.25,187
88,Exit short,2023-01-19 12:10,Opposite signal,1911.095,13,24815.622,-36.41,-0.15,7.8,3.69,0.01,-33.55,-0.14,-660.92,-6.61,59
88,Entry short,2023-01-19 11:11,S94,1908.894,13,24815.622,-36.41,-0.15,7.8,3.69,0.01,-33.55,-0.14,-660.92,-6.61,59
89,Exit long,2023-01-19 12:50,Opposite signal,1908.04,11,21015.775,-33.93,-0.16,6.6,2.2,0.01,-32.01,-0.15,-694.86,-6.95,39
89,Entry long,2023-01-19 12:11,L95,1910.525,11,21015.775,-33.93,-0.16,6.6,2.2,0.01,-32.01,-0.15,-694.86,-6.95,39
90,Exit short,2023-01-19 13:19,Opposite signal,1911.33,10,19076.73,-42.57,-0.22,6,0,0.00,-39.57,-0.21,-737.43,-7.37,25
90,Entry short,2023-01-19 12:54,S96,1907.673,10,19076.73,-42.57,-0.22,6,0,0.00,-39.57,-0.21,-737.43,-7.37,25
91,Exit long,2023-01-19 14:27,Opposite signal,1912.5,8,15289.4,5.8,0.04,4.8,42.92,0.28,-7.84,-0.05,-731.63,-7.32,57
91,Entry long,2023-01-19 13:30,L97,1911.175,8,15289.4,5.8,0.04,4.8,42.92,0.28,-7.84,-0.05,-731.63,-7.32,57
92,Exit short,2023-01-19 16:20,Opposite signal,1908.92,18,34384.32,12.96,0.04,10.8,55.35,0.16,-23.58,-0.07,-718.67,-7.19,88
92,Entry short,2023-01-19 14:52,S98,1910.24,18,34384.32,12.96,0.04,10.8,55.35,0.16,-23.58,-0.07,-718.67,-7.19,88
93,Exit long,2023-01-19 17:16,Opposite signal,1906.78,14,26721.52,-35,-0.13,8.4,19.11,0.07,-31.5,-0.12,-753.67,-7.54,55
93,Entry long,2023-01-19 16:21,L99,1908.68,14,26721.52,-35,-0.13,8.4,19.11,0.07,-31.5,-0.12,-753.67,-7.54,55
94,Exit short,2023-01-19 18:05,Opposite signal,1910.605,11,20983.974,-39.28,-0.19,6.6,0,0.00,-37.14,-0.18,-792.95,-7.93,46
94,Entry short,2023-01-19 17:19,S100,1907.634,11,20983.974,-39.28,-0.19,6.6,0,0.00,-37.14,-0.18,-792.95,-7.93,46
95,Exit long,2023-01-20 00:55,L101 exit,1927.07,9,17193.105,145.13,0.84,5.4,147.82,0.86,-33.66,-0.20,-647.82,-6.48,403
95,Entry long,2023-01-19 18:12,L101,1910.345,9,17193.105,145.13,0.84,5.4,147.82,0.86,-33.66,-0.20,-647.82,-6.48,403
96,Exit short,2023-01-20 10:47,Opposite signal,1924.52,19,36549.065,-28.21,-0.08,11.4,0,0.00,-24.22,-0.07,-676.04,-6.76,7
96,Entry short,2023-01-20 10:40,S102,1923.635,19,36549.065,-28.21,-0.08,11.4,0,0.00,-24.22,-0.07,-676.04,-6.76,7
97,Exit long,2023-01-20 12:29,Opposite signal,1926.495,17,32716.33,23.89,0.07,10.2,77.18,0.24,-26.35,-0.08,-652.15,-6.52,99
97,Entry long,2023-01-20 10:50,L103,1924.49,17,32716.33,23.89,0.07,10.2,77.18,0.24,-26.35,-0.08,-652.15,-6.52,99
98,Exit short,2023-01-20 12:52,Opposite signal,1929.425,12,23124.24,-36.06,-0.16,7.2,0.84,0.00,-32.64,-0.14,-688.21,-6.88,22
98,Entry short,2023-01-20 12:30,S104,1927.02,12,23124.24,-36.06,-0.16,7.2,0.84,0.00,-32.64,-0.14,-688.21,-6.88,22
99,Exit long,2023-01-20 14:20,Opposite signal,1929.29,10,19293.3,-6.4,-0.03,6,79.5,0.41,-6.3,-0.03,-694.61,-6.95,84
99,Entry long,2023-01-20 12:56,L105,1929.33,10,19293.3,-6.4,-0.03,6,79.5,0.41,-6.3,-0.03,-694.61,-6.95,84
100,Exit short,2023-01-20 20:28,Opposite signal,1925.99,5,9646.69,13.74,0.14,3,41.59,0.43,-17.78,-0.18,-680.87,-6.81,342
100,Entry short,2023-01-20 14:46,S106,1929.338,5,9646.69,13.74,0.14,3,41.59,0.43,-17.78,-0.18,-680.87,-6.81,342
101,Exit long,2023-01-20 21:52,Opposite signal,1925.02,8,15400.344,-4.98,-0.03,4.8,45.66,0.30,-12.22,-0.08,-685.86,-6.86,83
101,Entry long,2023-01-20 20:29,L107,1925.043,8,15400.344,-4.98,-0.03,4.8,45.66,0.30,-12.22,-0.08,-685.86,-6.86,83
102,Exit short,2023-01-20 22:49,Opposite signal,1926.49,7,13476.645,-12.98,-0.10,4.2,14.6,0.11,-10.88,-0.08,-698.84,-6.99,56
102,Entry short,2023-01-20 21:53,S108,1925.235,7,13476.645,-12.98,-0.10,4.2,14.6,0.11,-10.88,-0.08,-698.84,-6.99,56
103,Exit short,2023-01-23 07:17,Opposite signal,1932.955,17,32838.22,-32.22,-0.10,10.2,1.79,0.01,-27.62,-0.08,-731.06,-7.31,30
103,Entry short,2023-01-23 06:47,S110,1931.66,17,32838.22,-32.22,-0.10,10.2,1.79,0.01,-27.62,-0.08,-731.06,-7.31,30
104,Exit long,2023-01-23 08:24,Opposite signal,1932.24,12,23195.88,-16.2,-0.07,7.2,27.6,0.12,-12.84,-0.06,-747.26,-7.47,61
104,Entry long,2023-01-23 07:23,L111,1932.99,12,23195.88,-16.2,-0.07,7.2,27.6,0.12,-12.84,-0.06,-747.26,-7.47,61
105,Exit short,2023-01-23 14:00,Opposite signal,1922.1,10,19323.2,96.2,0.50,6,130.55,0.68,-11.9,-0.06,-651.06,-6.51,334
105,Entry short,2023-01-23 08:25,S112,1932.32,10,19323.2,96.2,0.50,6,130.55,0.68,-11.9,-0.06,-651.06,-6.51,334
106,Exit long,2023-01-23 19:07,Opposite signal,1921.975,6,11552.13,-23.88,-0.21,3.6,22.71,0.20,-24.48,-0.21,-674.94,-6.75,292
106,Entry long,2023-01-23 14:15,L113,1925.355,6,11552.13,-23.88,-0.21,3.6,22.71,0.20,-24.48,-0.21,-674.94,-6.75,292
107,Exit short,2023-01-23 20:25,Opposite signal,1920.255,6,11532.84,7.71,0.07,3.6,50.82,0.44,-13.32,-0.12,-667.23,-6.67,72
107,Entry short,2023-01-23 19:13,S114,1922.14,6,11532.84,7.71,0.07,3.6,50.82,0.44,-13.32,-0.12,-667.23,-6.67,72
108,Exit long,2023-01-23 20:38,Opposite signal,1913.155,7,13429.941,-42.06,-0.31,4.2,0,0.00,-42.55,-0.32,-709.28,-7.09,12
108,Entry long,2023-01-23 20:26,L115,1918.563,7,13429.941,-42.06,-0.31,4.2,0,0.00,-42.55,-0.32,-709.28,-7.09,12
109,Exit short,2023-01-23 21:17,Opposite signal,1921.115,6,11480.22,-50.07,-0.44,3.6,2.37,0.02,-48.54,-0.42,-759.35,-7.59,37
109,Entry short,2023-01-23 20:40,S116,1913.37,6,11480.22,-50.07,-0.44,3.6,2.37,0.02,-48.54,-0.42,-759.35,-7.59,37
110,Exit long,2023-01-24 01:19,Opposite signal,1926.375,4,7690.632,12.47,0.16,2.4,27.05,0.35,-14.89,-0.19,-746.88,-7.47,213
110,Entry long,2023-01-23 21:46,L117,1922.658,4,7690.632,12.47,0.16,2.4,27.05,0.35,-14.89,-0.19,-746.88,-7.47,213
111,Exit short,2023-01-24 06:48,Opposite signal,1932.835,16,30901.328,-33.63,-0.11,9.6,0,0.00,-28.83,-0.09,-780.52,-7.81,18
111,Entry short,2023-01-24 06:30,S118,1931.333,16,30901.328,-33.63,-0.11,9.6,0,0.00,-28.83,-0.09,-780.52,-7.81,18
112,Exit long,2023-01-24 07:48,Opposite signal,1934.225,14,27057.03,13.72,0.05,8.4,58.66,0.22,-10.85,-0.04,-766.8,-7.67,59
112,Entry long,2023-01-24 06:49,L119,1932.645,14,27057.03,13.72,0.05,8.4,58.66,0.22,-10.85,-0.04,-766.8,-7.67,59
113,Exit short,2023-01-24 11:54,Opposite signal,1936.47,12,23218.08,-26.76,-0.12,7.2,31.44,0.14,-23.94,-0.10,-793.56,-7.94,243
113,Entry short,2023-01-24 07:51,S120,1934.84,12,23218.08,-26.76,-0.12,7.2,31.44,0.14,-23.94,-0.10,-793.56,-7.94,243
114,Exit short,2023-01-24 20:27,S122 exit,1923.715,10,19393.15,150,0.77,6,153,0.79,-14.1,-0.07,-643.56,-6.44,401
114,Entry short,2023-01-24 13:46,S122,1939.315,10,19393.15,150,0.77,6,153,0.79,-14.1,-0.07,-643.56,-6.44,401
115,Exit long,2023-01-25 02:00,Time flat,1937.58,3,5795.466,15.47,0.27,1.8,18.46,0.32,-5.59,-0.10,-628.08,-6.28,265
115,Entry long,2023-01-24 21:35,L123,1931.822,3,5795.466,15.47,0.27,1.8,18.46,0.32,-5.59,-0.10,-628.08,-6.28,265
116,Exit long,2023-01-25 08:31,Opposite signal,1934.71,10,19384.18,-43.08,-0.22,6,10.22,0.05,-40.68,-0.21,-671.16,-6.71,40
116,Entry long,2023-01-25 07:51,L124,1938.418,10,19384.18,-43.08,-0.22,6,10.22,0.05,-40.68,-0.21,-671.16,-6.71,40
117,Exit long,2023-01-25 12:56,Opposite signal,1931.02,7,13519.114,-6.17,-0.05,4.2,15.91,0.12,-5.4,-0.04,-677.34,-6.77,32
117,Entry long,2023-01-25 12:24,L126,1931.302,7,13519.114,-6.17,-0.05,4.2,15.91,0.12,-5.4,-0.04,-677.34,-6.77,32
118,Exit short,2023-01-25 13:35,Opposite signal,1929.84,11,21243.53,8.69,0.04,6.6,37.73,0.18,-5.11,-0.02,-668.65,-6.69,38
118,Entry short,2023-01-25 12:57,S127,1931.23,11,21243.53,8.69,0.04,6.6,37.73,0.18,-5.11,-0.02,-668.65,-6.69,38
119,Exit long,2023-01-25 15:38,Opposite signal,1926.75,12,23160.816,-47.02,-0.20,7.2,25.52,0.11,-44.8,-0.19,-715.66,-7.16,115
119,Entry long,2023-01-25 13:43,L128,1930.068,12,23160.816,-47.02,-0.20,7.2,25.52,0.11,-44.8,-0.19,-715.66,-7.16,115
120,Exit short,2023-01-25 19:35,Opposite signal,1924.555,7,13492.78,16.7,0.12,4.2,51.07,0.38,-2.97,-0.02,-698.97,-6.99,236
120,Entry short,2023-01-25 15:39,S129,1927.54,7,13492.78,16.7,0.12,4.2,51.07,0.38,-2.97,-0.02,-698.97,-6.99,236
121,Exit long,2023-01-25 21:08,Opposite signal,1929.575,9,17311.428,49.35,0.29,5.4,134.49,0.78,-6.95,-0.04,-649.62,-6.50,92
121,Entry long,2023-01-25 19:36,L130,1923.492,9,17311.428,49.35,0.29,5.4,134.49,0.78,-6.95,-0.04,-649.62,-6.50,92
122,Exit short,2023-01-25 23:01,Opposite signal,1939.5,5,9648.95,-51.55,-0.53,3,2.78,0.03,-50.4,-0.52,-701.17,-7.01,112
122,Entry short,2023-01-25 21:09,S131,1929.79,5,9648.95,-51.55,-0.53,3,2.78,0.03,-50.4,-0.52,-701.17,-7.01,112
123,Exit long,2023-01-26 09:46,Opposite signal,1946.805,7,13633.795,-10.36,-0.08,4.2,5.88,0.04,-8.71,-0.06,-711.53,-7.12,38
123,Entry long,2023-01-26 09:08,L132,1947.685,7,13633.795,-10.36,-0.08,4.2,5.88,0.04,-8.71,-0.06,-711.53,-7.12,38
124,Exit short,2023-01-26 11:39,Opposite signal,1948.525,15,29207.52,-29.35,-0.10,9,23.6,0.08,-25.53,-0.09,-740.88,-7.41,112
124,Entry short,2023-01-26 09:47,S133,1947.168,15,29207.52,-29.35,-0.10,9,23.6,0.08,-25.53,-0.09,-740.88,-7.41,112
125,Exit long,2023-01-26 12:01,Opposite signal,1947.26,11,21428.605,-15.34,-0.07,6.6,7.59,0.04,-12.59,-0.06,-756.23,-7.56,21
125,Entry long,2023-01-26 11:40,L134,1948.055,11,21428.605,-15.34,-0.07,6.6,7.59,0.04,-12.59,-0.06,-756.23,-7.56,21
126,Exit short,2023-01-26 15:19,S135 exit,1934.675,13,25309.999,151.42,0.60,7.8,155.32,0.61,-10.36,-0.04,-604.81,-6.05,194
126,Entry short,2023-01-26 12:05,S135,1946.923,13,25309.999,151.42,0.60,7.8,155.32,0.61,-10.36,-0.04,-604.81,-6.05,194
127,Exit long,2023-01-26 19:00,L136 exit,1932.18,8,15501.48,-48.84,-0.32,4.8,0,0.00,-46.44,-0.30,-653.65,-6.54,0
127,Entry long,2023-01-26 19:00,L136,1937.685,8,15501.48,-48.84,-0.32,4.8,0,0.00,-46.44,-0.30,-653.65,-6.54,0
128,Exit short,2023-01-26 19:22,S137 exit,1939.215,8,15469.992,-48.53,-0.31,4.8,14.15,0.09,-46.13,-0.30,-702.17,-7.02,15
128,Entry short,2023-01-26 19:07,S137,1933.749,8,15469.992,-48.53,-0.31,4.8,14.15,0.09,-46.13,-0.30,-702.17,-7.02,15
129,Exit long,2023-01-26 20:19,L138 exit,1930.68,6,11629.29,-48.81,-0.42,3.6,23.55,0.20,-47.01,-0.40,-750.98,-7.51,56
129,Entry long,2023-01-26 19:23,L138,1938.215,6,11629.29,-48.81,-0.42,3.6,23.55,0.20,-47.01,-0.40,-750.98,-7.51,56
130,Exit short,2023-01-26 22:39,Opposite signal,1928.565,5,9668.025,22.2,0.23,3,73.05,0.76,-8.75,-0.09,-728.78,-7.29,129
130,Entry short,2023-01-26 20:30,S139,1933.605,5,9668.025,22.2,0.23,3,73.05,0.76,-8.75,-0.09,-728.78,-7.29,129
131,Exit long,2023-01-27 00:29,Opposite signal,1929.705,4,7713.88,2.54,0.03,2.4,17.62,0.23,-11.64,-0.15,-726.24,-7.26,98
131,Entry long,2023-01-26 22:51,L140,1928.47,4,7713.88,2.54,0.03,2.4,17.62,0.23,-11.64,-0.15,-726.24,-7.26,98
132,Exit long,2023-01-27 07:53,Opposite signal,1928.595,8,15465.4,-41.44,-0.27,4.8,5.96,0.04,-41.92,-0.27,-767.68,-7.68,86
132,Entry long,2023-01-27 06:27,L141,1933.175,8,15465.4,-41.44,-0.27,4.8,5.96,0.04,-41.92,-0.27,-767.68,-7.68,86
133,Exit short,2023-01-27 11:02,Opposite signal,1925.395,20,38495.36,-24.54,-0.06,12,91.76,0.24,-24.64,-0.06,-792.22,-7.92,116
133,Entry short,2023-01-27 09:06,S142,1924.768,20,38495.36,-24.54,-0.06,12,91.76,0.24,-24.64,-0.06,-792.22,-7.92,116
134,Exit long,2023-01-27 15:16,Opposite signal,1925.61,7,13475.84,-0.77,-0.01,4.2,19.81,0.15,-22.57,-0.17,-792.99,-7.93,247
134,Entry long,2023-01-27 11:09,L143,1925.12,7,13475.84,-0.77,-0.01,4.2,19.81,0.15,-22.57,-0.17,-792.99,-7.93,247
135,Exit short,2023-01-27 15:55,Opposite signal,1928.56,11,21180.522,-40.24,-0.19,6.6,0.9,0.00,-37.43,-0.18,-833.23,-8.33,35
135,Entry short,2023-01-27 15:20,S144,1925.502,11,21180.522,-40.24,-0.19,6.6,0.9,0.00,-37.43,-0.18,-833.23,-8.33,35
136,Exit long,2023-01-27 17:28,Opposite signal,1929.16,9,17354.25,2.79,0.02,5.4,26.73,0.15,-11.61,-0.07,-830.44,-8.30,89
136,Entry long,2023-01-27 15:59,L145,1928.25,9,17354.25,2.79,0.02,5.4,26.73,0.15,-11.61,-0.07,-830.44,-8.30,89
137,Exit short,2023-01-27 17:37,Opposite signal,1931.755,14,27021.96,-31.01,-0.11,8.4,0,0.00,-29.4,-0.11,-861.45,-8.61,8
137,Entry short,2023-01-27 17:29,S146,1930.14,14,27021.96,-31.01,-0.11,8.4,0,0.00,-29.4,-0.11,-861.45,-8.61,8
138,Exit long,2023-01-27 18:06,L147 exit,1928.16,12,23178.24,-47.52,-0.20,7.2,7.56,0.03,-43.92,-0.19,-908.97,-9.09,27
138,Entry long,2023-01-27 17:39,L147,1931.52,12,23178.24,-47.52,-0.20,7.2,7.56,0.03,-43.92,-0.19,-908.97,-9.09,27
139,Exit short,2023-01-27 18:52,Opposite signal,1933.09,10,19290.12,-46.78,-0.24,6,0,0.00,-44.78,-0.23,-955.75,-9.56,44
139,Entry short,2023-01-27 18:08,S148,1929.012,10,19290.12,-46.78,-0.24,6,0,0.00,-44.78,-0.23,-955.75,-9.56,44
140,Exit long,2023-01-27 19:30,Opposite signal,1928.885,8,15459.6,-33.32,-0.22,4.8,18.4,0.12,-33.72,-0.22,-989.07,-9.89,37
140,Entry long,2023-01-27 18:53,L149,1932.45,8,15459.6,-33.32,-0.22,4.8,18.4,0.12,-33.72,-0.22,-989.07,-9.89,37
141,Exit short,2023-01-27 21:47,Opposite signal,1930.235,8,15441.312,-5.37,-0.03,4.8,104.95,0.68,-11.25,-0.07,-994.44,-9.94,136
141,Entry short,2023-01-27 19:31,S150,1930.164,8,15441.312,-5.37,-0.03,4.8,104.95,0.68,-11.25,-0.07,-994.44,-9.94,136
142,Exit long,2023-01-27 23:00,Weekend flat,1925.95,4,7716.44,-15.04,-0.19,2.4,5.12,0.07,-15.24,-0.20,-1009.48,-10.09,20
142,Entry long,2023-01-27 22:40,L151,1929.11,4,7716.44,-15.04,-0.19,2.4,5.12,0.07,-15.24,-0.20,-1009.48,-10.09,20
143,Exit short,2023-01-30 13:36,S152 exit,1922.58,15,28995.585,147.89,0.51,9,152.39,0.53,-15.61,-0.05,-861.59,-8.62,189
143,Entry short,2023-01-30 10:27,S152,1933.039,15,28995.585,147.89,0.51,9,152.39,0.53,-15.61,-0.05,-861.59,-8.62,189
144,Exit long,2023-01-30 16:53,Opposite signal,1927.14,10,19241.1,24.3,0.13,6,64.3,0.33,-4.9,-0.03,-837.29,-8.37,117
144,Entry long,2023-01-30 14:56,L153,1924.11,10,19241.1,24.3,0.13,6,64.3,0.33,-4.9,-0.03,-837.29,-8.37,117
145,Exit short,2023-01-30 17:38,Opposite signal,1925.145,6,11547.894,-6.58,-0.06,3.6,13.28,0.12,-5.08,-0.04,-843.87,-8.44,27
145,Entry short,2023-01-30 17:11,S154,1924.649,6,11547.894,-6.58,-0.06,3.6,13.28,0.12,-5.08,-0.04,-843.87,-8.44,27
146,Exit long,2023-01-30 18:36,Opposite signal,1925.12,11,21172.415,-2.69,-0.01,6.6,19.58,0.09,-12.15,-0.06,-846.57,-8.47,57
146,Entry long,2023-01-30 17:39,L155,1924.765,11,21172.415,-2.69,-0.01,6.6,19.58,0.09,-12.15,-0.06,-846.57,-8.47,57
147,Exit short,2023-01-30 18:41,Opposite signal,1927.065,16,30809.92,-32.72,-0.11,9.6,0,0.00,-28.88,-0.09,-879.29,-8.79,4
147,Entry short,2023-01-30 18:37,S156,1925.62,16,30809.92,-32.72,-0.11,9.6,0,0.00,-28.88,-0.09,-879.29,-8.79,4
148,Exit long,2023-01-30 20:14,Opposite signal,1926.005,14,26973.59,-17.92,-0.07,8.4,48.16,0.18,-30.17,-0.11,-897.21,-8.97,92
148,Entry long,2023-01-30 18:42,L157,1926.685,14,26973.59,-17.92,-0.07,8.4,48.16,0.18,-30.17,-0.11,-897.21,-8.97,92
149,Exit short,2023-01-30 20:33,Opposite signal,1926.575,10,19269.38,-2.37,-0.01,6,25.83,0.13,-4.22,-0.02,-899.58,-9.00,18
149,Entry short,2023-01-30 20:15,S158,1926.938,10,19269.38,-2.37,-0.01,6,25.83,0.13,-4.22,-0.02,-899.58,-9.00,18
150,Exit long,2023-01-30 21:27,Opposite signal,1923.93,14,26961.62,-35,-0.13,8.4,44.31,0.16,-32.55,-0.12,-934.58,-9.35,48
150,Entry long,2023-01-30 20:39,L159,1925.83,14,26961.62,-35,-0.13,8.4,44.31,0.16,-32.55,-0.12,-934.58,-9.35,48
151,Exit short,2023-01-31 02:00,Time flat,1921.71,8,15400.016,21.54,0.14,4.8,30.7,0.20,-9.18,-0.06,-913.04,-9.13,272
151,Entry short,2023-01-30 21:28,S160,1925.002,8,15400.016,21.54,0.14,4.8,30.7,0.20,-9.18,-0.06,-913.04,-9.13,272
152,Exit long,2023-01-31 09:46,Opposite signal,1920.725,8,15400.8,-39.8,-0.26,4.8,16.24,0.11,-40.04,-0.26,-952.84,-9.53,158
152,Entry long,2023-01-31 07:08,L161,1925.1,8,15400.8,-39.8,-0.26,4.8,16.24,0.11,-40.04,-0.26,-952.84,-9.53,158
153,Exit short,2023-01-31 13:44,S162 exit,1907.95,14,26874.26,154.56,0.58,8.4,158.76,0.59,-28.98,-0.11,-798.28,-7.98,213
153,Entry short,2023-01-31 10:11,S162,1919.59,14,26874.26,154.56,0.58,8.4,158.76,0.59,-28.98,-0.11,-798.28,-7.98,213
154,Exit long,2023-01-31 17:02,Opposite signal,1902.185,11,20952.965,-35.53,-0.17,6.6,9.02,0.04,-38.06,-0.18,-833.81,-8.34,67
154,Entry long,2023-01-31 15:55,L163,1904.815,11,20952.965,-35.53,-0.17,6.6,9.02,0.04,-38.06,-0.18,-833.81,-8.34,67
155,Exit short,2023-01-31 18:16,Opposite signal,1906.84,9,17120.7,-46.26,-0.27,5.4,10.17,0.06,-45.22,-0.26,-880.07,-8.80,71
155,Entry short,2023-01-31 17:05,S164,1902.3,9,17120.7,-46.26,-0.27,5.4,10.17,0.06,-45.22,-0.26,-880.07,-8.80,71
156,Exit long,2023-01-31 23:15,Opposite signal,1929.17,5,9549.29,93.56,0.98,3,102.09,1.07,-21.71,-0.23,-786.51,-7.87,296
156,Entry long,2023-01-31 18:19,L165,1909.858,5,9549.29,93.56,0.98,3,102.09,1.07,-21.71,-0.23,-786.51,-7.87,296
157,Exit long,2023-02-01 06:48,Opposite signal,1926.53,15,28923.495,-34.54,-0.12,9,0,0.00,-30.72,-0.11,-821.05,-8.21,16
157,Entry long,2023-02-01 06:32,L166,1928.233,15,28923.495,-34.54,-0.12,9,0,0.00,-30.72,-0.11,-821.05,-8.21,16
158,Exit short,2023-02-01 08:31,Opposite signal,1925.48,13,25046.905,7.87,0.03,7.8,23.27,0.09,-31.59,-0.13,-813.19,-8.13,90
158,Entry short,2023-02-01 07:01,S167,1926.685,13,25046.905,7.87,0.03,7.8,23.27,0.09,-31.59,-0.13,-813.19,-8.13,90
159,Exit long,2023-02-01 10:12,Opposite signal,1926.48,20,38508.46,9.14,0.02,12,56.44,0.15,-13.06,-0.03,-804.05,-8.04,98
159,Entry long,2023-02-01 08:34,L168,1925.423,20,38508.46,9.14,0.02,12,56.44,0.15,-13.06,-0.03,-804.05,-8.04,98
160,Exit long,2023-02-01 13:01,Opposite signal,1925.895,17,32749.582,-19.57,-0.06,10.2,43.08,0.13,-19.91,-0.06,-823.62,-8.24,123
160,Entry long,2023-02-01 10:58,L170,1926.446,17,32749.582,-19.57,-0.06,10.2,43.08,0.13,-19.91,-0.06,-823.62,-8.24,123
161,Exit long,2023-02-01 18:08,Opposite signal,1928.36,15,28873.95,42.45,0.15,9,96,0.33,-28.35,-0.10,-781.17,-7.81,259
161,Entry long,2023-02-01 13:49,L172,1924.93,15,28873.95,42.45,0.15,9,96,0.33,-28.35,-0.10,-781.17,-7.81,259
162,Exit short,2023-02-01 18:45,S173 exit,1932.63,11,21215.095,-50.43,-0.24,6.6,0,0.00,-47.13,-0.22,-831.6,-8.32,36
162,Entry short,2023-02-01 18:09,S173,1928.645,11,21215.095,-50.43,-0.24,6.6,0,0.00,-47.13,-0.22,-831.6,-8.32,36
163,Exit long,2023-02-01 19:06,Opposite signal,1928.025,9,17384.895,-38.07,-0.22,5.4,11.66,0.07,-35.95,-0.21,-869.67,-8.70,17
163,Entry long,2023-02-01 18:49,L174,1931.655,9,17384.895,-38.07,-0.22,5.4,11.66,0.07,-35.95,-0.21,-869.67,-8.70,17
164,Exit short,2023-02-02 01:10,Opposite signal,1932.47,7,13496.28,-35.21,-0.26,4.2,50.12,0.37,-38.29,-0.28,-904.88,-9.05,363
164,Entry short,2023-02-01 19:07,S175,1928.04,7,13496.28,-35.21,-0.26,4.2,50.12,0.37,-38.29,-0.28,-904.88,-9.05,363
165,Exit short,2023-02-02 20:39,S176 exit,1918.895,5,9755.11,157.64,1.62,3,159.14,1.63,-3.94,-0.04,-747.25,-7.47,82
165,Entry short,2023-02-02 19:17,S176,1951.022,5,9755.11,157.64,1.62,3,159.14,1.63,-3.94,-0.04,-747.25,-7.47,82
166,Exit long,2023-02-03 18:32,Opposite signal,1914.8,15,28747.2,-34.2,-0.12,9,5.03,0.02,-31.27,-0.11,-781.45,-7.81,19
166,Entry long,2023-02-03 18:13,L177,1916.48,15,28747.2,-34.2,-0.12,9,5.03,0.02,-31.27,-0.11,-781.45,-7.81,19
167,Exit short,2023-02-03 18:51,Opposite signal,1916.275,13,24896.885,-22.49,-0.09,7.8,8.58,0.03,-24.5,-0.10,-803.94,-8.04,18
167,Entry short,2023-02-03 18:33,S178,1915.145,13,24896.885,-22.49,-0.09,7.8,8.58,0.03,-24.5,-0.10,-803.94,-8.04,18
168,Exit long,2023-02-03 18:56,Opposite signal,1913.5,14,26817.49,-36.89,-0.14,8.4,0,0.00,-33.04,-0.12,-840.83,-8.41,4
168,Entry long,2023-02-03 18:52,L179,1915.535,14,26817.49,-36.89,-0.14,8.4,0,0.00,-33.04,-0.12,-840.83,-8.41,4
169,Exit short,2023-02-06 11:58,Opposite signal,1878.825,13,24397.1,-35.42,-0.15,7.8,15.02,0.06,-31.72,-0.13,-876.25,-8.76,71
169,Entry short,2023-02-06 10:47,S181,1876.7,13,24397.1,-35.42,-0.15,7.8,15.02,0.06,-31.72,-0.13,-876.25,-8.76,71
170,Exit long,2023-02-06 13:03,Opposite signal,1875.045,11,20657.23,-38.33,-0.19,6.6,0.06,0.00,-36.63,-0.18,-914.59,-9.15,61
170,Entry long,2023-02-06 12:02,L182,1877.93,11,20657.23,-38.33,-0.19,6.6,0.06,0.00,-36.63,-0.18,-914.59,-9.15,61
171,Exit short,2023-02-06 13:36,Opposite signal,1878.9,9,16877.205,-38.29,-0.23,5.4,4.77,0.03,-38.34,-0.23,-952.88,-9.53,29
171,Entry short,2023-02-06 13:07,S183,1875.245,9,16877.205,-38.29,-0.23,5.4,4.77,0.03,-38.34,-0.23,-952.88,-9.53,29
172,Exit long,2023-02-06 14:43,Opposite signal,1874.15,9,16902.063,-40.11,-0.24,5.4,27.88,0.16,-39.57,-0.23,-992.99,-9.93,66
172,Entry long,2023-02-06 13:37,L184,1878.007,9,16902.063,-40.11,-0.24,5.4,27.88,0.16,-39.57,-0.23,-992.99,-9.93,66
173,Exit short,2023-02-06 21:37,Opposite signal,1868.885,6,11246.49,29.58,0.26,3.6,65.85,0.59,-10.29,-0.09,-963.41,-9.63,398
173,Entry short,2023-02-06 14:59,S185,1874.415,6,11246.49,29.58,0.26,3.6,65.85,0.59,-10.29,-0.09,-963.41,-9.63,398
174,Exit long,2023-02-06 22:34,Opposite signal,1866.23,8,14940.904,-15.86,-0.11,4.8,16.98,0.11,-14.5,-0.10,-979.28,-9.79,55
174,Entry long,2023-02-06 21:39,L186,1867.613,8,14940.904,-15.86,-0.11,4.8,16.98,0.11,-14.5,-0.10,-979.28,-9.79,55
175,Exit short,2023-02-06 23:59,Opposite signal,1866.81,9,16796.25,-10.44,-0.06,5.4,20.57,0.12,-8.73,-0.05,-989.72,-9.90,83
175,Entry short,2023-02-06 22:36,S187,1866.25,9,16796.25,-10.44,-0.06,5.4,20.57,0.12,-8.73,-0.05,-989.72,-9.90,83
176,Exit long,2023-02-07 07:12,Opposite signal,1870.725,19,35567.335,-34.96,-0.10,11.4,0.38,0.00,-29.26,-0.08,-1024.68,-10.25,10
176,Entry long,2023-02-07 07:02,L188,1871.965,19,35567.335,-34.96,-0.10,11.4,0.38,0.00,-29.26,-0.08,-1024.68,-10.25,10
177,Exit short,2023-02-07 07:23,Opposite signal,1872.295,17,31807.34,-31.87,-0.10,10.2,0,0.00,-27.28,-0.09,-1056.55,-10.57,3
177,Entry short,2023-02-07 07:20,S189,1871.02,17,31807.34,-31.87,-0.10,10.2,0,0.00,-27.28,-0.09,-1056.55,-10.57,3
178,Exit long,2023-02-07 09:43,Opposite signal,1872.72,12,22473.12,-7.68,-0.03,7.2,31.56,0.14,-15.48,-0.07,-1064.23,-10.64,132
178,Entry long,2023-02-07 07:31,L190,1872.76,12,22473.12,-7.68,-0.03,7.2,31.56,0.14,-15.48,-0.07,-1064.23,-10.64,132
179,Exit short,2023-02-07 10:25,Opposite signal,1872.87,11,20600.855,-7.31,-0.04,6.6,8.47,0.04,-7.42,-0.04,-1071.55,-10.72,35
179,Entry short,2023-02-07 09:50,S191,1872.805,11,20600.855,-7.31,-0.04,6.6,8.47,0.04,-7.42,-0.04,-1071.55,-10.72,35
180,Exit long,2023-02-07 12:45,Opposite signal,1873.26,17,31841.17,-5.95,-0.02,10.2,62.31,0.20,-8.59,-0.03,-1077.5,-10.77,133
180,Entry long,2023-02-07 10:31,L192,1873.01,17,31841.17,-5.95,-0.02,10.2,62.31,0.20,-8.59,-0.03,-1077.5,-10.77,133
181,Exit short,2023-02-07 13:34,Opposite signal,1877.59,9,16860.375,-43.33,-0.26,5.4,0.41,0.00,-40.63,-0.24,-1120.83,-11.21,48
181,Entry short,2023-02-07 12:46,S193,1873.375,9,16860.375,-43.33,-0.26,5.4,0.41,0.00,-40.63,-0.24,-1120.83,-11.21,48
182,Exit long,2023-02-07 14:24,Opposite signal,1872.68,9,16888.725,-40.01,-0.24,5.4,1.17,0.01,-38.56,-0.23,-1160.84,-11.61,49
182,Entry long,2023-02-07 13:35,L194,1876.525,9,16888.725,-40.01,-0.24,5.4,1.17,0.01,-38.56,-0.23,-1160.84,-11.61,49
183,Exit short,2023-02-07 17:40,Opposite signal,1870.705,7,13109.635,10.5,0.08,4.2,44.31,0.34,-38.81,-0.30,-1150.34,-11.50,182
183,Entry short,2023-02-07 14:38,S195,1872.805,7,13109.635,10.5,0.08,4.2,44.31,0.34,-38.81,-0.30,-1150.34,-11.50,182
184,Exit long,2023-02-07 23:04,Opposite signal,1872.115,9,16832.187,11.45,0.07,5.4,87,0.52,-43.05,-0.26,-1138.89,-11.39,320
184,Entry long,2023-02-07 17:44,L196,1870.243,9,16832.187,11.45,0.07,5.4,87,0.52,-43.05,-0.26,-1138.89,-11.39,320
185,Exit long,2023-02-09 02:00,Time flat,1874.33,3,5643.444,-22.25,-0.39,1.8,14.08,0.25,-36.86,-0.65,-1161.14,-11.61,742
185,Entry long,2023-02-08 13:38,L197,1881.148,3,5643.444,-22.25,-0.39,1.8,14.08,0.25,-36.86,-0.65,-1161.14,-11.61,742
186,Exit short,2023-02-10 02:00,Time flat,1860.07,2,3738.32,16.98,0.45,1.2,18.33,0.49,-13.93,-0.37,-1144.16,-11.44,261
186,Entry short,2023-02-09 21:39,S198,1869.16,2,3738.32,16.98,0.45,1.2,18.33,0.49,-13.93,-0.37,-1144.16,-11.44,261
187,Exit short,2023-02-10 11:11,Opposite signal,1855.825,7,13019.895,24.92,0.19,4.2,47.95,0.37,-26.7,-0.21,-1119.24,-11.19,239
187,Entry short,2023-02-10 07:12,S199,1859.985,7,13019.895,24.92,0.19,4.2,47.95,0.37,-26.7,-0.21,-1119.24,-11.19,239
188,Exit long,2023-02-10 14:49,Opposite signal,1862.325,6,11157.06,13.29,0.12,3.6,74.4,0.67,-12.93,-0.12,-1105.95,-11.06,173
188,Entry long,2023-02-10 11:56,L200,1859.51,6,11157.06,13.29,0.12,3.6,74.4,0.67,-12.93,-0.12,-1105.95,-11.06,173
189,Exit short,2023-02-10 19:20,Opposite signal,1866.465,5,9320.645,-14.68,-0.16,3,15.95,0.17,-13.48,-0.14,-1120.63,-11.21,268
189,Entry short,2023-02-10 14:52,S201,1864.129,5,9320.645,-14.68,-0.16,3,15.95,0.17,-13.48,-0.14,-1120.63,-11.21,268
190,Exit long,2023-02-10 20:30,L202 exit,1859.64,8,14922.96,-50.64,-0.34,4.8,13.24,0.09,-48.24,-0.32,-1171.28,-11.71,28
190,Entry long,2023-02-10 20:02,L202,1865.37,8,14922.96,-50.64,-0.34,4.8,13.24,0.09,-48.24,-0.32,-1171.28,-11.71,28
191,Exit short,2023-02-10 22:51,Opposite signal,1860.05,6,11169.114,5.21,0.05,3.6,28.67,0.26,-33.94,-0.30,-1166.06,-11.66,140
191,Entry short,2023-02-10 20:31,S203,1861.519,6,11169.114,5.21,0.05,3.6,28.67,0.26,-33.94,-0.30,-1166.06,-11.66,140
192,Exit long,2023-02-13 15:00,Opposite signal,1858.42,15,27879.9,-12.6,-0.05,9,115.2,0.41,-11.02,-0.04,-1178.66,-11.79,238
192,Entry long,2023-02-13 11:02,L205,1858.66,15,27879.9,-12.6,-0.05,9,115.2,0.41,-11.02,-0.04,-1178.66,-11.79,238
193,Exit short,2023-02-13 15:28,Opposite signal,1858.175,17,31567.164,-32.01,-0.10,10.2,31.65,0.10,-29.8,-0.09,-1210.67,-12.11,21
193,Entry short,2023-02-13 15:07,S206,1856.892,17,31567.164,-32.01,-0.10,10.2,31.65,0.10,-29.8,-0.09,-1210.67,-12.11,21
194,Exit long,2023-02-13 15:45,Opposite signal,1854.51,10,18581.4,-42.3,-0.23,6,0,0.00,-45,-0.24,-1252.97,-12.53,16
194,Entry long,2023-02-13 15:29,L207,1858.14,10,18581.4,-42.3,-0.23,6,0,0.00,-45,-0.24,-1252.97,-12.53,16
195,Exit short,2023-02-13 15:58,Opposite signal,1858.42,10,18560.1,-30.1,-0.16,6,0,0.00,-28.9,-0.16,-1283.07,-12.83,12
195,Entry short,2023-02-13 15:46,S208,1856.01,10,18560.1,-30.1,-0.16,6,0,0.00,-28.9,-0.16,-1283.07,-12.83,12
196,Exit long,2023-02-13 18:52,Opposite signal,1858.125,8,14866.08,-5.88,-0.04,4.8,35.92,0.24,-5.32,-0.04,-1288.95,-12.89,173
196,Entry long,2023-02-13 15:59,L209,1858.26,8,14866.08,-5.88,-0.04,4.8,35.92,0.24,-5.32,-0.04,-1288.95,-12.89,173
197,Exit short,2023-02-13 19:34,Opposite signal,1858.06,8,14870.384,1.1,0.01,4.8,22.98,0.15,-12.18,-0.08,-1287.85,-12.88,40
197,Entry short,2023-02-13 18:54,S210,1858.798,8,14870.384,1.1,0.01,4.8,22.98,0.15,-12.18,-0.08,-1287.85,-12.88,40
198,Exit long,2023-02-13 20:04,Opposite signal,1855.49,12,22295.04,-36.36,-0.16,7.2,9.78,0.04,-36.12,-0.16,-1324.21,-13.24,29
198,Entry long,2023-02-13 19:35,L211,1857.92,12,22295.04,-36.36,-0.16,7.2,9.78,0.04,-36.12,-0.16,-1324.21,-13.24,29
199,Exit short,2023-02-14 00:09,Opposite signal,1854.935,8,14837.632,-6.65,-0.04,4.8,31.03,0.21,-39.93,-0.27,-1330.86,-13.31,243
199,Entry short,2023-02-13 20:06,S212,1854.704,8,14837.632,-6.65,-0.04,4.8,31.03,0.21,-39.93,-0.27,-1330.86,-13.31,243
200,Exit short,2023-02-14 10:07,Opposite signal,1858.68,13,24133.85,-36.79,-0.15,7.8,0,0.00,-32.89,-0.14,-1367.65,-13.68,73
200,Entry short,2023-02-14 08:53,S213,1856.45,13,24133.85,-36.79,-0.15,7.8,0,0.00,-32.89,-0.14,-1367.65,-13.68,73
201,Exit long,2023-02-14 10:29,Opposite signal,1858.13,25,46466.575,-28.32,-0.06,15,5.3,0.01,-22.57,-0.05,-1395.97,-13.96,11
201,Entry long,2023-02-14 10:18,L214,1858.663,25,46466.575,-28.32,-0.06,15,5.3,0.01,-22.57,-0.05,-1395.97,-13.96,11
202,Exit short,2023-02-14 11:19,Opposite signal,1858.68,20,37168.1,-17.5,-0.05,12,4.7,0.01,-22.9,-0.06,-1413.47,-14.13,48
202,Entry short,2023-02-14 10:31,S215,1858.405,20,37168.1,-17.5,-0.05,12,4.7,0.01,-22.9,-0.06,-1413.47,-14.13,48
203,Exit long,2023-02-14 12:48,Opposite signal,1858.59,18,33461.694,-17.87,-0.05,10.8,101.74,0.30,-14.63,-0.04,-1431.34,-14.31,87
203,Entry long,2023-02-14 11:21,L216,1858.983,18,33461.694,-17.87,-0.05,10.8,101.74,0.30,-14.63,-0.04,-1431.34,-14.31,87
204,Exit short,2023-02-14 19:02,S217 exit,1865.935,6,11154.72,-44.49,-0.40,3.6,49.82,0.45,-42.69,-0.38,-1475.83,-14.76,373
204,Entry short,2023-02-14 12:49,S217,1859.12,6,11154.72,-44.49,-0.40,3.6,49.82,0.45,-42.69,-0.38,-1475.83,-14.76,373
205,Exit long,2023-02-14 19:58,L218 exit,1849.516,3,5597.187,-50.44,-0.90,1.8,3.78,0.07,-49.54,-0.88,-1526.27,-15.26,54
205,Entry long,2023-02-14 19:04,L218,1865.729,3,5597.187,-50.44,-0.90,1.8,3.78,0.07,-49.54,-0.88,-1526.27,-15.26,54
206,Exit short,2023-02-15 02:00,Time flat,1855.22,2,3701.032,-10.61,-0.29,1.2,12.5,0.34,-31.15,-0.84,-1536.88,-15.37,349
206,Entry short,2023-02-14 20:11,S219,1850.516,2,3701.032,-10.61,-0.29,1.2,12.5,0.34,-31.15,-0.84,-1536.88,-15.37,349
207,Exit long,2023-02-15 19:03,Opposite signal,1832.735,10,18351.6,-30.25,-0.16,6,23.45,0.13,-33.9,-0.18,-1567.13,-15.67,301
207,Entry long,2023-02-15 14:02,L220,1835.16,10,18351.6,-30.25,-0.16,6,23.45,0.13,-33.9,-0.18,-1567.13,-15.67,301
208,Exit short,2023-02-15 19:23,S221 exit,1838.805,7,12829.705,-46.13,-0.36,4.2,4.03,0.03,-44.03,-0.34,-1613.26,-16.13,19
208,Entry short,2023-02-15 19:04,S221,1832.815,7,12829.705,-46.13,-0.36,4.2,4.03,0.03,-44.03,-0.34,-1613.26,-16.13,19
209,Exit long,2023-02-15 21:14,L222 exit,1830.855,7,12860.337,-48.55,-0.38,4.2,8.85,0.07,-46.45,-0.36,-1661.81,-16.62,109
209,Entry long,2023-02-15 19:25,L222,1837.191,7,12860.337,-48.55,-0.38,4.2,8.85,0.07,-46.45,-0.36,-1661.81,-16.62,109
210,Exit short,2023-02-16 02:00,Time flat,1835.755,6,10991.13,-27,-0.25,3.6,3.81,0.03,-39.24,-0.36,-1688.81,-16.89,285
210,Entry short,2023-02-15 21:15,S223,1831.855,6,10991.13,-27,-0.25,3.6,3.81,0.03,-39.24,-0.36,-1688.81,-16.89,285
211,Exit long,2023-02-16 08:55,Opposite signal,1840.845,13,23941.58,-18.39,-0.08,7.8,8.9,0.04,-15.27,-0.06,-1707.21,-17.07,89
211,Entry long,2023-02-16 07:26,L224,1841.66,13,23941.58,-18.39,-0.08,7.8,8.9,0.04,-15.27,-0.06,-1707.21,-17.07,89
212,Exit short,2023-02-16 10:40,Opposite signal,1841.345,14,25771.9,-15.33,-0.06,8.4,15.89,0.06,-14.42,-0.06,-1722.54,-17.23,103
212,Entry short,2023-02-16 08:57,S225,1840.85,14,25771.9,-15.33,-0.06,8.4,15.89,0.06,-14.42,-0.06,-1722.54,-17.23,103
213,Exit long,2023-02-16 10:51,Opposite signal,1838.66,15,27614.1,-43.2,-0.16,9,0,0.00,-39.97,-0.14,-1765.74,-17.66,10
213,Entry long,2023-02-16 10:41,L226,1840.94,15,27614.1,-43.2,-0.16,9,0,0.00,-39.97,-0.14,-1765.74,-17.66,10
214,Exit long,2023-02-16 14:12,Opposite signal,1838.82,9,16543.377,0.6,0.00,5.4,57.75,0.35,-5.83,-0.04,-1765.14,-17.65,86
214,Entry long,2023-02-16 12:46,L228,1838.153,9,16543.377,0.6,0.00,5.4,57.75,0.35,-5.83,-0.04,-1765.14,-17.65,86
215,Exit short,2023-02-16 22:02,Opposite signal,1838.45,7,12872.825,-0.52,0.00,4.2,77.07,0.60,-12.32,-0.10,-1765.66,-17.66,446
215,Entry short,2023-02-16 14:36,S229,1838.975,7,12872.825,-0.52,0.00,4.2,77.07,0.60,-12.32,-0.10,-1765.66,-17.66,446
216,Exit long,2023-02-17 01:37,Opposite signal,1840.545,5,9181.525,18.2,0.20,3,43.58,0.47,-2.02,-0.02,-1747.46,-17.47,211
216,Entry long,2023-02-16 22:06,L230,1836.305,5,9181.525,18.2,0.20,3,43.58,0.47,-2.02,-0.02,-1747.46,-17.47,211
217,Exit long,2023-02-17 11:54,Opposite signal,1826.26,13,23740.405,-6.82,-0.03,7.8,15.6,0.07,-5.72,-0.02,-1754.29,-17.54,81
217,Entry long,2023-02-17 10:33,L231,1826.185,13,23740.405,-6.82,-0.03,7.8,15.6,0.07,-5.72,-0.02,-1754.29,-17.54,81
218,Exit long,2023-02-17 13:32,L233 exit,1820.865,9,16433.91,-51.52,-0.31,5.4,3.56,0.02,-48.82,-0.30,-1805.81,-18.06,16
218,Entry long,2023-02-17 13:16,L233,1825.99,9,16433.91,-51.52,-0.31,5.4,3.56,0.02,-48.82,-0.30,-1805.81,-18.06,16
219,Exit short,2023-02-17 14:26,Opposite signal,1822.295,7,12753.055,-7.21,-0.06,4.2,18.13,0.14,-5.11,-0.04,-1813.02,-18.13,40
219,Entry short,2023-02-17 13:46,S234,1821.865,7,12753.055,-7.21,-0.06,4.2,18.13,0.14,-5.11,-0.04,-1813.02,-18.13,40
220,Exit long,2023-02-17 20:10,Opposite signal,1825.155,10,18220.68,24.87,0.14,6,80.27,0.44,-29.03,-0.16,-1788.15,-17.88,340
220,Entry long,2023-02-17 14:30,L235,1822.068,10,18220.68,24.87,0.14,6,80.27,0.44,-29.03,-0.16,-1788.15,-17.88,340
221,Exit short,2023-02-17 20:33,S236 exit,1831.395,8,14607.016,-48.94,-0.34,4.8,22.9,0.16,-46.54,-0.32,-1837.09,-18.37,22
221,Entry short,2023-02-17 20:11,S236,1825.877,8,14607.016,-48.94,-0.34,4.8,22.9,0.16,-46.54,-0.32,-1837.09,-18.37,22
222,Exit long,2023-02-20 07:10,Opposite signal,1838.24,12,22075.68,-24,-0.11,7.2,23.28,0.11,-20.76,-0.09,-1861.09,-18.61,32
222,Entry long,2023-02-20 06:38,L238,1839.64,12,22075.68,-24,-0.11,7.2,23.28,0.11,-20.76,-0.09,-1861.09,-18.61,32
223,Exit short,2023-02-20 07:48,Opposite signal,1841.905,11,20229.462,-38.09,-0.19,6.6,0,0.00,-35.29,-0.17,-1899.19,-18.99,36
223,Entry short,2023-02-20 07:12,S239,1839.042,11,20229.462,-38.09,-0.19,6.6,0,0.00,-35.29,-0.17,-1899.19,-18.99,36
224,Exit long,2023-02-20 08:52,Opposite signal,1841.525,9,16576.92,-8.6,-0.05,5.4,9.49,0.06,-6.57,-0.04,-1907.78,-19.08,60
224,Entry long,2023-02-20 07:52,L240,1841.88,9,16576.92,-8.6,-0.05,5.4,9.49,0.06,-6.57,-0.04,-1907.78,-19.08,60
225,Exit short,2023-02-20 09:36,Opposite signal,1843.645,16,29470.352,-37.57,-0.13,9.6,0,0.00,-36.21,-0.12,-1945.35,-19.45,36
225,Entry short,2023-02-20 09:00,S241,1841.897,16,29470.352,-37.57,-0.13,9.6,0,0.00,-36.21,-0.12,-1945.35,-19.45,36
226,Exit short,2023-02-20 11:08,Opposite signal,1842.705,18,33188.526,9.04,0.03,10.8,40.9,0.12,-11.39,-0.03,-1936.31,-19.36,50
226,Entry short,2023-02-20 10:18,S243,1843.807,18,33188.526,9.04,0.03,10.8,40.9,0.12,-11.39,-0.03,-1936.31,-19.36,50
227,Exit short,2023-02-20 12:43,Opposite signal,1844.92,15,27659.52,-23.28,-0.08,9,12.95,0.05,-18.78,-0.07,-1959.59,-19.60,63
227,Entry short,2023-02-20 11:40,S245,1843.968,15,27659.52,-23.28,-0.08,9,12.95,0.05,-18.78,-0.07,-1959.59,-19.60,63
228,Exit long,2023-02-20 13:49,Opposite signal,1844.515,14,25826.64,-11.83,-0.05,8.4,35.14,0.14,-12.39,-0.05,-1971.42,-19.71,64
228,Entry long,2023-02-20 12:45,L246,1844.76,14,25826.64,-11.83,-0.05,8.4,35.14,0.14,-12.39,-0.05,-1971.42,-19.71,64
229,Exit short,2023-02-20 19:03,Opposite signal,1846.25,12,22142.136,-20.06,-0.09,7.2,44.62,0.20,-21.58,-0.10,-1991.49,-19.91,313
229,Entry short,2023-02-20 13:50,S247,1845.178,12,22142.136,-20.06,-0.09,7.2,44.62,0.20,-21.58,-0.10,-1991.49,-19.91,313
230,Exit long,2023-02-20 20:47,Opposite signal,1844.62,7,12921.65,-13.51,-0.10,4.2,5.78,0.04,-12.07,-0.09,-2005,-20.05,103
230,Entry long,2023-02-20 19:04,L248,1845.95,7,12921.65,-13.51,-0.10,4.2,5.78,0.04,-12.07,-0.09,-2005,-20.05,103
231,Exit short,2023-02-21 04:33,Opposite signal,1843.76,10,18435.8,-7.8,-0.04,6,26.35,0.14,-24.4,-0.13,-2012.8,-20.13,217
231,Entry short,2023-02-20 21:19,S249,1843.58,10,18435.8,-7.8,-0.04,6,26.35,0.14,-24.4,-0.13,-2012.8,-20.13,217
232,Exit short,2023-02-21 11:27,Opposite signal,1839.455,7,12884.515,4.13,0.03,4.2,22.37,0.17,-22.22,-0.17,-2008.67,-20.09,263
232,Entry short,2023-02-21 07:04,S250,1840.645,7,12884.515,4.13,0.03,4.2,22.37,0.17,-22.22,-0.17,-2008.67,-20.09,263
233,Exit long,2023-02-21 12:37,Opposite signal,1836.96,13,23908.729,-36.05,-0.15,7.8,2.11,0.01,-36.37,-0.15,-2044.72,-20.45,67
233,Entry long,2023-02-21 11:30,L251,1839.133,13,23908.729,-36.05,-0.15,7.8,2.11,0.01,-36.37,-0.15,-2044.72,-20.45,67
234,Exit short,2023-02-21 14:27,Opposite signal,1834.86,11,20215.305,25.25,0.12,6.6,69.36,0.34,-14.96,-0.07,-2019.47,-20.19,109
234,Entry short,2023-02-21 12:38,S252,1837.755,11,20215.305,25.25,0.12,6.6,69.36,0.34,-14.96,-0.07,-2019.47,-20.19,109
235,Exit long,2023-02-21 16:25,Opposite signal,1832.565,9,16512.777,-25.09,-0.15,5.4,15.9,0.10,-22.39,-0.14,-2044.56,-20.45,116
235,Entry long,2023-02-21 14:29,L253,1834.753,9,16512.777,-25.09,-0.15,5.4,15.9,0.10,-22.39,-0.14,-2044.56,-20.45,116
236,Exit short,2023-02-21 18:49,Opposite signal,1835.785,8,14660.56,-30.52,-0.21,4.8,15.84,0.11,-28.12,-0.19,-2075.08,-20.75,142
236,Entry short,2023-02-21 16:27,S254,1832.57,8,14660.56,-30.52,-0.21,4.8,15.84,0.11,-28.12,-0.19,-2075.08,-20.75,142
237,Exit long,2023-02-21 20:18,Opposite signal,1837.935,9,16509.699,26.32,0.16,5.4,82.75,0.50,-12.34,-0.07,-2048.77,-20.49,84
237,Entry long,2023-02-21 18:54,L255,1834.411,9,16509.699,26.32,0.16,5.4,82.75,0.50,-12.34,-0.07,-2048.77,-20.49,84
238,Exit short,2023-02-22 02:00,Time flat,1835.55,7,12866.49,13.44,0.10,4.2,41.62,0.32,-32.02,-0.25,-2035.33,-20.35,328
238,Entry short,2023-02-21 20:32,S256,1838.07,7,12866.49,13.44,0.10,4.2,41.62,0.32,-32.02,-0.25,-2035.33,-20.35,328
239,Exit long,2023-02-22 07:22,Opposite signal,1835.185,8,14692.368,-15.69,-0.11,4.8,13.27,0.09,-13.81,-0.09,-2051.02,-20.51,45
239,Entry long,2023-02-22 06:37,L257,1836.546,8,14692.368,-15.69,-0.11,4.8,13.27,0.09,-13.81,-0.09,-2051.02,-20.51,45
240,Exit short,2023-02-22 13:13,Opposite signal,1837.895,10,18356.9,-28.05,-0.15,6,7.24,0.04,-26.9,-0.15,-2079.07,-20.79,348
240,Entry short,2023-02-22 07:23,S258,1835.69,10,18356.9,-28.05,-0.15,6,7.24,0.04,-26.9,-0.15,-2079.07,-20.79,348
241,Exit long,2023-02-22 14:09,Opposite signal,1833.91,12,22046.64,-46.92,-0.21,7.2,45.12,0.20,-44.82,-0.20,-2125.99,-21.26,55
241,Entry long,2023-02-22 13:14,L259,1837.22,12,22046.64,-46.92,-0.21,7.2,45.12,0.20,-44.82,-0.20,-2125.99,-21.26,55
242,Exit short,2023-02-22 16:38,Opposite signal,1836.71,6,11007.996,-15.86,-0.14,3.6,13.21,0.12,-15.65,-0.14,-2141.85,-21.42,148
242,Entry short,2023-02-22 14:10,S260,1834.666,6,11007.996,-15.86,-0.14,3.6,13.21,0.12,-15.65,-0.14,-2141.85,-21.42,148
243,Exit long,2023-02-22 18:41,Opposite signal,1839.025,7,12865.027,3.95,0.03,4.2,55.36,0.43,-13.17,-0.10,-2137.9,-21.38,95
243,Entry long,2023-02-22 17:06,L261,1837.861,7,12865.027,3.95,0.03,4.2,55.36,0.43,-13.17,-0.10,-2137.9,-21.38,95
244,Exit short,2023-02-22 19:18,Opposite signal,1837.705,6,11034.96,5.13,0.05,3.6,22.17,0.20,-3.54,-0.03,-2132.77,-21.33,36
244,Entry short,2023-02-22 18:42,S262,1839.16,6,11034.96,5.13,0.05,3.6,22.17,0.20,-3.54,-0.03,-2132.77,-21.33,36
245,Exit long,2023-02-22 20:17,Opposite signal,1835.015,13,23885.173,-37.78,-0.16,7.8,19.49,0.08,-36.87,-0.15,-2170.55,-21.71,58
245,Entry long,2023-02-22 19:19,L263,1837.321,13,23885.173,-37.78,-0.16,7.8,19.49,0.08,-36.87,-0.15,-2170.55,-21.71,58
246,Exit short,2023-02-23 02:00,Time flat,1825.38,9,16517.61,83.79,0.51,5.4,102.87,0.62,-30.87,-0.19,-2086.76,-20.87,342
246,Entry short,2023-02-22 20:18,S264,1835.29,9,16517.61,83.79,0.51,5.4,102.87,0.62,-30.87,-0.19,-2086.76,-20.87,342
247,Exit long,2023-02-23 08:56,Opposite signal,1828.795,8,14619.656,5.9,0.04,4.8,21.9,0.15,-10.74,-0.07,-2080.86,-20.81,89
247,Entry long,2023-02-23 07:27,L265,1827.457,8,14619.656,5.9,0.04,4.8,21.9,0.15,-10.74,-0.07,-2080.86,-20.81,89
248,Exit short,2023-02-23 11:57,Opposite signal,1830.78,16,29264.72,-37.36,-0.13,9.6,27.04,0.09,-33.92,-0.12,-2118.22,-21.18,180
248,Entry short,2023-02-23 08:57,S266,1829.045,16,29264.72,-37.36,-0.13,9.6,27.04,0.09,-33.92,-0.12,-2118.22,-21.18,180
249,Exit long,2023-02-23 13:41,Opposite signal,1826.98,7,12825.316,-40.66,-0.32,4.2,9.32,0.07,-38.56,-0.30,-2158.87,-21.59,92
249,Entry long,2023-02-23 12:09,L267,1832.188,7,12825.316,-40.66,-0.32,4.2,9.32,0.07,-38.56,-0.30,-2158.87,-21.59,92
250,Exit short,2023-02-23 16:23,Opposite signal,1826.955,6,10965.66,0.33,0.00,3.6,17.25,0.16,-10.59,-0.10,-2158.54,-21.59,161
250,Entry short,2023-02-23 13:42,S268,1827.61,6,10965.66,0.33,0.00,3.6,17.25,0.16,-10.59,-0.10,-2158.54,-21.59,161
251,Exit long,2023-02-23 16:57,Opposite signal,1824.41,13,23744.955,-35.42,-0.15,7.8,15.47,0.07,-36.85,-0.16,-2193.97,-21.94,28
251,Entry long,2023-02-23 16:29,L269,1826.535,13,23744.955,-35.42,-0.15,7.8,15.47,0.07,-36.85,-0.16,-2193.97,-21.94,28
252,Exit short,2023-02-23 18:11,Opposite signal,1828.315,9,16421.805,-38.43,-0.23,5.4,0,0.00,-37.93,-0.23,-2232.4,-22.32,73
252,Entry short,2023-02-23 16:58,S270,1824.645,9,16421.805,-38.43,-0.23,5.4,0,0.00,-37.93,-0.23,-2232.4,-22.32,73
253,Exit long,2023-02-23 19:00,L271 exit,1823,10,18274.2,-50.2,-0.27,6,4.6,0.03,-47.2,-0.26,-2282.6,-22.83,47
253,Entry long,2023-02-23 18:13,L271,1827.42,10,18274.2,-50.2,-0.27,6,4.6,0.03,-47.2,-0.26,-2282.6,-22.83,47
254,Exit short,2023-02-23 19:41,Opposite signal,1826.865,8,14592,-27.72,-0.19,4.8,49.2,0.34,-26.52,-0.18,-2310.32,-23.10,37
254,Entry short,2023-02-23 19:04,S272,1824,8,14592,-27.72,-0.19,4.8,49.2,0.34,-26.52,-0.18,-2310.32,-23.10,37
255,Exit long,2023-02-24 02:00,Time flat,1823.32,4,7308.18,-17.3,-0.24,2.4,9.32,0.13,-35.26,-0.48,-2327.62,-23.28,363
255,Entry long,2023-02-23 19:57,L273,1827.045,4,7308.18,-17.3,-0.24,2.4,9.32,0.13,-35.26,-0.48,-2327.62,-23.28,363
256,Exit short,2023-02-24 18:14,Opposite signal,1818.52,3,5452.65,-4.71,-0.09,1.8,5.73,0.11,-3.81,-0.07,-2332.33,-23.32,39
256,Entry short,2023-02-24 17:35,S274,1817.55,3,5452.65,-4.71,-0.09,1.8,5.73,0.11,-3.81,-0.07,-2332.33,-23.32,39
257,Exit long,2023-02-24 18:38,Opposite signal,1815.25,11,19997.901,-36.75,-0.18,6.6,0,0.00,-34.94,-0.17,-2369.08,-23.69,23
257,Entry long,2023-02-24 18:15,L275,1817.991,11,19997.901,-36.75,-0.18,6.6,0,0.00,-34.94,-0.17,-2369.08,-23.69,23
258,Exit short,2023-02-24 23:00,Weekend flat,1811.535,10,18161,39.65,0.22,6,67.7,0.37,-27.25,-0.15,-2329.43,-23.29,261
258,Entry short,2023-02-24 18:39,S276,1816.1,10,18161,39.65,0.22,6,67.7,0.37,-27.25,-0.15,-2329.43,-23.29,261
259,Exit long,2023-02-27 20:54,Opposite signal,1817.9,14,25430.202,12,0.05,8.4,48.4,0.19,-29.44,-0.12,-2317.43,-23.17,61
259,Entry long,2023-02-27 19:53,L277,1816.443,14,25430.202,12,0.05,8.4,48.4,0.19,-29.44,-0.12,-2317.43,-23.17,61
260,Exit short,2023-02-27 22:21,Opposite signal,1816.795,14,25470.27,26.74,0.10,8.4,88.83,0.35,-7.42,-0.03,-2290.69,-22.91,86
260,Entry short,2023-02-27 20:55,S278,1819.305,14,25470.27,26.74,0.10,8.4,88.83,0.35,-7.42,-0.03,-2290.69,-22.91,86
261,Exit long,2023-02-28 00:02,Opposite signal,1817.365,9,16348.59,2.3,0.01,5.4,27.54,0.17,-4.05,-0.02,-2288.4,-22.88,98
261,Entry long,2023-02-27 22:24,L279,1816.51,9,16348.59,2.3,0.01,5.4,27.54,0.17,-4.05,-0.02,-2288.4,-22.88,98
262,Exit short,2023-02-28 06:42,Opposite signal,1817.02,15,27250.335,-13.96,-0.05,9,14.39,0.05,-9.46,-0.03,-2302.36,-23.02,16
262,Entry short,2023-02-28 06:26,S280,1816.689,15,27250.335,-13.96,-0.05,9,14.39,0.05,-9.46,-0.03,-2302.36,-23.02,16
263,Exit long,2023-02-28 07:14,Opposite signal,1816.655,15,27255,-14.17,-0.05,9,12.68,0.05,-10.87,-0.04,-2316.54,-23.17,30
263,Entry long,2023-02-28 06:44,L281,1817,15,27255,-14.17,-0.05,9,12.68,0.05,-10.87,-0.04,-2316.54,-23.17,30
264,Exit short,2023-02-28 07:55,Opposite signal,1818.22,17,30889.255,-30.68,-0.10,10.2,2.3,0.01,-28.3,-0.09,-2347.22,-23.47,40
264,Entry short,2023-02-28 07:15,S282,1817.015,17,30889.255,-30.68,-0.10,10.2,2.3,0.01,-28.3,-0.09,-2347.22,-23.47,40
265,Exit long,2023-02-28 08:30,Opposite signal,1817.885,15,27272.175,-12.9,-0.05,9,15.3,0.06,-9.37,-0.03,-2360.12,-23.60,26
265,Entry long,2023-02-28 08:04,L283,1818.145,15,27272.175,-12.9,-0.05,9,15.3,0.06,-9.37,-0.03,-2360.12,-23.60,26
266,Exit short,2023-02-28 11:46,Opposite signal,1814.385,13,23625.316,30.51,0.13,7.8,61.84,0.26,-4.46,-0.02,-2329.61,-23.30,189
266,Entry short,2023-02-28 08:37,S284,1817.332,13,23625.316,30.51,0.13,7.8,61.84,0.26,-4.46,-0.02,-2329.61,-23.30,189
267,Exit long,2023-02-28 12:51,Opposite signal,1812.11,13,23586.55,-36.92,-0.16,7.8,31.07,0.13,-34.84,-0.15,-2366.53,-23.67,64
267,Entry long,2023-02-28 11:47,L285,1814.35,13,23586.55,-36.92,-0.16,7.8,31.07,0.13,-34.84,-0.15,-2366.53,-23.67,64
268,Exit short,2023-02-28 19:25,Opposite signal,1813.08,7,12684.161,-11.6,-0.09,4.2,49.27,0.39,-13.52,-0.11,-2378.13,-23.78,386
268,Entry short,2023-02-28 12:59,S286,1812.023,7,12684.161,-11.6,-0.09,4.2,49.27,0.39,-13.52,-0.11,-2378.13,-23.78,386
269,Exit long,2023-03-01 09:05,Opposite signal,1829.97,12,21908.94,43.5,0.20,7.2,62.4,0.28,-10.62,-0.05,-2334.63,-23.35,119
269,Entry long,2023-03-01 07:06,L288,1825.745,12,21908.94,43.5,0.20,7.2,62.4,0.28,-10.62,-0.05,-2334.63,-23.35,119
270,Exit short,2023-03-01 09:32,Opposite signal,1831.305,17,31110.578,-31.81,-0.10,10.2,0,0.00,-29.26,-0.09,-2366.44,-23.66,25
270,Entry short,2023-03-01 09:07,S289,1830.034,17,31110.578,-31.81,-0.10,10.2,0,0.00,-29.26,-0.09,-2366.44,-23.66,25
271,Exit long,2023-03-01 13:07,Opposite signal,1831.83,15,27468.675,-0.22,0.00,9,79.43,0.29,-23.62,-0.09,-2366.66,-23.67,214
271,Entry long,2023-03-01 09:33,L290,1831.245,15,27468.675,-0.22,0.00,9,79.43,0.29,-23.62,-0.09,-2366.66,-23.67,214
272,Exit short,2023-03-01 14:32,Opposite signal,1836.995,9,16494.705,-43.65,-0.26,5.4,0,0.00,-43.42,-0.26,-2410.31,-24.10,82
272,Entry short,2023-03-01 13:10,S291,1832.745,9,16494.705,-43.65,-0.26,5.4,0,0.00,-43.42,-0.26,-2410.31,-24.10,82
273,Exit long,2023-03-01 14:51,Opposite signal,1831.225,7,12857.88,-43.5,-0.34,4.2,6.51,0.05,-42.14,-0.33,-2453.82,-24.54,18
273,Entry long,2023-03-01 14:33,L292,1836.84,7,12857.88,-43.5,-0.34,4.2,6.51,0.05,-42.14,-0.33,-2453.82,-24.54,18
274,Exit short,2023-03-01 17:04,Opposite signal,1838.285,7,12826.779,-45.42,-0.35,4.2,8.62,0.07,-45.14,-0.35,-2499.23,-24.99,123
274,Entry short,2023-03-01 15:01,S293,1832.397,7,12826.779,-45.42,-0.35,4.2,8.62,0.07,-45.14,-0.35,-2499.23,-24.99,123
275,Exit long,2023-03-01 18:40,Opposite signal,1837.285,5,9190.35,-6.92,-0.08,3,16.8,0.18,-19.35,-0.21,-2506.16,-25.06,95
275,Entry long,2023-03-01 17:05,L294,1838.07,5,9190.35,-6.92,-0.08,3,16.8,0.18,-19.35,-0.21,-2506.16,-25.06,95
276,Exit short,2023-03-01 19:33,Opposite signal,1838.435,8,14698.472,-13.81,-0.09,4.8,24.63,0.17,-11.77,-0.08,-2519.96,-25.20,52
276,Entry short,2023-03-01 18:41,S295,1837.309,8,14698.472,-13.81,-0.09,4.8,24.63,0.17,-11.77,-0.08,-2519.96,-25.20,52
277,Exit long,2023-03-01 20:36,Opposite signal,1839.23,8,14706.84,2.2,0.01,4.8,49.4,0.34,-13.48,-0.09,-2517.76,-25.18,62
277,Entry long,2023-03-01 19:34,L296,1838.355,8,14706.84,2.2,0.01,4.8,49.4,0.34,-13.48,-0.09,-2517.76,-25.18,62
278,Exit short,2023-03-02 02:00,Time flat,1838.265,5,9181.665,-12.66,-0.14,3,0.54,0.01,-35.21,-0.38,-2530.43,-25.30,314
278,Entry short,2023-03-01 20:46,S297,1836.333,5,9181.665,-12.66,-0.14,3,0.54,0.01,-35.21,-0.38,-2530.43,-25.30,314
279,Exit long,2023-03-03 02:00,Time flat,1836.785,11,20163.22,34.82,0.17,6.6,62.81,0.31,-34.76,-0.17,-2495.61,-24.96,707
279,Entry long,2023-03-02 14:13,L298,1833.02,11,20163.22,34.82,0.17,6.6,62.81,0.31,-34.76,-0.17,-2495.61,-24.96,707
280,Exit short,2023-03-03 13:31,Opposite signal,1843.875,14,25802.336,-20.31,-0.08,8.4,9.09,0.04,-20.17,-0.08,-2515.92,-25.16,34
280,Entry short,2023-03-03 12:57,S299,1843.024,14,25802.336,-20.31,-0.08,8.4,9.09,0.04,-20.17,-0.08,-2515.92,-25.16,34
281,Exit long,2023-03-03 18:13,Opposite signal,1845.61,15,27656.775,18.38,0.07,9,78.22,0.28,-16.57,-0.06,-2497.55,-24.98,276
281,Entry long,2023-03-03 13:37,L300,1843.785,15,27656.775,18.38,0.07,9,78.22,0.28,-16.57,-0.06,-2497.55,-24.98,276
282,Exit short,2023-03-03 20:55,Opposite signal,1844.225,10,18457.79,9.54,0.05,6,63.64,0.34,-27.61,-0.15,-2488.01,-24.88,146
282,Entry short,2023-03-03 18:29,S301,1845.779,10,18457.79,9.54,0.05,6,63.64,0.34,-27.61,-0.15,-2488.01,-24.88,146
283,Exit long,2023-03-03 22:49,Opposite signal,1846.37,7,12908.665,11.73,0.09,4.2,27.69,0.21,-17.25,-0.13,-2476.28,-24.76,113
283,Entry long,2023-03-03 20:56,L302,1844.095,7,12908.665,11.73,0.09,4.2,27.69,0.21,-17.25,-0.13,-2476.28,-24.76,113
284,Exit short,2023-03-03 23:00,Weekend flat,1846.685,15,27702.36,-6.91,-0.02,9,8.76,0.03,-5.86,-0.02,-2483.2,-24.83,8
284,Entry short,2023-03-03 22:52,S303,1846.824,15,27702.36,-6.91,-0.02,9,8.76,0.03,-5.86,-0.02,-2483.2,-24.83,8
285,Exit short,2023-03-06 18:11,Opposite signal,1850.805,7,12968.116,8.28,0.06,4.2,34.74,0.27,-5.61,-0.04,-2474.92,-24.75,145
285,Entry short,2023-03-06 15:46,S304,1852.588,7,12968.116,8.28,0.06,4.2,34.74,0.27,-5.61,-0.04,-2474.92,-24.75,145
286,Exit long,2023-03-06 20:36,Opposite signal,1849.865,15,27778.92,-39.94,-0.14,9,25.23,0.09,-36.04,-0.13,-2514.86,-25.15,126
286,Entry long,2023-03-06 18:30,L305,1851.928,15,27778.92,-39.94,-0.14,9,25.23,0.09,-36.04,-0.13,-2514.86,-25.15,126
287,Exit short,2023-03-07 02:00,Time flat,1846.535,9,16652.7,28.49,0.17,5.4,42.98,0.26,-36.76,-0.22,-2486.38,-24.86,323
287,Entry short,2023-03-06 20:37,S306,1850.3,9,16652.7,28.49,0.17,5.4,42.98,0.26,-36.76,-0.22,-2486.38,-24.86,323
288,Exit long,2023-03-07 09:17,Opposite signal,1847,21,38742.732,31.67,0.08,12.6,112.41,0.29,-6.55,-0.02,-2454.71,-24.55,194
288,Entry long,2023-03-07 06:00,L307,1844.892,21,38742.732,31.67,0.08,12.6,112.41,0.29,-6.55,-0.02,-2454.71,-24.55,194
289,Exit short,2023-03-07 12:55,Opposite signal,1850.315,10,18473.25,-35.9,-0.19,6,15.9,0.09,-33.45,-0.18,-2490.61,-24.91,209
289,Entry short,2023-03-07 09:24,S308,1847.325,10,18473.25,-35.9,-0.19,6,15.9,0.09,-33.45,-0.18,-2490.61,-24.91,209
290,Exit long,2023-03-07 14:49,Opposite signal,1845.17,8,14801.096,-44.54,-0.30,4.8,3.62,0.02,-42.5,-0.29,-2535.15,-25.35,104
290,Entry long,2023-03-07 13:05,L309,1850.137,8,14801.096,-44.54,-0.30,4.8,3.62,0.02,-42.5,-0.29,-2535.15,-25.35,104
291,Exit short,2023-03-07 21:00,S310 exit,1820.745,6,11072.61,144.54,1.31,3.6,146.34,1.32,-9.12,-0.08,-2390.61,-23.91,369
291,Entry short,2023-03-07 14:51,S310,1845.435,6,11072.61,144.54,1.31,3.6,146.34,1.32,-9.12,-0.08,-2390.61,-23.91,369
292,Exit long,2023-03-07 21:16,Opposite signal,1820.04,8,14596.728,-41.21,-0.28,4.8,0,0.00,-44.81,-0.31,-2431.81,-24.32,8
292,Entry long,2023-03-07 21:08,L311,1824.591,8,14596.728,-41.21,-0.28,4.8,0,0.00,-44.81,-0.31,-2431.81,-24.32,8
293,Exit short,2023-03-08 02:00,Time flat,1814.755,7,12748.19,40.71,0.32,4.2,56.67,0.44,-16.31,-0.13,-2391.11,-23.91,283
293,Entry short,2023-03-07 21:17,S312,1821.17,7,12748.19,40.71,0.32,4.2,56.67,0.44,-16.31,-0.13,-2391.11,-23.91,283
294,Exit long,2023-03-08 08:14,Opposite signal,1811.365,13,23575.331,-35.39,-0.15,7.8,1.6,0.01,-32.66,-0.14,-2426.49,-24.26,68
294,Entry long,2023-03-08 07:06,L313,1813.487,13,23575.331,-35.39,-0.15,7.8,1.6,0.01,-32.66,-0.14,-2426.49,-24.26,68
295,Exit short,2023-03-08 09:36,Opposite signal,1810.655,11,19926.61,2.81,0.01,6.6,19.64,0.10,-9.62,-0.05,-2423.69,-24.24,80
295,Entry short,2023-03-08 08:15,S314,1811.51,11,19926.61,2.81,0.01,6.6,19.64,0.10,-9.62,-0.05,-2423.69,-24.24,80
296,Exit long,2023-03-08 10:47,Opposite signal,1811.005,17,30779.911,-3.03,-0.01,10.2,17.37,0.06,-12.21,-0.04,-2426.72,-24.27,67
296,Entry long,2023-03-08 09:40,L315,1810.583,17,30779.911,-3.03,-0.01,10.2,17.37,0.06,-12.21,-0.04,-2426.72,-24.27,67
297,Exit short,2023-03-08 11:14,Opposite signal,1811.985,20,36223,-28.7,-0.08,12,6.9,0.02,-22.7,-0.06,-2455.42,-24.55,24
297,Entry short,2023-03-08 10:50,S316,1811.15,20,36223,-28.7,-0.08,12,6.9,0.02,-22.7,-0.06,-2455.42,-24.55,24
298,Exit long,2023-03-08 11:58,Opposite signal,1811.695,14,25373.362,-18.03,-0.07,8.4,8.78,0.03,-15.79,-0.06,-2473.45,-24.73,38
298,Entry long,2023-03-08 11:20,L317,1812.383,14,25373.362,-18.03,-0.07,8.4,8.78,0.03,-15.79,-0.06,-2473.45,-24.73,38
299,Exit short,2023-03-08 12:21,Opposite signal,1813.46,15,27176.625,-34.27,-0.13,9,0,0.00,-29.77,-0.11,-2507.72,-25.08,22
299,Entry short,2023-03-08 11:59,S318,1811.775,15,27176.625,-34.27,-0.13,9,0,0.00,-29.77,-0.11,-2507.72,-25.08,22
300,Exit long,2023-03-08 12:41,Opposite signal,1813.325,14,25388.118,-9.97,-0.04,8.4,10.33,0.04,-5.77,-0.02,-2517.69,-25.18,10
300,Entry long,2023-03-08 12:31,L319,1813.437,14,25388.118,-9.97,-0.04,8.4,10.33,0.04,-5.77,-0.02,-2517.69,-25.18,10
301,Exit short,2023-03-08 13:10,Opposite signal,1814.66,19,34460.205,-29.73,-0.09,11.4,7.89,0.02,-24.03,-0.07,-2547.43,-25.47,28
301,Entry short,2023-03-08 12:42,S320,1813.695,19,34460.205,-29.73,-0.09,11.4,7.89,0.02,-24.03,-0.07,-2547.43,-25.47,28
302,Exit long,2023-03-08 16:04,Opposite signal,1812.75,15,27218.82,-36.57,-0.13,9,6.48,0.02,-32.07,-0.12,-2584,-25.84,172
302,Entry long,2023-03-08 13:12,L321,1814.588,15,27218.82,-36.57,-0.13,9,6.48,0.02,-32.07,-0.12,-2584,-25.84,172
303,Exit short,2023-03-08 16:37,Opposite signal,1815.865,12,21755.76,-41.82,-0.19,7.2,0,0.00,-39.3,-0.18,-2625.82,-26.26,28
303,Entry short,2023-03-08 16:09,S322,1812.98,12,21755.76,-41.82,-0.19,7.2,0,0.00,-39.3,-0.18,-2625.82,-26.26,28
304,Exit long,2023-03-08 22:40,Opposite signal,1815.825,10,18156.1,-3.85,-0.02,6,83.95,0.46,-36.3,-0.20,-2629.67,-26.30,338
304,Entry long,2023-03-08 17:02,L323,1815.61,10,18156.1,-3.85,-0.02,6,83.95,0.46,-36.3,-0.20,-2629.67,-26.30,338
305,Exit short,2023-03-09 08:02,Opposite signal,1813.865,11,19948.445,-10.67,-0.05,6.6,13.31,0.07,-7.92,-0.04,-2640.34,-26.40,36
305,Entry short,2023-03-09 07:26,S325,1813.495,11,19948.445,-10.67,-0.05,6.6,13.31,0.07,-7.92,-0.04,-2640.34,-26.40,36
306,Exit long,2023-03-09 08:31,Opposite signal,1812.825,15,27204.45,-21.07,-0.08,9,2.55,0.01,-16.8,-0.06,-2661.41,-26.61,28
306,Entry long,2023-03-09 08:03,L326,1813.63,15,27204.45,-21.07,-0.08,9,2.55,0.01,-16.8,-0.06,-2661.41,-26.61,28
307,Exit short,2023-03-09 08:52,Opposite signal,1813.44,18,32635.242,-17.48,-0.05,10.8,1.6,0.00,-12.89,-0.04,-2678.89,-26.79,17
307,Entry short,2023-03-09 08:35,S327,1813.069,18,32635.242,-17.48,-0.05,10.8,1.6,0.00,-12.89,-0.04,-2678.89,-26.79,17
308,Exit long,2023-03-09 11:15,Opposite signal,1815.045,21,38078.88,24.47,0.06,12.6,53.24,0.14,-17.11,-0.04,-2654.42,-26.54,137
308,Entry long,2023-03-09 08:53,L328,1813.28,21,38078.88,24.47,0.06,12.6,53.24,0.14,-17.11,-0.04,-2654.42,-26.54,137
309,Exit short,2023-03-09 12:55,Opposite signal,1814.11,20,36311.1,16.9,0.05,12,48.9,0.13,-9.9,-0.03,-2637.52,-26.38,99
309,Entry short,2023-03-09 11:16,S329,1815.555,20,36311.1,16.9,0.05,12,48.9,0.13,-9.9,-0.03,-2637.52,-26.38,99
310,Exit long,2023-03-09 17:08,Opposite signal,1819.54,17,30839.36,82.62,0.27,10.2,100.47,0.33,-10.37,-0.03,-2554.9,-25.55,217
310,Entry long,2023-03-09 13:31,L330,1814.08,17,30839.36,82.62,0.27,10.2,100.47,0.33,-10.37,-0.03,-2554.9,-25.55,217
311,Exit short,2023-03-09 18:57,Opposite signal,1817.68,21,38217.9,34.02,0.09,12.6,85.37,0.22,-17.43,-0.05,-2520.88,-25.21,108
311,Entry short,2023-03-09 17:09,S331,1819.9,21,38217.9,34.02,0.09,12.6,85.37,0.22,-17.43,-0.05,-2520.88,-25.21,108
312,Exit long,2023-03-09 20:05,L332 exit,1829.335,14,25445.21,157.08,0.62,8.4,161.28,0.63,-7.98,-0.03,-2363.8,-23.64,66
312,Entry long,2023-03-09 18:59,L332,1817.515,14,25445.21,157.08,0.62,8.4,161.28,0.63,-7.98,-0.03,-2363.8,-23.64,66
313,Exit short,2023-03-10 23:00,Weekend flat,1862.725,4,7430.052,-23.25,-0.31,2.4,8.67,0.12,-22.13,-0.30,-2387.05,-23.87,51
313,Entry short,2023-03-10 22:09,S333,1857.513,4,7430.052,-23.25,-0.31,2.4,8.67,0.12,-22.13,-0.30,-2387.05,-23.87,51
314,Exit short,2023-03-13 19:09,Opposite signal,1903.265,6,11376.09,-47.1,-0.41,3.6,2.1,0.02,-48,-0.42,-2434.15,-24.34,33
314,Entry short,2023-03-13 18:36,S334,1896.015,6,11376.09,-47.1,-0.41,3.6,2.1,0.02,-48,-0.42,-2434.15,-24.34,33
315,Exit long,2023-03-14 02:00,Time flat,1912.255,5,9514.375,43.9,0.46,3,57.6,0.61,-33.83,-0.36,-2390.25,-23.90,392
315,Entry long,2023-03-13 19:28,L335,1902.875,5,9514.375,43.9,0.46,3,57.6,0.61,-33.83,-0.36,-2390.25,-23.90,392
316,Exit short,2023-03-14 10:27,Opposite signal,1903.325,17,32344.965,-21.76,-0.07,10.2,11.56,0.04,-17.93,-0.06,-2412.01,-24.12,23
316,Entry short,2023-03-14 10:04,S336,1902.645,17,32344.965,-21.76,-0.07,10.2,11.56,0.04,-17.93,-0.06,-2412.01,-24.12,23
317,Exit long,2023-03-14 10:56,Opposite signal,1901.635,15,28547.925,-32.4,-0.11,9,6.83,0.02,-28.05,-0.10,-2444.41,-24.44,20
317,Entry long,2023-03-14 10:36,L337,1903.195,15,28547.925,-32.4,-0.11,9,6.83,0.02,-28.05,-0.10,-2444.41,-24.44,20
318,Exit short,2023-03-14 11:29,Opposite signal,1904.43,13,24729.9,-35.49,-0.14,7.8,5.59,0.02,-33.02,-0.13,-2479.9,-24.80,32
318,Entry short,2023-03-14 10:57,S338,1902.3,13,24729.9,-35.49,-0.14,7.8,5.59,0.02,-33.02,-0.13,-2479.9,-24.80,32
319,Exit long,2023-03-14 14:09,Opposite signal,1903.485,11,20944.99,-13.25,-0.06,6.6,101.04,0.48,-18.64,-0.09,-2493.16,-24.93,159
319,Entry long,2023-03-14 11:30,L339,1904.09,11,20944.99,-13.25,-0.06,6.6,101.04,0.48,-18.64,-0.09,-2493.16,-24.93,159
320,Exit short,2023-03-15 02:00,Time flat,1903.37,4,7615.948,0.07,0.00,2.4,33.01,0.43,-33.33,-0.44,-2493.09,-24.93,693
320,Entry short,2023-03-14 14:27,S340,1903.987,4,7615.948,0.07,0.00,2.4,33.01,0.43,-33.33,-0.44,-2493.09,-24.93,693
321,Exit short,2023-03-15 21:45,S342 exit,1931.435,4,7682.788,-45.35,-0.59,2.4,11.23,0.15,-44.15,-0.57,-2538.44,-25.38,154
321,Entry short,2023-03-15 19:11,S342,1920.697,4,7682.788,-45.35,-0.59,2.4,11.23,0.15,-44.15,-0.57,-2538.44,-25.38,154
322,Exit short,2023-03-16 02:00,Time flat,1917.93,4,7704.62,30.5,0.40,2.4,67.06,0.87,-11.86,-0.15,-2507.94,-25.08,182
322,Entry short,2023-03-15 22:58,S344,1926.155,4,7704.62,30.5,0.40,2.4,67.06,0.87,-11.86,-0.15,-2507.94,-25.08,182
323,Exit long,2023-03-16 18:02,Opposite signal,1925.47,3,5773.35,1.26,0.02,1.8,20.7,0.36,-4.17,-0.07,-2506.68,-25.07,81
323,Entry long,2023-03-16 16:41,L345,1924.45,3,5773.35,1.26,0.02,1.8,20.7,0.36,-4.17,-0.07,-2506.68,-25.07,81
324,Exit short,2023-03-16 18:52,Opposite signal,1931.825,7,13483.778,-43.2,-0.32,4.2,0,0.00,-41.87,-0.31,-2549.88,-25.50,49
324,Entry short,2023-03-16 18:03,S346,1926.254,7,13483.778,-43.2,-0.32,4.2,0,0.00,-41.87,-0.31,-2549.88,-25.50,49
325,Exit long,2023-03-16 19:18,Opposite signal,1924.39,6,11589.9,-47.16,-0.41,3.6,4.86,0.04,-47.13,-0.41,-2597.04,-25.97,25
325,Entry long,2023-03-16 18:53,L347,1931.65,6,11589.9,-47.16,-0.41,3.6,4.86,0.04,-47.13,-0.41,-2597.04,-25.97,25
326,Exit short,2023-03-16 21:27,Opposite signal,1920.945,6,11557.662,28.39,0.25,3.6,75.28,0.65,-38.6,-0.33,-2568.65,-25.69,128
326,Entry short,2023-03-16 19:19,S348,1926.277,6,11557.662,28.39,0.25,3.6,75.28,0.65,-38.6,-0.33,-2568.65,-25.69,128
327,Exit long,2023-03-17 02:00,Time flat,1919.34,6,11517.39,-4.95,-0.04,3.6,8.1,0.07,-32.67,-0.28,-2573.6,-25.74,272
327,Entry long,2023-03-16 21:28,L349,1919.565,6,11517.39,-4.95,-0.04,3.6,8.1,0.07,-32.67,-0.28,-2573.6,-25.74,272
328,Exit short,2023-03-17 06:42,Opposite signal,1920.035,14,26887.112,-1.78,-0.01,8.4,26.64,0.10,-4.93,-0.02,-2575.37,-25.75,38
328,Entry short,2023-03-17 06:04,S350,1920.508,14,26887.112,-1.78,-0.01,8.4,26.64,0.10,-4.93,-0.02,-2575.37,-25.75,38
329,Exit short,2023-03-17 12:24,Opposite signal,1933.18,9,17363.79,-40.23,-0.23,5.4,0,0.00,-39.96,-0.23,-2615.6,-26.16,38
329,Entry short,2023-03-17 11:46,S352,1929.31,9,17363.79,-40.23,-0.23,5.4,0,0.00,-39.96,-0.23,-2615.6,-26.16,38
330,Exit long,2023-03-17 13:46,Opposite signal,1927.925,8,15463.36,-44.76,-0.29,4.8,10.08,0.07,-43.76,-0.28,-2660.36,-26.60,81
330,Entry long,2023-03-17 12:25,L353,1932.92,8,15463.36,-44.76,-0.29,4.8,10.08,0.07,-43.76,-0.28,-2660.36,-26.60,81
331,Exit short,2023-03-17 16:52,Opposite signal,1934.945,7,13504.379,-44.44,-0.33,4.2,5.05,0.04,-42.79,-0.32,-2704.8,-27.05,178
331,Entry short,2023-03-17 13:54,S354,1929.197,7,13504.379,-44.44,-0.33,4.2,5.05,0.04,-42.79,-0.32,-2704.8,-27.05,178
332,Exit long,2023-03-17 20:14,L355 exit,1961.495,6,11606.88,158.49,1.37,3.6,160.29,1.38,-5.19,-0.04,-2546.31,-25.46,187
332,Entry long,2023-03-17 17:07,L355,1934.48,6,11606.88,158.49,1.37,3.6,160.29,1.38,-5.19,-0.04,-2546.31,-25.46,187
333,Exit short,2023-03-20 07:01,Opposite signal,1971.59,12,23628.06,-38.22,-0.16,7.2,4.92,0.02,-34.62,-0.15,-2584.53,-25.85,14
333,Entry short,2023-03-20 06:47,S356,1969.005,12,23628.06,-38.22,-0.16,7.2,4.92,0.02,-34.62,-0.15,-2584.53,-25.85,14
334,Exit long,2023-03-20 11:29,L357 exit,1987.655,10,19715.82,154.73,0.78,6,157.73,0.80,-26.02,-0.13,-2429.8,-24.30,264
334,Entry long,2023-03-20 07:05,L357,1971.582,10,19715.82,154.73,0.78,6,157.73,0.80,-26.02,-0.13,-2429.8,-24.30,264
335,Exit short,2023-03-21 02:00,Time flat,1978.555,7,13883.716,29.63,0.21,4.2,119.69,0.86,-31.93,-0.23,-2400.17,-24.00,621
335,Entry short,2023-03-20 15:38,S358,1983.388,7,13883.716,29.63,0.21,4.2,119.69,0.86,-31.93,-0.23,-2400.17,-24.00,621
336,Exit long,2023-03-21 13:36,L359 exit,1964.99,3,5941.236,-48.07,-0.81,1.8,7.81,0.13,-47.17,-0.79,-2448.23,-24.48,160
336,Entry long,2023-03-21 10:56,L359,1980.412,3,5941.236,-48.07,-0.81,1.8,7.81,0.13,-47.17,-0.79,-2448.23,-24.48,160
337,Exit short,2023-03-22 02:00,Time flat,1940.475,2,3931.98,49.83,1.27,1.2,60.45,1.54,-8.44,-0.21,-2398.41,-23.98,742
337,Entry short,2023-03-21 13:38,S360,1965.99,2,3931.98,49.83,1.27,1.2,60.45,1.54,-8.44,-0.21,-2398.41,-23.98,742
338,Exit long,2023-03-22 07:33,Opposite signal,1941.69,14,27218.478,-43.22,-0.16,8.4,25.59,0.09,-39.79,-0.15,-2441.62,-24.42,66
338,Entry long,2023-03-22 06:27,L361,1944.177,14,27218.478,-43.22,-0.16,8.4,25.59,0.09,-39.79,-0.15,-2441.62,-24.42,66
339,Exit long,2023-03-22 08:27,Opposite signal,1939.33,12,23308.272,-43.51,-0.19,7.2,0,0.00,-43.03,-0.18,-2485.14,-24.85,13
339,Entry long,2023-03-22 08:14,L363,1942.356,12,23308.272,-43.51,-0.19,7.2,0,0.00,-43.03,-0.18,-2485.14,-24.85,13
340,Exit short,2023-03-22 12:08,Opposite signal,1942.505,10,19398.1,-32.95,-0.17,6,15.15,0.08,-32.2,-0.17,-2518.08,-25.18,220
340,Entry short,2023-03-22 08:28,S364,1939.81,10,19398.1,-32.95,-0.17,6,15.15,0.08,-32.2,-0.17,-2518.08,-25.18,220
341,Exit long,2023-03-22 12:55,Opposite signal,1937.665,8,15537.768,-41.25,-0.27,4.8,3.15,0.02,-39.65,-0.26,-2559.33,-25.59,40
341,Entry long,2023-03-22 12:15,L365,1942.221,8,15537.768,-41.25,-0.27,4.8,3.15,0.02,-39.65,-0.26,-2559.33,-25.59,40
342,Exit short,2023-03-22 13:45,S366 exit,1944.63,7,13565.965,-50.64,-0.37,4.2,2.31,0.02,-48.54,-0.36,-2609.98,-26.10,39
342,Entry short,2023-03-22 13:06,S366,1937.995,7,13565.965,-50.64,-0.37,4.2,2.31,0.02,-48.54,-0.36,-2609.98,-26.10,39
343,Exit long,2023-03-22 16:54,Opposite signal,1940.35,5,9712.9,-14.15,-0.15,3,14,0.14,-12.9,-0.13,-2624.13,-26.24,163
343,Entry long,2023-03-22 14:11,L367,1942.58,5,9712.9,-14.15,-0.15,3,14,0.14,-12.9,-0.13,-2624.13,-26.24,163
344,Exit short,2023-03-22 17:26,Opposite signal,1943.23,7,13588.05,-18.76,-0.14,4.2,6.9,0.05,-17.64,-0.13,-2642.89,-26.43,31
344,Entry short,2023-03-22 16:55,S368,1941.15,7,13588.05,-18.76,-0.14,4.2,6.9,0.05,-17.64,-0.13,-2642.89,-26.43,31
345,Exit long,2023-03-22 18:07,Opposite signal,1939.35,11,21367.423,-41.17,-0.19,6.6,8.55,0.04,-41.23,-0.19,-2684.06,-26.84,38
345,Entry long,2023-03-22 17:29,L369,1942.493,11,21367.423,-41.17,-0.19,6.6,8.55,0.04,-41.23,-0.19,-2684.06,-26.84,38
346,Exit short,2023-03-22 18:37,Opposite signal,1940.355,9,17458.785,-9.81,-0.06,5.4,21.92,0.13,-9.63,-0.06,-2693.87,-26.94,22
346,Entry short,2023-03-22 18:15,S370,1939.865,9,17458.785,-9.81,-0.06,5.4,21.92,0.13,-9.63,-0.06,-2693.87,-26.94,22
347,Exit long,2023-03-22 20:52,Opposite signal,1948.56,11,21338.46,89.1,0.42,6.6,130.29,0.61,-21.61,-0.10,-2604.77,-26.05,133
347,Entry long,2023-03-22 18:39,L371,1939.86,11,21338.46,89.1,0.42,6.6,130.29,0.61,-21.61,-0.10,-2604.77,-26.05,133
348,Exit short,2023-03-22 21:54,Opposite signal,1947.45,10,19487.25,6.75,0.03,6,26.95,0.14,-9.1,-0.05,-2598.02,-25.98,61
348,Entry short,2023-03-22 20:53,S372,1948.725,10,19487.25,6.75,0.03,6,26.95,0.14,-9.1,-0.05,-2598.02,-25.98,61
349,Exit long,2023-03-22 22:37,Opposite signal,1947.735,12,23377.284,-11.66,-0.05,7.2,29.92,0.13,-8.48,-0.04,-2609.68,-26.10,36
349,Entry long,2023-03-22 22:01,L373,1948.107,12,23377.284,-11.66,-0.05,7.2,29.92,0.13,-8.48,-0.04,-2609.68,-26.10,36
350,Exit short,2023-03-23 15:38,Opposite signal,1978.99,6,11859.21,-18.33,-0.15,3.6,11.37,0.10,-17.31,-0.15,-2628.01,-26.28,139
350,Entry short,2023-03-23 13:19,S375,1976.535,6,11859.21,-18.33,-0.15,3.6,11.37,0.10,-17.31,-0.15,-2628.01,-26.28,139
351,Exit long,2023-03-23 16:23,Opposite signal,1978.205,9,17803.782,-5.34,-0.03,5.4,20.67,0.12,-19.38,-0.11,-2633.35,-26.33,41
351,Entry long,2023-03-23 15:42,L376,1978.198,9,17803.782,-5.34,-0.03,5.4,20.67,0.12,-19.38,-0.11,-2633.35,-26.33,41
352,Exit short,2023-03-23 19:21,Opposite signal,1980.6,12,23748.36,-26.04,-0.11,7.2,145.68,0.61,-22.44,-0.09,-2659.39,-26.59,177
352,Entry short,2023-03-23 16:24,S377,1979.03,12,23748.36,-26.04,-0.11,7.2,145.68,0.61,-22.44,-0.09,-2659.39,-26.59,177
353,Exit long,2023-03-24 00:26,Opposite signal,1997.385,3,5941.404,48.95,0.82,1.8,67.78,1.14,-8.96,-0.15,-2610.44,-26.10,281
353,Entry long,2023-03-23 19:45,L378,1980.468,3,5941.404,48.95,0.82,1.8,67.78,1.14,-8.96,-0.15,-2610.44,-26.10,281
354,Exit long,2023-03-24 19:29,Opposite signal,1988.98,4,7971.76,-18.24,-0.23,2.4,39.36,0.49,-17.98,-0.23,-2628.68,-26.29,187
354,Entry long,2023-03-24 16:22,L379,1992.94,4,7971.76,-18.24,-0.23,2.4,39.36,0.49,-17.98,-0.23,-2628.68,-26.29,187
355,Exit short,2023-03-24 23:00,Weekend flat,1980.94,3,5970.801,26.18,0.44,1.8,29.87,0.50,-25.43,-0.43,-2602.5,-26.02,206
355,Entry short,2023-03-24 19:34,S380,1990.267,3,5970.801,26.18,0.44,1.8,29.87,0.50,-25.43,-0.43,-2602.5,-26.02,206
356,Exit long,2023-03-27 12:33,Opposite signal,1968.95,12,23630.4,-10.2,-0.04,7.2,22.14,0.09,-8.64,-0.04,-2612.7,-26.13,27
356,Entry long,2023-03-27 12:06,L381,1969.2,12,23630.4,-10.2,-0.04,7.2,22.14,0.09,-8.64,-0.04,-2612.7,-26.13,27
357,Exit short,2023-03-27 13:14,Opposite signal,1970.83,13,25604.345,-24.24,-0.09,7.8,42.77,0.17,-20.34,-0.08,-2636.94,-26.37,40
357,Entry short,2023-03-27 12:34,S382,1969.565,13,25604.345,-24.24,-0.09,7.8,42.77,0.17,-20.34,-0.08,-2636.94,-26.37,40
358,Exit long,2023-03-27 14:50,L383 exit,1964.975,8,15765.12,-50.12,-0.32,4.8,10.4,0.07,-47.72,-0.30,-2687.06,-26.87,84
358,Entry long,2023-03-27 13:26,L383,1970.64,8,15765.12,-50.12,-0.32,4.8,10.4,0.07,-47.72,-0.30,-2687.06,-26.87,84
359,Exit short,2023-03-27 17:54,Opposite signal,1955.835,9,17611.2,3.29,0.02,5.4,74.16,0.42,-7.74,-0.04,-2683.78,-26.84,143
359,Entry short,2023-03-27 15:31,S384,1956.8,9,17611.2,3.29,0.02,5.4,74.16,0.42,-7.74,-0.04,-2683.78,-26.84,143
360,Exit long,2023-03-27 18:17,L385 exit,1947.26,5,9775.525,-42.22,-0.43,3,14.28,0.15,-40.72,-0.42,-2726,-27.26,22
360,Entry long,2023-03-27 17:55,L385,1955.105,5,9775.525,-42.22,-0.43,3,14.28,0.15,-40.72,-0.42,-2726,-27.26,22
361,Exit short,2023-03-27 20:43,Opposite signal,1958.34,4,7793.832,-41.93,-0.54,2.4,16.45,0.21,-41.23,-0.53,-2767.93,-27.68,143
361,Entry short,2023-03-27 18:20,S386,1948.458,4,7793.832,-41.93,-0.54,2.4,16.45,0.21,-41.23,-0.53,-2767.93,-27.68,143
362,Exit long,2023-03-27 22:45,Opposite signal,1952.8,3,5873.28,-16.68,-0.28,1.8,4.2,0.07,-15.99,-0.27,-2784.61,-27.85,121
362,Entry long,2023-03-27 20:44,L387,1957.76,3,5873.28,-16.68,-0.28,1.8,4.2,0.07,-15.99,-0.27,-2784.61,-27.85,121
363,Exit short,2023-03-28 10:48,Opposite signal,1959.245,17,33283.501,-33.86,-0.10,10.2,13.06,0.04,-28.76,-0.09,-2818.48,-28.18,19
363,Entry short,2023-03-28 10:29,S389,1957.853,17,33283.501,-33.86,-0.10,10.2,13.06,0.04,-28.76,-0.09,-2818.48,-28.18,19
364,Exit long,2023-03-28 11:35,Opposite signal,1957.84,12,23509.8,-22.92,-0.10,7.2,17.88,0.08,-23.52,-0.10,-2841.4,-28.41,45
364,Entry long,2023-03-28 10:50,L390,1959.15,12,23509.8,-22.92,-0.10,7.2,17.88,0.08,-23.52,-0.10,-2841.4,-28.41,45
365,Exit short,2023-03-28 15:17,Opposite signal,1953.64,12,23500.236,49.36,0.21,7.2,105.7,0.45,-7.58,-0.03,-2792.04,-27.92,219
365,Entry short,2023-03-28 11:38,S391,1958.353,12,23500.236,49.36,0.21,7.2,105.7,0.45,-7.58,-0.03,-2792.04,-27.92,219
366,Exit long,2023-03-28 22:48,L392 exit,1971.645,9,17580.105,159.3,0.91,5.4,162,0.92,-16.74,-0.10,-2632.74,-26.33,450
366,Entry long,2023-03-28 15:18,L392,1953.345,9,17580.105,159.3,0.91,5.4,162,0.92,-16.74,-0.10,-2632.74,-26.33,450
367,Exit long,2023-03-29 12:32,Opposite signal,1960.13,13,25512.435,-38.54,-0.15,7.8,3.84,0.02,-34.65,-0.14,-2671.29,-26.71,17
367,Entry long,2023-03-29 12:15,L393,1962.495,13,25512.435,-38.54,-0.15,7.8,3.84,0.02,-34.65,-0.14,-2671.29,-26.71,17
368,Exit short,2023-03-29 13:11,Opposite signal,1963.18,12,23527.92,-37.44,-0.16,7.2,19.26,0.08,-34.74,-0.15,-2708.73,-27.09,38
368,Entry short,2023-03-29 12:33,S394,1960.66,12,23527.92,-37.44,-0.16,7.2,19.26,0.08,-34.74,-0.15,-2708.73,-27.09,38
369,Exit long,2023-03-29 16:58,Opposite signal,1965.65,8,15704.72,15.68,0.10,4.8,46.56,0.30,-20.04,-0.13,-2693.05,-26.93,223
369,Entry long,2023-03-29 13:15,L395,1963.09,8,15704.72,15.68,0.10,4.8,46.56,0.30,-20.04,-0.13,-2693.05,-26.93,223
370,Exit short,2023-03-29 19:26,Opposite signal,1967.81,8,15718.104,-29.18,-0.19,4.8,26.78,0.17,-34.22,-0.22,-2722.22,-27.22,128
370,Entry short,2023-03-29 17:18,S396,1964.763,8,15718.104,-29.18,-0.19,4.8,26.78,0.17,-34.22,-0.22,-2722.22,-27.22,128
371,Exit long,2023-03-29 20:38,Opposite signal,1966.175,6,11804.76,-11.31,-0.10,3.6,24.24,0.21,-26.61,-0.23,-2733.53,-27.34,71
371,Entry long,2023-03-29 19:27,L397,1967.46,6,11804.76,-11.31,-0.10,3.6,24.24,0.21,-26.61,-0.23,-2733.53,-27.34,71
372,Exit short,2023-03-29 23:12,Opposite signal,1968.12,7,13763.309,-17.73,-0.13,4.2,36.48,0.27,-19.76,-0.14,-2751.26,-27.51,149
372,Entry short,2023-03-29 20:43,S398,1966.187,7,13763.309,-17.73,-0.13,4.2,36.48,0.27,-19.76,-0.14,-2751.26,-27.51,149
373,Exit long,2023-03-30 10:40,Opposite signal,1960.435,8,15682.32,-3.64,-0.02,4.8,8.88,0.06,-12.56,-0.08,-2754.9,-27.55,104
373,Entry long,2023-03-30 08:56,L399,1960.29,8,15682.32,-3.64,-0.02,4.8,8.88,0.06,-12.56,-0.08,-2754.9,-27.55,104
374,Exit short,2023-03-30 10:55,Opposite signal,1962.285,18,35292.186,-39.74,-0.11,10.8,0,0.00,-38.57,-0.11,-2794.65,-27.95,14
374,Entry short,2023-03-30 10:41,S400,1960.677,18,35292.186,-39.74,-0.11,10.8,0,0.00,-38.57,-0.11,-2794.65,-27.95,14
375,Exit short,2023-03-30 13:08,Opposite signal,1968.795,18,35415.216,-33.89,-0.10,10.8,8.41,0.02,-29.21,-0.08,-2828.54,-28.29,8
375,Entry short,2023-03-30 13:00,S402,1967.512,18,35415.216,-33.89,-0.10,10.8,8.41,0.02,-29.21,-0.08,-2828.54,-28.29,8
376,Exit long,2023-03-30 13:26,Opposite signal,1966.535,14,27560.96,-37.87,-0.14,8.4,0,0.00,-35.56,-0.13,-2866.41,-28.66,9
376,Entry long,2023-03-30 13:17,L403,1968.64,14,27560.96,-37.87,-0.14,8.4,0,0.00,-35.56,-0.13,-2866.41,-28.66,9
377,Exit short,2023-03-30 16:01,Opposite signal,1969.65,11,21635.207,-37.54,-0.17,6.6,17.07,0.08,-35.01,-0.16,-2903.95,-29.04,147
377,Entry short,2023-03-30 13:34,S404,1966.837,11,21635.207,-37.54,-0.17,6.6,17.07,0.08,-35.01,-0.16,-2903.95,-29.04,147
378,Exit long,2023-03-30 18:55,Opposite signal,1967.89,8,15756.68,-18.36,-0.12,4.8,44.16,0.28,-16.52,-0.10,-2922.31,-29.22,168
378,Entry long,2023-03-30 16:07,L405,1969.585,8,15756.68,-18.36,-0.12,4.8,44.16,0.28,-16.52,-0.10,-2922.31,-29.22,168
379,Exit short,2023-03-30 19:49,Opposite signal,1969.195,6,11808.534,-10.24,-0.09,3.6,22.64,0.19,-8.77,-0.07,-2932.55,-29.33,43
379,Entry short,2023-03-30 19:06,S406,1968.089,6,11808.534,-10.24,-0.09,3.6,22.64,0.19,-8.77,-0.07,-2932.55,-29.33,43
380,Exit long,2023-03-31 02:00,Time flat,1981.79,8,15747.68,101.84,0.65,4.8,124.84,0.79,-3.96,-0.03,-2830.71,-28.31,360
380,Entry long,2023-03-30 20:00,L407,1968.46,8,15747.68,101.84,0.65,4.8,124.84,0.79,-3.96,-0.03,-2830.71,-28.31,360
381,Exit short,2023-03-31 13:34,Opposite signal,1976.12,18,35546.706,-34.25,-0.10,10.8,0,0.00,-31.64,-0.09,-2864.96,-28.65,1
381,Entry short,2023-03-31 13:33,S408,1974.817,18,35546.706,-34.25,-0.10,10.8,0,0.00,-31.64,-0.09,-2864.96,-28.65,1
382,Exit long,2023-03-31 14:09,Opposite signal,1974.025,16,31613.68,-38.88,-0.12,9.6,0,0.00,-40.88,-0.13,-2903.84,-29.04,8
382,Entry long,2023-03-31 14:01,L409,1975.855,16,31613.68,-38.88,-0.12,9.6,0,0.00,-40.88,-0.13,-2903.84,-29.04,8
383,Exit short,2023-03-31 14:53,Opposite signal,1979,9,17774.037,-42.36,-0.24,5.4,11.86,0.07,-39.66,-0.22,-2946.21,-29.46,42
383,Entry short,2023-03-31 14:11,S410,1974.893,9,17774.037,-42.36,-0.24,5.4,11.86,0.07,-39.66,-0.22,-2946.21,-29.46,42
384,Exit long,2023-03-31 15:30,Opposite signal,1978.495,7,13851.39,-6.12,-0.04,4.2,9.59,0.07,-4.03,-0.03,-2952.33,-29.52,15
384,Entry long,2023-03-31 15:15,L411,1978.77,7,13851.39,-6.12,-0.04,4.2,9.59,0.07,-4.03,-0.03,-2952.33,-29.52,15
385,Exit short,2023-03-31 16:15,Opposite signal,1980.69,12,23735.088,-40.39,-0.17,7.2,0,0.00,-38.47,-0.16,-2992.72,-29.93,24
385,Entry short,2023-03-31 15:51,S412,1977.924,12,23735.088,-40.39,-0.17,7.2,0,0.00,-38.47,-0.16,-2992.72,-29.93,24
386,Exit long,2023-03-31 17:49,Opposite signal,1978.685,10,19803.1,-22.25,-0.11,6,13.85,0.07,-20.25,-0.10,-3014.97,-30.15,93
386,Entry long,2023-03-31 16:16,L413,1980.31,10,19803.1,-22.25,-0.11,6,13.85,0.07,-20.25,-0.10,-3014.97,-30.15,93
387,Exit short,2023-03-31 18:02,Opposite signal,1982.03,8,15821.64,-39.4,-0.25,4.8,7.2,0.05,-37.92,-0.24,-3054.37,-30.54,5
387,Entry short,2023-03-31 17:57,S414,1977.705,8,15821.64,-39.4,-0.25,4.8,7.2,0.05,-37.92,-0.24,-3054.37,-30.54,5
388,Exit long,2023-03-31 18:38,L415 exit,1975.275,7,13873.965,-51.24,-0.37,4.2,5.39,0.04,-49.14,-0.35,-3105.61,-31.06,24
388,Entry long,2023-03-31 18:14,L415,1981.995,7,13873.965,-51.24,-0.37,4.2,5.39,0.04,-49.14,-0.35,-3105.61,-31.06,24
389,Exit short,2023-03-31 23:00,Weekend flat,1968.67,4,7912.676,35.6,0.45,2.4,39.04,0.49,-25.26,-0.32,-3070.02,-30.70,258
389,Entry short,2023-03-31 18:42,S416,1978.169,4,7912.676,35.6,0.45,2.4,39.04,0.49,-25.26,-0.32,-3070.02,-30.70,258
390,Exit short,2023-04-03 06:56,Opposite signal,1964.265,11,21573.552,-39.96,-0.19,6.6,8.11,0.04,-40.84,-0.19,-3109.98,-31.10,22
390,Entry short,2023-04-03 06:34,S417,1961.232,11,21573.552,-39.96,-0.19,6.6,8.11,0.04,-40.84,-0.19,-3109.98,-31.10,22
391,Exit long,2023-04-03 07:15,L418 exit,1959.195,9,17677.71,-50.35,-0.28,5.4,0,0.00,-47.65,-0.27,-3160.34,-31.60,18
391,Entry long,2023-04-03 06:57,L418,1964.19,9,17677.71,-50.35,-0.28,5.4,0,0.00,-47.65,-0.27,-3160.34,-31.60,18
392,Exit short,2023-04-03 11:30,Opposite signal,1953.855,8,15680.56,44.92,0.29,4.8,79.68,0.51,-9.24,-0.06,-3115.42,-31.15,253
392,Entry short,2023-04-03 07:17,S419,1960.07,8,15680.56,44.92,0.29,4.8,79.68,0.51,-9.24,-0.06,-3115.42,-31.15,253
393,Exit long,2023-04-03 16:22,L420 exit,1971.83,9,17583.57,157.5,0.90,5.4,160.2,0.91,-28.3,-0.16,-2957.92,-29.58,291
393,Entry long,2023-04-03 11:31,L420,1953.73,9,17583.57,157.5,0.90,5.4,160.2,0.91,-28.3,-0.16,-2957.92,-29.58,291
394,Exit short,2023-04-03 19:21,Opposite signal,1980.25,7,13820.184,-45.77,-0.33,4.2,3.72,0.03,-48.04,-0.35,-3003.68,-30.04,16
394,Entry short,2023-04-03 19:05,S421,1974.312,7,13820.184,-45.77,-0.33,4.2,3.72,0.03,-48.04,-0.35,-3003.68,-30.04,16
395,Exit long,2023-04-04 02:00,Time flat,1983.995,5,9897.2,19.77,0.20,3,54.03,0.55,-18.92,-0.19,-2983.91,-29.84,398
395,Entry long,2023-04-03 19:22,L422,1979.44,5,9897.2,19.77,0.20,3,54.03,0.55,-18.92,-0.19,-2983.91,-29.84,398
396,Exit short,2023-04-04 12:12,Opposite signal,1981.61,16,31695.712,-19.65,-0.06,9.6,58.35,0.18,-24.93,-0.08,-3003.55,-30.04,301
396,Entry short,2023-04-04 07:09,S423,1980.982,16,31695.712,-19.65,-0.06,9.6,58.35,0.18,-24.93,-0.08,-3003.55,-30.04,301
397,Exit long,2023-04-04 14:03,Opposite signal,1981.625,8,15851.92,-3.72,-0.02,4.8,20.04,0.13,-23.68,-0.15,-3007.27,-30.07,108
397,Entry long,2023-04-04 12:15,L424,1981.49,8,15851.92,-3.72,-0.02,4.8,20.04,0.13,-23.68,-0.15,-3007.27,-30.07,108
398,Exit short,2023-04-04 15:58,Opposite signal,1984.335,11,21794.542,-39.74,-0.18,6.6,8.05,0.04,-36.83,-0.17,-3047.02,-30.47,103
398,Entry short,2023-04-04 14:15,S425,1981.322,11,21794.542,-39.74,-0.18,6.6,8.05,0.04,-36.83,-0.17,-3047.02,-30.47,103
399,Exit long,2023-04-04 16:48,Opposite signal,1980.175,9,17854.47,-38.29,-0.21,5.4,1.22,0.01,-38.74,-0.22,-3085.31,-30.85,49
399,Entry long,2023-04-04 15:59,L426,1983.83,9,17854.47,-38.29,-0.21,5.4,1.22,0.01,-38.74,-0.22,-3085.31,-30.85,49
400,Exit short,2023-04-04 17:50,S427 exit,1985.38,8,15840.216,-47.62,-0.30,4.8,0.14,0.00,-45.22,-0.29,-3132.94,-31.33,53
400,Entry short,2023-04-04 16:57,S427,1980.027,8,15840.216,-47.62,-0.30,4.8,0.14,0.00,-45.22,-0.29,-3132.94,-31.33,53
401,Exit long,2023-04-04 19:36,L428 exit,2007.675,7,13890.66,158.87,1.14,4.2,160.97,1.16,-20.61,-0.15,-2974.07,-29.74,105
401,Entry long,2023-04-04 17:51,L428,1984.38,7,13890.66,158.87,1.14,4.2,160.97,1.16,-20.61,-0.15,-2974.07,-29.74,105
402,Exit short,2023-04-05 15:20,Opposite signal,2024.115,17,34383.945,-36.21,-0.11,10.2,6.29,0.02,-32.3,-0.09,-3010.28,-30.10,25
402,Entry short,2023-04-05 14:55,S429,2022.585,17,34383.945,-36.21,-0.11,10.2,6.29,0.02,-32.3,-0.09,-3010.28,-30.10,25
403,Exit long,2023-04-05 16:32,Opposite signal,2021.785,14,28332.36,-35.77,-0.13,8.4,0,0.00,-31.57,-0.11,-3046.05,-30.46,41
403,Entry long,2023-04-05 15:51,L430,2023.74,14,28332.36,-35.77,-0.13,8.4,0,0.00,-31.57,-0.11,-3046.05,-30.46,41
404,Exit short,2023-04-05 16:47,Opposite signal,2022.72,20,40436.54,-29.86,-0.07,12,0,0.00,-24.76,-0.06,-3075.91,-30.76,6
404,Entry short,2023-04-05 16:41,S431,2021.827,20,40436.54,-29.86,-0.07,12,0,0.00,-24.76,-0.06,-3075.91,-30.76,6
405,Exit long,2023-04-05 18:04,L432 exit,2031.325,19,38428.45,155.32,0.40,11.4,161.03,0.42,-12.73,-0.03,-2920.59,-29.21,76
405,Entry long,2023-04-05 16:48,L432,2022.55,19,38428.45,155.32,0.40,11.4,161.03,0.42,-12.73,-0.03,-2920.59,-29.21,76
406,Exit short,2023-04-05 19:33,Opposite signal,2029.71,6,12155.61,-26.25,-0.22,3.6,27.12,0.22,-36.09,-0.30,-2946.84,-29.47,34
406,Entry short,2023-04-05 18:59,S433,2025.935,6,12155.61,-26.25,-0.22,3.6,27.12,0.22,-36.09,-0.30,-2946.84,-29.47,34
407,Exit long,2023-04-05 19:41,L434 exit,2020.115,5,10145.85,-48.27,-0.48,3,0,0.00,-46.77,-0.46,-2995.11,-29.95,7
407,Entry long,2023-04-05 19:34,L434,2029.17,5,10145.85,-48.27,-0.48,3,0,0.00,-46.77,-0.46,-2995.11,-29.95,7
408,Exit short,2023-04-06 02:00,Time flat,2020.595,3,6046.44,-17.14,-0.28,1.8,5.01,0.08,-26.46,-0.44,-3012.26,-30.12,355
408,Entry short,2023-04-05 20:05,S435,2015.48,3,6046.44,-17.14,-0.28,1.8,5.01,0.08,-26.46,-0.44,-3012.26,-30.12,355
409,Exit long,2023-04-10 14:21,Opposite signal,1997.675,7,13961.801,17.72,0.13,4.2,32.11,0.23,-6.64,-0.05,-2994.53,-29.95,126
409,Entry long,2023-04-10 12:15,L436,1994.543,7,13961.801,17.72,0.13,4.2,32.11,0.23,-6.64,-0.05,-2994.53,-29.95,126
410,Exit short,2023-04-10 14:47,Opposite signal,1999.655,14,27967.8,-35.77,-0.13,8.4,7.07,0.03,-32.62,-0.12,-3030.3,-30.30,23
410,Entry short,2023-04-10 14:24,S437,1997.7,14,27967.8,-35.77,-0.13,8.4,7.07,0.03,-32.62,-0.12,-3030.3,-30.30,23
411,Exit long,2023-04-10 17:38,Opposite signal,1999.575,12,23994.012,-6.31,-0.03,7.2,38.93,0.16,-5.71,-0.02,-3036.61,-30.37,165
411,Entry long,2023-04-10 14:53,L438,1999.501,12,23994.012,-6.31,-0.03,7.2,38.93,0.16,-5.71,-0.02,-3036.61,-30.37,165
412,Exit short,2023-04-10 20:07,S439 exit,1985.205,11,22000.605,156.75,0.71,6.6,160.05,0.73,-19.52,-0.09,-2879.86,-28.80,148
412,Entry short,2023-04-10 17:39,S439,2000.055,11,22000.605,156.75,0.71,6.6,160.05,0.73,-19.52,-0.09,-2879.86,-28.80,148
413,Exit short,2023-04-11 07:41,Opposite signal,1996.16,7,13932.52,-44.8,-0.32,4.2,8.3,0.06,-43.82,-0.31,-2924.66,-29.25,46
413,Entry short,2023-04-11 06:55,S440,1990.36,7,13932.52,-44.8,-0.32,4.2,8.3,0.06,-43.82,-0.31,-2924.66,-29.25,46
414,Exit long,2023-04-11 08:14,Opposite signal,1995.265,14,27960.66,-35.35,-0.13,8.4,6.16,0.02,-31.15,-0.11,-2960.01,-29.60,8
414,Entry long,2023-04-11 08:06,L441,1997.19,14,27960.66,-35.35,-0.13,8.4,6.16,0.02,-31.15,-0.11,-2960.01,-29.60,8
415,Exit short,2023-04-11 08:29,Opposite signal,1998.05,12,23951.04,-32.76,-0.14,7.2,0,0.00,-29.16,-0.12,-2992.77,-29.93,14
415,Entry short,2023-04-11 08:15,S442,1995.92,12,23951.04,-32.76,-0.14,7.2,0,0.00,-29.16,-0.12,-2992.77,-29.93,14
416,Exit long,2023-04-11 08:54,Opposite signal,1996.935,13,25965.589,-13.23,-0.05,7.8,7.11,0.03,-11.28,-0.04,-3006.01,-30.06,23
416,Entry long,2023-04-11 08:31,L443,1997.353,13,25965.589,-13.23,-0.05,7.8,7.11,0.03,-11.28,-0.04,-3006.01,-30.06,23
417,Exit short,2023-04-11 09:21,Opposite signal,1998.205,19,37948.415,-28.88,-0.08,11.4,0,0.00,-24.03,-0.06,-3034.89,-30.35,19
417,Entry short,2023-04-11 09:02,S444,1997.285,19,37948.415,-28.88,-0.08,11.4,0,0.00,-24.03,-0.06,-3034.89,-30.35,19
418,Exit long,2023-04-11 11:06,Opposite signal,2000.12,17,33962.634,29.21,0.09,10.2,59.72,0.18,-11.76,-0.03,-3005.68,-30.06,101
418,Entry long,2023-04-11 09:25,L445,1997.802,17,33962.634,29.21,0.09,10.2,59.72,0.18,-11.76,-0.03,-3005.68,-30.06,101
419,Exit short,2023-04-11 11:43,Opposite signal,2000.79,18,36009.18,-15.84,-0.04,10.8,0,0.00,-10.44,-0.03,-3021.52,-30.22,1
419,Entry short,2023-04-11 11:42,S446,2000.51,18,36009.18,-15.84,-0.04,10.8,0,0.00,-10.44,-0.03,-3021.52,-30.22,1
420,Exit long,2023-04-11 12:09,Opposite signal,1998.465,14,28004.2,-34.09,-0.12,8.4,18.69,0.07,-30.66,-0.11,-3055.61,-30.56,25
420,Entry long,2023-04-11 11:44,L447,2000.3,14,28004.2,-34.09,-0.12,8.4,18.69,0.07,-30.66,-0.11,-3055.61,-30.56,25
421,Exit short,2023-04-11 12:43,Opposite signal,2000.19,10,19990.8,-17.1,-0.09,6,9.35,0.05,-14.1,-0.07,-3072.71,-30.73,33
421,Entry short,2023-04-11 12:10,S448,1999.08,10,19990.8,-17.1,-0.09,6,9.35,0.05,-14.1,-0.07,-3072.71,-30.73,33
422,Exit long,2023-04-11 14:29,Opposite signal,2004.69,9,18014.49,22.32,0.12,5.4,50.27,0.28,-7.6,-0.04,-3050.39,-30.50,89
422,Entry long,2023-04-11 13:00,L449,2001.61,9,18014.49,22.32,0.12,5.4,50.27,0.28,-7.6,-0.04,-3050.39,-30.50,89
423,Exit short,2023-04-11 17:15,Opposite signal,2000.615,13,26067.847,52.05,0.20,7.8,71.1,0.27,-7.16,-0.03,-2998.34,-29.98,162
423,Entry short,2023-04-11 14:33,S450,2005.219,13,26067.847,52.05,0.20,7.8,71.1,0.27,-7.16,-0.03,-2998.34,-29.98,162
424,Exit long,2023-04-11 17:55,Opposite signal,2001.025,18,36008.91,-1.26,0.00,10.8,33.48,0.09,-16.74,-0.05,-2999.6,-30.00,39
424,Entry long,2023-04-11 17:16,L451,2000.495,18,36008.91,-1.26,0.00,10.8,33.48,0.09,-16.74,-0.05,-2999.6,-30.00,39
425,Exit short,2023-04-11 19:03,Opposite signal,2001.43,14,28010.92,-17.5,-0.06,8.4,67.76,0.24,-15.68,-0.06,-3017.1,-30.17,63
425,Entry short,2023-04-11 18:00,S452,2000.78,14,28010.92,-17.5,-0.06,8.4,67.76,0.24,-15.68,-0.06,-3017.1,-30.17,63
426,Exit long,2023-04-11 20:13,Opposite signal,2002.29,7,14001.295,10.54,0.08,4.2,29.54,0.21,-21.45,-0.15,-3006.57,-30.07,69
426,Entry long,2023-04-11 19:04,L453,2000.185,7,14001.295,10.54,0.08,4.2,29.54,0.21,-21.45,-0.15,-3006.57,-30.07,69
427,Exit short,2023-04-11 20:46,Opposite signal,2005.645,13,26032.409,-48.78,-0.19,7.8,10.7,0.04,-44.88,-0.17,-3055.34,-30.55,30
427,Entry short,2023-04-11 20:16,S454,2002.493,13,26032.409,-48.78,-0.19,7.8,10.7,0.04,-44.88,-0.17,-3055.34,-30.55,30
428,Exit long,2023-04-11 22:49,Opposite signal,2001.255,10,20047.05,-40.5,-0.20,6,16.25,0.08,-39.1,-0.20,-3095.84,-30.96,117
428,Entry long,2023-04-11 20:52,L455,2004.705,10,20047.05,-40.5,-0.20,6,16.25,0.08,-39.1,-0.20,-3095.84,-30.96,117
429,Exit short,2023-04-12 02:00,Time flat,2003.775,9,18022.311,-17.06,-0.09,5.4,0,0.00,-41.36,-0.23,-3112.91,-31.13,186
429,Entry short,2023-04-11 22:50,S456,2002.479,9,18022.311,-17.06,-0.09,5.4,0,0.00,-41.36,-0.23,-3112.91,-31.13,186
430,Exit long,2023-04-12 08:20,Opposite signal,2014,7,14046.41,47.39,0.34,4.2,88.06,0.63,-2.38,-0.02,-3065.52,-30.66,90
430,Entry long,2023-04-12 06:50,L457,2006.63,7,14046.41,47.39,0.34,4.2,88.06,0.63,-2.38,-0.02,-3065.52,-30.66,90
431,Exit short,2023-04-12 10:11,Opposite signal,2019.9,8,16122.336,-41.66,-0.26,4.8,6.06,0.04,-40.02,-0.25,-3107.18,-31.07,106
431,Entry short,2023-04-12 08:25,S458,2015.292,8,16122.336,-41.66,-0.26,4.8,6.06,0.04,-40.02,-0.25,-3107.18,-31.07,106
432,Exit long,2023-04-12 12:57,Opposite signal,2013.71,7,14136.57,-44.8,-0.32,4.2,4.59,0.03,-43.54,-0.31,-3151.98,-31.52,140
432,Entry long,2023-04-12 10:37,L459,2019.51,7,14136.57,-44.8,-0.32,4.2,4.59,0.03,-43.54,-0.31,-3151.98,-31.52,140
433,Exit short,2023-04-12 18:00,S460 exit,2014.88,17,34216.325,-46.83,-0.14,10.2,103.45,0.30,-41.73,-0.12,-3198.81,-31.99,289
433,Entry short,2023-04-12 13:11,S460,2012.725,17,34216.325,-46.83,-0.14,10.2,103.45,0.30,-41.73,-0.12,-3198.81,-31.99,289
434,Exit long,2023-04-12 19:15,L461 exit,2005.34,9,18093.195,-50.53,-0.28,5.4,0,0.00,-47.83,-0.26,-3249.35,-32.49,3
434,Entry long,2023-04-12 19:12,L461,2010.355,9,18093.195,-50.53,-0.28,5.4,0,0.00,-47.83,-0.26,-3249.35,-32.49,3
435,Exit short,2023-04-13 02:00,Time flat,2014.63,2,4016.03,-14.43,-0.36,1.2,9.09,0.23,-20.85,-0.52,-3263.78,-32.64,390
435,Entry short,2023-04-12 19:30,S462,2008.015,2,4016.03,-14.43,-0.36,1.2,9.09,0.23,-20.85,-0.52,-3263.78,-32.64,390
436,Exit long,2023-04-13 18:02,Opposite signal,2027.44,10,20284.1,-15.7,-0.08,6,74.75,0.37,-15.2,-0.07,-3279.48,-32.79,27
436,Entry long,2023-04-13 17:35,L463,2028.41,10,20284.1,-15.7,-0.08,6,74.75,0.37,-15.2,-0.07,-3279.48,-32.79,27
437,Exit short,2023-04-13 18:12,Opposite signal,2036.21,6,12173.934,-46.93,-0.39,3.6,5.99,0.05,-45.13,-0.37,-3326.41,-33.26,9
437,Entry short,2023-04-13 18:03,S464,2028.989,6,12173.934,-46.93,-0.39,3.6,5.99,0.05,-45.13,-0.37,-3326.41,-33.26,9
438,Exit long,2023-04-13 20:07,Opposite signal,2039.485,4,8140.92,14.62,0.18,2.4,52.96,0.65,-1.5,-0.02,-3311.79,-33.12,114
438,Entry long,2023-04-13 18:13,L465,2035.23,4,8140.92,14.62,0.18,2.4,52.96,0.65,-1.5,-0.02,-3311.79,-33.12,114
439,Exit short,2023-04-14 02:00,Time flat,2041.005,4,8149.84,-16.58,-0.20,2.4,2,0.02,-28.04,-0.34,-3328.37,-33.28,321
439,Entry short,2023-04-13 20:38,S466,2037.46,4,8149.84,-16.58,-0.20,2.4,2,0.02,-28.04,-0.34,-3328.37,-33.28,321
440,Exit short,2023-04-14 20:12,S468 exit,2006.19,5,10173.75,139.8,1.37,3,141.3,1.39,-30.02,-0.30,-3188.57,-31.89,147
440,Entry short,2023-04-14 17:45,S468,2034.75,5,10173.75,139.8,1.37,3,141.3,1.39,-30.02,-0.30,-3188.57,-31.89,147
441,Exit long,2023-04-14 23:00,Weekend flat,2002.26,5,10006.39,1.91,0.02,3,8.21,0.08,-1.71,-0.02,-3186.66,-31.87,9
441,Entry long,2023-04-14 22:51,L469,2001.278,5,10006.39,1.91,0.02,3,8.21,0.08,-1.71,-0.02,-3186.66,-31.87,9
442,Exit long,2023-04-17 13:29,Opposite signal,2010.67,10,20068.1,32.6,0.16,6,79.65,0.40,-12,-0.06,-3154.06,-31.54,143
442,Entry long,2023-04-17 11:06,L470,2006.81,10,20068.1,32.6,0.16,6,79.65,0.40,-12,-0.06,-3154.06,-31.54,143
443,Exit short,2023-04-17 14:33,Opposite signal,2010.425,8,16087.08,-1.12,-0.01,4.8,17.48,0.11,-17.6,-0.11,-3155.18,-31.55,63
443,Entry short,2023-04-17 13:30,S471,2010.885,8,16087.08,-1.12,-0.01,4.8,17.48,0.11,-17.6,-0.11,-3155.18,-31.55,63
444,Exit long,2023-04-17 15:43,Opposite signal,2008.34,14,28143.472,-35.11,-0.12,8.4,22.5,0.08,-32.17,-0.11,-3190.29,-31.90,67
444,Entry long,2023-04-17 14:36,L472,2010.248,14,28143.472,-35.11,-0.12,8.4,22.5,0.08,-32.17,-0.11,-3190.29,-31.90,67
445,Exit short,2023-04-17 16:41,Opposite signal,2008.315,9,18075.6,-4.63,-0.03,5.4,28.22,0.16,-4.72,-0.03,-3194.92,-31.95,53
445,Entry short,2023-04-17 15:48,S473,2008.4,9,18075.6,-4.63,-0.03,5.4,28.22,0.16,-4.72,-0.03,-3194.92,-31.95,53
446,Exit long,2023-04-17 17:33,Opposite signal,2008.47,10,20080.47,-1.77,-0.01,6,18.13,0.09,-12.17,-0.06,-3196.69,-31.97,48
446,Entry long,2023-04-17 16:45,L474,2008.047,10,20080.47,-1.77,-0.01,6,18.13,0.09,-12.17,-0.06,-3196.69,-31.97,48
447,Exit short,2023-04-17 17:51,Opposite signal,2010.23,16,32151.84,-21.44,-0.07,9.6,10.32,0.03,-24,-0.07,-3218.13,-32.18,17
447,Entry short,2023-04-17 17:34,S475,2009.49,16,32151.84,-21.44,-0.07,9.6,10.32,0.03,-24,-0.07,-3218.13,-32.18,17
448,Exit long,2023-04-17 17:55,Opposite signal,2008.26,15,30151.74,-36.84,-0.12,9,0,0.00,-33.01,-0.11,-3254.97,-32.55,3
448,Entry long,2023-04-17 17:52,L476,2010.116,15,30151.74,-36.84,-0.12,9,0,0.00,-33.01,-0.11,-3254.97,-32.55,3
449,Exit short,2023-04-17 19:16,S477 exit,1995.63,12,24100.74,145.98,0.61,7.2,149.58,0.62,-6.48,-0.03,-3108.99,-31.09,80
449,Entry short,2023-04-17 17:56,S477,2008.395,12,24100.74,145.98,0.61,7.2,149.58,0.62,-6.48,-0.03,-3108.99,-31.09,80
450,Exit long,2023-04-18 14:58,Opposite signal,2001.27,13,25941.63,67.08,0.26,7.8,122.53,0.47,-17.16,-0.07,-3041.91,-30.42,521
450,Entry long,2023-04-18 06:17,L479,1995.51,13,25941.63,67.08,0.26,7.8,122.53,0.47,-17.16,-0.07,-3041.91,-30.42,521
451,Exit short,2023-04-18 18:01,Opposite signal,2005.53,9,18011.655,-43.51,-0.24,5.4,16.47,0.09,-43.96,-0.24,-3085.43,-30.85,176
451,Entry short,2023-04-18 15:05,S480,2001.295,9,18011.655,-43.51,-0.24,5.4,16.47,0.09,-43.96,-0.24,-3085.43,-30.85,176
452,Exit long,2023-04-18 18:43,Opposite signal,1998.975,7,14029.407,-40.78,-0.29,4.2,3.14,0.02,-43.09,-0.31,-3126.21,-31.26,41
452,Entry long,2023-04-18 18:02,L481,2004.201,7,14029.407,-40.78,-0.29,4.2,3.14,0.02,-43.09,-0.31,-3126.21,-31.26,41
453,Exit short,2023-04-18 19:38,S482 exit,2006.88,6,11994.99,-49.89,-0.42,3.6,45.27,0.38,-48.09,-0.40,-3176.1,-31.76,50
453,Entry short,2023-04-18 18:48,S482,1999.165,6,11994.99,-49.89,-0.42,3.6,45.27,0.38,-48.09,-0.40,-3176.1,-31.76,50
454,Exit long,2023-04-18 22:10,Opposite signal,2006.03,8,16083.736,-40.3,-0.25,4.8,0,0.00,-39.06,-0.24,-3216.4,-32.16,65
454,Entry long,2023-04-18 21:05,L483,2010.467,8,16083.736,-40.3,-0.25,4.8,0,0.00,-39.06,-0.24,-3216.4,-32.16,65
455,Exit short,2023-04-19 02:00,Time flat,2005.41,7,14045.255,3.19,0.02,4.2,18.83,0.13,-14.94,-0.11,-3213.21,-32.13,229
455,Entry short,2023-04-18 22:11,S484,2006.465,7,14045.255,3.19,0.02,4.2,18.83,0.13,-14.94,-0.11,-3213.21,-32.13,229
456,Exit long,2023-04-19 11:13,Opposite signal,2001.215,9,18051.669,-46.13,-0.26,5.4,0,0.00,-43.61,-0.24,-3259.34,-32.59,183
456,Entry long,2023-04-19 08:10,L485,2005.741,9,18051.669,-46.13,-0.26,5.4,0,0.00,-43.61,-0.24,-3259.34,-32.59,183
457,Exit short,2023-04-19 14:09,S486 exit,1981.355,8,16016.32,160.68,1.00,4.8,163.08,1.02,-3.6,-0.02,-3098.66,-30.99,171
457,Entry short,2023-04-19 11:18,S486,2002.04,8,16016.32,160.68,1.00,4.8,163.08,1.02,-3.6,-0.02,-3098.66,-30.99,171
458,Exit long,2023-04-19 19:06,L487 exit,1990.245,9,17757.63,149.18,0.84,5.4,151.88,0.86,-11.2,-0.06,-2949.49,-29.49,78
458,Entry long,2023-04-19 17:48,L487,1973.07,9,17757.63,149.18,0.84,5.4,151.88,0.86,-11.2,-0.06,-2949.49,-29.49,78
459,Exit short,2023-04-19 22:16,Opposite signal,1996.08,8,15928.88,-44.56,-0.28,4.8,3.2,0.02,-42.16,-0.26,-2994.05,-29.94,52
459,Entry short,2023-04-19 21:24,S488,1991.11,8,15928.88,-44.56,-0.28,4.8,3.2,0.02,-42.16,-0.26,-2994.05,-29.94,52
460,Exit long,2023-04-20 02:00,Time flat,1994.195,7,13962.62,-7.45,-0.05,4.2,13.27,0.09,-8.85,-0.06,-3001.5,-30.02,196
460,Entry long,2023-04-19 22:44,L489,1994.66,7,13962.62,-7.45,-0.05,4.2,13.27,0.09,-8.85,-0.06,-3001.5,-30.02,196
461,Exit long,2023-04-20 08:28,Opposite signal,1992.15,8,15974.904,-42.5,-0.27,4.8,13.38,0.08,-40.1,-0.25,-3044.01,-30.44,84
461,Entry long,2023-04-20 07:04,L490,1996.863,8,15974.904,-42.5,-0.27,4.8,13.38,0.08,-40.1,-0.25,-3044.01,-30.44,84
462,Exit short,2023-04-20 12:14,S491 exit,1999.835,6,11953.35,-49.26,-0.41,3.6,8.16,0.07,-47.46,-0.40,-3093.27,-30.93,224
462,Entry short,2023-04-20 08:30,S491,1992.225,6,11953.35,-49.26,-0.41,3.6,8.16,0.07,-47.46,-0.40,-3093.27,-30.93,224
463,Exit long,2023-04-20 20:32,Opposite signal,2002.96,5,9992.93,18.87,0.19,3,67.8,0.68,-32.3,-0.32,-3074.4,-30.74,481
463,Entry long,2023-04-20 12:31,L492,1998.586,5,9992.93,18.87,0.19,3,67.8,0.68,-32.3,-0.32,-3074.4,-30.74,481
464,Exit short,2023-04-21 02:00,Time flat,2005.42,5,10015.275,-14.82,-0.15,3,18.33,0.18,-28.3,-0.28,-3089.22,-30.89,327
464,Entry short,2023-04-20 20:33,S493,2003.055,5,10015.275,-14.82,-0.15,3,18.33,0.18,-28.3,-0.28,-3089.22,-30.89,327
465,Exit long,2023-04-21 11:57,L494 exit,1993.045,10,19970.93,-46.48,-0.23,6,0,0.00,-43.48,-0.22,-3135.7,-31.36,16
465,Entry long,2023-04-21 11:41,L494,1997.093,10,19970.93,-46.48,-0.23,6,0,0.00,-43.48,-0.22,-3135.7,-31.36,16
466,Exit short,2023-04-21 19:21,S495 exit,1975.97,9,17946.405,157.28,0.88,5.4,159.98,0.89,-38.88,-0.22,-2978.43,-29.78,19
466,Entry short,2023-04-21 19:02,S495,1994.045,9,17946.405,157.28,0.88,5.4,159.98,0.89,-38.88,-0.22,-2978.43,-29.78,19
467,Exit long,2023-04-26 02:00,Time flat,1996.09,2,3987.34,3.64,0.09,1.2,19.84,0.50,-35.57,-0.89,-2974.79,-29.75,991
467,Entry long,2023-04-25 09:28,L496,1993.67,2,3987.34,3.64,0.09,1.2,19.84,0.50,-35.57,-0.89,-2974.79,-29.75,991
468,Exit long,2023-04-27 11:32,Opposite signal,1997.64,9,17943.948,29.41,0.16,5.4,78.46,0.44,-19.95,-0.11,-2945.38,-29.45,263
468,Entry long,2023-04-27 07:09,L498,1993.772,9,17943.948,29.41,0.16,5.4,78.46,0.44,-19.95,-0.11,-2945.38,-29.45,263
469,Exit short,2023-04-27 12:21,Opposite signal,2002.845,7,13988.24,-35.87,-0.26,4.2,0,0.00,-33.98,-0.24,-2981.25,-29.81,48
469,Entry short,2023-04-27 11:33,S499,1998.32,7,13988.24,-35.87,-0.26,4.2,0,0.00,-33.98,-0.24,-2981.25,-29.81,48
470,Exit long,2023-04-27 15:01,Opposite signal,1997.315,8,16014.168,-40.45,-0.25,4.8,9.11,0.06,-40.81,-0.25,-3021.7,-30.22,154
470,Entry long,2023-04-27 12:27,L500,2001.771,8,16014.168,-40.45,-0.25,4.8,9.11,0.06,-40.81,-0.25,-3021.7,-30.22,154
471,Exit short,2023-04-27 15:42,Opposite signal,1998.83,7,13985.51,-10.5,-0.08,4.2,11.66,0.08,-8.89,-0.06,-3032.2,-30.32,40
471,Entry short,2023-04-27 15:02,S501,1997.93,7,13985.51,-10.5,-0.08,4.2,11.66,0.08,-8.89,-0.06,-3032.2,-30.32,40
472,Exit long,2023-04-27 18:00,L502 exit,1994.965,13,25976.158,-49.41,-0.19,7.8,64.34,0.25,-45.51,-0.18,-3081.61,-30.82,137
472,Entry long,2023-04-27 15:43,L502,1998.166,13,25976.158,-49.41,-0.19,7.8,64.34,0.25,-45.51,-0.18,-3081.61,-30.82,137
473,Exit short,2023-04-27 19:36,Opposite signal,1984.275,5,9979.825,55.45,0.56,3,107.75,1.08,-8.8,-0.09,-3026.16,-30.26,95
473,Entry short,2023-04-27 18:01,S503,1995.965,5,9979.825,55.45,0.56,3,107.75,1.08,-8.8,-0.09,-3026.16,-30.26,95
474,Exit long,2023-04-28 02:00,Time flat,1987.94,5,9917.055,19.65,0.20,3,37.02,0.37,-24.18,-0.24,-3006.52,-30.07,371
474,Entry long,2023-04-27 19:49,L504,1983.411,5,9917.055,19.65,0.20,3,37.02,0.37,-24.18,-0.24,-3006.52,-30.07,371
475,Exit short,2023-04-28 20:08,S505 exit,1992.67,3,5936.625,-43.18,-0.73,1.8,0,0.00,-42.28,-0.71,-3049.7,-30.50,127
475,Entry short,2023-04-28 18:01,S505,1978.875,3,5936.625,-43.18,-0.73,1.8,0,0.00,-42.28,-0.71,-3049.7,-30.50,127
476,Exit long,2023-04-28 23:00,Weekend flat,1990.2,3,5966.64,2.16,0.04,1.8,17.88,0.30,-4.54,-0.08,-3047.54,-30.48,168
476,Entry long,2023-04-28 20:12,L506,1988.88,3,5966.64,2.16,0.04,1.8,17.88,0.30,-4.54,-0.08,-3047.54,-30.48,168
477,Exit long,2023-05-01 10:52,Opposite signal,1980.505,8,15880.096,-40.86,-0.26,4.8,3.9,0.02,-41.9,-0.26,-3088.4,-30.88,63
477,Entry long,2023-05-01 09:49,L507,1985.012,8,15880.096,-40.86,-0.26,4.8,3.9,0.02,-41.9,-0.26,-3088.4,-30.88,63
478,Exit short,2023-05-01 14:42,Opposite signal,1979.5,7,13865.005,4.31,0.03,4.2,23.07,0.17,-15.01,-0.11,-3084.09,-30.84,229
478,Entry short,2023-05-01 10:53,S508,1980.715,7,13865.005,4.31,0.03,4.2,23.07,0.17,-15.01,-0.11,-3084.09,-30.84,229
479,Exit long,2023-05-01 18:01,L509 exit,1998.64,13,25819.729,154.79,0.60,7.8,158.69,0.61,-7.97,-0.03,-2929.3,-29.29,145
479,Entry long,2023-05-01 15:36,L509,1986.133,13,25819.729,154.79,0.60,7.8,158.69,0.61,-7.97,-0.03,-2929.3,-29.29,145
480,Exit short,2023-05-01 20:51,Opposite signal,1984.14,3,5966.73,12.51,0.21,1.8,21.9,0.37,-4.9,-0.08,-2916.79,-29.17,72
480,Entry short,2023-05-01 19:39,S510,1988.91,3,5966.73,12.51,0.21,1.8,21.9,0.37,-4.9,-0.08,-2916.79,-29.17,72
481,Exit long,2023-05-01 21:24,Opposite signal,1981.46,11,21825.595,-36.13,-0.17,6.6,9.24,0.04,-33.38,-0.15,-2952.93,-29.53,31
481,Entry long,2023-05-01 20:53,L511,1984.145,11,21825.595,-36.13,-0.17,6.6,9.24,0.04,-33.38,-0.15,-2952.93,-29.53,31
482,Exit short,2023-05-01 22:09,Opposite signal,1983.87,9,17834.49,-25.74,-0.14,5.4,12.33,0.07,-24.7,-0.14,-2978.67,-29.79,43
482,Entry short,2023-05-01 21:26,S512,1981.61,9,17834.49,-25.74,-0.14,5.4,12.33,0.07,-24.7,-0.14,-2978.67,-29.79,43
483,Exit long,2023-05-02 01:18,Opposite signal,1979.84,10,19830.75,-38.35,-0.19,6,6.75,0.03,-37.45,-0.19,-3017.02,-30.17,183
483,Entry long,2023-05-01 22:15,L513,1983.075,10,19830.75,-38.35,-0.19,6,6.75,0.03,-37.45,-0.19,-3017.02,-30.17,183
484,Exit long,2023-05-02 13:19,Opposite signal,1980.86,8,15870.768,-28.69,-0.18,4.8,13.15,0.08,-29.17,-0.18,-3045.71,-30.46,363
484,Entry long,2023-05-02 07:16,L514,1983.846,8,15870.768,-28.69,-0.18,4.8,13.15,0.08,-29.17,-0.18,-3045.71,-30.46,363
485,Exit short,2023-05-02 14:02,Opposite signal,1981.18,8,15851.84,-2.4,-0.02,4.8,21.28,0.13,-11.88,-0.07,-3048.11,-30.48,42
485,Entry short,2023-05-02 13:20,S515,1981.48,8,15851.84,-2.4,-0.02,4.8,21.28,0.13,-11.88,-0.07,-3048.11,-30.48,42
486,Exit long,2023-05-02 17:29,Opposite signal,1985.975,12,23771.436,53.06,0.22,7.2,107.72,0.45,-7.72,-0.03,-2995.04,-29.95,203
486,Entry long,2023-05-02 14:06,L516,1980.953,12,23771.436,53.06,0.22,7.2,107.72,0.45,-7.72,-0.03,-2995.04,-29.95,203
487,Exit short,2023-05-02 19:02,Opposite signal,1988.805,9,17877.96,-26.68,-0.15,5.4,14.63,0.08,-24.88,-0.14,-3021.73,-30.22,92
487,Entry short,2023-05-02 17:30,S517,1986.44,9,17877.96,-26.68,-0.15,5.4,14.63,0.08,-24.88,-0.14,-3021.73,-30.22,92
488,Exit long,2023-05-02 20:02,L518 exit,2005.2,9,17893.944,147.46,0.82,5.4,150.16,0.84,-23.72,-0.13,-2874.27,-28.74,58
488,Entry long,2023-05-02 19:04,L518,1988.216,9,17893.944,147.46,0.82,5.4,150.16,0.84,-23.72,-0.13,-2874.27,-28.74,58
489,Exit long,2023-05-03 23:41,Opposite signal,2021.745,4,8078.36,6.22,0.08,2.4,65.18,0.81,-4.12,-0.05,-2868.05,-28.68,202
489,Entry long,2023-05-03 20:19,L519,2019.59,4,8078.36,6.22,0.08,2.4,65.18,0.81,-4.12,-0.05,-2868.05,-28.68,202
490,Exit short,2023-05-05 19:50,Opposite signal,2005.77,5,10036.01,4.16,0.04,3,36.59,0.36,-24.46,-0.24,-2863.89,-28.64,55
490,Entry short,2023-05-05 18:55,S520,2007.202,5,10036.01,4.16,0.04,3,36.59,0.36,-24.46,-0.24,-2863.89,-28.64,55
491,Exit long,2023-05-05 21:45,Opposite signal,2013.905,8,16035.464,70.98,0.44,4.8,94.14,0.59,-8.22,-0.05,-2792.91,-27.93,114
491,Entry long,2023-05-05 19:51,L521,2004.433,8,16035.464,70.98,0.44,4.8,94.14,0.59,-8.22,-0.05,-2792.91,-27.93,114
492,Exit short,2023-05-05 22:07,Opposite signal,2016.6,12,24167.58,-38.82,-0.16,7.2,6.84,0.03,-37.02,-0.15,-2831.73,-28.32,21
492,Entry short,2023-05-05 21:46,S522,2013.965,12,24167.58,-38.82,-0.16,7.2,6.84,0.03,-37.02,-0.15,-2831.73,-28.32,21
493,Exit long,2023-05-05 23:00,Weekend flat,2016.98,8,16138.984,-7.94,-0.05,4.8,6.3,0.04,-17.06,-0.11,-2839.68,-28.40,38
493,Entry long,2023-05-05 22:22,L523,2017.373,8,16138.984,-7.94,-0.05,4.8,6.3,0.04,-17.06,-0.11,-2839.68,-28.40,38
494,Exit short,2023-05-08 07:58,Opposite signal,2019.155,16,32276.24,-39.84,-0.12,9.6,11.76,0.04,-42.4,-0.13,-2879.52,-28.80,73
494,Entry short,2023-05-08 06:45,S524,2017.265,16,32276.24,-39.84,-0.12,9.6,11.76,0.04,-42.4,-0.13,-2879.52,-28.80,73
495,Exit long,2023-05-08 10:42,Opposite signal,2023.01,8,16158.304,20.98,0.13,4.8,37.82,0.23,-4.42,-0.03,-2858.54,-28.59,150
495,Entry long,2023-05-08 08:12,L525,2019.788,8,16158.304,20.98,0.13,4.8,37.82,0.23,-4.42,-0.03,-2858.54,-28.59,150
496,Exit short,2023-05-08 11:46,Opposite signal,2022.88,15,30349.5,-2.7,-0.01,9,42.98,0.14,-6,-0.02,-2861.24,-28.61,63
496,Entry short,2023-05-08 10:43,S526,2023.3,15,30349.5,-2.7,-0.01,9,42.98,0.14,-6,-0.02,-2861.24,-28.61,63
497,Exit long,2023-05-08 17:18,Opposite signal,2022.05,13,26288.756,-9.91,-0.04,7.8,39.04,0.15,-32.66,-0.12,-2871.15,-28.71,330
497,Entry long,2023-05-08 11:48,L527,2022.212,13,26288.756,-9.91,-0.04,7.8,39.04,0.15,-32.66,-0.12,-2871.15,-28.71,330
498,Exit short,2023-05-08 18:15,Opposite signal,2025.86,11,22251.735,-39.33,-0.18,6.6,11.39,0.05,-37.34,-0.17,-2910.47,-29.10,56
498,Entry short,2023-05-08 17:19,S528,2022.885,11,22251.735,-39.33,-0.18,6.6,11.39,0.05,-37.34,-0.17,-2910.47,-29.10,56
499,Exit long,2023-05-08 19:06,Opposite signal,2020.59,9,18231.003,-51.09,-0.28,5.4,7.9,0.04,-48.39,-0.27,-2961.57,-29.62,43
499,Entry long,2023-05-08 18:23,L529,2025.667,9,18231.003,-51.09,-0.28,5.4,7.9,0.04,-48.39,-0.27,-2961.57,-29.62,43
500,Exit short,2023-05-08 21:00,Opposite signal,2027.055,7,14150.85,-42.73,-0.30,4.2,1.47,0.01,-47.07,-0.33,-3004.3,-30.04,106
500,Entry short,2023-05-08 19:14,S530,2021.55,7,14150.85,-42.73,-0.30,4.2,1.47,0.01,-47.07,-0.33,-3004.3,-30.04,106
501,Exit long,2023-05-09 02:00,Time flat,2020.755,5,10132.375,-31.6,-0.31,3,13.13,0.13,-32.55,-0.32,-3035.9,-30.36,273
501,Entry long,2023-05-08 21:26,L531,2026.475,5,10132.375,-31.6,-0.31,3,13.13,0.13,-32.55,-0.32,-3035.9,-30.36,273
502,Exit short,2023-05-09 19:23,Opposite signal,2029.34,16,32503.44,24.4,0.08,9.6,130.64,0.40,-20.56,-0.06,-3011.5,-30.12,137
502,Entry short,2023-05-09 17:06,S532,2031.465,16,32503.44,24.4,0.08,9.6,130.64,0.40,-20.56,-0.06,-3011.5,-30.12,137
503,Exit long,2023-05-10 02:00,Time flat,2034.76,7,14200.977,38.14,0.27,4.2,60.51,0.43,-31.72,-0.22,-2973.36,-29.73,385
503,Entry long,2023-05-09 19:35,L533,2028.711,7,14200.977,38.14,0.27,4.2,60.51,0.43,-31.72,-0.22,-2973.36,-29.73,385
504,Exit short,2023-05-10 08:34,Opposite signal,2032.21,9,18307.53,12.24,0.07,5.4,30.02,0.16,-7.96,-0.04,-2961.12,-29.61,88
504,Entry short,2023-05-10 07:06,S534,2034.17,9,18307.53,12.24,0.07,5.4,30.02,0.16,-7.96,-0.04,-2961.12,-29.61,88
505,Exit long,2023-05-10 10:20,Opposite signal,2030.31,17,34540.957,-35.89,-0.10,10.2,7.46,0.02,-31.72,-0.09,-2997.01,-29.97,103
505,Entry long,2023-05-10 08:37,L535,2031.821,17,34540.957,-35.89,-0.10,10.2,7.46,0.02,-31.72,-0.09,-2997.01,-29.97,103
506,Exit short,2023-05-10 12:08,Opposite signal,2030.345,13,26396.955,-5.33,-0.02,7.8,35.69,0.14,-17.35,-0.07,-3002.34,-30.02,101
506,Entry short,2023-05-10 10:27,S536,2030.535,13,26396.955,-5.33,-0.02,7.8,35.69,0.14,-17.35,-0.07,-3002.34,-30.02,101
507,Exit long,2023-05-10 14:03,Opposite signal,2027.415,8,16253.28,-38.76,-0.24,4.8,6.48,0.04,-36.36,-0.22,-3041.1,-30.41,98
507,Entry long,2023-05-10 12:25,L537,2031.66,8,16253.28,-38.76,-0.24,4.8,6.48,0.04,-36.36,-0.22,-3041.1,-30.41,98
508,Exit short,2023-05-10 18:00,S538 exit,2034.05,7,14192.43,-50.12,-0.35,4.2,14.74,0.10,-48.02,-0.34,-3091.22,-30.91,232
508,Entry short,2023-05-10 14:08,S538,2027.49,7,14192.43,-50.12,-0.35,4.2,14.74,0.10,-48.02,-0.34,-3091.22,-30.91,232
509,Exit long,2023-05-10 18:39,Opposite signal,2039.25,3,6122.043,-6.09,-0.10,1.8,21.79,0.36,-5.97,-0.10,-3097.31,-30.97,34
509,Entry long,2023-05-10 18:05,L539,2040.681,3,6122.043,-6.09,-0.10,1.8,21.79,0.36,-5.97,-0.10,-3097.31,-30.97,34
510,Exit short,2023-05-11 02:01,Time flat,2031.41,5,10199.35,39.3,0.39,3,90.03,0.88,-7.37,-0.07,-3058.01,-30.58,439
510,Entry short,2023-05-10 18:40,S540,2039.87,5,10199.35,39.3,0.39,3,90.03,0.88,-7.37,-0.07,-3058.01,-30.58,439
511,Exit long,2023-05-12 13:22,Opposite signal,2008.545,8,16081.696,-18.14,-0.11,4.8,17.5,0.11,-15.9,-0.10,-3076.14,-30.76,59
511,Entry long,2023-05-12 12:23,L541,2010.212,8,16081.696,-18.14,-0.11,4.8,17.5,0.11,-15.9,-0.10,-3076.14,-30.76,59
512,Exit short,2023-05-12 16:11,Opposite signal,2006.195,9,18079.965,18.81,0.10,5.4,68.63,0.38,-11.25,-0.06,-3057.33,-30.57,168
512,Entry short,2023-05-12 13:23,S542,2008.885,9,18079.965,18.81,0.10,5.4,68.63,0.38,-11.25,-0.06,-3057.33,-30.57,168
513,Exit long,2023-05-12 19:42,Opposite signal,2015.92,7,14042.336,64.9,0.46,4.2,113.62,0.81,-25.68,-0.18,-2992.43,-29.92,198
513,Entry long,2023-05-12 16:24,L543,2006.048,7,14042.336,64.9,0.46,4.2,113.62,0.81,-25.68,-0.18,-2992.43,-29.92,198
514,Exit short,2023-05-12 22:14,Opposite signal,2012.11,6,12099.18,22.92,0.19,3.6,46.92,0.39,-6.54,-0.05,-2969.51,-29.70,151
514,Entry short,2023-05-12 19:43,S544,2016.53,6,12099.18,22.92,0.19,3.6,46.92,0.39,-6.54,-0.05,-2969.51,-29.70,151
515,Exit long,2023-05-12 23:00,Weekend flat,2014.635,17,34216.971,21.62,0.06,10.2,57.58,0.17,-8.64,-0.03,-2947.89,-29.48,36
515,Entry long,2023-05-12 22:24,L545,2012.763,17,34216.971,21.62,0.06,10.2,57.58,0.17,-8.64,-0.03,-2947.89,-29.48,36
516,Exit short,2023-05-15 18:01,Opposite signal,2017.72,10,20176.65,-6.55,-0.03,6,58.3,0.29,-12.45,-0.06,-2954.44,-29.54,217
516,Entry short,2023-05-15 14:24,S546,2017.665,10,20176.65,-6.55,-0.03,6,58.3,0.29,-12.45,-0.06,-2954.44,-29.54,217
517,Exit long,2023-05-15 18:46,Opposite signal,2014.96,7,14114.03,-13.51,-0.10,4.2,18.69,0.13,-15.01,-0.11,-2967.95,-29.68,44
517,Entry long,2023-05-15 18:02,L547,2016.29,7,14114.03,-13.51,-0.10,4.2,18.69,0.13,-15.01,-0.11,-2967.95,-29.68,44
518,Exit short,2023-05-15 19:18,Opposite signal,2019.33,8,16120.6,-38.84,-0.24,4.8,2.28,0.01,-37.2,-0.23,-3006.79,-30.07,31
518,Entry short,2023-05-15 18:47,S548,2015.075,8,16120.6,-38.84,-0.24,4.8,2.28,0.01,-37.2,-0.23,-3006.79,-30.07,31
519,Exit long,2023-05-15 20:22,Opposite signal,2014.205,7,14141.379,-46.14,-0.33,4.2,5.13,0.04,-44.57,-0.32,-3052.93,-30.53,51
519,Entry long,2023-05-15 19:31,L549,2020.197,7,14141.379,-46.14,-0.33,4.2,5.13,0.04,-44.57,-0.32,-3052.93,-30.53,51
520,Exit short,2023-05-16 02:00,Time flat,2015.635,5,10072.225,-8.95,-0.09,3,0,0.00,-36.47,-0.36,-3061.88,-30.62,333
520,Entry short,2023-05-15 20:27,S550,2014.445,5,10072.225,-8.95,-0.09,3,0,0.00,-36.47,-0.36,-3061.88,-30.62,333
521,Exit long,2023-05-16 17:19,Opposite signal,2005.9,9,18061.47,-13.77,-0.08,5.4,29.39,0.16,-12.33,-0.07,-3075.65,-30.76,288
521,Entry long,2023-05-16 12:31,L551,2006.83,9,18061.47,-13.77,-0.08,5.4,29.39,0.16,-12.33,-0.07,-3075.65,-30.76,288
522,Exit short,2023-05-16 18:12,S552 exit,2011.395,8,16048.4,-47.56,-0.30,4.8,36.28,0.23,-45.16,-0.28,-3123.21,-31.23,52
522,Entry short,2023-05-16 17:20,S552,2006.05,8,16048.4,-47.56,-0.30,4.8,36.28,0.23,-45.16,-0.28,-3123.21,-31.23,52
523,Exit long,2023-05-16 20:37,Opposite signal,2000.505,4,8045.988,-46.37,-0.58,2.4,4.23,0.05,-45.91,-0.57,-3169.58,-31.70,138
523,Entry long,2023-05-16 18:19,L553,2011.497,4,8045.988,-46.37,-0.58,2.4,4.23,0.05,-45.91,-0.57,-3169.58,-31.70,138
524,Exit short,2023-05-17 02:00,Time flat,1988.755,3,6003.645,35.58,0.59,1.8,46.16,0.77,-6.24,-0.10,-3134,-31.34,313
524,Entry short,2023-05-16 20:47,S554,2001.215,3,6003.645,35.58,0.59,1.8,46.16,0.77,-6.24,-0.10,-3134,-31.34,313
525,Exit long,2023-05-17 16:14,Opposite signal,1987.325,10,19869.31,-2.06,-0.01,6,17.19,0.09,-5.31,-0.03,-3136.06,-31.36,22
525,Entry long,2023-05-17 15:52,L555,1986.931,10,19869.31,-2.06,-0.01,6,17.19,0.09,-5.31,-0.03,-3136.06,-31.36,22
526,Exit short,2023-05-17 19:26,S556 exit,1977.67,16,31810.16,157.84,0.50,9.6,162.64,0.51,-15.6,-0.05,-2978.22,-29.78,191
526,Entry short,2023-05-17 16:15,S556,1988.135,16,31810.16,157.84,0.50,9.6,162.64,0.51,-15.6,-0.05,-2978.22,-29.78,191
527,Exit long,2023-05-18 22:11,Opposite signal,1954.295,11,21501.843,-11.2,-0.05,6.6,31.48,0.15,-8.83,-0.04,-2989.42,-29.89,69
527,Entry long,2023-05-18 21:02,L557,1954.713,11,21501.843,-11.2,-0.05,6.6,31.48,0.15,-8.83,-0.04,-2989.42,-29.89,69
528,Exit short,2023-05-18 22:59,Opposite signal,1957.125,9,17588.79,-30.73,-0.17,5.4,0.09,0.00,-31.14,-0.18,-3020.15,-30.20,47
528,Entry short,2023-05-18 22:12,S558,1954.31,9,17588.79,-30.73,-0.17,5.4,0.09,0.00,-31.14,-0.18,-3020.15,-30.20,47
529,Exit short,2023-05-19 06:40,Opposite signal,1960.055,14,27413.05,-36.12,-0.13,8.4,6.86,0.03,-32.9,-0.12,-3056.27,-30.56,18
529,Entry short,2023-05-19 06:22,S560,1958.075,14,27413.05,-36.12,-0.13,8.4,6.86,0.03,-32.9,-0.12,-3056.27,-30.56,18
530,Exit long,2023-05-19 06:51,Opposite signal,1957.15,12,23515.956,-37.36,-0.16,7.2,0,0.00,-33.76,-0.14,-3093.63,-30.94,6
530,Entry long,2023-05-19 06:45,L561,1959.663,12,23515.956,-37.36,-0.16,7.2,0,0.00,-33.76,-0.14,-3093.63,-30.94,6
531,Exit short,2023-05-19 08:00,Opposite signal,1957.67,10,19572.75,-9.95,-0.05,6,28.45,0.15,-7.4,-0.04,-3103.58,-31.04,63
531,Entry short,2023-05-19 06:57,S562,1957.275,10,19572.75,-9.95,-0.05,6,28.45,0.15,-7.4,-0.04,-3103.58,-31.04,63
532,Exit long,2023-05-19 10:39,Opposite signal,1961.965,9,17623.485,28.8,0.16,5.4,51.93,0.29,-4.95,-0.03,-3074.78,-30.75,154
532,Entry long,2023-05-19 08:05,L563,1958.165,9,17623.485,28.8,0.16,5.4,51.93,0.29,-4.95,-0.03,-3074.78,-30.75,154
533,Exit short,2023-05-19 11:16,Opposite signal,1963.195,13,25507.495,-21.84,-0.09,7.8,14.43,0.06,-17.94,-0.07,-3096.62,-30.97,33
533,Entry short,2023-05-19 10:43,S564,1962.115,13,25507.495,-21.84,-0.09,7.8,14.43,0.06,-17.94,-0.07,-3096.62,-30.97,33
534,Exit long,2023-05-19 18:02,Opposite signal,1961.01,13,25517.973,-32.64,-0.13,7.8,72.46,0.28,-29.2,-0.11,-3129.26,-31.29,405
534,Entry long,2023-05-19 11:17,L565,1962.921,13,25517.973,-32.64,-0.13,7.8,72.46,0.28,-29.2,-0.11,-3129.26,-31.29,405
535,Exit short,2023-05-19 20:43,Opposite signal,1962.275,6,11770.02,-7.23,-0.06,3.6,24.54,0.21,-15.48,-0.13,-3136.49,-31.36,160
535,Entry short,2023-05-19 18:03,S566,1961.67,6,11770.02,-7.23,-0.06,3.6,24.54,0.21,-15.48,-0.13,-3136.49,-31.36,160
536,Exit long,2023-05-19 23:00,Weekend flat,1979.61,3,5915.454,21.58,0.36,1.8,36.62,0.62,-2.11,-0.04,-3114.91,-31.15,128
536,Entry long,2023-05-19 20:52,L567,1971.818,3,5915.454,21.58,0.36,1.8,36.62,0.62,-2.11,-0.04,-3114.91,-31.15,128
537,Exit short,2023-05-23 13:54,Opposite signal,1959.205,11,21514.823,-43.03,-0.20,6.6,14.22,0.07,-40.34,-0.19,-3157.95,-31.58,19
537,Entry short,2023-05-23 13:35,S568,1955.893,11,21514.823,-43.03,-0.20,6.6,14.22,0.07,-40.34,-0.19,-3157.95,-31.58,19
538,Exit long,2023-05-23 15:21,Opposite signal,1958.355,8,15669.4,-7.36,-0.05,4.8,19.28,0.12,-7.08,-0.05,-3165.31,-31.65,86
538,Entry long,2023-05-23 13:55,L569,1958.675,8,15669.4,-7.36,-0.05,4.8,19.28,0.12,-7.08,-0.05,-3165.31,-31.65,86
539,Exit short,2023-05-23 17:51,S570 exit,1962.385,7,13693.869,-47.03,-0.34,4.2,6.98,0.05,-44.93,-0.33,-3212.33,-32.12,113
539,Entry short,2023-05-23 15:58,S570,1956.267,7,13693.869,-47.03,-0.34,4.2,6.98,0.05,-44.93,-0.33,-3212.33,-32.12,113
540,Exit long,2023-05-23 21:02,Opposite signal,1964.6,6,11768.31,15.69,0.13,3.6,71.73,0.61,-23.34,-0.20,-3196.64,-31.97,189
540,Entry long,2023-05-23 17:53,L571,1961.385,6,11768.31,15.69,0.13,3.6,71.73,0.61,-23.34,-0.20,-3196.64,-31.97,189
541,Exit short,2023-05-23 22:14,Opposite signal,1974.18,6,11800.26,-48.42,-0.41,3.6,0.3,0.00,-47.91,-0.41,-3245.06,-32.45,60
541,Entry short,2023-05-23 21:14,S572,1966.71,6,11800.26,-48.42,-0.41,3.6,0.3,0.00,-47.91,-0.41,-3245.06,-32.45,60
542,Exit long,2023-05-24 01:03,Opposite signal,1974.78,5,9868.2,2.7,0.03,3,19.33,0.20,-11.77,-0.12,-3242.36,-32.42,158
542,Entry long,2023-05-23 22:25,L573,1973.64,5,9868.2,2.7,0.03,3,19.33,0.20,-11.77,-0.12,-3242.36,-32.42,158
543,Exit long,2023-05-24 11:35,Opposite signal,1977.185,8,15818.8,-6.12,-0.04,4.8,23.88,0.15,-6.52,-0.04,-3248.48,-32.48,108
543,Entry long,2023-05-24 09:47,L574,1977.35,8,15818.8,-6.12,-0.04,4.8,23.88,0.15,-6.52,-0.04,-3248.48,-32.48,108
544,Exit short,2023-05-24 12:36,Opposite signal,1973,11,21755.8,46.2,0.21,6.6,74.08,0.34,-11.99,-0.06,-3202.28,-32.02,60
544,Entry short,2023-05-24 11:36,S575,1977.8,11,21755.8,46.2,0.21,6.6,74.08,0.34,-11.99,-0.06,-3202.28,-32.02,60
545,Exit long,2023-05-24 17:51,L576 exit,1984.885,13,25644.32,151.39,0.59,7.8,155.29,0.61,-26.52,-0.10,-3050.9,-30.51,314
545,Entry long,2023-05-24 12:37,L576,1972.64,13,25644.32,151.39,0.59,7.8,155.29,0.61,-26.52,-0.10,-3050.9,-30.51,314
546,Exit short,2023-05-24 21:21,S577 exit,1964.75,9,17835.3,147.15,0.82,5.4,149.85,0.84,-12.1,-0.07,-2903.75,-29.04,191
546,Entry short,2023-05-24 18:10,S577,1981.7,9,17835.3,147.15,0.82,5.4,149.85,0.84,-12.1,-0.07,-2903.75,-29.04,191
547,Exit long,2023-05-25 09:03,Opposite signal,1957.13,9,17627.895,-19.12,-0.11,5.4,0.09,0.00,-17.82,-0.10,-2922.87,-29.23,50
547,Entry long,2023-05-25 08:13,L578,1958.655,9,17627.895,-19.12,-0.11,5.4,0.09,0.00,-17.82,-0.10,-2922.87,-29.23,50
548,Exit short,2023-05-25 10:35,Opposite signal,1958.43,16,31320.16,-24.32,-0.08,9.6,12.64,0.04,-20.24,-0.06,-2947.19,-29.47,91
548,Entry short,2023-05-25 09:04,S579,1957.51,16,31320.16,-24.32,-0.08,9.6,12.64,0.04,-20.24,-0.06,-2947.19,-29.47,91
549,Exit long,2023-05-25 11:16,Opposite signal,1956.38,15,29371.5,-34.8,-0.12,9,0,0.00,-31.57,-0.11,-2981.99,-29.82,33
549,Entry long,2023-05-25 10:43,L580,1958.1,15,29371.5,-34.8,-0.12,9,0,0.00,-31.57,-0.11,-2981.99,-29.82,33
550,Exit short,2023-05-25 12:11,Opposite signal,1959.055,12,23474.196,-41.66,-0.18,7.2,10.24,0.04,-40.88,-0.17,-3023.66,-30.24,53
550,Entry short,2023-05-25 11:18,S581,1956.183,12,23474.196,-41.66,-0.18,7.2,10.24,0.04,-40.88,-0.17,-3023.66,-30.24,53
551,Exit long,2023-05-25 14:21,Opposite signal,1962.605,9,17624.115,33.93,0.19,5.4,56.25,0.32,-8.46,-0.05,-2989.73,-29.90,129
551,Entry long,2023-05-25 12:12,L582,1958.235,9,17624.115,33.93,0.19,5.4,56.25,0.32,-8.46,-0.05,-2989.73,-29.90,129
552,Exit short,2023-05-25 18:05,S583 exit,1949.365,12,23548.8,149.22,0.63,7.2,152.82,0.65,-23.1,-0.10,-2840.51,-28.41,220
552,Entry short,2023-05-25 14:25,S583,1962.4,12,23548.8,149.22,0.63,7.2,152.82,0.65,-23.1,-0.10,-2840.51,-28.41,220
553,Exit long,2023-05-26 13:10,L584 exit,1954.63,16,31111.232,153.25,0.49,9.6,158.05,0.51,-8.91,-0.03,-2687.26,-26.87,366
553,Entry long,2023-05-26 07:04,L584,1944.452,16,31111.232,153.25,0.49,9.6,158.05,0.51,-8.91,-0.03,-2687.26,-26.87,366
554,Exit short,2023-05-26 23:00,Weekend flat,1944.3,6,11702.7,33.3,0.28,3.6,67.8,0.58,-10.44,-0.09,-2653.96,-26.54,227
554,Entry short,2023-05-26 19:13,S585,1950.45,6,11702.7,33.3,0.28,3.6,67.8,0.58,-10.44,-0.09,-2653.96,-26.54,227
555,Exit long,2023-05-30 12:54,Opposite signal,1937.01,9,17424.693,3,0.02,5.4,26.22,0.15,-6.06,-0.03,-2650.96,-26.51,46
555,Entry long,2023-05-30 12:08,L586,1936.077,9,17424.693,3,0.02,5.4,26.22,0.15,-6.06,-0.03,-2650.96,-26.51,46
556,Exit short,2023-05-30 13:23,Opposite signal,1939.51,14,27125.49,-36.05,-0.13,8.4,0,0.00,-32.97,-0.12,-2687.01,-26.87,3
556,Entry short,2023-05-30 13:20,S587,1937.535,14,27125.49,-36.05,-0.13,8.4,0,0.00,-32.97,-0.12,-2687.01,-26.87,3
557,Exit long,2023-05-30 15:34,L588 exit,1955.7,14,27216.672,154.73,0.57,8.4,158.93,0.58,-26.43,-0.10,-2532.28,-25.32,95
557,Entry long,2023-05-30 13:59,L588,1944.048,14,27216.672,154.73,0.57,8.4,158.93,0.58,-26.43,-0.10,-2532.28,-25.32,95
558,Exit short,2023-05-30 19:38,Opposite signal,1955.145,6,11732.418,-2.05,-0.02,3.6,26.54,0.23,-19.12,-0.16,-2534.34,-25.34,64
558,Entry short,2023-05-30 18:34,S589,1955.403,6,11732.418,-2.05,-0.02,3.6,26.54,0.23,-19.12,-0.16,-2534.34,-25.34,64
559,Exit short,2023-05-30 23:02,Opposite signal,1959.01,20,39163.4,-28.8,-0.07,12,0.2,0.00,-25,-0.06,-2563.14,-25.63,10
559,Entry short,2023-05-30 22:52,S591,1958.17,20,39163.4,-28.8,-0.07,12,0.2,0.00,-25,-0.06,-2563.14,-25.63,10
560,Exit long,2023-05-31 11:01,Opposite signal,1958.595,14,27377.91,34.02,0.12,8.4,66.36,0.24,-4.62,-0.02,-2529.12,-25.29,165
560,Entry long,2023-05-31 08:16,L592,1955.565,14,27377.91,34.02,0.12,8.4,66.36,0.24,-4.62,-0.02,-2529.12,-25.29,165
561,Exit short,2023-05-31 11:13,Opposite signal,1961.325,14,27423.802,-43.15,-0.16,8.4,0,0.00,-39.02,-0.14,-2572.26,-25.72,11
561,Entry short,2023-05-31 11:02,S593,1958.843,14,27423.802,-43.15,-0.16,8.4,0,0.00,-39.02,-0.14,-2572.26,-25.72,11
562,Exit long,2023-05-31 12:43,Opposite signal,1957.965,12,23527.26,-38.88,-0.17,7.2,40.2,0.17,-38.04,-0.16,-2611.14,-26.11,46
562,Entry long,2023-05-31 11:57,L594,1960.605,12,23527.26,-38.88,-0.17,7.2,40.2,0.17,-38.04,-0.16,-2611.14,-26.11,46
563,Exit short,2023-05-31 13:48,Opposite signal,1958.83,13,25437.776,-34.81,-0.14,7.8,10.17,0.04,-31.04,-0.12,-2645.96,-26.46,25
563,Entry short,2023-05-31 13:23,S595,1956.752,13,25437.776,-34.81,-0.14,7.8,10.17,0.04,-31.04,-0.12,-2645.96,-26.46,25
564,Exit long,2023-05-31 14:19,Opposite signal,1955.525,10,19586.45,-37.2,-0.19,6,9.75,0.05,-35.65,-0.18,-2683.16,-26.83,30
564,Entry long,2023-05-31 13:49,L596,1958.645,10,19586.45,-37.2,-0.19,6,9.75,0.05,-35.65,-0.18,-2683.16,-26.83,30
565,Exit short,2023-05-31 14:50,Opposite signal,1957.065,10,19565.15,-11.5,-0.06,6,11.95,0.06,-8.5,-0.04,-2694.66,-26.95,30
565,Entry short,2023-05-31 14:20,S597,1956.515,10,19565.15,-11.5,-0.06,6,11.95,0.06,-8.5,-0.04,-2694.66,-26.95,30
566,Exit long,2023-05-31 19:12,L598 exit,1968.04,14,27395.27,148.89,0.54,8.4,153.09,0.56,-29.47,-0.11,-2545.77,-25.46,205
566,Entry long,2023-05-31 15:47,L598,1956.805,14,27395.27,148.89,0.54,8.4,153.09,0.56,-29.47,-0.11,-2545.77,-25.46,205
567,Exit short,2023-05-31 20:12,S599 exit,1974.745,4,7856.04,-45.34,-0.58,2.4,9.46,0.12,-44.14,-0.56,-2591.11,-25.91,41
567,Entry short,2023-05-31 19:31,S599,1964.01,4,7856.04,-45.34,-0.58,2.4,9.46,0.12,-44.14,-0.56,-2591.11,-25.91,41
568,Exit long,2023-06-01 14:06,Opposite signal,1954.61,17,33251.66,-33.49,-0.10,10.2,9.18,0.03,-29.75,-0.09,-2624.6,-26.25,29
568,Entry long,2023-06-01 13:37,L600,1955.98,17,33251.66,-33.49,-0.10,10.2,9.18,0.03,-29.75,-0.09,-2624.6,-26.25,29
569,Exit short,2023-06-01 14:40,Opposite signal,1957.225,12,23451.468,-42.43,-0.18,7.2,1.37,0.01,-39.55,-0.17,-2667.03,-26.67,29
569,Entry short,2023-06-01 14:11,S601,1954.289,12,23451.468,-42.43,-0.18,7.2,1.37,0.01,-39.55,-0.17,-2667.03,-26.67,29
570,Exit long,2023-06-01 17:46,Opposite signal,1962.635,11,21520.598,61.79,0.29,6.6,129.49,0.60,-3.72,-0.02,-2605.24,-26.05,185
570,Entry long,2023-06-01 14:41,L602,1956.418,11,21520.598,61.79,0.29,6.6,129.49,0.60,-3.72,-0.02,-2605.24,-26.05,185
571,Exit short,2023-06-01 18:31,Opposite signal,1969.045,11,21620.39,-45.7,-0.21,6.6,17.88,0.08,-44.77,-0.21,-2650.95,-26.51,30
571,Entry short,2023-06-01 18:01,S603,1965.49,11,21620.39,-45.7,-0.21,6.6,17.88,0.08,-44.77,-0.21,-2650.95,-26.51,30
572,Exit long,2023-06-01 22:34,Opposite signal,1977.42,5,9840.755,43.35,0.44,3,73.65,0.75,-11.85,-0.12,-2607.6,-26.08,232
572,Entry long,2023-06-01 18:42,L604,1968.151,5,9840.755,43.35,0.44,3,73.65,0.75,-11.85,-0.12,-2607.6,-26.08,232
573,Exit short,2023-06-01 23:32,Opposite signal,1978.545,17,33610.156,-35.31,-0.11,10.2,8.89,0.03,-32.33,-0.10,-2642.91,-26.43,41
573,Entry short,2023-06-01 22:50,S605,1977.068,17,33610.156,-35.31,-0.11,10.2,8.89,0.03,-32.33,-0.10,-2642.91,-26.43,41
574,Exit long,2023-06-02 07:30,Opposite signal,1977.405,15,29635.2,16.88,0.06,9,41.25,0.14,-9.15,-0.03,-2626.04,-26.26,18
574,Entry long,2023-06-02 07:12,L606,1975.68,15,29635.2,16.88,0.06,9,41.25,0.14,-9.15,-0.03,-2626.04,-26.26,18
575,Exit short,2023-06-02 07:38,Opposite signal,1979.04,17,33618.911,-34.97,-0.10,10.2,0,0.00,-30.89,-0.09,-2661.01,-26.61,7
575,Entry short,2023-06-02 07:31,S607,1977.583,17,33618.911,-34.97,-0.10,10.2,0,0.00,-30.89,-0.09,-2661.01,-26.61,7
576,Exit long,2023-06-02 11:59,Opposite signal,1977.95,15,29680.95,-20.7,-0.07,9,67.13,0.23,-16.2,-0.05,-2681.71,-26.82,251
576,Entry long,2023-06-02 07:48,L608,1978.73,15,29680.95,-20.7,-0.07,9,67.13,0.23,-16.2,-0.05,-2681.71,-26.82,251
577,Exit short,2023-06-02 14:08,Opposite signal,1977.89,8,15829.672,1.75,0.01,4.8,26.83,0.17,-4.41,-0.03,-2679.95,-26.80,117
577,Entry short,2023-06-02 12:11,S609,1978.709,8,15829.672,1.75,0.01,4.8,26.83,0.17,-4.41,-0.03,-2679.95,-26.80,117
578,Exit long,2023-06-02 18:00,L610 exit,1974.055,11,21756.24,-48.23,-0.22,6.6,23.93,0.11,-44.93,-0.21,-2728.19,-27.28,10
578,Entry long,2023-06-02 17:50,L610,1977.84,11,21756.24,-48.23,-0.22,6.6,23.93,0.11,-44.93,-0.21,-2728.19,-27.28,10
579,Exit short,2023-06-02 20:11,Opposite signal,1966.8,6,11855.85,51.45,0.43,3.6,87.54,0.74,-17.31,-0.15,-2676.74,-26.77,130
579,Entry short,2023-06-02 18:01,S611,1975.975,6,11855.85,51.45,0.43,3.6,87.54,0.74,-17.31,-0.15,-2676.74,-26.77,130
580,Exit long,2023-06-02 21:37,L612 exit,1960.085,7,13767.04,-50.64,-0.37,4.2,0,0.00,-48.54,-0.35,-2727.38,-27.27,85
580,Entry long,2023-06-02 20:12,L612,1966.72,7,13767.04,-50.64,-0.37,4.2,0,0.00,-48.54,-0.35,-2727.38,-27.27,85
581,Exit short,2023-06-02 23:00,Weekend flat,1953.32,16,31237.264,-25.46,-0.08,9.6,2.78,0.01,-26.58,-0.09,-2752.84,-27.53,12
581,Entry short,2023-06-02 22:48,S613,1952.329,16,31237.264,-25.46,-0.08,9.6,2.78,0.01,-26.58,-0.09,-2752.84,-27.53,12
582,Exit short,2023-06-05 13:27,Opposite signal,1940.295,11,21419.2,69.36,0.32,6.6,91.74,0.43,-16.61,-0.08,-2683.48,-26.83,445
582,Entry short,2023-06-05 06:01,S614,1947.2,11,21419.2,69.36,0.32,6.6,91.74,0.43,-16.61,-0.08,-2683.48,-26.83,445
583,Exit long,2023-06-05 16:52,Opposite signal,1939.78,15,29101.17,-13.47,-0.05,9,84.93,0.29,-25.32,-0.09,-2696.95,-26.97,204
583,Entry long,2023-06-05 13:28,L615,1940.078,15,29101.17,-13.47,-0.05,9,84.93,0.29,-25.32,-0.09,-2696.95,-26.97,204
584,Exit short,2023-06-05 18:54,Opposite signal,1946.075,7,13582.31,-44.41,-0.33,4.2,13.16,0.10,-46.02,-0.34,-2741.37,-27.41,121
584,Entry short,2023-06-05 16:53,S616,1940.33,7,13582.31,-44.41,-0.33,4.2,13.16,0.10,-46.02,-0.34,-2741.37,-27.41,121
585,Exit long,2023-06-06 02:00,Time flat,1961.435,6,11669.106,95.9,0.82,3.6,113.42,0.97,-4.54,-0.04,-2645.47,-26.45,417
585,Entry long,2023-06-05 19:02,L617,1944.851,6,11669.106,95.9,0.82,3.6,113.42,0.97,-4.54,-0.04,-2645.47,-26.45,417
586,Exit short,2023-06-06 07:38,Opposite signal,1961.435,10,19605.9,-14.45,-0.07,6,12.1,0.06,-13.4,-0.07,-2659.92,-26.60,92
586,Entry short,2023-06-06 06:06,S618,1960.59,10,19605.9,-14.45,-0.07,6,12.1,0.06,-13.4,-0.07,-2659.92,-26.60,92
587,Exit long,2023-06-06 11:18,Opposite signal,1958.91,8,15706.056,-39.58,-0.25,4.8,0,0.00,-37.18,-0.24,-2699.49,-26.99,212
587,Entry long,2023-06-06 07:46,L619,1963.257,8,15706.056,-39.58,-0.25,4.8,0,0.00,-37.18,-0.24,-2699.49,-26.99,212
588,Exit short,2023-06-06 14:43,Opposite signal,1961.585,7,13713.56,-21.73,-0.16,4.2,13.2,0.10,-21.1,-0.15,-2721.23,-27.21,193
588,Entry short,2023-06-06 11:30,S620,1959.08,7,13713.56,-21.73,-0.16,4.2,13.2,0.10,-21.1,-0.15,-2721.23,-27.21,193
589,Exit long,2023-06-06 18:01,Opposite signal,1962.365,15,29444.25,-17.77,-0.06,9,47.03,0.16,-29.92,-0.10,-2739,-27.39,179
589,Entry long,2023-06-06 15:02,L621,1962.95,15,29444.25,-17.77,-0.06,9,47.03,0.16,-29.92,-0.10,-2739,-27.39,179
590,Exit short,2023-06-06 21:34,Opposite signal,1964.98,10,19628.55,-27.25,-0.14,6,81.6,0.42,-25.2,-0.13,-2766.25,-27.66,194
590,Entry short,2023-06-06 18:20,S622,1962.855,10,19628.55,-27.25,-0.14,6,81.6,0.42,-25.2,-0.13,-2766.25,-27.66,194
591,Exit long,2023-06-07 02:00,Time flat,1962.925,5,9816.765,-5.14,-0.05,3,12.39,0.13,-12.54,-0.13,-2771.39,-27.71,254
591,Entry long,2023-06-06 21:45,L623,1963.353,5,9816.765,-5.14,-0.05,3,12.39,0.13,-12.54,-0.13,-2771.39,-27.71,254
592,Exit short,2023-06-07 22:17,Opposite signal,1942.36,3,5865.045,36.17,0.62,1.8,41.33,0.70,-3.34,-0.06,-2735.23,-27.35,80
592,Entry short,2023-06-07 20:57,S624,1955.015,3,5865.045,36.17,0.62,1.8,41.33,0.70,-3.34,-0.06,-2735.23,-27.35,80
593,Exit long,2023-06-07 23:30,Opposite signal,1944.58,13,25258.688,13.05,0.05,7.8,43.08,0.17,-29.85,-0.12,-2722.17,-27.22,70
593,Entry long,2023-06-07 22:20,L625,1942.976,13,25258.688,13.05,0.05,7.8,43.08,0.17,-29.85,-0.12,-2722.17,-27.22,70
594,Exit short,2023-06-08 07:36,Opposite signal,1946.995,19,36970.39,-33.91,-0.09,11.4,17.48,0.05,-29.54,-0.08,-2756.09,-27.56,45
594,Entry short,2023-06-08 06:51,S626,1945.81,19,36970.39,-33.91,-0.09,11.4,17.48,0.05,-29.54,-0.08,-2756.09,-27.56,45
595,Exit long,2023-06-08 11:19,Opposite signal,1946.665,14,27250.51,-5.6,-0.02,8.4,15.75,0.06,-30.45,-0.11,-2761.69,-27.62,219
595,Entry long,2023-06-08 07:40,L627,1946.465,14,27250.51,-5.6,-0.02,8.4,15.75,0.06,-30.45,-0.11,-2761.69,-27.62,219
596,Exit short,2023-06-08 13:26,Opposite signal,1948.105,17,33094.495,-33.49,-0.10,10.2,61.29,0.19,-32.3,-0.10,-2795.18,-27.95,126
596,Entry short,2023-06-08 11:20,S628,1946.735,17,33094.495,-33.49,-0.10,10.2,61.29,0.19,-32.3,-0.10,-2795.18,-27.95,126
597,Exit long,2023-06-08 14:59,Opposite signal,1946.75,9,17522.622,-7.27,-0.04,5.4,17.43,0.10,-5.02,-0.03,-2802.45,-28.02,89
597,Entry long,2023-06-08 13:30,L629,1946.958,9,17522.622,-7.27,-0.04,5.4,17.43,0.10,-5.02,-0.03,-2802.45,-28.02,89
598,Exit short,2023-06-08 17:24,Opposite signal,1946.67,12,23362.68,-4.56,-0.02,7.2,18.84,0.08,-16.74,-0.07,-2807.01,-28.07,144
598,Entry short,2023-06-08 15:00,S630,1946.89,12,23362.68,-4.56,-0.02,7.2,18.84,0.08,-16.74,-0.07,-2807.01,-28.07,144
599,Exit long,2023-06-08 18:08,L631 exit,1956.54,16,31142.88,152.16,0.49,9.6,156.96,0.50,-7.12,-0.02,-2654.85,-26.55,43
599,Entry long,2023-06-08 17:25,L631,1946.43,16,31142.88,152.16,0.49,9.6,156.96,0.50,-7.12,-0.02,-2654.85,-26.55,43
600,Exit short,2023-06-09 00:19,Opposite signal,1965.11,8,15728.52,2.84,0.02,4.8,31.4,0.20,-28.36,-0.18,-2652.01,-26.52,246
600,Entry short,2023-06-08 20:12,S632,1966.065,8,15728.52,2.84,0.02,4.8,31.4,0.20,-28.36,-0.18,-2652.01,-26.52,246
601,Exit long,2023-06-09 06:52,Opposite signal,1963.345,14,27512.38,-33.95,-0.12,8.4,1.96,0.01,-31.01,-0.11,-2685.96,-26.86,14
601,Entry long,2023-06-09 06:38,L633,1965.17,14,27512.38,-33.95,-0.12,8.4,1.96,0.01,-31.01,-0.11,-2685.96,-26.86,14
602,Exit short,2023-06-09 12:21,Opposite signal,1965.675,12,23563.02,-32.28,-0.14,7.2,10.2,0.04,-28.68,-0.12,-2718.24,-27.18,326
602,Entry short,2023-06-09 06:53,S634,1963.585,12,23563.02,-32.28,-0.14,7.2,10.2,0.04,-28.68,-0.12,-2718.24,-27.18,326
603,Exit long,2023-06-09 12:35,Opposite signal,1964.325,12,23578.74,-14.04,-0.06,7.2,11.28,0.05,-11.52,-0.05,-2732.28,-27.32,9
603,Entry long,2023-06-09 12:26,L635,1964.895,12,23578.74,-14.04,-0.06,7.2,11.28,0.05,-11.52,-0.05,-2732.28,-27.32,9
604,Exit short,2023-06-09 16:55,Opposite signal,1965.315,16,31436.16,-18.48,-0.06,9.6,60.32,0.19,-16.88,-0.05,-2750.76,-27.51,259
604,Entry short,2023-06-09 12:36,S636,1964.76,16,31436.16,-18.48,-0.06,9.6,60.32,0.19,-16.88,-0.05,-2750.76,-27.51,259
605,Exit long,2023-06-09 17:51,Opposite signal,1964.29,8,15721.424,-11.9,-0.08,4.8,12.5,0.08,-9.58,-0.06,-2762.67,-27.63,46
605,Entry long,2023-06-09 17:05,L637,1965.178,8,15721.424,-11.9,-0.08,4.8,12.5,0.08,-9.58,-0.06,-2762.67,-27.63,46
606,Exit short,2023-06-09 18:00,S638 exit,1968.04,13,25556.505,-35.81,-0.14,7.8,22.82,0.09,-31.91,-0.12,-2798.48,-27.98,8
606,Entry short,2023-06-09 17:52,S638,1965.885,13,25556.505,-35.81,-0.14,7.8,22.82,0.09,-31.91,-0.12,-2798.48,-27.98,8
607,Exit long,2023-06-09 18:18,Opposite signal,1963.225,6,11820.57,-44.82,-0.38,3.6,6.75,0.06,-44.25,-0.37,-2843.3,-28.43,16
607,Entry long,2023-06-09 18:02,L639,1970.095,6,11820.57,-44.82,-0.38,3.6,6.75,0.06,-44.25,-0.37,-2843.3,-28.43,16
608,Exit short,2023-06-09 19:52,Opposite signal,1965.47,5,9822.425,-7.92,-0.08,3,37.6,0.38,-6.55,-0.07,-2851.23,-28.51,93
608,Entry short,2023-06-09 18:19,S640,1964.485,5,9822.425,-7.92,-0.08,3,37.6,0.38,-6.55,-0.07,-2851.23,-28.51,93
609,Exit long,2023-06-09 23:00,Weekend flat,1962.61,5,9826.485,-16.43,-0.17,3,4.84,0.05,-25.43,-0.26,-2867.66,-28.68,178
609,Entry long,2023-06-09 20:02,L641,1965.297,5,9826.485,-16.43,-0.17,3,4.84,0.05,-25.43,-0.26,-2867.66,-28.68,178
610,Exit short,2023-06-12 08:19,Opposite signal,1956.065,4,7826.66,0,0.00,2.4,8.24,0.11,-5.78,-0.07,-2867.66,-28.68,78
610,Entry short,2023-06-12 07:01,S642,1956.665,4,7826.66,0,0.00,2.4,8.24,0.11,-5.78,-0.07,-2867.66,-28.68,78
611,Exit long,2023-06-12 15:45,L643 exit,1966.305,15,29337.525,148.05,0.50,9,152.55,0.52,-10.65,-0.04,-2719.61,-27.20,444
611,Entry long,2023-06-12 08:21,L643,1955.835,15,29337.525,148.05,0.50,9,152.55,0.52,-10.65,-0.04,-2719.61,-27.20,444
612,Exit short,2023-06-12 17:55,Opposite signal,1965.29,13,25543.635,-12.93,-0.05,7.8,36.4,0.14,-12.28,-0.05,-2732.55,-27.33,88
612,Entry short,2023-06-12 16:27,S644,1964.895,13,25543.635,-12.93,-0.05,7.8,36.4,0.14,-12.28,-0.05,-2732.55,-27.33,88
613,Exit long,2023-06-12 18:02,Opposite signal,1961.68,10,19649.75,-38.95,-0.20,6,0,0.00,-37.7,-0.19,-2771.5,-27.71,4
613,Entry long,2023-06-12 17:58,L645,1964.975,10,19649.75,-38.95,-0.20,6,0,0.00,-37.7,-0.19,-2771.5,-27.71,4
614,Exit short,2023-06-13 01:23,Opposite signal,1958.545,8,15695.28,22.12,0.14,4.8,98.64,0.63,-21.52,-0.14,-2749.38,-27.49,440
614,Entry short,2023-06-12 18:03,S646,1961.91,8,15695.28,22.12,0.14,4.8,98.64,0.63,-21.52,-0.14,-2749.38,-27.49,440
615,Exit short,2023-06-13 07:39,Opposite signal,1957.33,17,33315.07,30.26,0.09,10.2,58.14,0.17,-7.82,-0.02,-2719.12,-27.19,96
615,Entry short,2023-06-13 06:03,S647,1959.71,17,33315.07,30.26,0.09,10.2,58.14,0.17,-7.82,-0.02,-2719.12,-27.19,96
616,Exit long,2023-06-13 10:58,Opposite signal,1959.81,18,35227.8,37.98,0.11,10.8,87.03,0.25,-14.04,-0.04,-2681.14,-26.81,197
616,Entry long,2023-06-13 07:41,L648,1957.1,18,35227.8,37.98,0.11,10.8,87.03,0.25,-14.04,-0.04,-2681.14,-26.81,197
617,Exit short,2023-06-13 11:52,Opposite signal,1961.645,14,27444.9,-26.53,-0.10,8.4,24.43,0.09,-35.35,-0.13,-2707.67,-27.08,53
617,Entry short,2023-06-13 10:59,S649,1960.35,14,27444.9,-26.53,-0.10,8.4,24.43,0.09,-35.35,-0.13,-2707.67,-27.08,53
618,Exit long,2023-06-13 12:55,Opposite signal,1964.025,10,19610.2,24.05,0.12,6,40.75,0.21,-7.3,-0.04,-2683.62,-26.84,62
618,Entry long,2023-06-13 11:53,L650,1961.02,10,19610.2,24.05,0.12,6,40.75,0.21,-7.3,-0.04,-2683.62,-26.84,62
619,Exit short,2023-06-13 16:08,Opposite signal,1964.91,16,31430.48,-17.68,-0.06,9.6,40.56,0.13,-13.36,-0.04,-2701.3,-27.01,192
619,Entry short,2023-06-13 12:56,S651,1964.405,16,31430.48,-17.68,-0.06,9.6,40.56,0.13,-13.36,-0.04,-2701.3,-27.01,192
620,Exit long,2023-06-13 17:42,Opposite signal,1960.945,10,19650.83,-47.38,-0.24,6,3.72,0.02,-45.78,-0.23,-2748.68,-27.49,64
620,Entry long,2023-06-13 16:38,L652,1965.083,10,19650.83,-47.38,-0.24,6,3.72,0.02,-45.78,-0.23,-2748.68,-27.49,64
621,Exit short,2023-06-13 18:00,S653 exit,1967.255,8,15692.56,-50.28,-0.32,4.8,86.72,0.55,-47.88,-0.31,-2798.96,-27.99,3
621,Entry short,2023-06-13 17:57,S653,1961.57,8,15692.56,-50.28,-0.32,4.8,86.72,0.55,-47.88,-0.31,-2798.96,-27.99,3
622,Exit long,2023-06-13 20:50,Opposite signal,1950.065,3,5898.045,-49.65,-0.84,1.8,9.47,0.16,-48.81,-0.83,-2848.61,-28.49,169
622,Entry long,2023-06-13 18:01,L654,1966.015,3,5898.045,-49.65,-0.84,1.8,9.47,0.16,-48.81,-0.83,-2848.61,-28.49,169
623,Exit short,2023-06-14 12:58,Opposite signal,1948.825,15,29219.55,-21.82,-0.07,9,35.48,0.12,-17.32,-0.06,-2870.43,-28.70,123
623,Entry short,2023-06-14 10:55,S656,1947.97,15,29219.55,-21.82,-0.07,9,35.48,0.12,-17.32,-0.06,-2870.43,-28.70,123
624,Exit long,2023-06-14 13:51,Opposite signal,1948.925,17,33162.274,-40.75,-0.12,10.2,9.74,0.03,-36.16,-0.11,-2911.18,-29.11,40
624,Entry long,2023-06-14 13:11,L657,1950.722,17,33162.274,-40.75,-0.12,10.2,9.74,0.03,-36.16,-0.11,-2911.18,-29.11,40
625,Exit short,2023-06-14 14:54,Opposite signal,1951.625,12,23391.66,-35.04,-0.15,7.2,1.32,0.01,-35.46,-0.15,-2946.22,-29.46,62
625,Entry short,2023-06-14 13:52,S658,1949.305,12,23391.66,-35.04,-0.15,7.2,1.32,0.01,-35.46,-0.15,-2946.22,-29.46,62
626,Exit long,2023-06-14 16:07,Opposite signal,1948.355,10,19518.28,-40.73,-0.21,6,0.77,0.00,-38.28,-0.20,-2986.95,-29.87,59
626,Entry long,2023-06-14 15:08,L659,1951.828,10,19518.28,-40.73,-0.21,6,0.77,0.00,-38.28,-0.20,-2986.95,-29.87,59
627,Exit short,2023-06-14 17:37,Opposite signal,1948.1,8,15587.84,-1.76,-0.01,4.8,18.56,0.12,-7.72,-0.05,-2988.71,-29.89,89
627,Entry short,2023-06-14 16:08,S660,1948.48,8,15587.84,-1.76,-0.01,4.8,18.56,0.12,-7.72,-0.05,-2988.71,-29.89,89
628,Exit long,2023-06-14 18:15,L661 exit,1959.075,14,27267.702,150.95,0.55,8.4,155.15,0.57,-22.37,-0.08,-2837.76,-28.38,35
628,Entry long,2023-06-14 17:40,L661,1947.693,14,27267.702,150.95,0.55,8.4,155.15,0.57,-22.37,-0.08,-2837.76,-28.38,35
629,Exit long,2023-06-15 10:38,Opposite signal,1932.345,10,19355.33,-37.88,-0.20,6,0,0.00,-35.13,-0.18,-2875.64,-28.76,82
629,Entry long,2023-06-15 09:16,L662,1935.533,10,19355.33,-37.88,-0.20,6,0,0.00,-35.13,-0.18,-2875.64,-28.76,82
630,Exit short,2023-06-15 11:15,Opposite signal,1936.665,9,17392.23,-43.15,-0.25,5.4,12.11,0.07,-41.08,-0.24,-2918.8,-29.19,35
630,Entry short,2023-06-15 10:40,S663,1932.47,9,17392.23,-43.15,-0.25,5.4,12.11,0.07,-41.08,-0.24,-2918.8,-29.19,35
631,Exit long,2023-06-15 12:33,Opposite signal,1929.93,6,11625.696,-49.72,-0.43,3.6,0,0.00,-48.28,-0.42,-2968.51,-29.69,63
631,Entry long,2023-06-15 11:30,L664,1937.616,6,11625.696,-49.72,-0.43,3.6,0,0.00,-48.28,-0.42,-2968.51,-29.69,63
632,Exit short,2023-06-15 17:49,Opposite signal,1931.25,5,9654.125,-5.12,-0.05,3,16.98,0.18,-31.55,-0.33,-2973.64,-29.74,314
632,Entry short,2023-06-15 12:35,S665,1930.825,5,9654.125,-5.12,-0.05,3,16.98,0.18,-31.55,-0.33,-2973.64,-29.74,314
633,Exit long,2023-06-15 17:58,L666 exit,1926.13,10,19304.52,-49.22,-0.25,6,0,0.00,-46.22,-0.24,-3022.86,-30.23,8
633,Entry long,2023-06-15 17:50,L666,1930.452,10,19304.52,-49.22,-0.25,6,0,0.00,-46.22,-0.24,-3022.86,-30.23,8
634,Exit short,2023-06-15 18:06,S667 exit,1932.56,8,15417.04,-48.24,-0.31,4.8,14.32,0.09,-45.84,-0.30,-3071.1,-30.71,7
634,Entry short,2023-06-15 17:59,S667,1927.13,8,15417.04,-48.24,-0.31,4.8,14.32,0.09,-45.84,-0.30,-3071.1,-30.71,7
635,Exit long,2023-06-15 19:37,L668 exit,1955.445,6,11587.026,142.04,1.23,3.6,143.84,1.24,-8.47,-0.07,-2929.05,-29.29,82
635,Entry long,2023-06-15 18:15,L668,1931.171,6,11587.026,142.04,1.23,3.6,143.84,1.24,-8.47,-0.07,-2929.05,-29.29,82
636,Exit short,2023-06-15 20:54,Opposite signal,1954.75,7,13679.064,-8.39,-0.06,4.2,12.86,0.09,-7.55,-0.06,-2937.44,-29.37,21
636,Entry short,2023-06-15 20:33,S669,1954.152,7,13679.064,-8.39,-0.06,4.2,12.86,0.09,-7.55,-0.06,-2937.44,-29.37,21
637,Exit short,2023-06-16 10:56,Opposite signal,1956.35,7,13699.756,1.11,0.01,4.2,14.58,0.11,-9.18,-0.07,-2936.33,-29.36,158
637,Entry short,2023-06-16 08:18,S671,1957.108,7,13699.756,1.11,0.01,4.2,14.58,0.11,-9.18,-0.07,-2936.33,-29.36,158
638,Exit long,2023-06-16 12:11,Opposite signal,1961.11,12,23486.076,40.04,0.17,7.2,71.3,0.30,-11.74,-0.05,-2896.29,-28.96,62
638,Entry long,2023-06-16 11:09,L672,1957.173,12,23486.076,40.04,0.17,7.2,71.3,0.30,-11.74,-0.05,-2896.29,-28.96,62
639,Exit short,2023-06-16 14:04,Opposite signal,1962.665,13,25499.825,-22.62,-0.09,7.8,24.31,0.10,-20.86,-0.08,-2918.91,-29.19,112
639,Entry short,2023-06-16 12:12,S673,1961.525,13,25499.825,-22.62,-0.09,7.8,24.31,0.10,-20.86,-0.08,-2918.91,-29.19,112
640,Exit long,2023-06-16 17:51,Opposite signal,1965.455,10,19624.4,24.15,0.12,6,51.8,0.26,-11.2,-0.06,-2894.76,-28.95,226
640,Entry long,2023-06-16 14:05,L674,1962.44,10,19624.4,24.15,0.12,6,51.8,0.26,-11.2,-0.06,-2894.76,-28.95,226
641,Exit short,2023-06-16 23:00,Weekend flat,1958.955,12,23590.14,75.48,0.32,7.2,146.7,0.62,-20.76,-0.09,-2819.28,-28.19,308
641,Entry short,2023-06-16 17:52,S675,1965.845,12,23590.14,75.48,0.32,7.2,146.7,0.62,-20.76,-0.09,-2819.28,-28.19,308
642,Exit long,2023-06-19 19:28,Opposite signal,1952.04,16,31186.736,36.3,0.12,9.6,62.7,0.20,-9.06,-0.03,-2782.98,-27.83,107
642,Entry long,2023-06-19 17:41,L676,1949.171,16,31186.736,36.3,0.12,9.6,62.7,0.20,-9.06,-0.03,-2782.98,-27.83,107
643,Exit short,2023-06-19 20:37,Opposite signal,1953.41,18,35142.03,-30.15,-0.09,10.8,21.33,0.06,-26.73,-0.08,-2813.13,-28.13,67
643,Entry short,2023-06-19 19:30,S677,1952.335,18,35142.03,-30.15,-0.09,10.8,21.33,0.06,-26.73,-0.08,-2813.13,-28.13,67
644,Exit long,2023-06-19 21:29,Opposite signal,1950.775,13,25387.076,-34.8,-0.14,7.8,4.39,0.02,-30.97,-0.12,-2847.93,-28.48,47
644,Entry long,2023-06-19 20:42,L678,1952.852,13,25387.076,-34.8,-0.14,7.8,4.39,0.02,-30.97,-0.12,-2847.93,-28.48,47
645,Exit short,2023-06-19 22:08,Opposite signal,1951.665,11,21459.35,-15.56,-0.07,6.6,4.18,0.02,-12.37,-0.06,-2863.49,-28.63,36
645,Entry short,2023-06-19 21:32,S679,1950.85,11,21459.35,-15.56,-0.07,6.6,4.18,0.02,-12.37,-0.06,-2863.49,-28.63,36
646,Exit long,2023-06-19 22:27,Opposite signal,1950.16,16,31224.128,-31.17,-0.10,9.6,0,0.00,-26.77,-0.09,-2894.66,-28.95,12
646,Entry long,2023-06-19 22:15,L680,1951.508,16,31224.128,-31.17,-0.10,9.6,0,0.00,-26.77,-0.09,-2894.66,-28.95,12
647,Exit short,2023-06-20 03:34,Opposite signal,1951.49,14,27302.38,-26.88,-0.10,8.4,4.62,0.02,-23.87,-0.09,-2921.54,-29.22,91
647,Entry short,2023-06-19 22:28,S681,1950.17,14,27302.38,-26.88,-0.10,8.4,4.62,0.02,-23.87,-0.09,-2921.54,-29.22,91
648,Exit short,2023-06-20 08:02,Opposite signal,1950.19,8,15596.32,-10,-0.06,4.8,32.2,0.21,-7.68,-0.05,-2931.54,-29.32,69
648,Entry short,2023-06-20 06:53,S682,1949.54,8,15596.32,-10,-0.06,4.8,32.2,0.21,-7.68,-0.05,-2931.54,-29.32,69
649,Exit long,2023-06-20 10:36,Opposite signal,1949.24,9,17542.332,-4.57,-0.03,5.4,17.34,0.10,-6.46,-0.04,-2936.11,-29.36,149
649,Entry long,2023-06-20 08:06,L683,1949.148,9,17542.332,-4.57,-0.03,5.4,17.34,0.10,-6.46,-0.04,-2936.11,-29.36,149
650,Exit short,2023-06-20 11:50,Opposite signal,1951.385,13,25340.25,-35.55,-0.14,7.8,9.43,0.04,-31.65,-0.12,-2971.67,-29.72,40
650,Entry short,2023-06-20 11:10,S684,1949.25,13,25340.25,-35.55,-0.14,7.8,9.43,0.04,-31.65,-0.12,-2971.67,-29.72,40
651,Exit long,2023-06-20 13:35,Opposite signal,1954.55,10,19503.91,35.59,0.18,6,61.49,0.32,-3.86,-0.02,-2936.08,-29.36,103
651,Entry long,2023-06-20 11:52,L685,1950.391,10,19503.91,35.59,0.18,6,61.49,0.32,-3.86,-0.02,-2936.08,-29.36,103
652,Exit short,2023-06-20 17:50,Opposite signal,1954.41,12,23452.968,-7.15,-0.03,7.2,48.95,0.21,-9.07,-0.04,-2943.23,-29.43,244
652,Entry short,2023-06-20 13:46,S686,1954.414,12,23452.968,-7.15,-0.03,7.2,48.95,0.21,-9.07,-0.04,-2943.23,-29.43,244
653,Exit long,2023-06-20 18:02,Opposite signal,1949.415,9,17581.14,-41.8,-0.24,5.4,6.84,0.04,-40.72,-0.23,-2985.03,-29.85,11
653,Entry long,2023-06-20 17:51,L687,1953.46,9,17581.14,-41.8,-0.24,5.4,6.84,0.04,-40.72,-0.23,-2985.03,-29.85,11
654,Exit short,2023-06-20 19:30,S688 exit,1930.855,8,15600.984,149.34,0.96,4.8,151.74,0.97,-4.42,-0.03,-2835.69,-28.36,87
654,Entry short,2023-06-20 18:03,S688,1950.123,8,15600.984,149.34,0.96,4.8,151.74,0.97,-4.42,-0.03,-2835.69,-28.36,87
655,Exit long,2023-06-21 00:50,Opposite signal,1936.18,8,15476.808,7.83,0.05,4.8,27.67,0.18,-12.37,-0.08,-2827.86,-28.28,260
655,Entry long,2023-06-20 20:30,L689,1934.601,8,15476.808,7.83,0.05,4.8,27.67,0.18,-12.37,-0.08,-2827.86,-28.28,260
656,Exit short,2023-06-21 13:07,Opposite signal,1937.025,9,17419.635,-18.99,-0.11,5.4,35.24,0.20,-17.28,-0.10,-2846.85,-28.47,144
656,Entry short,2023-06-21 10:43,S690,1935.515,9,17419.635,-18.99,-0.11,5.4,35.24,0.20,-17.28,-0.10,-2846.85,-28.47,144
657,Exit long,2023-06-21 17:50,L691 exit,1930.3,8,15487,-49.4,-0.32,4.8,0,0.00,-47,-0.30,-2896.25,-28.96,279
657,Entry long,2023-06-21 13:11,L691,1935.875,8,15487,-49.4,-0.32,4.8,0,0.00,-47,-0.30,-2896.25,-28.96,279
658,Exit short,2023-06-21 20:06,Opposite signal,1932.83,6,11587.8,-12.78,-0.11,3.6,70.53,0.61,-16.38,-0.14,-2909.03,-29.09,126
658,Entry short,2023-06-21 18:00,S692,1931.3,6,11587.8,-12.78,-0.11,3.6,70.53,0.61,-16.38,-0.14,-2909.03,-29.09,126
659,Exit long,2023-06-22 00:34,Opposite signal,1935.075,4,7723.252,14.65,0.19,2.4,25.97,0.34,-7.17,-0.09,-2894.38,-28.94,242
659,Entry long,2023-06-21 20:32,L693,1930.813,4,7723.252,14.65,0.19,2.4,25.97,0.34,-7.17,-0.09,-2894.38,-28.94,242
660,Exit short,2023-06-22 13:00,Opposite signal,1929.31,14,27062.42,43.68,0.16,8.4,78.4,0.29,-22.12,-0.08,-2850.7,-28.51,386
660,Entry short,2023-06-22 06:33,S694,1933.03,14,27062.42,43.68,0.16,8.4,78.4,0.29,-22.12,-0.08,-2850.7,-28.51,386
661,Exit long,2023-06-22 13:54,Opposite signal,1928.9,11,21227.833,-16.53,-0.08,6.6,15.42,0.07,-17.36,-0.08,-2867.23,-28.67,52
661,Entry long,2023-06-22 13:02,L695,1929.803,11,21227.833,-16.53,-0.08,6.6,15.42,0.07,-17.36,-0.08,-2867.23,-28.67,52
662,Exit short,2023-06-22 18:10,Opposite signal,1930.26,12,23150.46,-19.86,-0.09,7.2,62.4,0.27,-19.74,-0.09,-2887.09,-28.87,185
662,Entry short,2023-06-22 15:05,S696,1929.205,12,23150.46,-19.86,-0.09,7.2,62.4,0.27,-19.74,-0.09,-2887.09,-28.87,185
663,Exit long,2023-06-22 18:30,Opposite signal,1923.535,7,13504.337,-43.79,-0.32,4.2,0,0.00,-41.8,-0.31,-2930.88,-29.31,18
663,Entry long,2023-06-22 18:12,L697,1929.191,7,13504.337,-43.79,-0.32,4.2,0,0.00,-41.8,-0.31,-2930.88,-29.31,18
664,Exit short,2023-06-23 02:00,Time flat,1914.12,6,11542.23,53.91,0.47,3.6,63.51,0.55,-24.54,-0.21,-2876.97,-28.77,449
664,Entry short,2023-06-22 18:31,S698,1923.705,6,11542.23,53.91,0.47,3.6,63.51,0.55,-24.54,-0.21,-2876.97,-28.77,449
665,Exit long,2023-06-23 10:53,Opposite signal,1916.375,13,24860.511,44.56,0.18,7.8,71.02,0.29,-6.53,-0.03,-2832.41,-28.32,63
665,Entry long,2023-06-23 09:50,L699,1912.347,13,24860.511,44.56,0.18,7.8,71.02,0.29,-6.53,-0.03,-2832.41,-28.32,63
666,Exit short,2023-06-23 13:01,Opposite signal,1917.345,13,24908.572,-24.71,-0.10,7.8,35.54,0.14,-30.37,-0.12,-2857.12,-28.57,122
666,Entry short,2023-06-23 10:59,S700,1916.044,13,24908.572,-24.71,-0.10,7.8,35.54,0.14,-30.37,-0.12,-2857.12,-28.57,122
667,Exit long,2023-06-23 14:42,Opposite signal,1917.08,9,17253.09,-4.77,-0.03,5.4,25.56,0.15,-6.16,-0.04,-2861.89,-28.62,99
667,Entry long,2023-06-23 13:03,L701,1917.01,9,17253.09,-4.77,-0.03,5.4,25.56,0.15,-6.16,-0.04,-2861.89,-28.62,99
668,Exit short,2023-06-23 17:01,Opposite signal,1919.905,12,23013.36,-32.7,-0.14,7.2,9.72,0.04,-29.1,-0.13,-2894.59,-28.95,137
668,Entry short,2023-06-23 14:44,S702,1917.78,12,23013.36,-32.7,-0.14,7.2,9.72,0.04,-29.1,-0.13,-2894.59,-28.95,137
669,Exit long,2023-06-23 19:00,L703 exit,1934.61,11,21116.535,157.57,0.75,6.6,160.88,0.76,-13.14,-0.06,-2737.02,-27.37,117
669,Entry long,2023-06-23 17:03,L703,1919.685,11,21116.535,157.57,0.75,6.6,160.88,0.76,-13.14,-0.06,-2737.02,-27.37,117
670,Exit short,2023-06-23 23:00,Weekend flat,1919.495,7,13523.706,83.04,0.61,4.2,95.64,0.71,-10.37,-0.08,-2653.98,-26.54,209
670,Entry short,2023-06-23 19:31,S704,1931.958,7,13523.706,83.04,0.61,4.2,95.64,0.71,-10.37,-0.08,-2653.98,-26.54,209
671,Exit short,2023-06-26 07:01,Opposite signal,1927.59,15,28888.545,-34.3,-0.12,9,7.4,0.03,-32.73,-0.11,-2688.28,-26.88,24
671,Entry short,2023-06-26 06:37,S705,1925.903,15,28888.545,-34.3,-0.12,9,7.4,0.03,-32.73,-0.11,-2688.28,-26.88,24
672,Exit long,2023-06-26 07:31,Opposite signal,1924.935,12,23129.94,-37.92,-0.16,7.2,10.08,0.04,-35.7,-0.15,-2726.2,-27.26,29
672,Entry long,2023-06-26 07:02,L706,1927.495,12,23129.94,-37.92,-0.16,7.2,10.08,0.04,-35.7,-0.15,-2726.2,-27.26,29
673,Exit short,2023-06-26 13:02,Opposite signal,1928.68,10,19252.94,-39.86,-0.21,6,27.64,0.14,-37.46,-0.19,-2766.06,-27.66,329
673,Entry short,2023-06-26 07:33,S707,1925.294,10,19252.94,-39.86,-0.21,6,27.64,0.14,-37.46,-0.19,-2766.06,-27.66,329
674,Exit long,2023-06-26 15:01,Opposite signal,1930.9,7,13494.46,17.64,0.13,4.2,37.17,0.28,-4.16,-0.03,-2748.42,-27.48,118
674,Entry long,2023-06-26 13:03,L708,1927.78,7,13494.46,17.64,0.13,4.2,37.17,0.28,-4.16,-0.03,-2748.42,-27.48,118
675,Exit short,2023-06-26 15:37,Opposite signal,1930.81,22,42454.478,-36.54,-0.09,13.2,0,0.00,-30.27,-0.07,-2784.96,-27.85,10
675,Entry short,2023-06-26 15:27,S709,1929.749,22,42454.478,-36.54,-0.09,13.2,0,0.00,-30.27,-0.07,-2784.96,-27.85,10
676,Exit short,2023-06-26 18:08,Opposite signal,1932.625,16,30912.672,-18.93,-0.06,9.6,30.35,0.10,-15.97,-0.05,-2803.89,-28.04,93
676,Entry short,2023-06-26 16:35,S711,1932.042,16,30912.672,-18.93,-0.06,9.6,30.35,0.10,-15.97,-0.05,-2803.89,-28.04,93
677,Exit long,2023-06-26 18:46,Opposite signal,1929.73,11,21252.22,-31.79,-0.15,6.6,9.13,0.04,-30.52,-0.14,-2835.68,-28.36,37
677,Entry long,2023-06-26 18:09,L712,1932.02,11,21252.22,-31.79,-0.15,6.6,9.13,0.04,-30.52,-0.14,-2835.68,-28.36,37
678,Exit short,2023-06-27 02:00,Time flat,1922.985,5,9622.195,4.27,0.04,3,8.57,0.09,-21.98,-0.23,-2831.41,-28.31,393
678,Entry short,2023-06-26 19:27,S713,1924.439,5,9622.195,4.27,0.04,3,8.57,0.09,-21.98,-0.23,-2831.41,-28.31,393
679,Exit long,2023-06-27 16:58,Opposite signal,1920.5,5,9642.675,-43.17,-0.45,3,4.75,0.05,-41.7,-0.43,-2874.59,-28.75,559
679,Entry long,2023-06-27 07:39,L714,1928.535,5,9642.675,-43.17,-0.45,3,4.75,0.05,-41.7,-0.43,-2874.59,-28.75,559
680,Exit short,2023-06-28 02:00,Time flat,1913.815,5,9612.19,40.12,0.42,3,56.24,0.58,-42.96,-0.45,-2834.47,-28.34,517
680,Entry short,2023-06-27 17:23,S715,1922.438,5,9612.19,40.12,0.42,3,56.24,0.58,-42.96,-0.45,-2834.47,-28.34,517
681,Exit long,2023-06-28 14:58,Opposite signal,1909.46,15,28648.32,-15.42,-0.05,9,23.43,0.08,-10.92,-0.04,-2849.89,-28.50,31
681,Entry long,2023-06-28 14:27,L716,1909.888,15,28648.32,-15.42,-0.05,9,23.43,0.08,-10.92,-0.04,-2849.89,-28.50,31
682,Exit short,2023-06-28 19:00,Opposite signal,1908.795,13,24823.955,1.82,0.01,7.8,61.88,0.25,-35.88,-0.14,-2848.07,-28.48,240
682,Entry short,2023-06-28 15:00,S717,1909.535,13,24823.955,1.82,0.01,7.8,61.88,0.25,-35.88,-0.14,-2848.07,-28.48,240
683,Exit long,2023-06-28 19:16,L718 exit,1903.475,7,13368.754,-48.63,-0.36,4.2,3.91,0.03,-46.53,-0.35,-2896.7,-28.97,11
683,Entry long,2023-06-28 19:05,L718,1909.822,7,13368.754,-48.63,-0.36,4.2,3.91,0.03,-46.53,-0.35,-2896.7,-28.97,11
684,Exit short,2023-06-28 20:55,Opposite signal,1911.64,6,11426.85,-46.59,-0.41,3.6,0,0.00,-46.47,-0.41,-2943.29,-29.43,98
684,Entry short,2023-06-28 19:17,S719,1904.475,6,11426.85,-46.59,-0.41,3.6,0,0.00,-46.47,-0.41,-2943.29,-29.43,98
685,Exit long,2023-06-29 00:55,Opposite signal,1909.915,5,9553.61,-7.03,-0.07,3,12.07,0.13,-5.56,-0.06,-2950.33,-29.50,207
685,Entry long,2023-06-28 21:28,L720,1910.722,5,9553.61,-7.03,-0.07,3,12.07,0.13,-5.56,-0.06,-2950.33,-29.50,207
686,Exit long,2023-06-29 07:44,Opposite signal,1906.44,8,15290.888,-44.17,-0.29,4.8,0,0.00,-41.77,-0.27,-2994.49,-29.94,31
686,Entry long,2023-06-29 07:13,L721,1911.361,8,15290.888,-44.17,-0.29,4.8,0,0.00,-41.77,-0.27,-2994.49,-29.94,31
687,Exit short,2023-06-29 13:48,Opposite signal,1907.52,6,11441.01,-7.71,-0.07,3.6,23.49,0.21,-6.03,-0.05,-3002.2,-30.02,345
687,Entry short,2023-06-29 08:03,S722,1906.835,6,11441.01,-7.71,-0.07,3.6,23.49,0.21,-6.03,-0.05,-3002.2,-30.02,345
688,Exit long,2023-06-29 17:51,Opposite signal,1909.88,9,17160.804,22.72,0.13,5.4,46.34,0.27,-27.37,-0.16,-2979.49,-29.79,239
688,Entry long,2023-06-29 13:52,L723,1906.756,9,17160.804,22.72,0.13,5.4,46.34,0.27,-27.37,-0.16,-2979.49,-29.79,239
689,Exit short,2023-06-29 18:04,S724 exit,1900.845,16,30573.36,150.24,0.49,9.6,155.04,0.51,-20.4,-0.07,-2829.25,-28.29,9
689,Entry short,2023-06-29 17:55,S724,1910.835,16,30573.36,150.24,0.49,9.6,155.04,0.51,-20.4,-0.07,-2829.25,-28.29,9
690,Exit long,2023-06-30 02:00,Time flat,1907.68,8,15181.664,74.98,0.49,4.8,121.38,0.80,-6.58,-0.04,-2754.27,-27.54,395
690,Entry long,2023-06-29 19:25,L725,1897.708,8,15181.664,74.98,0.49,4.8,121.38,0.80,-6.58,-0.04,-2754.27,-27.54,395
691,Exit short,2023-06-30 17:50,Opposite signal,1907.88,5,9526.025,-16.37,-0.17,3,21.5,0.23,-14.97,-0.16,-2770.65,-27.71,374
691,Entry short,2023-06-30 11:36,S726,1905.205,5,9526.025,-16.37,-0.17,3,21.5,0.23,-14.97,-0.16,-2770.65,-27.71,374
692,Exit long,2023-06-30 23:00,Weekend flat,1921.3,7,13340.845,104.06,0.78,4.2,116.52,0.87,-9.84,-0.07,-2666.59,-26.67,309
692,Entry long,2023-06-30 17:51,L727,1905.835,7,13340.845,104.06,0.78,4.2,116.52,0.87,-9.84,-0.07,-2666.59,-26.67,309
693,Exit short,2023-07-03 07:02,Opposite signal,1917.91,17,32580.364,-34.31,-0.11,10.2,0,0.00,-29.21,-0.09,-2700.9,-27.01,3
693,Entry short,2023-07-03 06:59,S728,1916.492,17,32580.364,-34.31,-0.11,10.2,0,0.00,-29.21,-0.09,-2700.9,-27.01,3
694,Exit long,2023-07-03 08:06,Opposite signal,1916.045,15,28764.975,-33.3,-0.12,9,14.7,0.05,-29.02,-0.10,-2734.2,-27.34,63
694,Entry long,2023-07-03 07:03,L729,1917.665,15,28764.975,-33.3,-0.12,9,14.7,0.05,-29.02,-0.10,-2734.2,-27.34,63
695,Exit short,2023-07-03 09:43,Opposite signal,1919,10,19157.43,-38.57,-0.20,6,0,0.00,-36.77,-0.19,-2772.77,-27.73,51
695,Entry short,2023-07-03 08:52,S730,1915.743,10,19157.43,-38.57,-0.20,6,0,0.00,-36.77,-0.19,-2772.77,-27.73,51
696,Exit long,2023-07-03 10:53,Opposite signal,1919.21,8,15351.56,-2.68,-0.02,4.8,11.28,0.07,-4.8,-0.03,-2775.45,-27.75,69
696,Entry long,2023-07-03 09:44,L731,1918.945,8,15351.56,-2.68,-0.02,4.8,11.28,0.07,-4.8,-0.03,-2775.45,-27.75,69
697,Exit short,2023-07-03 18:06,Opposite signal,1916.745,17,32632.35,37.49,0.11,10.2,155.89,0.48,-16.66,-0.05,-2737.96,-27.38,432
697,Entry short,2023-07-03 10:54,S732,1919.55,17,32632.35,37.49,0.11,10.2,155.89,0.48,-16.66,-0.05,-2737.96,-27.38,432
698,Exit short,2023-07-04 02:01,Time flat,1921.28,7,13481.874,28.71,0.21,4.2,35.19,0.26,-32.92,-0.24,-2709.25,-27.09,369
698,Entry short,2023-07-03 19:47,S734,1925.982,7,13481.874,28.71,0.21,4.2,35.19,0.26,-32.92,-0.24,-2709.25,-27.09,369
699,Exit long,2023-07-04 13:56,Opposite signal,1926.715,14,26906.67,58.94,0.22,8.4,87.99,0.33,-29.61,-0.11,-2650.31,-26.50,457
699,Entry long,2023-07-04 06:18,L735,1921.905,14,26906.67,58.94,0.22,8.4,87.99,0.33,-29.61,-0.11,-2650.31,-26.50,457
700,Exit short,2023-07-04 14:23,Opposite signal,1928.59,13,25044.487,-34.98,-0.14,7.8,0,0.00,-31.08,-0.12,-2685.29,-26.85,21
700,Entry short,2023-07-04 14:02,S736,1926.499,13,25044.487,-34.98,-0.14,7.8,0,0.00,-31.08,-0.12,-2685.29,-26.85,21
701,Exit long,2023-07-04 15:16,Opposite signal,1929.67,11,21213.39,6.38,0.03,6.6,20.96,0.10,-6.16,-0.03,-2678.91,-26.79,51
701,Entry long,2023-07-04 14:25,L737,1928.49,11,21213.39,6.38,0.03,6.6,20.96,0.10,-6.16,-0.03,-2678.91,-26.79,51
702,Exit short,2023-07-04 17:43,Opposite signal,1930.065,19,36667.036,-15.6,-0.04,11.4,35.32,0.10,-23.2,-0.06,-2694.51,-26.95,146
702,Entry short,2023-07-04 15:17,S738,1929.844,19,36667.036,-15.6,-0.04,11.4,35.32,0.10,-23.2,-0.06,-2694.51,-26.95,146
703,Exit long,2023-07-04 18:03,Opposite signal,1927.45,12,23159.88,-37.68,-0.16,7.2,1.26,0.01,-34.56,-0.15,-2732.19,-27.32,19
703,Entry long,2023-07-04 17:44,L739,1929.99,12,23159.88,-37.68,-0.16,7.2,1.26,0.01,-34.56,-0.15,-2732.19,-27.32,19
704,Exit short,2023-07-05 03:34,Time flat,1926.06,10,19272.97,6.37,0.03,6,29.37,0.15,-26.18,-0.14,-2725.82,-27.26,338
704,Entry short,2023-07-04 18:21,S740,1927.297,10,19272.97,6.37,0.03,6,29.37,0.15,-26.18,-0.14,-2725.82,-27.26,338
705,Exit long,2023-07-05 11:33,Opposite signal,1924.895,17,32714.63,-1.61,0.00,10.2,31.2,0.10,-8.67,-0.03,-2727.44,-27.27,170
705,Entry long,2023-07-05 08:42,L741,1924.39,17,32714.63,-1.61,0.00,10.2,31.2,0.10,-8.67,-0.03,-2727.44,-27.27,170
706,Exit short,2023-07-05 12:35,Opposite signal,1922.795,18,34591.086,-30.02,-0.09,10.8,9.58,0.03,-25.7,-0.07,-2757.46,-27.57,25
706,Entry short,2023-07-05 12:10,S742,1921.727,18,34591.086,-30.02,-0.09,10.8,9.58,0.03,-25.7,-0.07,-2757.46,-27.57,25
707,Exit long,2023-07-05 15:58,Opposite signal,1928.61,14,26915.28,76.86,0.29,8.4,95.13,0.35,-6.3,-0.02,-2680.6,-26.81,202
707,Entry long,2023-07-05 12:36,L743,1922.52,14,26915.28,76.86,0.29,8.4,95.13,0.35,-6.3,-0.02,-2680.6,-26.81,202
708,Exit short,2023-07-05 17:53,Opposite signal,1928.735,16,30853.44,-15.92,-0.05,9.6,29.12,0.09,-16.8,-0.05,-2696.52,-26.97,112
708,Entry short,2023-07-05 16:01,S744,1928.34,16,30853.44,-15.92,-0.05,9.6,29.12,0.09,-16.8,-0.05,-2696.52,-26.97,112
709,Exit long,2023-07-05 17:58,Opposite signal,1926.205,13,25067.77,-34.9,-0.14,7.8,0,0.00,-31.2,-0.12,-2731.43,-27.31,4
709,Entry long,2023-07-05 17:54,L745,1928.29,13,25067.77,-34.9,-0.14,7.8,0,0.00,-31.2,-0.12,-2731.43,-27.31,4
710,Exit short,2023-07-05 18:14,Opposite signal,1929.36,11,21187.617,-41.94,-0.20,6.6,0,0.00,-39.47,-0.19,-2773.37,-27.73,12
710,Entry short,2023-07-05 18:02,S746,1926.147,11,21187.617,-41.94,-0.20,6.6,0,0.00,-39.47,-0.19,-2773.37,-27.73,12
711,Exit long,2023-07-05 19:06,Opposite signal,1927.82,9,17361.81,-16.83,-0.10,5.4,50.94,0.29,-15.03,-0.09,-2790.2,-27.90,49
711,Entry long,2023-07-05 18:17,L747,1929.09,9,17361.81,-16.83,-0.10,5.4,50.94,0.29,-15.03,-0.09,-2790.2,-27.90,49
712,Exit short,2023-07-06 00:47,Opposite signal,1917.595,6,11574.282,65.11,0.56,3.6,80.8,0.70,-5.45,-0.05,-2725.09,-27.25,340
712,Entry short,2023-07-05 19:07,S748,1929.047,6,11574.282,65.11,0.56,3.6,80.8,0.70,-5.45,-0.05,-2725.09,-27.25,340
713,Exit short,2023-07-06 14:19,Opposite signal,1918.38,13,24950.575,3.84,0.02,7.8,36.79,0.15,-15.34,-0.06,-2721.25,-27.21,65
713,Entry short,2023-07-06 13:14,S749,1919.275,13,24950.575,3.84,0.02,7.8,36.79,0.15,-15.34,-0.06,-2721.25,-27.21,65
714,Exit long,2023-07-06 15:16,Opposite signal,1918.12,13,24936.496,-8.74,-0.04,7.8,14.21,0.06,-5.55,-0.02,-2729.99,-27.30,47
714,Entry long,2023-07-06 14:29,L750,1918.192,13,24936.496,-8.74,-0.04,7.8,14.21,0.06,-5.55,-0.02,-2729.99,-27.30,47
715,Exit short,2023-07-06 15:47,Opposite signal,1919.92,16,30692.08,-36.24,-0.12,9.6,2.64,0.01,-31.44,-0.10,-2766.23,-27.66,10
715,Entry short,2023-07-06 15:37,S751,1918.255,16,30692.08,-36.24,-0.12,9.6,2.64,0.01,-31.44,-0.10,-2766.23,-27.66,10
716,Exit long,2023-07-06 17:44,Opposite signal,1925.7,12,23121.396,-20.2,-0.09,7.2,6.98,0.03,-18.7,-0.08,-2786.42,-27.86,29
716,Entry long,2023-07-06 17:15,L752,1926.783,12,23121.396,-20.2,-0.09,7.2,6.98,0.03,-18.7,-0.08,-2786.42,-27.86,29
717,Exit long,2023-07-06 19:56,Opposite signal,1904.4,7,13360.844,-34.24,-0.26,4.2,42.44,0.32,-33.44,-0.25,-2820.67,-28.21,81
717,Entry long,2023-07-06 18:35,L754,1908.692,7,13360.844,-34.24,-0.26,4.2,42.44,0.32,-33.44,-0.25,-2820.67,-28.21,81
718,Exit short,2023-07-07 02:00,Time flat,1910.115,4,7618.84,-24.02,-0.32,2.4,6.34,0.08,-32.16,-0.42,-2844.69,-28.45,362
718,Entry short,2023-07-06 19:57,S755,1904.71,4,7618.84,-24.02,-0.32,2.4,6.34,0.08,-32.16,-0.42,-2844.69,-28.45,362
719,Exit long,2023-07-07 12:22,Opposite signal,1914.17,19,36389.047,-31.22,-0.09,11.4,0,0.00,-26.47,-0.07,-2875.9,-28.76,10
719,Entry long,2023-07-07 12:12,L756,1915.213,19,36389.047,-31.22,-0.09,11.4,0,0.00,-26.47,-0.07,-2875.9,-28.76,10
720,Exit short,2023-07-07 13:01,Opposite signal,1915.805,17,32544.035,-34.85,-0.11,10.2,10.8,0.03,-31.45,-0.10,-2910.75,-29.11,22
720,Entry short,2023-07-07 12:39,S757,1914.355,17,32544.035,-34.85,-0.11,10.2,10.8,0.03,-31.45,-0.10,-2910.75,-29.11,22
721,Exit long,2023-07-07 17:49,Opposite signal,1915.48,10,19154.32,-5.52,-0.03,6,30.13,0.16,-23.37,-0.12,-2916.27,-29.16,277
721,Entry long,2023-07-07 13:12,L758,1915.432,10,19154.32,-5.52,-0.03,6,30.13,0.16,-23.37,-0.12,-2916.27,-29.16,277
722,Exit short,2023-07-07 17:59,S759 exit,1919.745,11,21075.285,-48.51,-0.23,6.6,9.07,0.04,-45.21,-0.21,-2964.78,-29.65,8
722,Entry short,2023-07-07 17:51,S759,1915.935,11,21075.285,-48.51,-0.23,6.6,9.07,0.04,-45.21,-0.21,-2964.78,-29.65,8
723,Exit long,2023-07-07 23:00,Weekend flat,1926.83,4,7684.32,20.6,0.27,2.4,54.22,0.71,-23.3,-0.30,-2944.18,-29.44,299
723,Entry long,2023-07-07 18:01,L760,1921.08,4,7684.32,20.6,0.27,2.4,54.22,0.71,-23.3,-0.30,-2944.18,-29.44,299
724,Exit short,2023-07-11 02:00,Time flat,1925.385,3,5754.891,-23.06,-0.40,1.8,0.35,0.01,-26.65,-0.46,-2967.25,-29.67,436
724,Entry short,2023-07-10 18:44,S761,1918.297,3,5754.891,-23.06,-0.40,1.8,0.35,0.01,-26.65,-0.46,-2967.25,-29.67,436
725,Exit long,2023-07-12 02:00,Time flat,1932.005,2,3869.87,-7.06,-0.18,1.2,6.52,0.17,-11.63,-0.30,-2974.31,-29.74,823
725,Entry long,2023-07-11 12:14,L762,1934.935,2,3869.87,-7.06,-0.18,1.2,6.52,0.17,-11.63,-0.30,-2974.31,-29.74,823
726,Exit short,2023-07-12 13:00,Opposite signal,1935.75,18,34826.184,-28.12,-0.08,10.8,10.22,0.03,-22.72,-0.07,-3002.42,-30.02,31
726,Entry short,2023-07-12 12:29,S763,1934.788,18,34826.184,-28.12,-0.08,10.8,10.22,0.03,-22.72,-0.07,-3002.42,-30.02,31
727,Exit long,2023-07-12 13:31,Opposite signal,1933.89,15,29034.225,-34.87,-0.12,9,3.38,0.01,-32.02,-0.11,-3037.3,-30.37,30
727,Entry long,2023-07-12 13:01,L764,1935.615,15,29034.225,-34.87,-0.12,9,3.38,0.01,-32.02,-0.11,-3037.3,-30.37,30
728,Exit short,2023-07-12 14:57,Opposite signal,1936.155,14,27081.18,-33.39,-0.12,8.4,1.68,0.01,-34.58,-0.13,-3070.69,-30.71,85
728,Entry short,2023-07-12 13:32,S765,1934.37,14,27081.18,-33.39,-0.12,8.4,1.68,0.01,-34.58,-0.13,-3070.69,-30.71,85
729,Exit long,2023-07-12 18:06,L766 exit,1949.1,12,23233.44,148.56,0.64,7.2,152.16,0.65,-33.9,-0.15,-2922.13,-29.22,188
729,Entry long,2023-07-12 14:58,L766,1936.12,12,23233.44,148.56,0.64,7.2,152.16,0.65,-33.9,-0.15,-2922.13,-29.22,188
730,Exit short,2023-07-13 02:00,Time flat,1958.345,17,33293.701,-8.36,-0.03,10.2,40.6,0.12,-12.95,-0.04,-2930.49,-29.30,202
730,Entry short,2023-07-12 22:38,S767,1958.453,17,33293.701,-8.36,-0.03,10.2,40.6,0.12,-12.95,-0.04,-2930.49,-29.30,202
731,Exit long,2023-07-13 10:27,Opposite signal,1958.295,9,17637.75,-18.49,-0.10,5.4,20.43,0.12,-16.07,-0.09,-2948.99,-29.49,158
731,Entry long,2023-07-13 07:49,L768,1959.75,9,17637.75,-18.49,-0.10,5.4,20.43,0.12,-16.07,-0.09,-2948.99,-29.49,158
732,Exit short,2023-07-13 12:06,Opposite signal,1962.64,7,13699.574,-43.11,-0.31,4.2,10.13,0.07,-41.01,-0.30,-2992.09,-29.92,84
732,Entry short,2023-07-13 10:42,S769,1957.082,7,13699.574,-43.11,-0.31,4.2,10.13,0.07,-41.01,-0.30,-2992.09,-29.92,84
733,Exit long,2023-07-13 12:51,Opposite signal,1961.235,6,11773.92,-10.11,-0.09,3.6,4.71,0.04,-8.31,-0.07,-3002.2,-30.02,44
733,Entry long,2023-07-13 12:07,L770,1962.32,6,11773.92,-10.11,-0.09,3.6,4.71,0.04,-8.31,-0.07,-3002.2,-30.02,44
734,Exit short,2023-07-13 17:51,Opposite signal,1962.085,11,21568.008,-21.53,-0.10,6.6,26.21,0.12,-26.09,-0.12,-3023.73,-30.24,296
734,Entry short,2023-07-13 12:55,S771,1960.728,11,21568.008,-21.53,-0.10,6.6,26.21,0.12,-26.09,-0.12,-3023.73,-30.24,296
735,Exit long,2023-07-13 18:00,L772 exit,1957.045,11,21557.415,-36.52,-0.17,6.6,3.3,0.02,-33.22,-0.15,-3060.25,-30.60,8
735,Entry long,2023-07-13 17:52,L772,1959.765,11,21557.415,-36.52,-0.17,6.6,3.3,0.02,-33.22,-0.15,-3060.25,-30.60,8
736,Exit short,2023-07-14 02:00,Time flat,1960.195,6,11744.682,-20.09,-0.17,3.6,28.06,0.24,-28.52,-0.24,-3080.34,-30.80,477
736,Entry short,2023-07-13 18:03,S773,1957.447,6,11744.682,-20.09,-0.17,3.6,28.06,0.24,-28.52,-0.24,-3080.34,-30.80,477
737,Exit long,2023-07-17 22:42,Opposite signal,1953.94,7,13662.586,10.79,0.08,4.2,25,0.18,-7.06,-0.05,-3069.55,-30.70,164
737,Entry long,2023-07-17 19:58,L774,1951.798,7,13662.586,10.79,0.08,4.2,25,0.18,-7.06,-0.05,-3069.55,-30.70,164
738,Exit short,2023-07-17 23:36,Opposite signal,1955.705,15,29309.7,-34.87,-0.12,9,17.7,0.06,-32.17,-0.11,-3104.42,-31.04,40
738,Entry short,2023-07-17 22:56,S775,1953.98,15,29309.7,-34.87,-0.12,9,17.7,0.06,-32.17,-0.11,-3104.42,-31.04,40
739,Exit short,2023-07-18 10:52,Opposite signal,1961.385,19,37245.016,-32.7,-0.09,11.4,5.49,0.01,-27.57,-0.07,-3137.12,-31.37,36
739,Entry short,2023-07-18 10:16,S776,1960.264,19,37245.016,-32.7,-0.09,11.4,5.49,0.01,-27.57,-0.07,-3137.12,-31.37,36
740,Exit long,2023-07-18 11:27,Opposite signal,1959.38,16,31373.92,-33.44,-0.11,9.6,10.48,0.03,-30.24,-0.10,-3170.56,-31.71,34
740,Entry long,2023-07-18 10:53,L777,1960.87,16,31373.92,-33.44,-0.11,9.6,10.48,0.03,-30.24,-0.10,-3170.56,-31.71,34
741,Exit short,2023-07-18 11:57,Opposite signal,1960.045,13,25476.191,-12.19,-0.05,7.8,20.76,0.08,-9.98,-0.04,-3182.75,-31.83,26
741,Entry short,2023-07-18 11:31,S778,1959.707,13,25476.191,-12.19,-0.05,7.8,20.76,0.08,-9.98,-0.04,-3182.75,-31.83,26
742,Exit long,2023-07-18 13:07,Opposite signal,1961.845,13,25474.475,21.71,0.09,7.8,56.03,0.22,-18.72,-0.07,-3161.04,-31.61,69
742,Entry long,2023-07-18 11:58,L779,1959.575,13,25474.475,21.71,0.09,7.8,56.03,0.22,-18.72,-0.07,-3161.04,-31.61,69
743,Exit short,2023-07-18 15:24,Opposite signal,1963.32,13,25507.742,-23.22,-0.09,7.8,15.85,0.06,-19.97,-0.08,-3184.26,-31.84,136
743,Entry short,2023-07-18 13:08,S780,1962.134,13,25507.742,-23.22,-0.09,7.8,15.85,0.06,-19.97,-0.08,-3184.26,-31.84,136
744,Exit long,2023-07-18 17:12,Opposite signal,1961.255,12,23558.52,-30.66,-0.13,7.2,104.82,0.44,-29.1,-0.12,-3214.92,-32.15,107
744,Entry long,2023-07-18 15:25,L781,1963.21,12,23558.52,-30.66,-0.13,7.2,104.82,0.44,-29.1,-0.12,-3214.92,-32.15,107
745,Exit short,2023-07-18 19:30,S782 exit,1973.245,5,9819.375,-49.85,-0.51,3,13.83,0.14,-48.35,-0.49,-3264.77,-32.65,126
745,Entry short,2023-07-18 17:24,S782,1963.875,5,9819.375,-49.85,-0.51,3,13.83,0.14,-48.35,-0.49,-3264.77,-32.65,126
746,Exit short,2023-07-18 21:43,Opposite signal,1980.075,8,15839.4,-6,-0.04,4.8,19.6,0.12,-4.68,-0.03,-3270.77,-32.71,26
746,Entry short,2023-07-18 21:17,S784,1979.925,8,15839.4,-6,-0.04,4.8,19.6,0.12,-4.68,-0.03,-3270.77,-32.71,26
747,Exit long,2023-07-18 22:33,Opposite signal,1977.075,11,21779.945,-38.72,-0.18,6.6,13.86,0.06,-38.01,-0.17,-3309.49,-33.09,49
747,Entry long,2023-07-18 21:44,L785,1979.995,11,21779.945,-38.72,-0.18,6.6,13.86,0.06,-38.01,-0.17,-3309.49,-33.09,49
748,Exit short,2023-07-18 23:49,Opposite signal,1977.345,10,19780.19,0.74,0.00,6,26.54,0.13,-3.26,-0.02,-3308.75,-33.09,73
748,Entry short,2023-07-18 22:36,S786,1978.019,10,19780.19,0.74,0.00,6,26.54,0.13,-3.26,-0.02,-3308.75,-33.09,73
749,Exit long,2023-07-19 06:45,Opposite signal,1977.075,16,31647.28,-23.68,-0.07,9.6,5.04,0.02,-22.8,-0.07,-3332.43,-33.32,34
749,Entry long,2023-07-19 06:11,L787,1977.955,16,31647.28,-23.68,-0.07,9.6,5.04,0.02,-22.8,-0.07,-3332.43,-33.32,34
750,Exit short,2023-07-19 07:09,Opposite signal,1978.235,16,31635.76,-25.6,-0.08,9.6,9.2,0.03,-20.8,-0.07,-3358.03,-33.58,23
750,Entry short,2023-07-19 06:46,S788,1977.235,16,31635.76,-25.6,-0.08,9.6,9.2,0.03,-20.8,-0.07,-3358.03,-33.58,23
751,Exit long,2023-07-19 07:33,Opposite signal,1976.225,14,27688.08,-29.33,-0.11,8.4,3.15,0.01,-25.97,-0.09,-3387.36,-33.87,23
751,Entry long,2023-07-19 07:10,L789,1977.72,14,27688.08,-29.33,-0.11,8.4,3.15,0.01,-25.97,-0.09,-3387.36,-33.87,23
752,Exit short,2023-07-19 08:26,Opposite signal,1976.52,13,25690.067,-12.49,-0.05,7.8,17.8,0.07,-8.59,-0.03,-3399.85,-34.00,45
752,Entry short,2023-07-19 07:41,S790,1976.159,13,25690.067,-12.49,-0.05,7.8,17.8,0.07,-8.59,-0.03,-3399.85,-34.00,45
753,Exit long,2023-07-19 09:52,Opposite signal,1974.35,15,29642.625,-36.37,-0.12,9,11.03,0.04,-33.3,-0.11,-3436.23,-34.36,82
753,Entry long,2023-07-19 08:30,L791,1976.175,15,29642.625,-36.37,-0.12,9,11.03,0.04,-33.3,-0.11,-3436.23,-34.36,82
754,Exit short,2023-07-19 11:18,Opposite signal,1977.4,12,23699.448,-36.55,-0.15,7.2,3.41,0.01,-33.85,-0.14,-3472.78,-34.73,84
754,Entry short,2023-07-19 09:54,S792,1974.954,12,23699.448,-36.55,-0.15,7.2,3.41,0.01,-33.85,-0.14,-3472.78,-34.73,84
755,Exit long,2023-07-19 12:14,Opposite signal,1973.73,10,19771.6,-40.3,-0.20,6,25,0.13,-37.4,-0.19,-3513.08,-35.13,55
755,Entry long,2023-07-19 11:19,L793,1977.16,10,19771.6,-40.3,-0.20,6,25,0.13,-37.4,-0.19,-3513.08,-35.13,55
756,Exit short,2023-07-19 12:47,Opposite signal,1980.32,7,13823.285,-43.15,-0.31,4.2,0.88,0.01,-41.58,-0.30,-3556.24,-35.56,29
756,Entry short,2023-07-19 12:18,S794,1974.755,7,13823.285,-43.15,-0.31,4.2,0.88,0.01,-41.58,-0.30,-3556.24,-35.56,29
757,Exit long,2023-07-19 16:47,Opposite signal,1972.9,6,11877.63,-43.83,-0.37,3.6,6.54,0.06,-43.02,-0.36,-3600.07,-36.00,239
757,Entry long,2023-07-19 12:48,L795,1979.605,6,11877.63,-43.83,-0.37,3.6,6.54,0.06,-43.02,-0.36,-3600.07,-36.00,239
758,Exit short,2023-07-20 02:00,Time flat,1977.31,6,11843.898,-23.56,-0.20,3.6,23.24,0.20,-37.36,-0.32,-3623.63,-36.24,510
758,Entry short,2023-07-19 17:30,S796,1973.983,6,11843.898,-23.56,-0.20,3.6,23.24,0.20,-37.36,-0.32,-3623.63,-36.24,510
759,Exit long,2023-07-20 07:40,Opposite signal,1984.255,4,7919.64,14.98,0.19,2.4,24.3,0.31,-4.16,-0.05,-3608.65,-36.09,67
759,Entry long,2023-07-20 06:33,L797,1979.91,4,7919.64,14.98,0.19,2.4,24.3,0.31,-4.16,-0.05,-3608.65,-36.09,67
760,Exit short,2023-07-20 08:27,Opposite signal,1986.35,14,27781.11,-36.19,-0.13,8.4,0,0.00,-32.06,-0.12,-3644.84,-36.45,41
760,Entry short,2023-07-20 07:46,S798,1984.365,14,27781.11,-36.19,-0.13,8.4,0,0.00,-32.06,-0.12,-3644.84,-36.45,41
761,Exit long,2023-07-20 10:58,Opposite signal,1983.48,12,23835.42,-40.86,-0.17,7.2,11.34,0.05,-38.34,-0.16,-3685.7,-36.86,150
761,Entry long,2023-07-20 08:28,L799,1986.285,12,23835.42,-40.86,-0.17,7.2,11.34,0.05,-38.34,-0.16,-3685.7,-36.86,150
762,Exit short,2023-07-20 11:54,Opposite signal,1980.595,7,13874.231,5.87,0.04,4.2,18.96,0.14,-2.46,-0.02,-3679.83,-36.80,22
762,Entry short,2023-07-20 11:32,S800,1982.033,7,13874.231,5.87,0.04,4.2,18.96,0.14,-2.46,-0.02,-3679.83,-36.80,22
763,Exit long,2023-07-20 12:56,Opposite signal,1980.105,15,29708.25,-15.67,-0.05,9,28.05,0.09,-13.8,-0.05,-3695.51,-36.96,44
763,Entry long,2023-07-20 12:12,L801,1980.55,15,29708.25,-15.67,-0.05,9,28.05,0.09,-13.8,-0.05,-3695.51,-36.96,44
764,Exit short,2023-07-20 13:47,Opposite signal,1981.74,13,25748.164,-22.26,-0.09,7.8,31.69,0.12,-22.13,-0.09,-3717.76,-37.18,50
764,Entry short,2023-07-20 12:57,S802,1980.628,13,25748.164,-22.26,-0.09,7.8,31.69,0.12,-22.13,-0.09,-3717.76,-37.18,50
765,Exit long,2023-07-20 17:56,Opposite signal,1977.615,9,17834.085,-40.95,-0.23,5.4,18.45,0.10,-39.19,-0.22,-3758.71,-37.59,248
765,Entry long,2023-07-20 13:48,L803,1981.565,9,17834.085,-40.95,-0.23,5.4,18.45,0.10,-39.19,-0.22,-3758.71,-37.59,248
766,Exit short,2023-07-21 00:13,Opposite signal,1971.085,6,11861.574,31.46,0.27,3.6,67.43,0.57,-21.22,-0.18,-3727.25,-37.27,372
766,Entry short,2023-07-20 18:01,S804,1976.929,6,11861.574,31.46,0.27,3.6,67.43,0.57,-21.22,-0.18,-3727.25,-37.27,372
767,Exit short,2023-07-21 07:05,Opposite signal,1973.475,15,29576.025,-35.1,-0.12,9,0,0.00,-33.08,-0.11,-3762.35,-37.62,17
767,Entry short,2023-07-21 06:48,S805,1971.735,15,29576.025,-35.1,-0.12,9,0,0.00,-33.08,-0.11,-3762.35,-37.62,17
768,Exit long,2023-07-21 07:48,Opposite signal,1971.57,15,29599.065,-34.51,-0.12,9,0,0.00,-36.09,-0.12,-3796.86,-37.97,41
768,Entry long,2023-07-21 07:07,L806,1973.271,15,29599.065,-34.51,-0.12,9,0,0.00,-36.09,-0.12,-3796.86,-37.97,41
769,Exit short,2023-07-21 08:16,Opposite signal,1972.075,13,25630.735,-14.04,-0.05,7.8,9.95,0.04,-11.83,-0.05,-3810.9,-38.11,26
769,Entry short,2023-07-21 07:50,S807,1971.595,13,25630.735,-14.04,-0.05,7.8,9.95,0.04,-11.83,-0.05,-3810.9,-38.11,26
770,Exit long,2023-07-21 08:36,Opposite signal,1970.385,17,33520.362,-34.02,-0.10,10.2,0,0.00,-30.45,-0.09,-3844.92,-38.45,19
770,Entry long,2023-07-21 08:17,L808,1971.786,17,33520.362,-34.02,-0.10,10.2,0,0.00,-30.45,-0.09,-3844.92,-38.45,19
771,Exit short,2023-07-21 09:12,Opposite signal,1970.945,15,29557.95,-15.22,-0.05,9,4.2,0.01,-12.9,-0.04,-3860.15,-38.60,32
771,Entry short,2023-07-21 08:40,S809,1970.53,15,29557.95,-15.22,-0.05,9,4.2,0.01,-12.9,-0.04,-3860.15,-38.60,32
772,Exit long,2023-07-21 10:24,Opposite signal,1969.8,19,37445.428,-30.63,-0.08,11.4,0,0.00,-25.78,-0.07,-3890.77,-38.91,71
772,Entry long,2023-07-21 09:13,L810,1970.812,19,37445.428,-30.63,-0.08,11.4,0,0.00,-25.78,-0.07,-3890.77,-38.91,71
773,Exit short,2023-07-21 11:44,Opposite signal,1970.5,17,33489.15,-19.55,-0.06,10.2,24.74,0.07,-16.83,-0.05,-3910.32,-39.10,76
773,Entry short,2023-07-21 10:28,S811,1969.95,17,33489.15,-19.55,-0.06,10.2,24.74,0.07,-16.83,-0.05,-3910.32,-39.10,76
774,Exit long,2023-07-21 12:23,Opposite signal,1970.56,12,23649.516,-10,-0.04,7.2,14.12,0.06,-7.78,-0.03,-3920.32,-39.20,30
774,Entry long,2023-07-21 11:53,L812,1970.793,12,23649.516,-10,-0.04,7.2,14.12,0.06,-7.78,-0.03,-3920.32,-39.20,30
775,Exit short,2023-07-21 14:03,Opposite signal,1964.935,15,29559,75.97,0.26,9,129.23,0.44,-15.97,-0.05,-3844.35,-38.44,99
775,Entry short,2023-07-21 12:24,S813,1970.6,15,29559,75.97,0.26,9,129.23,0.44,-15.97,-0.05,-3844.35,-38.44,99
776,Exit long,2023-07-21 14:29,Opposite signal,1961.65,11,21607.982,-36.43,-0.17,6.6,0,0.00,-34.07,-0.16,-3880.78,-38.81,25
776,Entry long,2023-07-21 14:04,L814,1964.362,11,21607.982,-36.43,-0.17,6.6,0,0.00,-34.07,-0.16,-3880.78,-38.81,25
777,Exit short,2023-07-21 17:15,Opposite signal,1965.345,9,17655.165,-38.34,-0.22,5.4,1.4,0.01,-35.91,-0.20,-3919.12,-39.19,164
777,Entry short,2023-07-21 14:31,S815,1961.685,9,17655.165,-38.34,-0.22,5.4,1.4,0.01,-35.91,-0.20,-3919.12,-39.19,164
778,Exit long,2023-07-21 18:06,Opposite signal,1963.935,8,15723.456,-16.78,-0.11,4.8,19.62,0.12,-16.94,-0.11,-3935.89,-39.36,36
778,Entry long,2023-07-21 17:30,L816,1965.432,8,15723.456,-16.78,-0.11,4.8,19.62,0.12,-16.94,-0.11,-3935.89,-39.36,36
779,Exit short,2023-07-21 20:09,Opposite signal,1964.525,10,19651.5,0.25,0.00,6,67.75,0.34,-6.4,-0.03,-3935.64,-39.36,122
779,Entry short,2023-07-21 18:07,S817,1965.15,10,19651.5,0.25,0.00,6,67.75,0.34,-6.4,-0.03,-3935.64,-39.36,122
780,Exit long,2023-07-21 20:34,L818 exit,1957.075,7,13745.452,-50.13,-0.36,4.2,0,0.00,-48.03,-0.35,-3985.77,-39.86,21
780,Entry long,2023-07-21 20:13,L818,1963.636,7,13745.452,-50.13,-0.36,4.2,0,0.00,-48.03,-0.35,-3985.77,-39.86,21
781,Exit short,2023-07-21 23:00,Weekend flat,1964.675,5,9790.375,-36,-0.37,3,0,0.00,-35.65,-0.36,-4021.77,-40.22,145
781,Entry short,2023-07-21 20:35,S819,1958.075,5,9790.375,-36,-0.37,3,0,0.00,-35.65,-0.36,-4021.77,-40.22,145
782,Exit long,2023-07-24 17:25,Opposite signal,1965.37,6,11785.056,3.56,0.03,3.6,20.57,0.17,-3.4,-0.03,-4018.21,-40.18,83
782,Entry long,2023-07-24 16:02,L820,1964.176,6,11785.056,3.56,0.03,3.6,20.57,0.17,-3.4,-0.03,-4018.21,-40.18,83
783,Exit short,2023-07-24 18:01,Opposite signal,1966.77,13,25556.245,-19.57,-0.08,7.8,20.35,0.08,-16.12,-0.06,-4037.77,-40.38,18
783,Entry short,2023-07-24 17:43,S821,1965.865,13,25556.245,-19.57,-0.08,7.8,20.35,0.08,-16.12,-0.06,-4037.77,-40.38,18
784,Exit long,2023-07-24 18:51,Opposite signal,1963.405,11,21634.69,-43.83,-0.20,6.6,7.21,0.03,-41.41,-0.19,-4081.61,-40.82,46
784,Entry long,2023-07-24 18:05,L822,1966.79,11,21634.69,-43.83,-0.20,6.6,7.21,0.03,-41.41,-0.19,-4081.61,-40.82,46
785,Exit short,2023-07-25 02:00,Time flat,1955.175,9,17676,74.03,0.42,5.4,92.03,0.52,-24.3,-0.14,-4007.58,-40.08,405
785,Entry short,2023-07-24 19:15,S823,1964,9,17676,74.03,0.42,5.4,92.03,0.52,-24.3,-0.14,-4007.58,-40.08,405
786,Exit long,2023-07-25 09:00,Opposite signal,1961.62,17,33367.549,-30.21,-0.09,10.2,8.98,0.03,-25.28,-0.08,-4037.79,-40.38,53
786,Entry long,2023-07-25 08:07,L824,1962.797,17,33367.549,-30.21,-0.09,10.2,8.98,0.03,-25.28,-0.08,-4037.79,-40.38,53
787,Exit short,2023-07-25 10:36,Opposite signal,1961.045,14,27464.64,1.61,0.01,8.4,12.81,0.05,-10.85,-0.04,-4036.18,-40.36,95
787,Entry short,2023-07-25 09:01,S825,1961.76,14,27464.64,1.61,0.01,8.4,12.81,0.05,-10.85,-0.04,-4036.18,-40.36,95
788,Exit long,2023-07-25 12:52,Opposite signal,1960.19,22,43144.53,-33.55,-0.08,13.2,61.38,0.14,-26.95,-0.06,-4069.73,-40.70,133
788,Entry long,2023-07-25 10:39,L826,1961.115,22,43144.53,-33.55,-0.08,13.2,61.38,0.14,-26.95,-0.06,-4069.73,-40.70,133
789,Exit short,2023-07-25 14:16,Opposite signal,1962.655,9,17645.4,-23.89,-0.14,5.4,8.01,0.05,-21.91,-0.12,-4093.63,-40.94,82
789,Entry short,2023-07-25 12:54,S827,1960.6,9,17645.4,-23.89,-0.14,5.4,8.01,0.05,-21.91,-0.12,-4093.63,-40.94,82
790,Exit long,2023-07-25 15:10,Opposite signal,1962.215,11,21586.708,-8.94,-0.04,6.6,11.13,0.05,-6.41,-0.03,-4102.57,-41.03,35
790,Entry long,2023-07-25 14:35,L828,1962.428,11,21586.708,-8.94,-0.04,6.6,11.13,0.05,-6.41,-0.03,-4102.57,-41.03,35
791,Exit short,2023-07-25 16:55,S829 exit,1953.52,18,35327.79,153.63,0.43,10.8,159.03,0.45,-7.56,-0.02,-3948.94,-39.49,87
791,Entry short,2023-07-25 15:28,S829,1962.655,18,35327.79,153.63,0.43,10.8,159.03,0.45,-7.56,-0.02,-3948.94,-39.49,87
792,Exit long,2023-07-25 19:30,L830 exit,1952.17,5,9805.45,-47.6,-0.49,3,1.25,0.01,-46.1,-0.47,-3996.54,-39.97,117
792,Entry long,2023-07-25 17:33,L830,1961.09,5,9805.45,-47.6,-0.49,3,1.25,0.01,-46.1,-0.47,-3996.54,-39.97,117
793,Exit short,2023-07-26 02:00,Time flat,1964.81,9,17655.03,-33.66,-0.19,5.4,0,0.00,-35.1,-0.20,-4030.2,-40.30,191
793,Entry short,2023-07-25 22:49,S831,1961.67,9,17655.03,-33.66,-0.19,5.4,0,0.00,-35.1,-0.20,-4030.2,-40.30,191
794,Exit short,2023-07-26 13:33,Opposite signal,1971.235,14,27566.448,-39.24,-0.14,8.4,8.22,0.03,-36.44,-0.13,-4069.44,-40.69,36
794,Entry short,2023-07-26 12:57,S832,1969.032,14,27566.448,-39.24,-0.14,8.4,8.22,0.03,-36.44,-0.13,-4069.44,-40.69,36
795,Exit long,2023-07-26 18:46,Opposite signal,1969.42,11,21680.67,-23.65,-0.11,6.6,32.73,0.15,-20.57,-0.09,-4093.09,-40.93,312
795,Entry long,2023-07-26 13:34,L833,1970.97,11,21680.67,-23.65,-0.11,6.6,32.73,0.15,-20.57,-0.09,-4093.09,-40.93,312
796,Exit short,2023-07-26 20:42,Opposite signal,1970.22,7,13784.596,-11.14,-0.08,4.2,34.78,0.25,-9.81,-0.07,-4104.23,-41.04,110
796,Entry short,2023-07-26 18:52,S834,1969.228,7,13784.596,-11.14,-0.08,4.2,34.78,0.25,-9.81,-0.07,-4104.23,-41.04,110
797,Exit long,2023-07-27 02:00,Time flat,1972.805,5,9861.65,-0.62,-0.01,3,28.88,0.29,-35.1,-0.36,-4104.86,-41.05,298
797,Entry long,2023-07-26 21:02,L835,1972.33,5,9861.65,-0.62,-0.01,3,28.88,0.29,-35.1,-0.36,-4104.86,-41.05,298
798,Exit short,2023-07-27 12:10,Opposite signal,1977.15,11,21772.729,17.48,0.08,6.6,53.94,0.25,-6.23,-0.03,-4087.38,-40.87,206
798,Entry short,2023-07-27 08:44,S836,1979.339,11,21772.729,17.48,0.08,6.6,53.94,0.25,-6.23,-0.03,-4087.38,-40.87,206
799,Exit long,2023-07-27 14:01,Opposite signal,1977.53,11,21741.5,4.73,0.02,6.6,60.12,0.28,-27.94,-0.13,-4082.65,-40.83,110
799,Entry long,2023-07-27 12:11,L837,1976.5,11,21741.5,4.73,0.02,6.6,60.12,0.28,-27.94,-0.13,-4082.65,-40.83,110
800,Exit short,2023-07-27 14:47,Opposite signal,1977.67,8,15820.176,-5.98,-0.04,4.8,20.78,0.13,-3.62,-0.02,-4088.63,-40.89,36
800,Entry short,2023-07-27 14:11,S838,1977.522,8,15820.176,-5.98,-0.04,4.8,20.78,0.13,-3.62,-0.02,-4088.63,-40.89,36
801,Exit long,2023-07-27 15:19,Opposite signal,1974.595,11,21753.325,-39.38,-0.18,6.6,2.92,0.01,-37.23,-0.17,-4128.02,-41.28,31
801,Entry long,2023-07-27 14:48,L839,1977.575,11,21753.325,-39.38,-0.18,6.6,2.92,0.01,-37.23,-0.17,-4128.02,-41.28,31
802,Exit short,2023-07-27 17:28,Opposite signal,1978.515,10,19747.65,-43.5,-0.22,6,0,0.00,-40.5,-0.21,-4171.52,-41.72,125
802,Entry short,2023-07-27 15:23,S840,1974.765,10,19747.65,-43.5,-0.22,6,0,0.00,-40.5,-0.21,-4171.52,-41.72,125
803,Exit long,2023-07-27 17:56,Opposite signal,1973.63,8,15825.12,-40.88,-0.26,4.8,0,0.00,-44.2,-0.28,-4212.4,-42.12,25
803,Entry long,2023-07-27 17:31,L841,1978.14,8,15825.12,-40.88,-0.26,4.8,0,0.00,-44.2,-0.28,-4212.4,-42.12,25
804,Exit short,2023-07-27 19:01,S842 exit,1954.505,8,15795.856,155.02,0.98,4.8,157.42,1.00,-12.94,-0.08,-4057.38,-40.57,61
804,Entry short,2023-07-27 18:00,S842,1974.482,8,15795.856,155.02,0.98,4.8,157.42,1.00,-12.94,-0.08,-4057.38,-40.57,61
805,Exit long,2023-07-28 02:00,Time flat,1944.6,7,13635.972,-27.97,-0.21,4.2,7.45,0.05,-33.71,-0.25,-4085.35,-40.85,194
805,Entry long,2023-07-27 22:46,L843,1947.996,7,13635.972,-27.97,-0.21,4.2,7.45,0.05,-33.71,-0.25,-4085.35,-40.85,194
806,Exit short,2023-07-28 14:05,Opposite signal,1950.04,6,11701.71,-2.13,-0.02,3.6,12.6,0.11,-9.36,-0.08,-4087.48,-40.87,69
806,Entry short,2023-07-28 12:56,S844,1950.285,6,11701.71,-2.13,-0.02,3.6,12.6,0.11,-9.36,-0.08,-4087.48,-40.87,69
807,Exit long,2023-07-28 14:43,Opposite signal,1948.675,14,27291.88,-18.83,-0.07,8.4,10.71,0.04,-15.12,-0.06,-4106.31,-41.06,37
807,Entry long,2023-07-28 14:06,L845,1949.42,14,27291.88,-18.83,-0.07,8.4,10.71,0.04,-15.12,-0.06,-4106.31,-41.06,37
808,Exit short,2023-07-28 15:03,Opposite signal,1950.955,15,29232.375,-40.95,-0.14,9,1.8,0.01,-39.3,-0.13,-4147.26,-41.47,19
808,Entry short,2023-07-28 14:44,S846,1948.825,15,29232.375,-40.95,-0.14,9,1.8,0.01,-39.3,-0.13,-4147.26,-41.47,19
809,Exit long,2023-07-28 17:49,Opposite signal,1954.735,13,25356.708,47.05,0.19,7.8,97.16,0.38,-10.74,-0.04,-4100.21,-41.00,165
809,Entry long,2023-07-28 15:04,L847,1950.516,13,25356.708,47.05,0.19,7.8,97.16,0.38,-10.74,-0.04,-4100.21,-41.00,165
810,Exit short,2023-07-28 18:00,S848 exit,1959.29,10,19548.25,-50.65,-0.26,6,1.5,0.01,-47.65,-0.24,-4150.86,-41.51,10
810,Entry short,2023-07-28 17:50,S848,1954.825,10,19548.25,-50.65,-0.26,6,1.5,0.01,-47.65,-0.24,-4150.86,-41.51,10
811,Exit long,2023-07-28 18:13,Opposite signal,1954.265,7,13709.675,-34.02,-0.25,4.2,17.05,0.12,-32.13,-0.23,-4184.88,-41.85,12
811,Entry long,2023-07-28 18:01,L849,1958.525,7,13709.675,-34.02,-0.25,4.2,17.05,0.12,-32.13,-0.23,-4184.88,-41.85,12
812,Exit short,2023-07-28 19:38,Opposite signal,1958.935,6,11732.07,-25.14,-0.21,3.6,16.62,0.14,-23.34,-0.20,-4210.02,-42.10,84
812,Entry short,2023-07-28 18:14,S850,1955.345,6,11732.07,-25.14,-0.21,3.6,16.62,0.14,-23.34,-0.20,-4210.02,-42.10,84
813,Exit long,2023-07-28 23:00,Weekend flat,1961.35,6,11751.378,13.12,0.11,3.6,28.27,0.24,-8.81,-0.07,-4196.9,-41.97,190
813,Entry long,2023-07-28 19:50,L851,1958.563,6,11751.378,13.12,0.11,3.6,28.27,0.24,-8.81,-0.07,-4196.9,-41.97,190
814,Exit long,2023-07-31 06:36,Opposite signal,1956.43,15,29370.54,-33.09,-0.11,9,0,0.00,-33.31,-0.11,-4229.99,-42.30,6
814,Entry long,2023-07-31 06:30,L852,1958.036,15,29370.54,-33.09,-0.11,9,0,0.00,-33.31,-0.11,-4229.99,-42.30,6
815,Exit short,2023-07-31 10:00,Opposite signal,1955.08,13,25435.67,11.83,0.05,7.8,35.69,0.14,-30.03,-0.12,-4218.16,-42.18,203
815,Entry short,2023-07-31 06:37,S853,1956.59,13,25435.67,11.83,0.05,7.8,35.69,0.14,-30.03,-0.12,-4218.16,-42.18,203
816,Exit long,2023-07-31 10:38,Opposite signal,1953.41,17,33231.872,-34.1,-0.10,10.2,13.07,0.04,-32.66,-0.10,-4252.26,-42.52,37
816,Entry long,2023-07-31 10:01,L854,1954.816,17,33231.872,-34.1,-0.10,10.2,13.07,0.04,-32.66,-0.10,-4252.26,-42.52,37
817,Exit short,2023-07-31 11:47,Opposite signal,1955.89,12,23442.54,-35.34,-0.15,7.2,0,0.00,-33.06,-0.14,-4287.6,-42.88,68
817,Entry short,2023-07-31 10:39,S855,1953.545,12,23442.54,-35.34,-0.15,7.2,0,0.00,-33.06,-0.14,-4287.6,-42.88,68
818,Exit long,2023-07-31 14:20,L856 exit,1952.195,10,19562.66,-46.71,-0.24,6,5.09,0.03,-43.71,-0.22,-4334.31,-43.34,140
818,Entry long,2023-07-31 12:00,L856,1956.266,10,19562.66,-46.71,-0.24,6,5.09,0.03,-43.71,-0.22,-4334.31,-43.34,140
819,Exit short,2023-07-31 15:43,Opposite signal,1957.39,9,17578.755,-43.15,-0.25,5.4,0.14,0.00,-43.6,-0.25,-4377.47,-43.77,81
819,Entry short,2023-07-31 14:22,S857,1953.195,9,17578.755,-43.15,-0.25,5.4,0.14,0.00,-43.6,-0.25,-4377.47,-43.77,81
820,Exit long,2023-07-31 18:52,Opposite signal,1962.98,13,25461.501,49.44,0.19,7.8,106.31,0.42,-17.12,-0.07,-4328.03,-43.28,138
820,Entry long,2023-07-31 16:34,L858,1958.577,13,25461.501,49.44,0.19,7.8,106.31,0.42,-17.12,-0.07,-4328.03,-43.28,138
821,Exit short,2023-07-31 19:03,Opposite signal,1967.85,9,17675.37,-40.68,-0.23,5.4,0.68,0.00,-39.24,-0.22,-4368.71,-43.69,10
821,Entry short,2023-07-31 18:53,S859,1963.93,9,17675.37,-40.68,-0.23,5.4,0.68,0.00,-39.24,-0.22,-4368.71,-43.69,10
822,Exit long,2023-08-01 02:00,Time flat,1965.45,6,11820.408,-31.31,-0.26,3.6,11.95,0.10,-36.5,-0.31,-4400.02,-44.00,389
822,Entry long,2023-07-31 19:31,L860,1970.068,6,11820.408,-31.31,-0.26,3.6,11.95,0.10,-36.5,-0.31,-4400.02,-44.00,389
823,Exit short,2023-08-01 08:28,Opposite signal,1960.465,4,7851.64,7.38,0.09,2.4,14.28,0.18,-2.42,-0.03,-4392.64,-43.93,93
823,Entry short,2023-08-01 06:55,S861,1962.91,4,7851.64,7.38,0.09,2.4,14.28,0.18,-2.42,-0.03,-4392.64,-43.93,93
824,Exit long,2023-08-01 09:49,Opposite signal,1960.625,16,31367.856,-7.46,-0.02,9.6,32.78,0.10,-16.9,-0.05,-4400.09,-44.00,76
824,Entry long,2023-08-01 08:33,L862,1960.491,16,31367.856,-7.46,-0.02,9.6,32.78,0.10,-16.9,-0.05,-4400.09,-44.00,76
825,Exit short,2023-08-01 15:03,Opposite signal,1957.425,13,25491.18,36.85,0.14,7.8,78.91,0.31,-9.94,-0.04,-4363.24,-43.63,313
825,Entry short,2023-08-01 09:50,S863,1960.86,13,25491.18,36.85,0.14,7.8,78.91,0.31,-9.94,-0.04,-4363.24,-43.63,313
826,Exit long,2023-08-01 16:43,Opposite signal,1954.115,12,23483.4,-41.22,-0.18,7.2,3.42,0.01,-40.2,-0.17,-4404.46,-44.04,94
826,Entry long,2023-08-01 15:09,L864,1956.95,12,23483.4,-41.22,-0.18,7.2,3.42,0.01,-40.2,-0.17,-4404.46,-44.04,94
827,Exit short,2023-08-01 19:00,Opposite signal,1948.48,10,19544.9,54.1,0.28,6,97.05,0.50,-18.85,-0.10,-4350.36,-43.50,125
827,Entry short,2023-08-01 16:55,S865,1954.49,10,19544.9,54.1,0.28,6,97.05,0.50,-18.85,-0.10,-4350.36,-43.50,125
828,Exit long,2023-08-01 20:02,Opposite signal,1944.15,10,19477.55,-42.05,-0.22,6,59.1,0.30,-42.75,-0.22,-4392.41,-43.92,61
828,Entry long,2023-08-01 19:01,L866,1947.755,10,19477.55,-42.05,-0.22,6,59.1,0.30,-42.75,-0.22,-4392.41,-43.92,61
829,Exit short,2023-08-01 23:53,Opposite signal,1945.255,4,7778.02,-5.4,-0.07,2.4,11.66,0.15,-12.64,-0.16,-4397.81,-43.98,230
829,Entry short,2023-08-01 20:03,S867,1944.505,4,7778.02,-5.4,-0.07,2.4,11.66,0.15,-12.64,-0.16,-4397.81,-43.98,230
830,Exit short,2023-08-02 21:33,Opposite signal,1937.145,4,7781.48,30.5,0.39,2.4,48.14,0.62,-18.34,-0.24,-4367.31,-43.67,216
830,Entry short,2023-08-02 17:57,S868,1945.37,4,7781.48,30.5,0.39,2.4,48.14,0.62,-18.34,-0.24,-4367.31,-43.67,216
831,Exit long,2023-08-03 01:25,Opposite signal,1935.095,9,17434.17,-23.71,-0.14,5.4,15.62,0.09,-21.06,-0.12,-4391.02,-43.91,224
831,Entry long,2023-08-02 21:41,L869,1937.13,9,17434.17,-23.71,-0.14,5.4,15.62,0.09,-21.06,-0.12,-4391.02,-43.91,224
832,Exit short,2023-08-03 06:52,Opposite signal,1936.455,16,30971.04,-21.84,-0.07,9.6,3.28,0.01,-22.24,-0.07,-4412.86,-44.13,49
832,Entry short,2023-08-03 06:03,S870,1935.69,16,30971.04,-21.84,-0.07,9.6,3.28,0.01,-22.24,-0.07,-4412.86,-44.13,49
833,Exit long,2023-08-03 08:36,Opposite signal,1935.025,14,27116.782,-34.83,-0.13,8.4,24.18,0.09,-30.63,-0.11,-4447.7,-44.48,98
833,Entry long,2023-08-03 06:58,L871,1936.913,14,27116.782,-34.83,-0.13,8.4,24.18,0.09,-30.63,-0.11,-4447.7,-44.48,98
834,Exit short,2023-08-03 13:03,Opposite signal,1936.64,9,17416.665,-18.49,-0.11,5.4,35.46,0.20,-28.3,-0.16,-4466.19,-44.66,262
834,Entry short,2023-08-03 08:41,S872,1935.185,9,17416.665,-18.49,-0.11,5.4,35.46,0.20,-28.3,-0.16,-4466.19,-44.66,262
835,Exit long,2023-08-03 14:08,Opposite signal,1935.165,8,15484.904,-8.38,-0.05,4.8,20.58,0.13,-6.38,-0.04,-4474.57,-44.75,56
835,Entry long,2023-08-03 13:12,L873,1935.613,8,15484.904,-8.38,-0.05,4.8,20.58,0.13,-6.38,-0.04,-4474.57,-44.75,56
836,Exit short,2023-08-03 18:06,Opposite signal,1934.835,10,19352.35,-2,-0.01,6,53.25,0.28,-30.9,-0.16,-4476.57,-44.77,237
836,Entry short,2023-08-03 14:09,S874,1935.235,10,19352.35,-2,-0.01,6,53.25,0.28,-30.9,-0.16,-4476.57,-44.77,237
837,Exit long,2023-08-04 02:00,Time flat,1934.5,8,15476,-4.8,-0.03,4.8,31.8,0.21,-35.04,-0.23,-4481.37,-44.81,472
837,Entry long,2023-08-03 18:08,L875,1934.5,8,15476,-4.8,-0.03,4.8,31.8,0.21,-35.04,-0.23,-4481.37,-44.81,472
838,Exit short,2023-08-04 23:00,Weekend flat,1940.745,6,11639.598,-8.47,-0.07,3.6,2.42,0.02,-26.59,-0.23,-4489.85,-44.90,140
838,Entry short,2023-08-04 20:40,S876,1939.933,6,11639.598,-8.47,-0.07,3.6,2.42,0.02,-26.59,-0.23,-4489.85,-44.90,140
839,Exit long,2023-08-07 15:10,Opposite signal,1935.565,17,32909.28,-14.87,-0.05,10.2,26.27,0.08,-13.77,-0.04,-4504.72,-45.05,36
839,Entry long,2023-08-07 14:34,L877,1935.84,17,32909.28,-14.87,-0.05,10.2,26.27,0.08,-13.77,-0.04,-4504.72,-45.05,36
840,Exit short,2023-08-07 17:11,Opposite signal,1935.95,12,23221.584,-17.02,-0.07,7.2,16.7,0.07,-17.5,-0.08,-4521.74,-45.22,99
840,Entry short,2023-08-07 15:32,S878,1935.132,12,23221.584,-17.02,-0.07,7.2,16.7,0.07,-17.5,-0.08,-4521.74,-45.22,99
841,Exit long,2023-08-07 19:03,Opposite signal,1938.905,12,23228.76,30.9,0.13,7.2,68.88,0.30,-28.38,-0.12,-4490.84,-44.91,109
841,Entry long,2023-08-07 17:14,L879,1935.73,12,23228.76,30.9,0.13,7.2,68.88,0.30,-28.38,-0.12,-4490.84,-44.91,109
842,Exit short,2023-08-08 02:00,Time flat,1935.98,12,23272.98,34.02,0.15,7.2,91.08,0.39,-19.68,-0.08,-4456.82,-44.57,416
842,Entry short,2023-08-07 19:04,S880,1939.415,12,23272.98,34.02,0.15,7.2,91.08,0.39,-19.68,-0.08,-4456.82,-44.57,416
843,Exit long,2023-08-09 02:00,Time flat,1925.06,6,11580.12,-33.36,-0.29,3.6,0,0.00,-40.08,-0.35,-4490.18,-44.90,342
843,Entry long,2023-08-08 20:18,L881,1930.02,6,11580.12,-33.36,-0.29,3.6,0,0.00,-40.08,-0.35,-4490.18,-44.90,342
844,Exit short,2023-08-09 19:35,Opposite signal,1926.855,5,9618.2,-19.07,-0.20,3,8.9,0.09,-17.57,-0.18,-4509.25,-45.09,119
844,Entry short,2023-08-09 17:36,S882,1923.64,5,9618.2,-19.07,-0.20,3,8.9,0.09,-17.57,-0.18,-4509.25,-45.09,119
845,Exit long,2023-08-09 20:01,L883 exit,1920.56,8,15402.32,-42.64,-0.28,4.8,16.44,0.11,-40.24,-0.26,-4551.89,-45.52,25
845,Entry long,2023-08-09 19:36,L883,1925.29,8,15402.32,-42.64,-0.28,4.8,16.44,0.11,-40.24,-0.26,-4551.89,-45.52,25
846,Exit short,2023-08-10 02:00,Time flat,1915.19,6,11529.36,34.62,0.30,3.6,38.28,0.33,-14.7,-0.13,-4517.27,-45.17,357
846,Entry short,2023-08-09 20:03,S884,1921.56,6,11529.36,34.62,0.30,3.6,38.28,0.33,-14.7,-0.13,-4517.27,-45.17,357
847,Exit short,2023-08-10 12:36,Opposite signal,1919.295,14,26842.83,-35.7,-0.13,8.4,20.3,0.08,-39.13,-0.15,-4552.97,-45.53,246
847,Entry short,2023-08-10 08:30,S885,1917.345,14,26842.83,-35.7,-0.13,8.4,20.3,0.08,-39.13,-0.15,-4552.97,-45.53,246
848,Exit long,2023-08-10 16:28,Opposite signal,1921.885,9,17274.573,16.99,0.10,5.4,24.96,0.14,-13.92,-0.08,-4535.98,-45.36,207
848,Entry long,2023-08-10 13:01,L886,1919.397,9,17274.573,16.99,0.10,5.4,24.96,0.14,-13.92,-0.08,-4535.98,-45.36,207
849,Exit short,2023-08-10 16:35,Opposite signal,1922.63,22,42281.69,-29.37,-0.07,13.2,0,0.00,-25.41,-0.06,-4565.35,-45.65,6
849,Entry short,2023-08-10 16:29,S887,1921.895,22,42281.69,-29.37,-0.07,13.2,0,0.00,-25.41,-0.06,-4565.35,-45.65,6
850,Exit long,2023-08-10 16:41,Opposite signal,1920.96,20,38450.1,-42.9,-0.11,12,0,0.00,-39.1,-0.10,-4608.25,-46.08,5
850,Entry long,2023-08-10 16:36,L888,1922.505,20,38450.1,-42.9,-0.11,12,0,0.00,-39.1,-0.10,-4608.25,-46.08,5
851,Exit short,2023-08-10 17:39,Opposite signal,1922.795,19,36513.63,-30.87,-0.08,11.4,10.74,0.03,-25.93,-0.07,-4639.13,-46.39,54
851,Entry short,2023-08-10 16:45,S889,1921.77,19,36513.63,-30.87,-0.08,11.4,10.74,0.03,-25.93,-0.07,-4639.13,-46.39,54
852,Exit long,2023-08-10 18:57,Opposite signal,1920.465,15,28837.5,-39.52,-0.14,9,110.7,0.38,-40.12,-0.14,-4678.65,-46.79,77
852,Entry long,2023-08-10 17:40,L890,1922.5,15,28837.5,-39.52,-0.14,9,110.7,0.38,-40.12,-0.14,-4678.65,-46.79,77
853,Exit short,2023-08-10 21:04,Opposite signal,1918.435,5,9604.25,9.07,0.09,3,38.08,0.40,-24.02,-0.25,-4669.58,-46.70,126
853,Entry short,2023-08-10 18:58,S891,1920.85,5,9604.25,9.07,0.09,3,38.08,0.40,-24.02,-0.25,-4669.58,-46.70,126
854,Exit long,2023-08-10 22:53,Opposite signal,1917.59,17,32620.79,-31.96,-0.10,10.2,44.8,0.14,-27.79,-0.09,-4701.54,-47.02,100
854,Entry long,2023-08-10 21:13,L892,1918.87,17,32620.79,-31.96,-0.10,10.2,44.8,0.14,-27.79,-0.09,-4701.54,-47.02,100
855,Exit short,2023-08-11 02:00,Time flat,1913.485,9,17262.045,35.28,0.20,5.4,43.92,0.25,-2.7,-0.02,-4666.26,-46.66,186
855,Entry short,2023-08-10 22:54,S893,1918.005,9,17262.045,35.28,0.20,5.4,43.92,0.25,-2.7,-0.02,-4666.26,-46.66,186
856,Exit short,2023-08-11 11:06,Opposite signal,1915.45,22,42140.67,-12.43,-0.03,13.2,55.33,0.13,-10.45,-0.02,-4678.69,-46.79,151
856,Entry short,2023-08-11 08:35,S894,1915.485,22,42140.67,-12.43,-0.03,13.2,55.33,0.13,-10.45,-0.02,-4678.69,-46.79,151
857,Exit long,2023-08-11 12:18,Opposite signal,1916.61,22,42178.51,-26.29,-0.06,13.2,3.08,0.01,-19.69,-0.05,-4704.98,-47.05,15
857,Entry long,2023-08-11 12:03,L895,1917.205,22,42178.51,-26.29,-0.06,13.2,3.08,0.01,-19.69,-0.05,-4704.98,-47.05,15
858,Exit short,2023-08-11 13:20,Opposite signal,1917.84,19,36416.92,-33.44,-0.09,11.4,10.07,0.03,-32.68,-0.09,-4738.42,-47.38,56
858,Entry short,2023-08-11 12:24,S896,1916.68,19,36416.92,-33.44,-0.09,11.4,10.07,0.03,-32.68,-0.09,-4738.42,-47.38,56
859,Exit long,2023-08-11 14:50,Opposite signal,1918.17,15,28762.35,1.2,0.00,9,31.28,0.11,-24.15,-0.08,-4737.22,-47.37,89
859,Entry long,2023-08-11 13:21,L897,1917.49,15,28762.35,1.2,0.00,9,31.28,0.11,-24.15,-0.08,-4737.22,-47.37,89
860,Exit short,2023-08-11 17:42,Opposite signal,1919.95,15,28773.975,-34.27,-0.12,9,13.28,0.05,-30.67,-0.11,-4771.49,-47.71,171
860,Entry short,2023-08-11 14:51,S898,1918.265,15,28773.975,-34.27,-0.12,9,13.28,0.05,-30.67,-0.11,-4771.49,-47.71,171
861,Exit long,2023-08-11 18:00,L899 exit,1916.08,12,23035.512,-49.75,-0.22,7.2,12.53,0.05,-46.15,-0.20,-4821.24,-48.21,13
861,Entry long,2023-08-11 17:47,L899,1919.626,12,23035.512,-49.75,-0.22,7.2,12.53,0.05,-46.15,-0.20,-4821.24,-48.21,13
862,Exit short,2023-08-11 23:00,Weekend flat,1914.335,11,21099.98,35.7,0.17,6.6,53.79,0.25,-31.79,-0.15,-4785.55,-47.86,298
862,Entry short,2023-08-11 18:02,S900,1918.18,11,21099.98,35.7,0.17,6.6,53.79,0.25,-31.79,-0.15,-4785.55,-47.86,298
863,Exit long,2023-08-14 11:31,Opposite signal,1911.715,13,24857.716,-13.22,-0.05,7.8,29.29,0.12,-22.84,-0.09,-4798.77,-47.99,254
863,Entry long,2023-08-14 07:17,L901,1912.132,13,24857.716,-13.22,-0.05,7.8,29.29,0.12,-22.84,-0.09,-4798.77,-47.99,254
864,Exit short,2023-08-14 13:08,Opposite signal,1914.19,11,21030.845,-31.84,-0.15,6.6,10.29,0.05,-30.8,-0.15,-4830.61,-48.31,96
864,Entry short,2023-08-14 11:32,S902,1911.895,11,21030.845,-31.84,-0.15,6.6,10.29,0.05,-30.8,-0.15,-4830.61,-48.31,96
865,Exit long,2023-08-14 14:50,Opposite signal,1913.65,9,17228.232,-10.78,-0.06,5.4,15.41,0.09,-9.16,-0.05,-4841.4,-48.41,90
865,Entry long,2023-08-14 13:20,L903,1914.248,9,17228.232,-10.78,-0.06,5.4,15.41,0.09,-9.16,-0.05,-4841.4,-48.41,90
866,Exit short,2023-08-14 21:37,Opposite signal,1912.6,12,22965.72,7.32,0.03,7.2,129.36,0.56,-18.54,-0.08,-4834.08,-48.34,406
866,Entry short,2023-08-14 14:51,S904,1913.81,12,22965.72,7.32,0.03,7.2,129.36,0.56,-18.54,-0.08,-4834.08,-48.34,406
867,Exit short,2023-08-15 18:19,Opposite signal,1904.78,4,7610.92,-10.6,-0.14,2.4,23.9,0.31,-10.7,-0.14,-4844.68,-48.45,103
867,Entry short,2023-08-15 16:36,S906,1902.73,4,7610.92,-10.6,-0.14,2.4,23.9,0.31,-10.7,-0.14,-4844.68,-48.45,103
868,Exit long,2023-08-15 19:04,Opposite signal,1901.745,6,11421.342,-14.47,-0.13,3.6,22.07,0.19,-13.36,-0.12,-4859.15,-48.59,42
868,Entry long,2023-08-15 18:22,L907,1903.557,6,11421.342,-14.47,-0.13,3.6,22.07,0.19,-13.36,-0.12,-4859.15,-48.59,42
869,Exit short,2023-08-15 20:03,Opposite signal,1907.55,7,13314.035,-43.01,-0.32,4.2,6.48,0.05,-44.06,-0.33,-4902.16,-49.02,57
869,Entry short,2023-08-15 19:06,S908,1902.005,7,13314.035,-43.01,-0.32,4.2,6.48,0.05,-44.06,-0.33,-4902.16,-49.02,57
870,Exit long,2023-08-15 21:09,Opposite signal,1906.795,5,9538.04,-7.06,-0.07,3,19.01,0.20,-6.79,-0.07,-4909.23,-49.09,58
870,Entry long,2023-08-15 20:11,L909,1907.608,5,9538.04,-7.06,-0.07,3,19.01,0.20,-6.79,-0.07,-4909.23,-49.09,58
871,Exit short,2023-08-16 02:00,Time flat,1902.345,8,15257,33.44,0.22,4.8,38.16,0.25,-13.2,-0.09,-4875.79,-48.76,290
871,Entry short,2023-08-15 21:10,S910,1907.125,8,15257,33.44,0.22,4.8,38.16,0.25,-13.2,-0.09,-4875.79,-48.76,290
872,Exit short,2023-08-16 07:50,Opposite signal,1904.245,17,32351.085,-31.28,-0.10,10.2,2.38,0.01,-27.37,-0.08,-4907.07,-49.07,24
872,Entry short,2023-08-16 07:26,S911,1903.005,17,32351.085,-31.28,-0.10,10.2,2.38,0.01,-27.37,-0.08,-4907.07,-49.07,24
873,Exit long,2023-08-16 09:56,Opposite signal,1903.59,16,30462.032,-14.19,-0.05,9.6,19.41,0.06,-9.39,-0.03,-4921.26,-49.21,124
873,Entry long,2023-08-16 07:52,L912,1903.877,16,30462.032,-14.19,-0.05,9.6,19.41,0.06,-9.39,-0.03,-4921.26,-49.21,124
874,Exit short,2023-08-16 11:08,Opposite signal,1905.4,15,28555.8,-34.2,-0.12,9,8.55,0.03,-31.42,-0.11,-4955.46,-49.55,67
874,Entry short,2023-08-16 10:01,S913,1903.72,15,28555.8,-34.2,-0.12,9,8.55,0.03,-31.42,-0.11,-4955.46,-49.55,67
875,Exit long,2023-08-16 12:53,Opposite signal,1904.41,13,24763.024,-13.49,-0.05,7.8,18.81,0.08,-10.96,-0.04,-4968.95,-49.69,103
875,Entry long,2023-08-16 11:10,L914,1904.848,13,24763.024,-13.49,-0.05,7.8,18.81,0.08,-10.96,-0.04,-4968.95,-49.69,103
876,Exit short,2023-08-16 14:40,Opposite signal,1906.83,13,24760.06,-36.53,-0.15,7.8,18.59,0.08,-32.83,-0.13,-5005.48,-50.05,106
876,Entry short,2023-08-16 12:54,S915,1904.62,13,24760.06,-36.53,-0.15,7.8,18.59,0.08,-32.83,-0.13,-5005.48,-50.05,106
877,Exit long,2023-08-16 17:51,Opposite signal,1902.48,10,19061.78,-42.98,-0.23,6,3.72,0.02,-41.03,-0.22,-5048.46,-50.48,158
877,Entry long,2023-08-16 15:13,L916,1906.178,10,19061.78,-42.98,-0.23,6,3.72,0.02,-41.03,-0.22,-5048.46,-50.48,158
878,Exit short,2023-08-16 19:08,Opposite signal,1904.89,8,15223.12,-20.8,-0.14,4.8,26.56,0.17,-19.6,-0.13,-5069.26,-50.69,66
878,Entry short,2023-08-16 18:02,S917,1902.89,8,15223.12,-20.8,-0.14,4.8,26.56,0.17,-19.6,-0.13,-5069.26,-50.69,66
879,Exit long,2023-08-16 19:27,Opposite signal,1903.735,7,13329.855,-7.91,-0.06,4.2,13.65,0.10,-7.42,-0.06,-5077.17,-50.77,12
879,Entry long,2023-08-16 19:15,L918,1904.265,7,13329.855,-7.91,-0.06,4.2,13.65,0.10,-7.42,-0.06,-5077.17,-50.77,12
880,Exit short,2023-08-16 23:51,Opposite signal,1899.07,12,22850.04,54,0.24,7.2,101.88,0.45,-26.16,-0.11,-5023.17,-50.23,263
880,Entry short,2023-08-16 19:28,S919,1904.17,12,22850.04,54,0.24,7.2,101.88,0.45,-26.16,-0.11,-5023.17,-50.23,263
881,Exit long,2023-08-17 07:40,Opposite signal,1892.355,12,22706.1,-5.04,-0.02,7.2,11.04,0.05,-8.76,-0.04,-5028.21,-50.28,21
881,Entry long,2023-08-17 07:19,L920,1892.175,12,22706.1,-5.04,-0.02,7.2,11.04,0.05,-8.76,-0.04,-5028.21,-50.28,21
882,Exit short,2023-08-17 07:54,Opposite signal,1893.58,18,34066.08,-29.16,-0.09,10.8,0,0.00,-24.48,-0.07,-5057.37,-50.57,13
882,Entry short,2023-08-17 07:41,S921,1892.56,18,34066.08,-29.16,-0.09,10.8,0,0.00,-24.48,-0.07,-5057.37,-50.57,13
883,Exit long,2023-08-17 08:45,Opposite signal,1892.855,18,34079.076,-18.49,-0.05,10.8,7.7,0.02,-23.44,-0.07,-5075.86,-50.76,50
883,Entry long,2023-08-17 07:55,L922,1893.282,18,34079.076,-18.49,-0.05,10.8,7.7,0.02,-23.44,-0.07,-5075.86,-50.76,50
884,Exit short,2023-08-17 10:18,Opposite signal,1893.74,19,35968.71,-23.75,-0.07,11.4,8.46,0.02,-18.71,-0.05,-5099.61,-51.00,92
884,Entry short,2023-08-17 08:46,S923,1893.09,19,35968.71,-23.75,-0.07,11.4,8.46,0.02,-18.71,-0.05,-5099.61,-51.00,92
885,Exit long,2023-08-17 11:11,Opposite signal,1892.23,17,32190.52,-32.81,-0.10,10.2,2.3,0.01,-27.96,-0.09,-5132.42,-51.32,41
885,Entry long,2023-08-17 10:30,L924,1893.56,17,32190.52,-32.81,-0.10,10.2,2.3,0.01,-27.96,-0.09,-5132.42,-51.32,41
886,Exit short,2023-08-17 11:39,Opposite signal,1894.035,15,28387.5,-32.02,-0.11,9,0,0.00,-28.57,-0.10,-5164.44,-51.64,27
886,Entry short,2023-08-17 11:12,S925,1892.5,15,28387.5,-32.02,-0.11,9,0,0.00,-28.57,-0.10,-5164.44,-51.64,27
887,Exit long,2023-08-17 13:05,Opposite signal,1895.565,16,30298.288,21.15,0.07,9.6,59.07,0.19,-10.61,-0.04,-5143.29,-51.43,85
887,Entry long,2023-08-17 11:40,L926,1893.643,16,30298.288,21.15,0.07,9.6,59.07,0.19,-10.61,-0.04,-5143.29,-51.43,85
888,Exit short,2023-08-17 15:35,Opposite signal,1896.54,15,28440.12,-16.98,-0.06,9,30.05,0.11,-16.6,-0.06,-5160.27,-51.60,149
888,Entry short,2023-08-17 13:06,S927,1896.008,15,28440.12,-16.98,-0.06,9,30.05,0.11,-16.6,-0.06,-5160.27,-51.60,149
889,Exit long,2023-08-17 18:03,Opposite signal,1897.26,12,22755.42,4.5,0.02,7.2,48.66,0.21,-4.38,-0.02,-5155.77,-51.56,147
889,Entry long,2023-08-17 15:36,L928,1896.285,12,22755.42,4.5,0.02,7.2,48.66,0.21,-4.38,-0.02,-5155.77,-51.56,147
890,Exit short,2023-08-17 18:07,Opposite signal,1901.35,12,22777.176,-46.22,-0.20,7.2,0,0.00,-44.78,-0.20,-5202,-52.02,3
890,Entry short,2023-08-17 18:04,S929,1898.098,12,22777.176,-46.22,-0.20,7.2,0,0.00,-44.78,-0.20,-5202,-52.02,3
891,Exit long,2023-08-17 19:01,Opposite signal,1900.975,9,17105.76,-2.38,-0.01,5.4,23.18,0.14,-25.47,-0.15,-5204.38,-52.04,52
891,Entry long,2023-08-17 18:09,L930,1900.64,9,17105.76,-2.38,-0.01,5.4,23.18,0.14,-25.47,-0.15,-5204.38,-52.04,52
892,Exit short,2023-08-18 00:33,Opposite signal,1887.855,9,17097.048,100.95,0.59,5.4,128.58,0.75,-28.11,-0.16,-5103.43,-51.03,326
892,Entry short,2023-08-17 19:07,S931,1899.672,9,17097.048,100.95,0.59,5.4,128.58,0.75,-28.11,-0.16,-5103.43,-51.03,326
893,Exit short,2023-08-18 09:02,Opposite signal,1892.975,15,28403.775,0.15,0.00,9,23.93,0.08,-24.82,-0.09,-5103.28,-51.03,101
893,Entry short,2023-08-18 07:21,S932,1893.585,15,28403.775,0.15,0.00,9,23.93,0.08,-24.82,-0.09,-5103.28,-51.03,101
894,Exit long,2023-08-18 10:20,Opposite signal,1891.555,16,30291.04,-35.76,-0.12,9.6,3.2,0.01,-31.2,-0.10,-5139.04,-51.39,77
894,Entry long,2023-08-18 09:03,L933,1893.19,16,30291.04,-35.76,-0.12,9.6,3.2,0.01,-31.2,-0.10,-5139.04,-51.39,77
895,Exit short,2023-08-18 11:27,Opposite signal,1893.805,13,24591.97,-35.29,-0.14,7.8,2.02,0.01,-31.72,-0.13,-5174.33,-51.74,65
895,Entry short,2023-08-18 10:22,S934,1891.69,13,24591.97,-35.29,-0.14,7.8,2.02,0.01,-31.72,-0.13,-5174.33,-51.74,65
896,Exit long,2023-08-18 17:54,Opposite signal,1891.34,13,24614.525,-34.9,-0.14,7.8,24.51,0.10,-32.43,-0.13,-5209.24,-52.09,384
896,Entry long,2023-08-18 11:30,L935,1893.425,13,24614.525,-34.9,-0.14,7.8,24.51,0.10,-32.43,-0.13,-5209.24,-52.09,384
897,Exit short,2023-08-18 19:20,S936 exit,1896.61,8,15131.44,-46.24,-0.31,4.8,13.56,0.09,-43.84,-0.29,-5255.48,-52.55,66
897,Entry short,2023-08-18 18:14,S936,1891.43,8,15131.44,-46.24,-0.31,4.8,13.56,0.09,-43.84,-0.29,-5255.48,-52.55,66
898,Exit long,2023-08-18 22:51,Opposite signal,1888.535,6,11369.142,-41.53,-0.37,3.6,0,0.00,-39.94,-0.35,-5297.01,-52.97,207
898,Entry long,2023-08-18 19:24,L937,1894.857,6,11369.142,-41.53,-0.37,3.6,0,0.00,-39.94,-0.35,-5297.01,-52.97,207
899,Exit long,2023-08-21 11:06,Opposite signal,1890.57,14,26415.158,44.42,0.17,8.4,99.23,0.38,-4.79,-0.02,-5252.59,-52.53,199
899,Entry long,2023-08-21 07:47,L939,1886.797,14,26415.158,44.42,0.17,8.4,99.23,0.38,-4.79,-0.02,-5252.59,-52.53,199
900,Exit short,2023-08-21 17:04,Opposite signal,1891.04,10,18906.8,-9.6,-0.05,6,35.25,0.19,-9.55,-0.05,-5262.19,-52.62,130
900,Entry short,2023-08-21 14:54,S940,1890.68,10,18906.8,-9.6,-0.05,6,35.25,0.19,-9.55,-0.05,-5262.19,-52.62,130
901,Exit long,2023-08-21 19:10,Opposite signal,1891.97,12,22729.224,-32.78,-0.14,7.2,53.08,0.23,-30.68,-0.13,-5294.97,-52.95,96
901,Entry long,2023-08-21 17:34,L941,1894.102,12,22729.224,-32.78,-0.14,7.2,53.08,0.23,-30.68,-0.13,-5294.97,-52.95,96
902,Exit long,2023-08-22 02:00,Time flat,1894.585,10,18887.03,52.82,0.28,6,64.57,0.34,-3.63,-0.02,-5242.15,-52.42,304
902,Entry long,2023-08-21 20:56,L943,1888.703,10,18887.03,52.82,0.28,6,64.57,0.34,-3.63,-0.02,-5242.15,-52.42,304
903,Exit short,2023-08-22 11:42,Opposite signal,1897.365,12,22738.56,-37.02,-0.16,7.2,7.92,0.03,-33.42,-0.15,-5279.17,-52.79,259
903,Entry short,2023-08-22 07:23,S944,1894.88,12,22738.56,-37.02,-0.16,7.2,7.92,0.03,-33.42,-0.15,-5279.17,-52.79,259
904,Exit long,2023-08-22 13:46,Opposite signal,1900.445,8,15189.88,8.88,0.06,4.8,26.36,0.17,-10.48,-0.07,-5270.29,-52.70,94
904,Entry long,2023-08-22 12:12,L945,1898.735,8,15189.88,8.88,0.06,4.8,26.36,0.17,-10.48,-0.07,-5270.29,-52.70,94
905,Exit short,2023-08-22 15:12,Opposite signal,1902.46,14,26606.37,-36.47,-0.14,8.4,0.35,0.00,-35.35,-0.13,-5306.76,-53.07,30
905,Entry short,2023-08-22 14:42,S946,1900.455,14,26606.37,-36.47,-0.14,8.4,0.35,0.00,-35.35,-0.13,-5306.76,-53.07,30
906,Exit long,2023-08-22 15:56,Opposite signal,1903.31,17,32363.291,-17.22,-0.05,10.2,8.96,0.03,-12.21,-0.04,-5323.98,-53.24,14
906,Entry long,2023-08-22 15:42,L947,1903.723,17,32363.291,-17.22,-0.05,10.2,8.96,0.03,-12.21,-0.04,-5323.98,-53.24,14
907,Exit short,2023-08-22 19:23,S948 exit,1890.78,14,26636.092,156.77,0.59,8.4,160.97,0.60,-18.16,-0.07,-5167.21,-51.67,203
907,Entry short,2023-08-22 16:00,S948,1902.578,14,26636.092,156.77,0.59,8.4,160.97,0.60,-18.16,-0.07,-5167.21,-51.67,203
908,Exit long,2023-08-23 02:00,Time flat,1897.24,5,9488.2,-5,-0.05,3,6.23,0.07,-10.18,-0.11,-5172.21,-51.72,320
908,Entry long,2023-08-22 20:40,L949,1897.64,5,9488.2,-5,-0.05,3,6.23,0.07,-10.18,-0.11,-5172.21,-51.72,320
909,Exit short,2023-08-23 06:40,Opposite signal,1900.07,19,36090.348,-22.38,-0.06,11.4,6.59,0.02,-17.54,-0.05,-5194.59,-51.95,17
909,Entry short,2023-08-23 06:23,S950,1899.492,19,36090.348,-22.38,-0.06,11.4,6.59,0.02,-17.54,-0.05,-5194.59,-51.95,17
910,Exit long,2023-08-23 08:33,Opposite signal,1900.485,19,36096.485,1.33,0.00,11.4,57.19,0.16,-7.31,-0.02,-5193.26,-51.93,110
910,Entry long,2023-08-23 06:43,L951,1899.815,19,36096.485,1.33,0.00,11.4,57.19,0.16,-7.31,-0.02,-5193.26,-51.93,110
911,Exit short,2023-08-23 09:02,Opposite signal,1901.155,23,43708.832,-31.53,-0.07,13.8,0,0.00,-24.63,-0.06,-5224.8,-52.25,19
911,Entry short,2023-08-23 08:43,S952,1900.384,23,43708.832,-31.53,-0.07,13.8,0,0.00,-24.63,-0.06,-5224.8,-52.25,19
912,Exit long,2023-08-23 12:28,Opposite signal,1902.78,21,39917.43,28.35,0.07,12.6,76.65,0.19,-6.3,-0.02,-5196.45,-51.96,165
912,Entry long,2023-08-23 09:43,L953,1900.83,21,39917.43,28.35,0.07,12.6,76.65,0.19,-6.3,-0.02,-5196.45,-51.96,165
913,Exit short,2023-08-23 13:36,Opposite signal,1904.78,15,28549.875,-30.82,-0.11,9,18.6,0.07,-27.67,-0.10,-5227.27,-52.27,67
913,Entry short,2023-08-23 12:29,S954,1903.325,15,28549.875,-30.82,-0.11,9,18.6,0.07,-27.67,-0.10,-5227.27,-52.27,67
914,Exit long,2023-08-23 16:03,Opposite signal,1901.595,11,20948.895,-37.95,-0.18,6.6,8.58,0.04,-34.65,-0.17,-5265.22,-52.65,146
914,Entry long,2023-08-23 13:37,L955,1904.445,11,20948.895,-37.95,-0.18,6.6,8.58,0.04,-34.65,-0.17,-5265.22,-52.65,146
915,Exit short,2023-08-23 17:56,Opposite signal,1905.57,10,19023.6,-38.1,-0.20,6,5.35,0.03,-35.2,-0.19,-5303.32,-53.03,107
915,Entry short,2023-08-23 16:09,S956,1902.36,10,19023.6,-38.1,-0.20,6,5.35,0.03,-35.2,-0.19,-5303.32,-53.03,107
916,Exit long,2023-08-23 18:26,Opposite signal,1905.08,8,15244.2,-8.36,-0.05,4.8,0,0.00,-5.96,-0.04,-5311.68,-53.12,1
916,Entry long,2023-08-23 18:25,L957,1905.525,8,15244.2,-8.36,-0.05,4.8,0,0.00,-5.96,-0.04,-5311.68,-53.12,1
917,Exit short,2023-08-23 18:54,S958 exit,1909.7,8,15235.672,-46.73,-0.31,4.8,0,0.00,-44.33,-0.29,-5358.41,-53.58,21
917,Entry short,2023-08-23 18:33,S958,1904.459,8,15235.672,-46.73,-0.31,4.8,0,0.00,-44.33,-0.29,-5358.41,-53.58,21
918,Exit long,2023-08-24 02:00,Time flat,1915.865,7,13360.9,45.96,0.34,4.2,79.97,0.60,-4.97,-0.04,-5312.45,-53.12,407
918,Entry long,2023-08-23 19:13,L959,1908.7,7,13360.9,45.96,0.34,4.2,79.97,0.60,-4.97,-0.04,-5312.45,-53.12,407
919,Exit short,2023-08-24 11:05,Opposite signal,1921.89,16,30728.112,-31.73,-0.10,9.6,1.31,0.00,-36.21,-0.12,-5344.18,-53.44,53
919,Entry short,2023-08-24 10:12,S960,1920.507,16,30728.112,-31.73,-0.10,9.6,1.31,0.00,-36.21,-0.12,-5344.18,-53.44,53
920,Exit long,2023-08-24 13:20,Opposite signal,1920.21,14,26901.77,-27.23,-0.10,8.4,16.03,0.06,-23.03,-0.09,-5371.41,-53.71,134
920,Entry long,2023-08-24 11:06,L961,1921.555,14,26901.77,-27.23,-0.10,8.4,16.03,0.06,-23.03,-0.09,-5371.41,-53.71,134
921,Exit short,2023-08-24 19:28,Opposite signal,1916.7,12,23044.908,37.31,0.16,7.2,99.17,0.43,-23.41,-0.10,-5334.1,-53.34,356
921,Entry short,2023-08-24 13:32,S962,1920.409,12,23044.908,37.31,0.16,7.2,99.17,0.43,-23.41,-0.10,-5334.1,-53.34,356
922,Exit long,2023-08-25 02:00,Time flat,1917.06,14,26853.47,-23.03,-0.09,8.4,69.93,0.26,-28.91,-0.11,-5357.13,-53.57,377
922,Entry long,2023-08-24 19:43,L963,1918.105,14,26853.47,-23.03,-0.09,8.4,69.93,0.26,-28.91,-0.11,-5357.13,-53.57,377
923,Exit long,2023-08-25 08:22,Opposite signal,1914.715,13,24919.973,-36.48,-0.15,7.8,3.37,0.01,-35.24,-0.14,-5393.61,-53.94,57
923,Entry long,2023-08-25 07:25,L964,1916.921,13,24919.973,-36.48,-0.15,7.8,3.37,0.01,-35.24,-0.14,-5393.61,-53.94,57
924,Exit short,2023-08-25 12:00,Opposite signal,1915.03,11,21062.36,-9.57,-0.05,6.6,14.85,0.07,-7.42,-0.04,-5403.18,-54.03,217
924,Entry short,2023-08-25 08:23,S965,1914.76,11,21062.36,-9.57,-0.05,6.6,14.85,0.07,-7.42,-0.04,-5403.18,-54.03,217
925,Exit long,2023-08-25 12:29,Opposite signal,1912.93,15,28719.6,-34.65,-0.12,9,0,0.00,-30.15,-0.10,-5437.83,-54.38,25
925,Entry long,2023-08-25 12:04,L966,1914.64,15,28719.6,-34.65,-0.12,9,0,0.00,-30.15,-0.10,-5437.83,-54.38,25
926,Exit short,2023-08-25 13:05,Opposite signal,1915.295,13,24870.43,-36.2,-0.15,7.8,0,0.00,-32.3,-0.13,-5474.04,-54.74,35
926,Entry short,2023-08-25 12:30,S967,1913.11,13,24870.43,-36.2,-0.15,7.8,0,0.00,-32.3,-0.13,-5474.04,-54.74,35
927,Exit long,2023-08-25 18:47,Opposite signal,1915.23,12,22984.404,-8.84,-0.04,7.2,56.44,0.25,-27.62,-0.12,-5482.88,-54.83,338
927,Entry long,2023-08-25 13:09,L968,1915.367,12,22984.404,-8.84,-0.04,7.2,56.44,0.25,-27.62,-0.12,-5482.88,-54.83,338
928,Exit short,2023-08-25 19:28,Opposite signal,1915.89,8,15326.2,-5.72,-0.04,4.8,16.68,0.11,-4.28,-0.03,-5488.6,-54.89,25
928,Entry short,2023-08-25 19:03,S969,1915.775,8,15326.2,-5.72,-0.04,4.8,16.68,0.11,-4.28,-0.03,-5488.6,-54.89,25
929,Exit long,2023-08-25 19:32,L970 exit,1912.39,13,24900.538,-47.27,-0.19,7.8,18.06,0.07,-43.37,-0.17,-5535.87,-55.36,3
929,Entry long,2023-08-25 19:29,L970,1915.426,13,24900.538,-47.27,-0.19,7.8,18.06,0.07,-43.37,-0.17,-5535.87,-55.36,3
930,Exit long,2023-08-25 23:00,Weekend flat,1912.56,7,13363.021,20.7,0.15,4.2,24.55,0.18,-11.57,-0.09,-5515.17,-55.15,103
930,Entry long,2023-08-25 21:17,L972,1909.003,7,13363.021,20.7,0.15,4.2,24.55,0.18,-11.57,-0.09,-5515.17,-55.15,103
931,Exit short,2023-08-28 11:01,Opposite signal,1917.32,14,26817.84,-33.04,-0.12,8.4,6.86,0.03,-29.26,-0.11,-5548.21,-55.48,223
931,Entry short,2023-08-28 07:18,S973,1915.56,14,26817.84,-33.04,-0.12,8.4,6.86,0.03,-29.26,-0.11,-5548.21,-55.48,223
932,Exit long,2023-08-28 12:51,Opposite signal,1914.49,13,24920.233,-39.66,-0.16,7.8,7.66,0.03,-36.8,-0.15,-5587.87,-55.88,105
932,Entry long,2023-08-28 11:06,L974,1916.941,13,24920.233,-39.66,-0.16,7.8,7.66,0.03,-36.8,-0.15,-5587.87,-55.88,105
933,Exit short,2023-08-28 18:14,Opposite signal,1916.155,10,19150,-17.55,-0.09,6,12.5,0.07,-15,-0.08,-5605.42,-56.05,322
933,Entry short,2023-08-28 12:52,S975,1915,10,19150,-17.55,-0.09,6,12.5,0.07,-15,-0.08,-5605.42,-56.05,322
934,Exit long,2023-08-28 18:41,Opposite signal,1916.14,11,21080.62,-9.68,-0.05,6.6,13.97,0.07,-7.86,-0.04,-5615.1,-56.15,17
934,Entry long,2023-08-28 18:24,L976,1916.42,11,21080.62,-9.68,-0.05,6.6,13.97,0.07,-7.86,-0.04,-5615.1,-56.15,17
935,Exit short,2023-08-28 19:16,Opposite signal,1918.21,15,28744.65,-37.5,-0.13,9,47.63,0.17,-43.72,-0.15,-5652.6,-56.53,34
935,Entry short,2023-08-28 18:42,S977,1916.31,15,28744.65,-37.5,-0.13,9,47.63,0.17,-43.72,-0.15,-5652.6,-56.53,34
936,Exit long,2023-08-28 21:32,Opposite signal,1924.66,8,15339.216,53.26,0.35,4.8,67.18,0.44,-12.34,-0.08,-5599.34,-55.99,134
936,Entry long,2023-08-28 19:18,L978,1917.402,8,15339.216,53.26,0.35,4.8,67.18,0.44,-12.34,-0.08,-5599.34,-55.99,134
937,Exit short,2023-08-29 02:00,Time flat,1919.755,17,32723.878,77.84,0.24,10.2,130.71,0.40,-11.32,-0.03,-5521.5,-55.21,267
937,Entry short,2023-08-28 21:33,S979,1924.934,17,32723.878,77.84,0.24,10.2,130.71,0.40,-11.32,-0.03,-5521.5,-55.21,267
938,Exit long,2023-08-29 17:31,Opposite signal,1916.87,6,11538.72,-41.1,-0.36,3.6,14.64,0.13,-39.87,-0.35,-5562.6,-55.63,546
938,Entry long,2023-08-29 08:25,L980,1923.12,6,11538.72,-41.1,-0.36,3.6,14.64,0.13,-39.87,-0.35,-5562.6,-55.63,546
939,Exit short,2023-08-29 19:30,S981 exit,1926.86,5,9586.645,-50.65,-0.53,3,1.1,0.01,-49.15,-0.51,-5613.25,-56.13,59
939,Entry short,2023-08-29 18:31,S981,1917.329,5,9586.645,-50.65,-0.53,3,1.1,0.01,-49.15,-0.51,-5613.25,-56.13,59
940,Exit short,2023-08-29 22:48,Opposite signal,1937.825,11,21285.253,-37.42,-0.18,6.6,6.19,0.03,-37.86,-0.18,-5650.67,-56.51,53
940,Entry short,2023-08-29 21:55,S983,1935.023,11,21285.253,-37.42,-0.18,6.6,6.19,0.03,-37.86,-0.18,-5650.67,-56.51,53
941,Exit long,2023-08-30 02:00,Time flat,1937.76,9,17439.975,-5.53,-0.03,5.4,1.08,0.01,-26.05,-0.15,-5656.21,-56.56,188
941,Entry long,2023-08-29 22:52,L984,1937.775,9,17439.975,-5.53,-0.03,5.4,1.08,0.01,-26.05,-0.15,-5656.21,-56.56,188
942,Exit short,2023-08-31 02:00,Time flat,1943.225,8,15557.344,6.74,0.04,4.8,12.02,0.08,-10.58,-0.07,-5649.46,-56.49,218
942,Entry short,2023-08-30 22:22,S985,1944.668,8,15557.344,6.74,0.04,4.8,12.02,0.08,-10.58,-0.07,-5649.46,-56.49,218
943,Exit long,2023-08-31 08:01,Opposite signal,1946.775,15,29181.975,10.65,0.04,9,30.6,0.10,-14.17,-0.05,-5638.81,-56.39,107
943,Entry long,2023-08-31 06:14,L986,1945.465,15,29181.975,10.65,0.04,9,30.6,0.10,-14.17,-0.05,-5638.81,-56.39,107
944,Exit short,2023-08-31 09:41,Opposite signal,1945.92,18,35040.852,3.49,0.01,10.8,29.68,0.08,-12.08,-0.03,-5635.32,-56.35,96
944,Entry short,2023-08-31 08:05,S987,1946.714,18,35040.852,3.49,0.01,10.8,29.68,0.08,-12.08,-0.03,-5635.32,-56.35,96
945,Exit long,2023-08-31 11:02,Opposite signal,1944.695,19,36968.585,-30.78,-0.08,11.4,0,0.00,-25.36,-0.07,-5666.1,-56.66,72
945,Entry long,2023-08-31 09:50,L988,1945.715,19,36968.585,-30.78,-0.08,11.4,0,0.00,-25.36,-0.07,-5666.1,-56.66,72
946,Exit short,2023-08-31 11:30,Opposite signal,1945.455,18,35010.504,-18.49,-0.05,10.8,3.29,0.01,-13.81,-0.04,-5684.59,-56.85,27
946,Entry short,2023-08-31 11:03,S989,1945.028,18,35010.504,-18.49,-0.05,10.8,3.29,0.01,-13.81,-0.04,-5684.59,-56.85,27
947,Exit long,2023-08-31 11:55,Opposite signal,1944.44,19,36963.17,-30.21,-0.08,11.4,1.33,0.00,-26.22,-0.07,-5714.8,-57.15,24
947,Entry long,2023-08-31 11:31,L990,1945.43,19,36963.17,-30.21,-0.08,11.4,1.33,0.00,-26.22,-0.07,-5714.8,-57.15,24
948,Exit short,2023-08-31 12:32,Opposite signal,1945.105,18,35004.834,-17.86,-0.05,10.8,20.21,0.06,-14.26,-0.04,-5732.65,-57.33,36
948,Entry short,2023-08-31 11:56,S991,1944.713,18,35004.834,-17.86,-0.05,10.8,20.21,0.06,-14.26,-0.04,-5732.65,-57.33,36
949,Exit long,2023-08-31 13:47,Opposite signal,1944.655,14,27227.83,-11.06,-0.04,8.4,17.08,0.06,-8.4,-0.03,-5743.71,-57.44,74
949,Entry long,2023-08-31 12:33,L992,1944.845,14,27227.83,-11.06,-0.04,8.4,17.08,0.06,-8.4,-0.03,-5743.71,-57.44,74
950,Exit short,2023-08-31 15:14,Opposite signal,1944.925,16,31119.232,-9.17,-0.03,9.6,14.99,0.05,-13.33,-0.04,-5752.88,-57.53,84
950,Entry short,2023-08-31 13:50,S993,1944.952,16,31119.232,-9.17,-0.03,9.6,14.99,0.05,-13.33,-0.04,-5752.88,-57.53,84
951,Exit long,2023-08-31 16:32,Opposite signal,1943.88,17,33062.365,-26.6,-0.08,10.2,4.51,0.01,-21.59,-0.07,-5779.49,-57.79,77
951,Entry long,2023-08-31 15:15,L994,1944.845,17,33062.365,-26.6,-0.08,10.2,4.51,0.01,-21.59,-0.07,-5779.49,-57.79,77
952,Exit short,2023-08-31 17:26,Opposite signal,1945.65,17,33052.216,-34.03,-0.10,10.2,0,0.00,-29.36,-0.09,-5813.52,-58.14,52
952,Entry short,2023-08-31 16:34,S995,1944.248,17,33052.216,-34.03,-0.10,10.2,0,0.00,-29.36,-0.09,-5813.52,-58.14,52
953,Exit long,2023-08-31 18:01,Opposite signal,1944.905,15,29181.15,-16.57,-0.06,9,28.65,0.10,-24.06,-0.08,-5830.1,-58.30,26
953,Entry long,2023-08-31 17:35,L996,1945.41,15,29181.15,-16.57,-0.06,9,28.65,0.10,-24.06,-0.08,-5830.1,-58.30,26
954,Exit short,2023-08-31 19:39,Opposite signal,1944.955,11,21423.16,22.06,0.10,6.6,74.97,0.35,-7.64,-0.04,-5808.04,-58.08,97
954,Entry short,2023-08-31 18:02,S997,1947.56,11,21423.16,22.06,0.10,6.6,74.97,0.35,-7.64,-0.04,-5808.04,-58.08,97
955,Exit long,2023-08-31 21:08,Opposite signal,1940.215,8,15558.08,-41.16,-0.26,4.8,0.84,0.01,-39.64,-0.25,-5849.2,-58.49,88
955,Entry long,2023-08-31 19:40,L998,1944.76,8,15558.08,-41.16,-0.26,4.8,0.84,0.01,-39.64,-0.25,-5849.2,-58.49,88
956,Exit short,2023-09-01 02:00,Time flat,1939.81,8,15524.84,1.56,0.01,4.8,9.56,0.06,-18.12,-0.12,-5847.64,-58.48,278
956,Entry short,2023-08-31 21:22,S999,1940.605,8,15524.84,1.56,0.01,4.8,9.56,0.06,-18.12,-0.12,-5847.64,-58.48,278
957,Exit long,2023-09-01 09:40,Opposite signal,1938.675,9,17483.13,-40.45,-0.23,5.4,11.52,0.07,-38.07,-0.22,-5888.1,-58.88,181
957,Entry long,2023-09-01 06:39,L1000,1942.57,9,17483.13,-40.45,-0.23,5.4,11.52,0.07,-38.07,-0.22,-5888.1,-58.88,181
958,Exit short,2023-09-01 14:58,Opposite signal,1944.325,8,15517.92,-41.48,-0.27,4.8,7.48,0.05,-39.2,-0.25,-5929.58,-59.30,289
958,Entry short,2023-09-01 10:09,S1001,1939.74,8,15517.92,-41.48,-0.27,4.8,7.48,0.05,-39.2,-0.25,-5929.58,-59.30,289
959,Exit long,2023-09-01 17:13,Opposite signal,1944.355,7,13609.05,-2.76,-0.02,4.2,10.29,0.08,-6.4,-0.05,-5932.34,-59.32,133
959,Entry long,2023-09-01 15:00,L1002,1944.15,7,13609.05,-2.76,-0.02,4.2,10.29,0.08,-6.4,-0.05,-5932.34,-59.32,133
960,Exit short,2023-09-01 17:45,Opposite signal,1946.03,16,31112.288,-33.79,-0.11,9.6,0,0.00,-33.63,-0.11,-5966.13,-59.66,30
960,Entry short,2023-09-01 17:15,S1003,1944.518,16,31112.288,-33.79,-0.11,9.6,0,0.00,-33.63,-0.11,-5966.13,-59.66,30
961,Exit long,2023-09-01 19:16,Opposite signal,1943.735,14,27242.88,-38.99,-0.14,8.4,95.69,0.35,-37.31,-0.14,-6005.12,-60.05,88
961,Entry long,2023-09-01 17:48,L1004,1945.92,14,27242.88,-38.99,-0.14,8.4,95.69,0.35,-37.31,-0.14,-6005.12,-60.05,88
962,Exit short,2023-09-01 23:00,Weekend flat,1940.65,4,7773.46,8.46,0.11,2.4,34.38,0.44,-5.48,-0.07,-5996.66,-59.97,213
962,Entry short,2023-09-01 19:27,S1005,1943.365,4,7773.46,8.46,0.11,2.4,34.38,0.44,-5.48,-0.07,-5996.66,-59.97,213
963,Exit long,2023-09-04 12:36,Opposite signal,1943.98,15,29186.79,-36.09,-0.12,9,0,0.00,-31.59,-0.11,-6032.75,-60.33,31
963,Entry long,2023-09-04 12:05,L1006,1945.786,15,29186.79,-36.09,-0.12,9,0,0.00,-31.59,-0.11,-6032.75,-60.33,31
964,Exit short,2023-09-04 17:10,Opposite signal,1940.99,13,25273.82,33.15,0.13,7.8,51.03,0.20,-9.03,-0.04,-5999.6,-60.00,273
964,Entry short,2023-09-04 12:37,S1007,1944.14,13,25273.82,33.15,0.13,7.8,51.03,0.20,-9.03,-0.04,-5999.6,-60.00,273
965,Exit long,2023-09-04 18:31,Opposite signal,1939.49,15,29122.68,-39.33,-0.14,9,0,0.00,-35.35,-0.12,-6038.93,-60.39,63
965,Entry long,2023-09-04 17:28,L1008,1941.512,15,29122.68,-39.33,-0.14,9,0,0.00,-35.35,-0.12,-6038.93,-60.39,63
966,Exit short,2023-09-05 03:34,Time flat,1938.725,13,25218.895,7.67,0.03,7.8,36.53,0.14,-8.06,-0.03,-6031.26,-60.31,326
966,Entry short,2023-09-04 18:32,S1009,1939.915,13,25218.895,7.67,0.03,7.8,36.53,0.14,-8.06,-0.03,-6031.26,-60.31,326
967,Exit long,2023-09-05 16:31,Opposite signal,1931.035,16,30907.76,-20.8,-0.07,9.6,6.56,0.02,-19.52,-0.06,-6052.06,-60.52,37
967,Entry long,2023-09-05 15:54,L1010,1931.735,16,30907.76,-20.8,-0.07,9.6,6.56,0.02,-19.52,-0.06,-6052.06,-60.52,37
968,Exit short,2023-09-05 18:14,Opposite signal,1933.015,16,30898.08,-39.76,-0.13,9.6,45.6,0.15,-36.64,-0.12,-6091.82,-60.92,90
968,Entry short,2023-09-05 16:44,S1011,1931.13,16,30898.08,-39.76,-0.13,9.6,45.6,0.15,-36.64,-0.12,-6091.82,-60.92,90
969,Exit long,2023-09-05 19:25,Opposite signal,1927.55,8,15457.768,-42.17,-0.27,4.8,18.39,0.12,-42.69,-0.28,-6133.99,-61.34,69
969,Entry long,2023-09-05 18:16,L1012,1932.221,8,15457.768,-42.17,-0.27,4.8,18.39,0.12,-42.69,-0.28,-6133.99,-61.34,69
970,Exit short,2023-09-05 20:38,Opposite signal,1928.305,6,11568.06,-5.37,-0.05,3.6,14.04,0.12,-4.23,-0.04,-6139.36,-61.39,72
970,Entry short,2023-09-05 19:26,S1013,1928.01,6,11568.06,-5.37,-0.05,3.6,14.04,0.12,-4.23,-0.04,-6139.36,-61.39,72
971,Exit long,2023-09-06 02:00,Time flat,1925.59,12,23132.112,-32.23,-0.14,7.2,12.83,0.06,-29.47,-0.13,-6171.59,-61.72,321
971,Entry long,2023-09-05 20:39,L1014,1927.676,12,23132.112,-32.23,-0.14,7.2,12.83,0.06,-29.47,-0.13,-6171.59,-61.72,321
972,Exit short,2023-09-06 08:01,Opposite signal,1926.02,9,17328.33,-11.25,-0.06,5.4,7.2,0.04,-9.13,-0.05,-6182.84,-61.83,89
972,Entry short,2023-09-06 06:32,S1015,1925.37,9,17328.33,-11.25,-0.06,5.4,7.2,0.04,-9.13,-0.05,-6182.84,-61.83,89
973,Exit long,2023-09-06 10:22,Opposite signal,1926.76,16,30810.816,7.74,0.03,9.6,17.5,0.06,-7.46,-0.02,-6175.1,-61.75,133
973,Entry long,2023-09-06 08:09,L1016,1925.676,16,30810.816,7.74,0.03,9.6,17.5,0.06,-7.46,-0.02,-6175.1,-61.75,133
974,Exit short,2023-09-06 10:28,Opposite signal,1927.135,25,48169.25,-24.12,-0.05,15,0,0.00,-16.62,-0.03,-6199.22,-61.99,3
974,Entry short,2023-09-06 10:25,S1017,1926.77,25,48169.25,-24.12,-0.05,15,0,0.00,-16.62,-0.03,-6199.22,-61.99,3
975,Exit long,2023-09-06 11:38,Opposite signal,1927.245,20,38549.36,-16.46,-0.04,12,15.04,0.04,-12.46,-0.03,-6215.68,-62.16,64
975,Entry long,2023-09-06 10:34,L1018,1927.468,20,38549.36,-16.46,-0.04,12,15.04,0.04,-12.46,-0.03,-6215.68,-62.16,64
976,Exit short,2023-09-06 14:38,Opposite signal,1925.15,18,34696.44,32.94,0.09,10.8,83.52,0.24,-6.93,-0.02,-6182.74,-61.83,179
976,Entry short,2023-09-06 11:39,S1019,1927.58,18,34696.44,32.94,0.09,10.8,83.52,0.24,-6.93,-0.02,-6182.74,-61.83,179
977,Exit long,2023-09-06 18:31,Opposite signal,1922.495,14,26944.624,-38.09,-0.14,8.4,39.96,0.15,-34.03,-0.13,-6220.84,-62.21,226
977,Entry long,2023-09-06 14:45,L1020,1924.616,14,26944.624,-38.09,-0.14,8.4,39.96,0.15,-34.03,-0.13,-6220.84,-62.21,226
978,Exit short,2023-09-06 19:23,Opposite signal,1927.94,8,15382.76,-45.56,-0.30,4.8,0,0.00,-44.16,-0.29,-6266.4,-62.66,19
978,Entry short,2023-09-06 19:04,S1021,1922.845,8,15382.76,-45.56,-0.30,4.8,0,0.00,-44.16,-0.29,-6266.4,-62.66,19
979,Exit long,2023-09-06 19:32,Opposite signal,1921.105,6,11563.41,-40.38,-0.35,3.6,0,0.00,-43.41,-0.38,-6306.78,-63.07,2
979,Entry long,2023-09-06 19:30,L1022,1927.235,6,11563.41,-40.38,-0.35,3.6,0,0.00,-43.41,-0.38,-6306.78,-63.07,2
980,Exit short,2023-09-07 02:00,Time flat,1916.92,5,9608.895,21.3,0.22,3,30.67,0.32,-10.65,-0.11,-6285.48,-62.85,386
980,Entry short,2023-09-06 19:34,S1023,1921.779,5,9608.895,21.3,0.22,3,30.67,0.32,-10.65,-0.11,-6285.48,-62.85,386
981,Exit long,2023-09-08 09:00,Opposite signal,1924.975,14,26938.66,2.59,0.01,8.4,38.71,0.14,-21.14,-0.08,-6282.89,-62.83,137
981,Entry long,2023-09-08 06:43,L1024,1924.19,14,26938.66,2.59,0.01,8.4,38.71,0.14,-21.14,-0.08,-6282.89,-62.83,137
982,Exit short,2023-09-08 10:49,Opposite signal,1925.475,13,25026.95,-12.02,-0.05,7.8,6.7,0.03,-8.58,-0.03,-6294.92,-62.95,95
982,Entry short,2023-09-08 09:14,S1025,1925.15,13,25026.95,-12.02,-0.05,7.8,6.7,0.03,-8.58,-0.03,-6294.92,-62.95,95
983,Exit long,2023-09-08 13:03,Opposite signal,1924.405,19,36579.465,-27.17,-0.07,11.4,34.96,0.10,-27.36,-0.07,-6322.09,-63.22,133
983,Entry long,2023-09-08 10:50,L1026,1925.235,19,36579.465,-27.17,-0.07,11.4,34.96,0.10,-27.36,-0.07,-6322.09,-63.22,133
984,Exit short,2023-09-08 14:30,Opposite signal,1924.75,11,21170.545,-8.3,-0.04,6.6,9.3,0.04,-11.88,-0.06,-6330.39,-63.30,83
984,Entry short,2023-09-08 13:07,S1027,1924.595,11,21170.545,-8.3,-0.04,6.6,9.3,0.04,-11.88,-0.06,-6330.39,-63.30,83
985,Exit long,2023-09-08 16:38,Opposite signal,1923.4,18,34636.41,-26.01,-0.08,10.8,24.84,0.07,-20.79,-0.06,-6356.4,-63.56,127
985,Entry long,2023-09-08 14:31,L1028,1924.245,18,34636.41,-26.01,-0.08,10.8,24.84,0.07,-20.79,-0.06,-6356.4,-63.56,127
986,Exit short,2023-09-08 17:34,Opposite signal,1923.68,12,23082.6,-8.76,-0.04,7.2,6.78,0.03,-8.64,-0.04,-6365.16,-63.65,55
986,Entry short,2023-09-08 16:39,S1029,1923.55,12,23082.6,-8.76,-0.04,7.2,6.78,0.03,-8.64,-0.04,-6365.16,-63.65,55
987,Exit long,2023-09-08 18:24,Opposite signal,1922.565,19,36547.602,-30.27,-0.08,11.4,42.79,0.12,-24.57,-0.07,-6395.43,-63.95,48
987,Entry long,2023-09-08 17:36,L1030,1923.558,19,36547.602,-30.27,-0.08,11.4,42.79,0.12,-24.57,-0.07,-6395.43,-63.95,48
988,Exit short,2023-09-08 19:28,Opposite signal,1926.445,10,19226.7,-43.75,-0.23,6,2.95,0.02,-42.15,-0.22,-6439.18,-64.39,27
988,Entry short,2023-09-08 19:01,S1031,1922.67,10,19226.7,-43.75,-0.23,6,2.95,0.02,-42.15,-0.22,-6439.18,-64.39,27
989,Exit long,2023-09-08 21:16,Opposite signal,1919.82,6,11564.25,-48.93,-0.42,3.6,4.74,0.04,-47.88,-0.41,-6488.11,-64.88,85
989,Entry long,2023-09-08 19:51,L1032,1927.375,6,11564.25,-48.93,-0.42,3.6,4.74,0.04,-47.88,-0.41,-6488.11,-64.88,85
990,Exit short,2023-09-08 22:29,Opposite signal,1919.9,21,40303.389,-27.11,-0.07,12.6,32,0.08,-22.28,-0.06,-6515.22,-65.15,50
990,Entry short,2023-09-08 21:39,S1033,1919.209,21,40303.389,-27.11,-0.07,12.6,32,0.08,-22.28,-0.06,-6515.22,-65.15,50
991,Exit long,2023-09-08 23:00,Weekend flat,1919.18,12,23037.06,-14.1,-0.06,7.2,0,0.00,-13.98,-0.06,-6529.32,-65.29,30
991,Entry long,2023-09-08 22:30,L1034,1919.755,12,23037.06,-14.1,-0.06,7.2,0,0.00,-13.98,-0.06,-6529.32,-65.29,30
992,Exit long,2023-09-11 06:37,Opposite signal,1919.43,16,30717.84,-16.56,-0.05,9.6,6.08,0.02,-16.16,-0.05,-6545.88,-65.46,27
992,Entry long,2023-09-11 06:10,L1035,1919.865,16,30717.84,-16.56,-0.05,9.6,6.08,0.02,-16.16,-0.05,-6545.88,-65.46,27
993,Exit short,2023-09-11 06:43,Opposite signal,1920.62,18,34551.054,-30.91,-0.09,10.8,0,0.00,-25.78,-0.07,-6576.79,-65.77,5
993,Entry short,2023-09-11 06:38,S1036,1919.503,18,34551.054,-30.91,-0.09,10.8,0,0.00,-25.78,-0.07,-6576.79,-65.77,5
994,Exit long,2023-09-11 12:44,L1037 exit,1930.595,16,30728.72,151.2,0.49,9.6,156,0.51,-18.72,-0.06,-6425.59,-64.26,359
994,Entry long,2023-09-11 06:45,L1037,1920.545,16,30728.72,151.2,0.49,9.6,156,0.51,-18.72,-0.06,-6425.59,-64.26,359
995,Exit short,2023-09-11 16:17,Opposite signal,1926.275,9,17340.975,-0.9,-0.01,5.4,15.3,0.09,-14.62,-0.08,-6426.49,-64.26,145
995,Entry short,2023-09-11 13:52,S1038,1926.775,9,17340.975,-0.9,-0.01,5.4,15.3,0.09,-14.62,-0.08,-6426.49,-64.26,145
996,Exit long,2023-09-11 17:14,Opposite signal,1924.995,16,30819.92,-29.6,-0.10,9.6,0.4,0.00,-24.8,-0.08,-6456.09,-64.56,56
996,Entry long,2023-09-11 16:18,L1039,1926.245,16,30819.92,-29.6,-0.10,9.6,0.4,0.00,-24.8,-0.08,-6456.09,-64.56,56
997,Exit short,2023-09-11 17:48,Opposite signal,1926.58,16,30802.992,-31.89,-0.10,9.6,1.39,0.00,-28.69,-0.09,-6487.98,-64.88,31
997,Entry short,2023-09-11 17:17,S1040,1925.187,16,30802.992,-31.89,-0.10,9.6,1.39,0.00,-28.69,-0.09,-6487.98,-64.88,31
998,Exit long,2023-09-11 20:00,L1041 exit,1923.725,14,26971.98,-48.23,-0.18,8.4,46.27,0.17,-44.03,-0.16,-6536.21,-65.36,131
998,Entry long,2023-09-11 17:49,L1041,1926.57,14,26971.98,-48.23,-0.18,8.4,46.27,0.17,-44.03,-0.16,-6536.21,-65.36,131
999,Exit short,2023-09-11 20:54,Opposite signal,1924.15,6,11542.464,-6.04,-0.05,3.6,12.05,0.10,-4.36,-0.04,-6542.24,-65.42,38
999,Entry short,2023-09-11 20:16,S1042,1923.744,6,11542.464,-6.04,-0.05,3.6,12.05,0.10,-4.36,-0.04,-6542.24,-65.42,38
1000,Exit long,2023-09-11 23:24,Opposite signal,1922.68,12,23086.62,-21.66,-0.09,7.2,11.94,0.05,-18.3,-0.08,-6563.9,-65.64,149
1000,Entry long,2023-09-11 20:55,L1043,1923.885,12,23086.62,-21.66,-0.09,7.2,11.94,0.05,-18.3,-0.08,-6563.9,-65.64,149
1001,Exit long,2023-09-12 07:04,Opposite signal,1921.03,16,30762.72,-35.84,-0.12,9.6,0,0.00,-31.68,-0.10,-6599.74,-66.00,16
1001,Entry long,2023-09-12 06:48,L1044,1922.67,16,30762.72,-35.84,-0.12,9.6,0,0.00,-31.68,-0.10,-6599.74,-66.00,16
1002,Exit short,2023-09-12 08:54,Opposite signal,1923.605,12,23053.944,-36.52,-0.16,7.2,0,0.00,-33.04,-0.14,-6636.26,-66.36,101
1002,Entry short,2023-09-12 07:13,S1045,1921.162,12,23053.944,-36.52,-0.16,7.2,0,0.00,-33.04,-0.14,-6636.26,-66.36,101
1003,Exit long,2023-09-12 09:40,Opposite signal,1923.52,10,19235.2,-6,-0.03,6,7.35,0.04,-3.3,-0.02,-6642.26,-66.42,45
1003,Entry long,2023-09-12 08:55,L1046,1923.52,10,19235.2,-6,-0.03,6,7.35,0.04,-3.3,-0.02,-6642.26,-66.42,45
1004,Exit short,2023-09-12 12:11,Opposite signal,1920.38,15,28844.37,29.67,0.10,9,55.77,0.19,-10.38,-0.04,-6612.59,-66.13,142
1004,Entry short,2023-09-12 09:49,S1047,1922.958,15,28844.37,29.67,0.10,9,55.77,0.19,-10.38,-0.04,-6612.59,-66.13,142
1005,Exit long,2023-09-12 13:32,Opposite signal,1918.77,17,32644.25,-35.36,-0.11,10.2,3.32,0.01,-32.22,-0.10,-6647.95,-66.48,80
1005,Entry long,2023-09-12 12:12,L1048,1920.25,17,32644.25,-35.36,-0.11,10.2,3.32,0.01,-32.22,-0.10,-6647.95,-66.48,80
1006,Exit short,2023-09-12 13:56,Opposite signal,1920.77,15,28787.67,-32.88,-0.11,9,0,0.00,-30.93,-0.11,-6680.83,-66.81,22
1006,Entry short,2023-09-12 13:34,S1049,1919.178,15,28787.67,-32.88,-0.11,9,0,0.00,-30.93,-0.11,-6680.83,-66.81,22
1007,Exit long,2023-09-12 16:05,L1050 exit,1917.655,13,24969.685,-47.97,-0.19,7.8,0,0.00,-44.07,-0.18,-6728.8,-67.29,111
1007,Entry long,2023-09-12 14:14,L1050,1920.745,13,24969.685,-47.97,-0.19,7.8,0,0.00,-44.07,-0.18,-6728.8,-67.29,111
1008,Exit short,2023-09-12 18:12,Opposite signal,1912.605,8,15332.36,26.72,0.17,4.8,62.24,0.41,-14.8,-0.10,-6702.08,-67.02,126
1008,Entry short,2023-09-12 16:06,S1051,1916.545,8,15332.36,26.72,0.17,4.8,62.24,0.41,-14.8,-0.10,-6702.08,-67.02,126
1009,Exit long,2023-09-12 18:32,Opposite signal,1908.11,10,19118.28,-43.18,-0.23,6,1.47,0.01,-45.08,-0.24,-6745.26,-67.45,19
1009,Entry long,2023-09-12 18:13,L1052,1911.828,10,19118.28,-43.18,-0.23,6,1.47,0.01,-45.08,-0.24,-6745.26,-67.45,19
1010,Exit short,2023-09-12 20:03,Opposite signal,1913.39,8,15267.72,-44.2,-0.29,4.8,0,0.00,-42.96,-0.28,-6789.46,-67.89,90
1010,Entry short,2023-09-12 18:33,S1053,1908.465,8,15267.72,-44.2,-0.29,4.8,0,0.00,-42.96,-0.28,-6789.46,-67.89,90
1011,Exit long,2023-09-13 02:00,Time flat,1913.155,7,13391.161,-3.28,-0.02,4.2,12.44,0.09,-11.68,-0.09,-6792.73,-67.93,343
1011,Entry long,2023-09-12 20:17,L1054,1913.023,7,13391.161,-3.28,-0.02,4.2,12.44,0.09,-11.68,-0.09,-6792.73,-67.93,343
1012,Exit short,2023-09-13 09:45,Opposite signal,1910.405,10,19116.55,6.5,0.03,6,30.65,0.16,-5.5,-0.03,-6786.23,-67.86,134
1012,Entry short,2023-09-13 07:31,S1055,1911.655,10,19116.55,6.5,0.03,6,30.65,0.16,-5.5,-0.03,-6786.23,-67.86,134
1013,Exit long,2023-09-13 10:50,Opposite signal,1910.875,11,21020.637,-7.61,-0.04,6.6,8.67,0.04,-4.59,-0.02,-6793.85,-67.94,40
1013,Entry long,2023-09-13 10:10,L1056,1910.967,11,21020.637,-7.61,-0.04,6.6,8.67,0.04,-4.59,-0.02,-6793.85,-67.94,40
1014,Exit short,2023-09-13 11:05,Opposite signal,1912.495,17,32485.3,-37.31,-0.11,10.2,0,0.00,-36.04,-0.11,-6831.16,-68.31,13
1014,Entry short,2023-09-13 10:52,S1057,1910.9,17,32485.3,-37.31,-0.11,10.2,0,0.00,-36.04,-0.11,-6831.16,-68.31,13
1015,Exit long,2023-09-13 11:14,Opposite signal,1910.485,15,28674.375,-26.1,-0.09,9,3.53,0.01,-21.9,-0.08,-6857.26,-68.57,8
1015,Entry long,2023-09-13 11:06,L1058,1911.625,15,28674.375,-26.1,-0.09,9,3.53,0.01,-21.9,-0.08,-6857.26,-68.57,8
1016,Exit long,2023-09-13 14:43,Opposite signal,1910.86,14,26741.54,2.1,0.01,8.4,31.36,0.12,-7.49,-0.03,-6855.16,-68.55,117
1016,Entry long,2023-09-13 12:46,L1060,1910.11,14,26741.54,2.1,0.01,8.4,31.36,0.12,-7.49,-0.03,-6855.16,-68.55,117
1017,Exit short,2023-09-13 16:31,Opposite signal,1913.115,16,30579.76,-39.68,-0.13,9.6,1.12,0.00,-35.04,-0.11,-6894.84,-68.95,107
1017,Entry short,2023-09-13 14:44,S1061,1911.235,16,30579.76,-39.68,-0.13,9.6,1.12,0.00,-35.04,-0.11,-6894.84,-68.95,107
1018,Exit long,2023-09-13 17:43,Opposite signal,1910.8,14,26776.134,-33.33,-0.12,8.4,2.58,0.01,-31.57,-0.12,-6928.17,-69.28,68
1018,Entry long,2023-09-13 16:35,L1062,1912.581,14,26776.134,-33.33,-0.12,8.4,2.58,0.01,-31.57,-0.12,-6928.17,-69.28,68
1019,Exit short,2023-09-13 18:21,S1063 exit,1914.165,12,22930.2,-46.98,-0.20,7.2,58.26,0.25,-43.38,-0.19,-6975.15,-69.75,37
1019,Entry short,2023-09-13 17:44,S1063,1910.85,12,22930.2,-46.98,-0.20,7.2,58.26,0.25,-43.38,-0.19,-6975.15,-69.75,37
1020,Exit long,2023-09-14 02:00,Time flat,1908.955,5,9566.425,-24.65,-0.26,3,6.08,0.06,-26.85,-0.28,-6999.8,-70.00,407
1020,Entry long,2023-09-13 19:13,L1064,1913.285,5,9566.425,-24.65,-0.26,3,6.08,0.06,-26.85,-0.28,-6999.8,-70.00,407
1021,Exit short,2023-09-14 20:41,Opposite signal,1911.145,4,7622.78,-24.2,-0.32,2.4,17.38,0.23,-24.24,-0.32,-7024,-70.24,439
1021,Entry short,2023-09-14 13:22,S1065,1905.695,4,7622.78,-24.2,-0.32,2.4,17.38,0.23,-24.24,-0.32,-7024,-70.24,439
1022,Exit long,2023-09-15 02:00,Time flat,1910.05,5,9544.265,2.99,0.03,3,14.89,0.16,-16.69,-0.17,-7021.02,-70.21,306
1022,Entry long,2023-09-14 20:54,L1066,1908.853,5,9544.265,2.99,0.03,3,14.89,0.16,-16.69,-0.17,-7021.02,-70.21,306
1023,Exit short,2023-09-15 18:38,Opposite signal,1918.865,14,26862.668,-9.84,-0.04,8.4,33,0.12,-5.92,-0.02,-7030.86,-70.31,50
1023,Entry short,2023-09-15 17:48,S1067,1918.762,14,26862.668,-9.84,-0.04,8.4,33,0.12,-5.92,-0.02,-7030.86,-70.31,50
1024,Exit short,2023-09-15 23:00,Weekend flat,1924.575,10,19272.05,20.3,0.11,6,24.7,0.13,-21.3,-0.11,-7010.56,-70.11,140
1024,Entry short,2023-09-15 20:40,S1069,1927.205,10,19272.05,20.3,0.11,6,24.7,0.13,-21.3,-0.11,-7010.56,-70.11,140
1025,Exit short,2023-09-18 14:44,Opposite signal,1926.475,19,36583.645,-30.78,-0.08,11.4,0,0.00,-25.17,-0.07,-7041.34,-70.41,26
1025,Entry short,2023-09-18 14:18,S1070,1925.455,19,36583.645,-30.78,-0.08,11.4,0,0.00,-25.17,-0.07,-7041.34,-70.41,26
1026,Exit long,2023-09-18 17:34,Opposite signal,1926.285,17,32747.525,-10.88,-0.03,10.2,27.88,0.09,-16.07,-0.05,-7052.22,-70.52,169
1026,Entry long,2023-09-18 14:45,L1071,1926.325,17,32747.525,-10.88,-0.03,10.2,27.88,0.09,-16.07,-0.05,-7052.22,-70.52,169
1027,Exit short,2023-09-18 18:50,Opposite signal,1928.205,14,26970.09,-33.18,-0.12,8.4,35.42,0.13,-29.33,-0.11,-7085.4,-70.85,74
1027,Entry short,2023-09-18 17:36,S1072,1926.435,14,26970.09,-33.18,-0.12,8.4,35.42,0.13,-29.33,-0.11,-7085.4,-70.85,74
1028,Exit long,2023-09-18 19:32,Opposite signal,1923.195,8,15425.16,-44.4,-0.29,4.8,0.96,0.01,-42.24,-0.27,-7129.8,-71.30,41
1028,Entry long,2023-09-18 18:51,L1073,1928.145,8,15425.16,-44.4,-0.29,4.8,0.96,0.01,-42.24,-0.27,-7129.8,-71.30,41
1029,Exit short,2023-09-18 21:15,Opposite signal,1928.725,8,15394.32,-40.28,-0.26,4.8,0,0.00,-38.04,-0.25,-7170.08,-71.70,93
1029,Entry short,2023-09-18 19:42,S1074,1924.29,8,15394.32,-40.28,-0.26,4.8,0,0.00,-38.04,-0.25,-7170.08,-71.70,93
1030,Exit long,2023-09-18 23:39,Opposite signal,1931.55,7,13499.955,16.7,0.12,4.2,32.62,0.24,-7.87,-0.06,-7153.39,-71.53,138
1030,Entry long,2023-09-18 21:21,L1075,1928.565,7,13499.955,16.7,0.12,4.2,32.62,0.24,-7.87,-0.06,-7153.39,-71.53,138
1031,Exit long,2023-09-19 06:34,Opposite signal,1932.55,21,40601.19,-30.24,-0.07,12.6,0,0.00,-23.94,-0.06,-7183.63,-71.84,3
1031,Entry long,2023-09-19 06:31,L1076,1933.39,21,40601.19,-30.24,-0.07,12.6,0,0.00,-23.94,-0.06,-7183.63,-71.84,3
1032,Exit short,2023-09-19 07:53,Opposite signal,1933.47,17,32847.621,-31.57,-0.10,10.2,0,0.00,-26.72,-0.08,-7215.2,-72.15,75
1032,Entry short,2023-09-19 06:38,S1077,1932.213,17,32847.621,-31.57,-0.10,10.2,0,0.00,-26.72,-0.08,-7215.2,-72.15,75
1033,Exit long,2023-09-19 10:16,Opposite signal,1931.625,15,29000.1,-34.72,-0.12,9,0,0.00,-33.15,-0.11,-7249.92,-72.50,142
1033,Entry long,2023-09-19 07:54,L1078,1933.34,15,29000.1,-34.72,-0.12,9,0,0.00,-33.15,-0.11,-7249.92,-72.50,142
1034,Exit short,2023-09-19 11:03,Opposite signal,1931.6,23,44415.392,-25.21,-0.06,13.8,3.54,0.01,-19.8,-0.04,-7275.13,-72.75,10
1034,Entry short,2023-09-19 10:53,S1079,1931.104,23,44415.392,-25.21,-0.06,13.8,3.54,0.01,-19.8,-0.04,-7275.13,-72.75,10
1035,Exit long,2023-09-19 11:15,Opposite signal,1930.555,19,36700.02,-30.87,-0.08,11.4,0,0.00,-28.97,-0.08,-7306,-73.06,11
1035,Entry long,2023-09-19 11:04,L1080,1931.58,19,36700.02,-30.87,-0.08,11.4,0,0.00,-28.97,-0.08,-7306,-73.06,11
1036,Exit short,2023-09-19 12:31,Opposite signal,1930.915,18,34753.14,-14.13,-0.04,10.8,10.26,0.03,-17.73,-0.05,-7320.13,-73.20,75
1036,Entry short,2023-09-19 11:16,S1081,1930.73,18,34753.14,-14.13,-0.04,10.8,10.26,0.03,-17.73,-0.05,-7320.13,-73.20,75
1037,Exit short,2023-09-19 14:44,Opposite signal,1934.35,20,38686.1,-12.9,-0.03,12,9.9,0.03,-12.6,-0.03,-7333.03,-73.33,54
1037,Entry short,2023-09-19 13:50,S1083,1934.305,20,38686.1,-12.9,-0.03,12,9.9,0.03,-12.6,-0.03,-7333.03,-73.33,54
1038,Exit long,2023-09-19 18:15,Opposite signal,1934.48,20,38686.8,-9.2,-0.02,12,55.8,0.14,-6.1,-0.02,-7342.23,-73.42,210
1038,Entry long,2023-09-19 14:45,L1084,1934.34,20,38686.8,-9.2,-0.02,12,55.8,0.14,-6.1,-0.02,-7342.23,-73.42,210
1039,Exit short,2023-09-19 22:55,Opposite signal,1931.94,12,23219.964,29.48,0.13,7.2,47.54,0.20,-20.92,-0.09,-7312.75,-73.13,277
1039,Entry short,2023-09-19 18:18,S1085,1934.997,12,23219.964,29.48,0.13,7.2,47.54,0.20,-20.92,-0.09,-7312.75,-73.13,277
1040,Exit long,2023-09-19 23:32,Opposite signal,1930.7,17,32834.82,-23.12,-0.07,10.2,22.78,0.07,-18.7,-0.06,-7335.87,-73.36,36
1040,Entry long,2023-09-19 22:56,L1086,1931.46,17,32834.82,-23.12,-0.07,10.2,22.78,0.07,-18.7,-0.06,-7335.87,-73.36,36
1041,Exit long,2023-09-20 12:21,Opposite signal,1930.59,13,25099.984,-10.11,-0.04,7.8,17.12,0.07,-17.52,-0.07,-7345.98,-73.46,175
1041,Entry long,2023-09-20 09:26,L1087,1930.768,13,25099.984,-10.11,-0.04,7.8,17.12,0.07,-17.52,-0.07,-7345.98,-73.46,175
1042,Exit short,2023-09-20 15:49,Opposite signal,1932.43,17,32829.21,-32.3,-0.10,10.2,0,0.00,-27.37,-0.08,-7378.28,-73.78,25
1042,Entry short,2023-09-20 15:24,S1088,1931.13,17,32829.21,-32.3,-0.10,10.2,0,0.00,-27.37,-0.08,-7378.28,-73.78,25
1043,Exit long,2023-09-20 17:56,Opposite signal,1932.835,9,17384.112,6,0.03,5.4,19.95,0.11,-7.68,-0.04,-7372.28,-73.72,59
1043,Entry long,2023-09-20 16:57,L1089,1931.568,9,17384.112,6,0.03,5.4,19.95,0.11,-7.68,-0.04,-7372.28,-73.72,59
1044,Exit short,2023-09-20 19:02,Opposite signal,1934.3,18,34794,-34.2,-0.10,10.8,19.35,0.06,-31.14,-0.09,-7406.48,-74.06,47
1044,Entry short,2023-09-20 18:15,S1090,1933,18,34794,-34.2,-0.10,10.8,19.35,0.06,-31.14,-0.09,-7406.48,-74.06,47
1045,Exit long,2023-09-20 22:54,Opposite signal,1946.32,4,7761.428,21.45,0.28,2.4,27.23,0.35,-1.33,-0.02,-7385.03,-73.85,205
1045,Entry long,2023-09-20 19:29,L1091,1940.357,4,7761.428,21.45,0.28,2.4,27.23,0.35,-1.33,-0.02,-7385.03,-73.85,205
1046,Exit short,2023-09-21 01:18,S1092 exit,1935.195,15,29188.02,151.1,0.52,9,155.6,0.53,-26.95,-0.09,-7233.93,-72.34,140
1046,Entry short,2023-09-20 22:58,S1092,1945.868,15,29188.02,151.1,0.52,9,155.6,0.53,-26.95,-0.09,-7233.93,-72.34,140
1047,Exit long,2023-09-21 16:34,Opposite signal,1923.77,21,40388.481,-1.91,0.00,12.6,54.89,0.14,-15.67,-0.04,-7235.84,-72.36,93
1047,Entry long,2023-09-21 15:01,L1093,1923.261,21,40388.481,-1.91,0.00,12.6,54.89,0.14,-15.67,-0.04,-7235.84,-72.36,93
1048,Exit short,2023-09-21 19:16,Opposite signal,1918.56,12,23085.3,55.38,0.24,7.2,114.42,0.50,-8.1,-0.04,-7180.46,-71.80,161
1048,Entry short,2023-09-21 16:35,S1094,1923.775,12,23085.3,55.38,0.24,7.2,114.42,0.50,-8.1,-0.04,-7180.46,-71.80,161
1049,Exit long,2023-09-22 02:00,Time flat,1919.97,9,17259.444,14.89,0.09,5.4,52.64,0.30,-24.98,-0.14,-7165.58,-71.66,403
1049,Entry long,2023-09-21 19:17,L1095,1917.716,9,17259.444,14.89,0.09,5.4,52.64,0.30,-24.98,-0.14,-7165.58,-71.66,403
1050,Exit short,2023-09-22 11:58,Opposite signal,1925.905,11,21152.12,-39.43,-0.19,6.6,0,0.00,-36.13,-0.17,-7205.01,-72.05,181
1050,Entry short,2023-09-22 08:57,S1096,1922.92,11,21152.12,-39.43,-0.19,6.6,0,0.00,-36.13,-0.17,-7205.01,-72.05,181
1051,Exit long,2023-09-22 13:59,Opposite signal,1926.425,12,23102.04,7.86,0.03,7.2,39.54,0.17,-10.86,-0.05,-7197.15,-71.97,118
1051,Entry long,2023-09-22 12:01,L1097,1925.17,12,23102.04,7.86,0.03,7.2,39.54,0.17,-10.86,-0.05,-7197.15,-71.97,118
1052,Exit short,2023-09-22 17:09,Opposite signal,1926.5,14,26977.566,-1.83,-0.01,8.4,32.12,0.12,-14.36,-0.05,-7198.99,-71.99,180
1052,Entry short,2023-09-22 14:09,S1098,1926.969,14,26977.566,-1.83,-0.01,8.4,32.12,0.12,-14.36,-0.05,-7198.99,-71.99,180
1053,Exit long,2023-09-22 18:11,Opposite signal,1924.36,13,25044.37,-35.49,-0.14,7.8,0.26,0.00,-33.86,-0.14,-7234.48,-72.34,61
1053,Entry long,2023-09-22 17:10,L1099,1926.49,13,25044.37,-35.49,-0.14,7.8,0.26,0.00,-33.86,-0.14,-7234.48,-72.34,61
1054,Exit short,2023-09-22 18:37,Opposite signal,1926.88,14,26947.802,-36.92,-0.14,8.4,0,0.00,-33.42,-0.12,-7271.4,-72.71,25
1054,Entry short,2023-09-22 18:12,S1100,1924.843,14,26947.802,-36.92,-0.14,8.4,0,0.00,-33.42,-0.12,-7271.4,-72.71,25
1055,Exit long,2023-09-22 18:59,Opposite signal,1926.265,11,21194.965,-12.65,-0.06,6.6,5.78,0.03,-11.71,-0.06,-7284.05,-72.84,21
1055,Entry long,2023-09-22 18:38,L1101,1926.815,11,21194.965,-12.65,-0.06,6.6,5.78,0.03,-11.71,-0.06,-7284.05,-72.84,21
1056,Exit short,2023-09-22 19:16,Opposite signal,1928.045,17,32747.831,-39.13,-0.12,10.2,8.81,0.03,-41.68,-0.13,-7323.18,-73.23,15
1056,Entry short,2023-09-22 19:01,S1102,1926.343,17,32747.831,-39.13,-0.12,10.2,8.81,0.03,-41.68,-0.13,-7323.18,-73.23,15
1057,Exit long,2023-09-22 19:22,Opposite signal,1925.065,13,25059.32,-41.27,-0.16,7.8,0,0.00,-38.87,-0.16,-7364.45,-73.64,5
1057,Entry long,2023-09-22 19:17,L1103,1927.64,13,25059.32,-41.27,-0.16,7.8,0,0.00,-38.87,-0.16,-7364.45,-73.64,5
1058,Exit short,2023-09-22 20:10,Opposite signal,1928.995,11,21184.207,-41.34,-0.20,6.6,1.4,0.01,-39.74,-0.19,-7405.79,-74.06,47
1058,Entry short,2023-09-22 19:23,S1104,1925.837,11,21184.207,-41.34,-0.20,6.6,1.4,0.01,-39.74,-0.19,-7405.79,-74.06,47
1059,Exit long,2023-09-22 22:33,Opposite signal,1924.65,9,17349.255,-32.8,-0.19,5.4,7.52,0.04,-30.1,-0.17,-7438.6,-74.39,142
1059,Entry long,2023-09-22 20:11,L1105,1927.695,9,17349.255,-32.8,-0.19,5.4,7.52,0.04,-30.1,-0.17,-7438.6,-74.39,142
1060,Exit short,2023-09-22 23:00,Weekend flat,1925.795,10,19257.75,-6.2,-0.03,6,0,0.00,-9.5,-0.05,-7444.8,-74.45,18
1060,Entry short,2023-09-22 22:42,S1106,1925.775,10,19257.75,-6.2,-0.03,6,0,0.00,-9.5,-0.05,-7444.8,-74.45,18
1061,Exit long,2023-09-25 07:13,Opposite signal,1923.38,15,28875.975,-34.27,-0.12,9,0,0.00,-30.37,-0.11,-7479.07,-74.79,45
1061,Entry long,2023-09-25 06:28,L1107,1925.065,15,28875.975,-34.27,-0.12,9,0,0.00,-30.37,-0.11,-7479.07,-74.79,45
1062,Exit short,2023-09-25 12:17,Opposite signal,1922.87,14,26930.232,1.65,0.01,8.4,32.73,0.12,-14.66,-0.05,-7477.42,-74.77,300
1062,Entry short,2023-09-25 07:16,S1108,1923.588,14,26930.232,1.65,0.01,8.4,32.73,0.12,-14.66,-0.05,-7477.42,-74.77,300
1063,Exit long,2023-09-25 19:49,L1109 exit,1919.95,14,26917.8,-46.9,-0.17,8.4,54.46,0.20,-42.7,-0.16,-7524.32,-75.24,385
1063,Entry long,2023-09-25 13:24,L1109,1922.7,14,26917.8,-46.9,-0.17,8.4,54.46,0.20,-42.7,-0.16,-7524.32,-75.24,385
1064,Exit short,2023-09-26 02:00,Time flat,1915.725,5,9591.17,9.55,0.10,3,13.4,0.14,-6.3,-0.07,-7514.78,-75.15,341
1064,Entry short,2023-09-25 20:19,S1110,1918.234,5,9591.17,9.55,0.10,3,13.4,0.14,-6.3,-0.07,-7514.78,-75.15,341
1065,Exit long,2023-09-26 07:26,Opposite signal,1914.78,21,40225.605,-27.82,-0.07,12.6,1.37,0.00,-22.36,-0.06,-7542.6,-75.43,50
1065,Entry long,2023-09-26 06:36,L1111,1915.505,21,40225.605,-27.82,-0.07,12.6,1.37,0.00,-22.36,-0.06,-7542.6,-75.43,50
1066,Exit short,2023-09-26 10:30,Opposite signal,1914.72,19,36383.518,-7.56,-0.02,11.4,29.2,0.08,-11.27,-0.03,-7550.16,-75.50,183
1066,Entry short,2023-09-26 07:27,S1112,1914.922,19,36383.518,-7.56,-0.02,11.4,29.2,0.08,-11.27,-0.03,-7550.16,-75.50,183
1067,Exit long,2023-09-26 11:47,Opposite signal,1913.07,15,28720.29,-33.24,-0.12,9,0,0.00,-28.74,-0.10,-7583.4,-75.83,56
1067,Entry long,2023-09-26 10:51,L1113,1914.686,15,28720.29,-33.24,-0.12,9,0,0.00,-28.74,-0.10,-7583.4,-75.83,56
1068,Exit short,2023-09-26 13:12,Opposite signal,1912.77,13,24870.105,-3.7,-0.01,7.8,39.13,0.16,-4.22,-0.02,-7587.11,-75.87,84
1068,Entry short,2023-09-26 11:48,S1114,1913.085,13,24870.105,-3.7,-0.01,7.8,39.13,0.16,-4.22,-0.02,-7587.11,-75.87,84
1069,Exit long,2023-09-26 14:11,Opposite signal,1913.94,11,21036.433,10.31,0.05,6.6,33.24,0.16,-4.76,-0.02,-7576.8,-75.77,53
1069,Entry long,2023-09-26 13:18,L1115,1912.403,11,21036.433,10.31,0.05,6.6,33.24,0.16,-4.76,-0.02,-7576.8,-75.77,53
1070,Exit short,2023-09-26 16:49,Opposite signal,1912.415,14,26793.228,11.02,0.04,8.4,40.91,0.15,-9.7,-0.04,-7565.78,-75.66,148
1070,Entry short,2023-09-26 14:21,S1116,1913.802,14,26793.228,11.02,0.04,8.4,40.91,0.15,-9.7,-0.04,-7565.78,-75.66,148
1071,Exit long,2023-09-26 17:56,Opposite signal,1910.54,17,32501.195,-32.22,-0.10,10.2,12.84,0.04,-32.64,-0.10,-7598,-75.98,34
1071,Entry long,2023-09-26 17:22,L1117,1911.835,17,32501.195,-32.22,-0.10,10.2,12.84,0.04,-32.64,-0.10,-7598,-75.98,34
1072,Exit short,2023-09-27 00:51,Opposite signal,1901.065,12,22933.044,113.06,0.49,7.2,139.58,0.61,-9.22,-0.04,-7484.93,-74.85,414
1072,Entry short,2023-09-26 17:57,S1118,1911.087,12,22933.044,113.06,0.49,7.2,139.58,0.61,-9.22,-0.04,-7484.93,-74.85,414
1073,Exit short,2023-09-27 07:01,Opposite signal,1902.025,18,34226.28,-20.97,-0.06,10.8,24.03,0.07,-16.56,-0.05,-7505.9,-75.06,51
1073,Entry short,2023-09-27 06:10,S1119,1901.46,18,34226.28,-20.97,-0.06,10.8,24.03,0.07,-16.56,-0.05,-7505.9,-75.06,51
1074,Exit long,2023-09-27 09:21,Opposite signal,1899.65,10,19029.33,-38.83,-0.20,6,0,0.00,-36.28,-0.19,-7544.73,-75.45,136
1074,Entry long,2023-09-27 07:05,L1120,1902.933,10,19029.33,-38.83,-0.20,6,0,0.00,-36.28,-0.19,-7544.73,-75.45,136
1075,Exit short,2023-09-27 11:39,Opposite signal,1898.705,9,17098.425,4.68,0.03,5.4,34.97,0.20,-4.14,-0.02,-7540.05,-75.40,135
1075,Entry short,2023-09-27 09:24,S1121,1899.825,9,17098.425,4.68,0.03,5.4,34.97,0.20,-4.14,-0.02,-7540.05,-75.40,135
1076,Exit long,2023-09-27 13:48,Opposite signal,1896.26,12,22776.072,-28.15,-0.12,7.2,9.65,0.04,-24.91,-0.11,-7568.21,-75.68,128
1076,Entry long,2023-09-27 11:40,L1122,1898.006,12,22776.072,-28.15,-0.12,7.2,9.65,0.04,-24.91,-0.11,-7568.21,-75.68,128
1077,Exit short,2023-09-27 20:47,S1123 exit,1882.27,11,20861.555,149.99,0.72,6.6,153.29,0.73,-10.39,-0.05,-7418.22,-74.18,418
1077,Entry short,2023-09-27 13:49,S1123,1896.505,11,20861.555,149.99,0.72,6.6,153.29,0.73,-10.39,-0.05,-7418.22,-74.18,418
1078,Exit short,2023-09-28 12:48,Opposite signal,1877.945,15,28145.4,-32.77,-0.12,9,36.3,0.13,-28.95,-0.10,-7451,-74.51,393
1078,Entry short,2023-09-28 06:15,S1124,1876.36,15,28145.4,-32.77,-0.12,9,36.3,0.13,-28.95,-0.10,-7451,-74.51,393
1079,Exit long,2023-09-28 18:15,L1125 exit,1872.64,10,18771.53,-51.13,-0.27,6,22.32,0.12,-48.13,-0.26,-7502.13,-75.02,324
1079,Entry long,2023-09-28 12:51,L1125,1877.153,10,18771.53,-51.13,-0.27,6,22.32,0.12,-48.13,-0.26,-7502.13,-75.02,324
1080,Exit short,2023-09-29 02:00,Time flat,1866.375,7,13116.145,47.32,0.36,4.2,110.08,0.84,-26.21,-0.20,-7454.81,-74.55,464
1080,Entry short,2023-09-28 18:16,S1126,1873.735,7,13116.145,47.32,0.36,4.2,110.08,0.84,-26.21,-0.20,-7454.81,-74.55,464
1081,Exit long,2023-09-29 16:39,Opposite signal,1870.675,15,28044.165,6.96,0.02,9,62.31,0.22,-7.51,-0.03,-7447.85,-74.48,264
1081,Entry long,2023-09-29 12:15,L1127,1869.611,15,28044.165,6.96,0.02,9,62.31,0.22,-7.51,-0.03,-7447.85,-74.48,264
1082,Exit long,2023-09-29 18:04,Opposite signal,1868.225,17,31768.886,-19.26,-0.06,10.2,69.73,0.22,-16.03,-0.05,-7467.11,-74.67,50
1082,Entry long,2023-09-29 17:14,L1129,1868.758,17,31768.886,-19.26,-0.06,10.2,69.73,0.22,-16.03,-0.05,-7467.11,-74.67,50
1083,Exit short,2023-09-29 18:14,Opposite signal,1873.475,9,16822.485,-44.19,-0.26,5.4,0,0.00,-42.52,-0.25,-7511.3,-75.11,9
1083,Entry short,2023-09-29 18:05,S1130,1869.165,9,16822.485,-44.19,-0.26,5.4,0,0.00,-42.52,-0.25,-7511.3,-75.11,9
1084,Exit long,2023-09-29 19:36,Opposite signal,1867.185,8,14978.624,-45.94,-0.31,4.8,58.1,0.39,-43.74,-0.29,-7557.24,-75.57,81
1084,Entry long,2023-09-29 18:15,L1131,1872.328,8,14978.624,-45.94,-0.31,4.8,58.1,0.39,-43.74,-0.29,-7557.24,-75.57,81
1085,Exit long,2023-10-02 14:32,Opposite signal,1839.21,7,12911.885,-41.61,-0.32,4.2,8.79,0.07,-39.51,-0.31,-7598.86,-75.99,133
1085,Entry long,2023-10-02 12:19,L1133,1844.555,7,12911.885,-41.61,-0.32,4.2,8.79,0.07,-39.51,-0.31,-7598.86,-75.99,133
1086,Exit short,2023-10-02 17:51,Opposite signal,1839.3,6,11035.74,-3.66,-0.03,3.6,0,0.00,-9.96,-0.09,-7602.52,-76.03,1
1086,Entry short,2023-10-02 17:50,S1134,1839.29,6,11035.74,-3.66,-0.03,3.6,0,0.00,-9.96,-0.09,-7602.52,-76.03,1
1087,Exit long,2023-10-02 19:42,L1135 exit,1830.195,6,11023.89,-46.32,-0.42,3.6,7.53,0.07,-44.52,-0.40,-7648.84,-76.49,110
1087,Entry long,2023-10-02 17:52,L1135,1837.315,6,11023.89,-46.32,-0.42,3.6,7.53,0.07,-44.52,-0.40,-7648.84,-76.49,110
1088,Exit short,2023-10-02 20:51,Opposite signal,1832.755,4,7324.78,-8.64,-0.12,2.4,14.68,0.20,-7.66,-0.10,-7657.48,-76.57,60
1088,Entry short,2023-10-02 19:51,S1136,1831.195,4,7324.78,-8.64,-0.12,2.4,14.68,0.20,-7.66,-0.10,-7657.48,-76.57,60
1089,Exit long,2023-10-03 02:00,Time flat,1828,7,12827.794,-35.99,-0.28,4.2,12.87,0.10,-34.07,-0.27,-7693.47,-76.93,303
1089,Entry long,2023-10-02 20:57,L1137,1832.542,7,12827.794,-35.99,-0.28,4.2,12.87,0.10,-34.07,-0.27,-7693.47,-76.93,303
1090,Exit long,2023-10-03 11:52,Opposite signal,1820.855,12,21813.444,29.62,0.14,7.2,66.88,0.31,-13.34,-0.06,-7663.85,-76.64,207
1090,Entry long,2023-10-03 08:25,L1138,1817.787,12,21813.444,29.62,0.14,7.2,66.88,0.31,-13.34,-0.06,-7663.85,-76.64,207
1091,Exit short,2023-10-03 12:12,Opposite signal,1823.785,12,21856.26,-36.36,-0.17,7.2,0,0.00,-34.02,-0.16,-7700.21,-77.00,18
1091,Entry short,2023-10-03 11:54,S1139,1821.355,12,21856.26,-36.36,-0.17,7.2,0,0.00,-34.02,-0.16,-7700.21,-77.00,18
1092,Exit long,2023-10-03 19:31,Opposite signal,1822.73,10,18236.07,-14.77,-0.08,6,74.78,0.41,-31.22,-0.17,-7714.98,-77.15,419
1092,Entry long,2023-10-03 12:32,L1140,1823.607,10,18236.07,-14.77,-0.08,6,74.78,0.41,-31.22,-0.17,-7714.98,-77.15,419
1093,Exit short,2023-10-03 20:05,S1141 exit,1832.385,5,9117.95,-46.97,-0.52,3,19.77,0.22,-45.47,-0.50,-7761.96,-77.62,33
1093,Entry short,2023-10-03 19:32,S1141,1823.59,5,9117.95,-46.97,-0.52,3,19.77,0.22,-45.47,-0.50,-7761.96,-77.62,33
1094,Exit long,2023-10-04 02:00,Time flat,1824.04,4,7319.608,-25.85,-0.35,2.4,7.73,0.11,-32.91,-0.45,-7787.81,-77.88,352
1094,Entry long,2023-10-03 20:08,L1142,1829.902,4,7319.608,-25.85,-0.35,2.4,7.73,0.11,-32.91,-0.45,-7787.81,-77.88,352
1095,Exit short,2023-10-05 02:00,Time flat,1821.19,3,5458.005,-7.36,-0.13,1.8,7.19,0.13,-34.92,-0.64,-7795.17,-77.95,805
1095,Entry short,2023-10-04 12:35,S1143,1819.335,3,5458.005,-7.36,-0.13,1.8,7.19,0.13,-34.92,-0.64,-7795.17,-77.95,805
1096,Exit long,2023-10-06 23:00,Weekend flat,1831.32,4,7288.72,34.16,0.47,2.4,49.76,0.68,-24.12,-0.33,-7761.01,-77.61,235
1096,Entry long,2023-10-06 19:05,L1144,1822.18,4,7288.72,34.16,0.47,2.4,49.76,0.68,-24.12,-0.33,-7761.01,-77.61,235
1097,Exit short,2023-10-10 14:04,Opposite signal,1858.63,8,14890.176,16.34,0.11,4.8,45.94,0.31,-9.9,-0.07,-7744.68,-77.45,194
1097,Entry short,2023-10-10 10:50,S1145,1861.272,8,14890.176,16.34,0.11,4.8,45.94,0.31,-9.9,-0.07,-7744.68,-77.45,194
1098,Exit long,2023-10-10 15:18,Opposite signal,1857.725,11,20440.53,-12.15,-0.06,6.6,14.85,0.07,-10.01,-0.05,-7756.83,-77.57,66
1098,Entry long,2023-10-10 14:12,L1146,1858.23,11,20440.53,-12.15,-0.06,6.6,14.85,0.07,-10.01,-0.05,-7756.83,-77.57,66
1099,Exit short,2023-10-10 16:13,Opposite signal,1857.525,13,24155.56,-0.06,0.00,7.8,15.73,0.07,-17.35,-0.07,-7756.9,-77.57,54
1099,Entry short,2023-10-10 15:19,S1147,1858.12,13,24155.56,-0.06,0.00,7.8,15.73,0.07,-17.35,-0.07,-7756.9,-77.57,54
1100,Exit long,2023-10-10 16:29,Opposite signal,1856.595,18,33438.51,-30.6,-0.09,10.8,2.52,0.01,-28.8,-0.09,-7787.5,-77.87,11
1100,Entry long,2023-10-10 16:18,L1148,1857.695,18,33438.51,-30.6,-0.09,10.8,2.52,0.01,-28.8,-0.09,-7787.5,-77.87,11
1101,Exit short,2023-10-10 17:28,Opposite signal,1857.21,15,27851.325,-15.82,-0.06,9,23.18,0.08,-11.55,-0.04,-7803.32,-78.03,58
1101,Entry short,2023-10-10 16:30,S1149,1856.755,15,27851.325,-15.82,-0.06,9,23.18,0.08,-11.55,-0.04,-7803.32,-78.03,58
1102,Exit long,2023-10-10 17:52,Opposite signal,1854.755,14,25995.564,-37.39,-0.14,8.4,8.53,0.03,-34.66,-0.13,-7840.71,-78.41,22
1102,Entry long,2023-10-10 17:30,L1150,1856.826,14,25995.564,-37.39,-0.14,8.4,8.53,0.03,-34.66,-0.13,-7840.71,-78.41,22
1103,Exit short,2023-10-10 18:14,Opposite signal,1856.215,11,20406.705,-18.26,-0.09,6.6,19.91,0.10,-15.12,-0.07,-7858.97,-78.59,21
1103,Entry short,2023-10-10 17:53,S1151,1855.155,11,20406.705,-18.26,-0.09,6.6,19.91,0.10,-15.12,-0.07,-7858.97,-78.59,21
1104,Exit long,2023-10-10 19:52,Opposite signal,1856.465,12,22263.66,6.72,0.03,7.2,38.82,0.17,-29.52,-0.13,-7852.25,-78.52,97
1104,Entry long,2023-10-10 18:15,L1152,1855.305,12,22263.66,6.72,0.03,7.2,38.82,0.17,-29.52,-0.13,-7852.25,-78.52,97
1105,Exit short,2023-10-10 20:45,Opposite signal,1858.24,12,22282.68,-23.4,-0.10,7.2,38.52,0.17,-21.24,-0.10,-7875.65,-78.76,52
1105,Entry short,2023-10-10 19:53,S1153,1856.89,12,22282.68,-23.4,-0.10,7.2,38.52,0.17,-21.24,-0.10,-7875.65,-78.76,52
1106,Exit long,2023-10-10 21:53,Opposite signal,1858.67,8,14861.24,3.32,0.02,4.8,35.24,0.24,-15.2,-0.10,-7872.33,-78.72,62
1106,Entry long,2023-10-10 20:51,L1154,1857.655,8,14861.24,3.32,0.02,4.8,35.24,0.24,-15.2,-0.10,-7872.33,-78.72,62
1107,Exit short,2023-10-10 22:41,Opposite signal,1862.475,11,20453.543,-40.28,-0.20,6.6,0,0.00,-40.83,-0.20,-7912.62,-79.13,44
1107,Entry short,2023-10-10 21:57,S1155,1859.413,11,20453.543,-40.28,-0.20,6.6,0,0.00,-40.83,-0.20,-7912.62,-79.13,44
1108,Exit long,2023-10-10 23:31,Opposite signal,1858.265,9,16761.24,-42.25,-0.25,5.4,0,0.00,-40.36,-0.24,-7954.87,-79.55,48
1108,Entry long,2023-10-10 22:43,L1156,1862.36,9,16761.24,-42.25,-0.25,5.4,0,0.00,-40.36,-0.24,-7954.87,-79.55,48
1109,Exit long,2023-10-11 16:53,Opposite signal,1872.42,8,14902.6,71.96,0.48,4.8,93.56,0.63,-5.12,-0.03,-7882.91,-78.83,278
1109,Entry long,2023-10-11 12:15,L1157,1862.825,8,14902.6,71.96,0.48,4.8,93.56,0.63,-5.12,-0.03,-7882.91,-78.83,278
1110,Exit short,2023-10-11 18:31,Opposite signal,1873.415,14,26222.28,-13.93,-0.05,8.4,69.86,0.27,-10.57,-0.04,-7896.84,-78.97,97
1110,Entry short,2023-10-11 16:54,S1158,1873.02,14,26222.28,-13.93,-0.05,8.4,69.86,0.27,-10.57,-0.04,-7896.84,-78.97,97
1111,Exit long,2023-10-11 21:56,Opposite signal,1875.48,7,13109.81,14.35,0.11,4.2,28.98,0.22,-34.33,-0.26,-7882.49,-78.82,204
1111,Entry long,2023-10-11 18:32,L1159,1872.83,7,13109.81,14.35,0.11,4.2,28.98,0.22,-34.33,-0.26,-7882.49,-78.82,204
1112,Exit short,2023-10-12 00:37,Opposite signal,1874.045,14,26256.58,11.55,0.04,8.4,60.13,0.23,-11.83,-0.05,-7870.94,-78.71,158
1112,Entry short,2023-10-11 21:59,S1160,1875.47,14,26256.58,11.55,0.04,8.4,60.13,0.23,-11.83,-0.05,-7870.94,-78.71,158
1113,Exit short,2023-10-12 06:53,Opposite signal,1876.805,15,28126.095,-34.98,-0.12,9,0,0.00,-31.75,-0.11,-7905.92,-79.06,11
1113,Entry short,2023-10-12 06:42,S1161,1875.073,15,28126.095,-34.98,-0.12,9,0,0.00,-31.75,-0.11,-7905.92,-79.06,11
1114,Exit long,2023-10-12 11:43,Opposite signal,1878.7,13,24396.905,18.4,0.08,7.8,41.86,0.17,-17.16,-0.07,-7887.53,-78.88,283
1114,Entry long,2023-10-12 07:00,L1162,1876.685,13,24396.905,18.4,0.08,7.8,41.86,0.17,-17.16,-0.07,-7887.53,-78.88,283
1115,Exit short,2023-10-12 12:07,Opposite signal,1880.26,17,31944.445,-30.17,-0.09,10.2,0,0.00,-26.18,-0.08,-7917.7,-79.18,23
1115,Entry short,2023-10-12 11:44,S1163,1879.085,17,31944.445,-30.17,-0.09,10.2,0,0.00,-26.18,-0.08,-7917.7,-79.18,23
1116,Exit long,2023-10-12 18:02,Opposite signal,1880.79,15,28203.075,-0.22,0.00,9,69.83,0.25,-27.07,-0.10,-7917.93,-79.18,316
1116,Entry long,2023-10-12 12:46,L1164,1880.205,15,28203.075,-0.22,0.00,9,69.83,0.25,-27.07,-0.10,-7917.93,-79.18,316
1117,Exit short,2023-10-12 19:36,Opposite signal,1876.02,8,15046.6,33.64,0.22,4.8,60.72,0.40,-4.72,-0.03,-7884.29,-78.84,92
1117,Entry short,2023-10-12 18:04,S1165,1880.825,8,15046.6,33.64,0.22,4.8,60.72,0.40,-4.72,-0.03,-7884.29,-78.84,92
1118,Exit long,2023-10-12 20:04,Opposite signal,1872.075,11,20633.261,-47.04,-0.23,6.6,2.96,0.01,-44.62,-0.22,-7931.32,-79.31,22
1118,Entry long,2023-10-12 19:42,L1166,1875.751,11,20633.261,-47.04,-0.23,6.6,2.96,0.01,-44.62,-0.22,-7931.32,-79.31,22
1119,Exit short,2023-10-13 02:00,Time flat,1868.79,9,16856.415,31.91,0.19,5.4,42.03,0.25,-19.48,-0.12,-7899.42,-78.99,354
1119,Entry short,2023-10-12 20:06,S1167,1872.935,9,16856.415,31.91,0.19,5.4,42.03,0.25,-19.48,-0.12,-7899.42,-78.99,354
1120,Exit short,2023-10-13 06:22,Opposite signal,1872.29,15,28059.3,-34.05,-0.12,9,0,0.00,-29.55,-0.11,-7933.47,-79.33,13
1120,Entry short,2023-10-13 06:09,S1168,1870.62,15,28059.3,-34.05,-0.12,9,0,0.00,-29.55,-0.11,-7933.47,-79.33,13
1121,Exit long,2023-10-13 06:43,Opposite signal,1872.03,15,28077.24,-5.79,-0.02,9,14.16,0.05,-5.49,-0.02,-7939.26,-79.39,20
1121,Entry long,2023-10-13 06:23,L1169,1871.816,15,28077.24,-5.79,-0.02,9,14.16,0.05,-5.49,-0.02,-7939.26,-79.39,20
1122,Exit short,2023-10-13 07:36,Opposite signal,1872.495,19,35570.47,-18.33,-0.05,11.4,8.65,0.02,-23.75,-0.07,-7957.59,-79.58,52
1122,Entry short,2023-10-13 06:44,S1170,1872.13,19,35570.47,-18.33,-0.05,11.4,8.65,0.02,-23.75,-0.07,-7957.59,-79.58,52
1123,Exit long,2023-10-13 11:33,Opposite signal,1876.64,18,33703.38,65.34,0.19,10.8,97.02,0.29,-5.94,-0.02,-7892.25,-78.92,236
1123,Entry long,2023-10-13 07:37,L1171,1872.41,18,33703.38,65.34,0.19,10.8,97.02,0.29,-5.94,-0.02,-7892.25,-78.92,236
1124,Exit short,2023-10-13 12:44,Opposite signal,1878.46,16,30028.4,-36.56,-0.12,9.6,11.04,0.04,-32.48,-0.11,-7928.81,-79.29,69
1124,Entry short,2023-10-13 11:35,S1172,1876.775,16,30028.4,-36.56,-0.12,9.6,11.04,0.04,-32.48,-0.11,-7928.81,-79.29,69
1125,Exit long,2023-10-13 17:08,L1173 exit,1894.235,15,28248.705,155.82,0.55,9,160.32,0.57,-16,-0.06,-7772.99,-77.73,207
1125,Entry long,2023-10-13 13:41,L1173,1883.247,15,28248.705,155.82,0.55,9,160.32,0.57,-16,-0.06,-7772.99,-77.73,207
1126,Exit long,2023-10-16 17:06,Opposite signal,1915.295,5,9578.525,-5.05,-0.05,3,12.1,0.13,-7.25,-0.08,-7778.04,-77.78,118
1126,Entry long,2023-10-16 15:08,L1174,1915.705,5,9578.525,-5.05,-0.05,3,12.1,0.13,-7.25,-0.08,-7778.04,-77.78,118
1127,Exit short,2023-10-16 17:50,S1175 exit,1919.425,12,22989.6,-50.7,-0.22,7.2,9.96,0.04,-47.1,-0.20,-7828.74,-78.29,42
1127,Entry short,2023-10-16 17:08,S1175,1915.8,12,22989.6,-50.7,-0.22,7.2,9.96,0.04,-47.1,-0.20,-7828.74,-78.29,42
1128,Exit long,2023-10-17 02:00,Time flat,1919.595,9,17265.825,5.13,0.03,5.4,37.03,0.21,-37.93,-0.22,-7823.61,-78.24,466
1128,Entry long,2023-10-16 18:14,L1176,1918.425,9,17265.825,5.13,0.03,5.4,37.03,0.21,-37.93,-0.22,-7823.61,-78.24,466
1129,Exit short,2023-10-17 15:43,S1177 exit,1925.61,5,9577.49,-53.56,-0.56,3,4.47,0.05,-52.06,-0.54,-7877.17,-78.77,423
1129,Entry short,2023-10-17 08:40,S1177,1915.498,5,9577.49,-53.56,-0.56,3,4.47,0.05,-52.06,-0.54,-7877.17,-78.77,423
1130,Exit long,2023-10-17 18:01,Opposite signal,1921.255,4,7698.44,-15.82,-0.21,2.4,16.74,0.22,-23.42,-0.30,-7892.99,-78.93,133
1130,Entry long,2023-10-17 15:48,L1178,1924.61,4,7698.44,-15.82,-0.21,2.4,16.74,0.22,-23.42,-0.30,-7892.99,-78.93,133
1131,Exit short,2023-10-17 19:17,S1179 exit,1930.095,5,9610.5,-42.97,-0.45,3,9.28,0.10,-41.47,-0.43,-7935.97,-79.36,75
1131,Entry short,2023-10-17 18:02,S1179,1922.1,5,9610.5,-42.97,-0.45,3,9.28,0.10,-41.47,-0.43,-7935.97,-79.36,75
1132,Exit long,2023-10-18 02:00,Time flat,1922.31,4,7716.38,-29.54,-0.38,2.4,6.32,0.08,-40.8,-0.53,-7965.51,-79.66,402
1132,Entry long,2023-10-17 19:18,L1180,1929.095,4,7716.38,-29.54,-0.38,2.4,6.32,0.08,-40.8,-0.53,-7965.51,-79.66,402
1133,Exit short,2023-10-18 09:12,Opposite signal,1937.72,7,13563.256,-4.98,-0.04,4.2,14.09,0.10,-5.72,-0.04,-7970.49,-79.70,41
1133,Entry short,2023-10-18 08:31,S1181,1937.608,7,13563.256,-4.98,-0.04,4.2,14.09,0.10,-5.72,-0.04,-7970.49,-79.70,41
1134,Exit long,2023-10-18 11:24,Opposite signal,1937.275,12,23252.52,-12.42,-0.05,7.2,20.76,0.09,-18.72,-0.08,-7982.91,-79.83,129
1134,Entry long,2023-10-18 09:15,L1182,1937.71,12,23252.52,-12.42,-0.05,7.2,20.76,0.09,-18.72,-0.08,-7982.91,-79.83,129
1135,Exit short,2023-10-18 13:26,Opposite signal,1938.985,12,23248.5,-26.52,-0.11,7.2,23.46,0.10,-23.28,-0.10,-8009.43,-80.09,117
1135,Entry short,2023-10-18 11:29,S1183,1937.375,12,23248.5,-26.52,-0.11,7.2,23.46,0.10,-23.28,-0.10,-8009.43,-80.09,117
1136,Exit long,2023-10-18 17:17,Opposite signal,1944.59,9,17449.11,46.8,0.27,5.4,75.92,0.43,-16.07,-0.09,-7962.63,-79.63,224
1136,Entry long,2023-10-18 13:33,L1184,1938.79,9,17449.11,46.8,0.27,5.4,75.92,0.43,-16.07,-0.09,-7962.63,-79.63,224
1137,Exit short,2023-10-18 17:34,Opposite signal,1948.24,12,23340.96,-45.12,-0.19,7.2,0,0.00,-41.58,-0.18,-8007.75,-80.08,14
1137,Entry short,2023-10-18 17:20,S1185,1945.08,12,23340.96,-45.12,-0.19,7.2,0,0.00,-41.58,-0.18,-8007.75,-80.08,14
1138,Exit long,2023-10-18 18:11,Opposite signal,1945.86,10,19475.25,-22.65,-0.12,6,23.7,0.12,-22.7,-0.12,-8030.4,-80.30,35
1138,Entry long,2023-10-18 17:36,L1186,1947.525,10,19475.25,-22.65,-0.12,6,23.7,0.12,-22.7,-0.12,-8030.4,-80.30,35
1139,Exit short,2023-10-18 18:52,Opposite signal,1950.22,9,17515.512,-41.87,-0.24,5.4,1.78,0.01,-40.56,-0.23,-8072.27,-80.72,39
1139,Entry short,2023-10-18 18:13,S1187,1946.168,9,17515.512,-41.87,-0.24,5.4,1.78,0.01,-40.56,-0.23,-8072.27,-80.72,39
1140,Exit long,2023-10-18 20:17,L1188 exit,1943.825,7,13651.365,-48.79,-0.36,4.2,85.26,0.62,-46.69,-0.34,-8121.06,-81.21,84
1140,Entry long,2023-10-18 18:53,L1188,1950.195,7,13651.365,-48.79,-0.36,4.2,85.26,0.62,-46.69,-0.34,-8121.06,-81.21,84
1141,Exit short,2023-10-19 02:00,Time flat,1949.365,3,5833.239,-16.66,-0.29,1.8,6.77,0.12,-37.7,-0.65,-8137.72,-81.38,313
1141,Entry short,2023-10-18 20:47,S1189,1944.413,3,5833.239,-16.66,-0.29,1.8,6.77,0.12,-37.7,-0.65,-8137.72,-81.38,313
1142,Exit long,2023-10-20 02:00,Time flat,1973.29,2,3925.35,20.03,0.51,1.2,29.53,0.75,-2.46,-0.06,-8117.69,-81.18,203
1142,Entry long,2023-10-19 22:37,L1190,1962.675,2,3925.35,20.03,0.51,1.2,29.53,0.75,-2.46,-0.06,-8117.69,-81.18,203
1143,Exit short,2023-10-20 13:48,Opposite signal,1983.145,5,9873.41,-45.31,-0.46,3,5.96,0.06,-43.89,-0.44,-8163,-81.63,416
1143,Entry short,2023-10-20 06:52,S1191,1974.682,5,9873.41,-45.31,-0.46,3,5.96,0.06,-43.89,-0.44,-8163,-81.63,416
1144,Exit long,2023-10-20 15:19,Opposite signal,1980.56,4,7930.18,-10.34,-0.13,2.4,10.06,0.13,-9.14,-0.12,-8173.34,-81.73,79
1144,Entry long,2023-10-20 14:00,L1192,1982.545,4,7930.18,-10.34,-0.13,2.4,10.06,0.13,-9.14,-0.12,-8173.34,-81.73,79
1145,Exit short,2023-10-20 16:38,Opposite signal,1985.765,9,17834.292,-42.99,-0.24,5.4,4.39,0.02,-41.91,-0.23,-8216.33,-82.16,77
1145,Entry short,2023-10-20 15:21,S1193,1981.588,9,17834.292,-42.99,-0.24,5.4,4.39,0.02,-41.91,-0.23,-8216.33,-82.16,77
1146,Exit long,2023-10-20 17:18,Opposite signal,1980.07,7,13897.52,-41.23,-0.30,4.2,0,0.00,-40.04,-0.29,-8257.56,-82.58,39
1146,Entry long,2023-10-20 16:39,L1194,1985.36,7,13897.52,-41.23,-0.30,4.2,0,0.00,-40.04,-0.29,-8257.56,-82.58,39
1147,Exit short,2023-10-20 19:16,Opposite signal,1982.005,6,11873.082,-22.55,-0.19,3.6,31.24,0.26,-21.74,-0.18,-8280.11,-82.80,114
1147,Entry short,2023-10-20 17:22,S1195,1978.847,6,11873.082,-22.55,-0.19,3.6,31.24,0.26,-21.74,-0.18,-8280.11,-82.80,114
1148,Exit short,2023-10-20 23:00,Weekend flat,1982.715,4,7940.92,7.66,0.10,2.4,42.32,0.53,-7.36,-0.09,-8272.45,-82.72,24
1148,Entry short,2023-10-20 22:36,S1197,1985.23,4,7940.92,7.66,0.10,2.4,42.32,0.53,-7.36,-0.09,-8272.45,-82.72,24
1149,Exit short,2023-10-23 08:23,Opposite signal,1973.53,10,19699.9,-41.4,-0.21,6,52.65,0.27,-38.4,-0.19,-8313.85,-83.14,127
1149,Entry short,2023-10-23 06:16,S1198,1969.99,10,19699.9,-41.4,-0.21,6,52.65,0.27,-38.4,-0.19,-8313.85,-83.14,127
1150,Exit long,2023-10-23 14:44,Opposite signal,1980.49,5,9859.475,39.98,0.41,3,53.4,0.54,-2.05,-0.02,-8273.88,-82.74,343
1150,Entry long,2023-10-23 09:01,L1199,1971.895,5,9859.475,39.98,0.41,3,53.4,0.54,-2.05,-0.02,-8273.88,-82.74,343
1151,Exit short,2023-10-23 16:43,Opposite signal,1978.59,13,25751.115,21.65,0.08,7.8,67.73,0.26,-24.57,-0.10,-8252.23,-82.52,117
1151,Entry short,2023-10-23 14:46,S1200,1980.855,13,25751.115,21.65,0.08,7.8,67.73,0.26,-24.57,-0.10,-8252.23,-82.52,117
1152,Exit long,2023-10-23 19:03,Opposite signal,1975.77,11,21762.081,-35.21,-0.16,6.6,37.11,0.17,-34.33,-0.16,-8287.44,-82.87,133
1152,Entry long,2023-10-23 16:50,L1201,1978.371,11,21762.081,-35.21,-0.16,6.6,37.11,0.17,-34.33,-0.16,-8287.44,-82.87,133
1153,Exit short,2023-10-24 02:00,Time flat,1973.21,6,11856.42,13.56,0.11,3.6,33.42,0.28,-21.75,-0.18,-8273.88,-82.74,416
1153,Entry short,2023-10-23 19:04,S1202,1976.07,6,11856.42,13.56,0.11,3.6,33.42,0.28,-21.75,-0.18,-8273.88,-82.74,416
1154,Exit long,2023-10-24 19:16,Opposite signal,1960.745,5,9808.205,-7.48,-0.08,3,24.6,0.25,-14.63,-0.15,-8281.36,-82.81,103
1154,Entry long,2023-10-24 17:33,L1203,1961.641,5,9808.205,-7.48,-0.08,3,24.6,0.25,-14.63,-0.15,-8281.36,-82.81,103
1155,Exit short,2023-10-24 21:17,Opposite signal,1966.945,6,11765.01,-40.26,-0.34,3.6,0,0.00,-38.46,-0.33,-8321.62,-83.22,120
1155,Entry short,2023-10-24 19:17,S1204,1960.835,6,11765.01,-40.26,-0.34,3.6,0,0.00,-38.46,-0.33,-8321.62,-83.22,120
1156,Exit short,2023-10-25 09:23,Opposite signal,1972.655,7,13804.7,-8.09,-0.06,4.2,6.02,0.04,-11.37,-0.08,-8329.71,-83.30,58
1156,Entry short,2023-10-25 08:25,S1206,1972.1,7,13804.7,-8.09,-0.06,4.2,6.02,0.04,-11.37,-0.08,-8329.71,-83.30,58
1157,Exit long,2023-10-25 10:22,Opposite signal,1972.81,16,31556.448,-1.09,0.00,9.6,32.19,0.10,-5.25,-0.02,-8330.8,-83.31,57
1157,Entry long,2023-10-25 09:25,L1207,1972.278,16,31556.448,-1.09,0.00,9.6,32.19,0.10,-5.25,-0.02,-8330.8,-83.31,57
1158,Exit long,2023-10-25 12:25,Opposite signal,1972.05,14,27616.47,-16.17,-0.06,8.4,43.61,0.16,-16.31,-0.06,-8346.97,-83.47,77
1158,Entry long,2023-10-25 11:08,L1209,1972.605,14,27616.47,-16.17,-0.06,8.4,43.61,0.16,-16.31,-0.06,-8346.97,-83.47,77
1159,Exit short,2023-10-25 13:56,Opposite signal,1973.43,9,17749.845,-16.42,-0.09,5.4,32.04,0.18,-15.88,-0.09,-8363.39,-83.63,83
1159,Entry short,2023-10-25 12:33,S1210,1972.205,9,17749.845,-16.42,-0.09,5.4,32.04,0.18,-15.88,-0.09,-8363.39,-83.63,83
1160,Exit long,2023-10-25 14:22,Opposite signal,1972.42,14,27641.04,-35.56,-0.13,8.4,1.82,0.01,-33.11,-0.12,-8398.95,-83.99,14
1160,Entry long,2023-10-25 14:08,L1211,1974.36,14,27641.04,-35.56,-0.13,8.4,1.82,0.01,-33.11,-0.12,-8398.95,-83.99,14
1161,Exit long,2023-10-25 18:03,Opposite signal,1973.67,10,19729.36,1.34,0.01,6,36.84,0.19,-13.61,-0.07,-8397.61,-83.98,117
1161,Entry long,2023-10-25 16:06,L1213,1972.936,10,19729.36,1.34,0.01,6,36.84,0.19,-13.61,-0.07,-8397.61,-83.98,117
1162,Exit short,2023-10-25 18:42,Opposite signal,1977.215,11,21719.665,-36.3,-0.17,6.6,19.25,0.09,-33.11,-0.15,-8433.91,-84.34,38
1162,Entry short,2023-10-25 18:04,S1214,1974.515,11,21719.665,-36.3,-0.17,6.6,19.25,0.09,-33.11,-0.15,-8433.91,-84.34,38
1163,Exit long,2023-10-25 19:42,Opposite signal,1975.175,8,15816.944,-20.34,-0.13,4.8,79.14,0.50,-20.02,-0.13,-8454.25,-84.54,56
1163,Entry long,2023-10-25 18:46,L1215,1977.118,8,15816.944,-20.34,-0.13,4.8,79.14,0.50,-20.02,-0.13,-8454.25,-84.54,56
1164,Exit short,2023-10-25 21:06,Opposite signal,1979.4,5,9890.07,-9.93,-0.10,3,73.4,0.74,-9.05,-0.09,-8464.18,-84.64,77
1164,Entry short,2023-10-25 19:49,S1216,1978.014,5,9890.07,-9.93,-0.10,3,73.4,0.74,-9.05,-0.09,-8464.18,-84.64,77
1165,Exit long,2023-10-25 23:32,Opposite signal,1982.97,3,5936.64,10.47,0.18,1.8,19.64,0.33,-7.71,-0.13,-8453.71,-84.54,145
1165,Entry long,2023-10-25 21:07,L1217,1978.88,3,5936.64,10.47,0.18,1.8,19.64,0.33,-7.71,-0.13,-8453.71,-84.54,145
1166,Exit short,2023-10-26 09:13,Opposite signal,1986.935,12,23812.416,-38,-0.16,7.2,0,0.00,-34.52,-0.14,-8491.72,-84.92,29
1166,Entry short,2023-10-26 08:44,S1218,1984.368,12,23812.416,-38,-0.16,7.2,0,0.00,-34.52,-0.14,-8491.72,-84.92,29
1167,Exit long,2023-10-26 11:01,Opposite signal,1987.4,10,19868.4,-0.4,0.00,6,25.1,0.13,-7.65,-0.04,-8492.12,-84.92,107
1167,Entry long,2023-10-26 09:14,L1219,1986.84,10,19868.4,-0.4,0.00,6,25.1,0.13,-7.65,-0.04,-8492.12,-84.92,107
1168,Exit short,2023-10-26 12:42,Opposite signal,1987.355,11,21853.359,-14.15,-0.06,6.6,25.4,0.12,-21.46,-0.10,-8506.26,-85.06,89
1168,Entry short,2023-10-26 11:13,S1220,1986.669,11,21853.359,-14.15,-0.06,6.6,25.4,0.12,-21.46,-0.10,-8506.26,-85.06,89
1169,Exit long,2023-10-26 14:38,Opposite signal,1991.09,10,19871.8,33.1,0.17,6,60.65,0.31,-12.55,-0.06,-8473.17,-84.73,115
1169,Entry long,2023-10-26 12:43,L1221,1987.18,10,19871.8,33.1,0.17,6,60.65,0.31,-12.55,-0.06,-8473.17,-84.73,115
1170,Exit short,2023-10-26 18:17,S1222 exit,1975.29,10,19904.52,145.62,0.73,6,148.62,0.75,-20.68,-0.10,-8327.54,-83.28,204
1170,Entry short,2023-10-26 14:53,S1222,1990.452,10,19904.52,145.62,0.73,6,148.62,0.75,-20.68,-0.10,-8327.54,-83.28,204
1171,Exit long,2023-10-26 23:06,Opposite signal,1985.645,4,7929.604,10.58,0.13,2.4,26.74,0.34,-1.66,-0.02,-8316.97,-83.17,55
1171,Entry long,2023-10-26 22:11,L1223,1982.401,4,7929.604,10.58,0.13,2.4,26.74,0.34,-1.66,-0.02,-8316.97,-83.17,55
1172,Exit long,2023-10-27 12:32,Opposite signal,1986.09,15,29766.855,15.5,0.05,9,79.02,0.27,-22.23,-0.07,-8301.47,-83.01,370
1172,Entry long,2023-10-27 06:22,L1224,1984.457,15,29766.855,15.5,0.05,9,79.02,0.27,-22.23,-0.07,-8301.47,-83.01,370
1173,Exit short,2023-10-27 17:24,Opposite signal,1982.665,9,17881.695,32.31,0.18,5.4,58.73,0.33,-23.53,-0.13,-8269.16,-82.69,291
1173,Entry short,2023-10-27 12:33,S1225,1986.855,9,17881.695,32.31,0.18,5.4,58.73,0.33,-23.53,-0.13,-8269.16,-82.69,291
1174,Exit long,2023-10-27 18:24,L1226 exit,1979.03,13,25767.196,-47.61,-0.18,7.8,50.15,0.19,-43.71,-0.17,-8316.77,-83.17,57
1174,Entry long,2023-10-27 17:27,L1226,1982.092,13,25767.196,-47.61,-0.18,7.8,50.15,0.19,-43.71,-0.17,-8316.77,-83.17,57
1175,Exit short,2023-10-27 19:05,Opposite signal,1983.83,8,15853.76,-21.68,-0.14,4.8,36,0.23,-19.52,-0.12,-8338.45,-83.38,35
1175,Entry short,2023-10-27 18:30,S1227,1981.72,8,15853.76,-21.68,-0.14,4.8,36,0.23,-19.52,-0.12,-8338.45,-83.38,35
1176,Exit long,2023-10-27 23:00,Weekend flat,1988.22,6,11898.462,27.26,0.23,3.6,31.4,0.26,-28.15,-0.24,-8311.19,-83.11,228
1176,Entry long,2023-10-27 19:12,L1228,1983.077,6,11898.462,27.26,0.23,3.6,31.4,0.26,-28.15,-0.24,-8311.19,-83.11,228
1177,Exit long,2023-10-30 20:10,Opposite signal,1993.435,6,11987.07,-30.06,-0.25,3.6,26.88,0.22,-28.68,-0.24,-8341.25,-83.41,121
1177,Entry long,2023-10-30 18:09,L1229,1997.845,6,11987.07,-30.06,-0.25,3.6,26.88,0.22,-28.68,-0.24,-8341.25,-83.41,121
1178,Exit short,2023-10-31 02:00,Time flat,1995.695,5,9973.3,-8.18,-0.08,3,0,0.00,-31.75,-0.32,-8349.43,-83.49,349
1178,Entry short,2023-10-30 20:11,S1230,1994.66,5,9973.3,-8.18,-0.08,3,0,0.00,-31.75,-0.32,-8349.43,-83.49,349
1179,Exit long,2023-10-31 18:02,Opposite signal,1998.885,12,23916.78,62.64,0.26,7.2,98.46,0.41,-10.92,-0.05,-8286.79,-82.87,395
1179,Entry long,2023-10-31 11:27,L1231,1993.065,12,23916.78,62.64,0.26,7.2,98.46,0.41,-10.92,-0.05,-8286.79,-82.87,395
1180,Exit short,2023-10-31 19:25,Opposite signal,2001.68,11,21986.503,-38.58,-0.18,6.6,42.27,0.19,-40.5,-0.18,-8325.36,-83.25,82
1180,Entry short,2023-10-31 18:03,S1232,1998.773,11,21986.503,-38.58,-0.18,6.6,42.27,0.19,-40.5,-0.18,-8325.36,-83.25,82
1181,Exit long,2023-10-31 20:42,L1233 exit,1993.63,6,12009.42,-51.24,-0.43,3.6,36.72,0.31,-49.44,-0.41,-8376.6,-83.77,72
1181,Entry long,2023-10-31 19:30,L1233,2001.57,6,12009.42,-51.24,-0.43,3.6,36.72,0.31,-49.44,-0.41,-8376.6,-83.77,72
1182,Exit short,2023-11-01 00:34,Opposite signal,1985.355,4,7985.252,41.43,0.52,2.4,68.45,0.86,-5.51,-0.07,-8335.17,-83.35,230
1182,Entry short,2023-10-31 20:44,S1234,1996.313,4,7985.252,41.43,0.52,2.4,68.45,0.86,-5.51,-0.07,-8335.17,-83.35,230
1183,Exit short,2023-11-01 10:08,Opposite signal,1978.05,6,11881.32,9.42,0.08,3.6,28.08,0.24,-6.63,-0.06,-8325.75,-83.26,156
1183,Entry short,2023-11-01 07:32,S1235,1980.22,6,11881.32,9.42,0.08,3.6,28.08,0.24,-6.63,-0.06,-8325.75,-83.26,156
1184,Exit long,2023-11-01 10:22,Opposite signal,1977.44,11,21758.275,-13.03,-0.06,6.6,0.99,0.00,-11.6,-0.05,-8338.79,-83.39,13
1184,Entry long,2023-11-01 10:09,L1236,1978.025,11,21758.275,-13.03,-0.06,6.6,0.99,0.00,-11.6,-0.05,-8338.79,-83.39,13
1185,Exit short,2023-11-01 11:00,Opposite signal,1978.595,19,37573.583,-31.12,-0.08,11.4,16.76,0.04,-25.42,-0.07,-8369.91,-83.70,37
1185,Entry short,2023-11-01 10:23,S1237,1977.557,19,37573.583,-31.12,-0.08,11.4,16.76,0.04,-25.42,-0.07,-8369.91,-83.70,37
1186,Exit long,2023-11-01 12:49,Opposite signal,1977.585,13,25716.665,-15.86,-0.06,7.8,33.99,0.13,-14.62,-0.06,-8385.77,-83.86,108
1186,Entry long,2023-11-01 11:01,L1238,1978.205,13,25716.665,-15.86,-0.06,7.8,33.99,0.13,-14.62,-0.06,-8385.77,-83.86,108
1187,Exit short,2023-11-01 14:21,Opposite signal,1981.22,10,19778.73,-39.47,-0.20,6,10.48,0.05,-44.27,-0.22,-8425.24,-84.25,81
1187,Entry short,2023-11-01 13:00,S1239,1977.873,10,19778.73,-39.47,-0.20,6,10.48,0.05,-44.27,-0.22,-8425.24,-84.25,81
1188,Exit long,2023-11-01 19:02,Opposite signal,1982.375,8,15848.96,5.24,0.03,4.8,57.56,0.36,-6.68,-0.04,-8420,-84.20,241
1188,Entry long,2023-11-01 15:01,L1240,1981.12,8,15848.96,5.24,0.03,4.8,57.56,0.36,-6.68,-0.04,-8420,-84.20,241
1189,Exit short,2023-11-01 19:30,S1241 exit,1989.615,7,13881.035,-50.47,-0.36,4.2,7.14,0.05,-48.37,-0.35,-8470.47,-84.70,25
1189,Entry short,2023-11-01 19:05,S1241,1983.005,7,13881.035,-50.47,-0.36,4.2,7.14,0.05,-48.37,-0.35,-8470.47,-84.70,25
1190,Exit long,2023-11-01 21:09,Opposite signal,1981.12,5,9943.075,-40.47,-0.41,3,15.85,0.16,-39.9,-0.40,-8510.94,-85.11,98
1190,Entry long,2023-11-01 19:31,L1242,1988.615,5,9943.075,-40.47,-0.41,3,15.85,0.16,-39.9,-0.40,-8510.94,-85.11,98
1191,Exit short,2023-11-01 22:31,Opposite signal,1978.645,13,25694.11,-36.08,-0.14,7.8,20.8,0.08,-32.5,-0.13,-8547.02,-85.47,23
1191,Entry short,2023-11-01 22:08,S1243,1976.47,13,25694.11,-36.08,-0.14,7.8,20.8,0.08,-32.5,-0.13,-8547.02,-85.47,23
1192,Exit long,2023-11-01 23:05,Opposite signal,1977.675,9,17803.755,-10.08,-0.06,5.4,13.41,0.08,-8.1,-0.05,-8557.1,-85.57,26
1192,Entry long,2023-11-01 22:39,L1244,1978.195,9,17803.755,-10.08,-0.06,5.4,13.41,0.08,-8.1,-0.05,-8557.1,-85.57,26
1193,Exit short,2023-11-02 06:38,Opposite signal,1986.37,15,29768.4,-36.15,-0.12,9,3.9,0.01,-31.65,-0.11,-8593.25,-85.93,14
1193,Entry short,2023-11-02 06:24,S1245,1984.56,15,29768.4,-36.15,-0.12,9,3.9,0.01,-31.65,-0.11,-8593.25,-85.93,14
1194,Exit long,2023-11-02 07:36,Opposite signal,1985.455,14,27801.298,-13.33,-0.05,8.4,29.65,0.11,-9.76,-0.04,-8606.58,-86.07,55
1194,Entry long,2023-11-02 06:41,L1246,1985.807,14,27801.298,-13.33,-0.05,8.4,29.65,0.11,-9.76,-0.04,-8606.58,-86.07,55
1195,Exit short,2023-11-02 11:14,Opposite signal,1986.64,12,23828.52,-18.36,-0.08,7.2,23.46,0.10,-15.84,-0.07,-8624.94,-86.25,217
1195,Entry short,2023-11-02 07:37,S1247,1985.71,12,23828.52,-18.36,-0.08,7.2,23.46,0.10,-15.84,-0.07,-8624.94,-86.25,217
1196,Exit long,2023-11-02 15:40,Opposite signal,1986.58,12,23830.8,0.96,0.00,7.2,41.4,0.17,-29.76,-0.12,-8623.98,-86.24,264
1196,Entry long,2023-11-02 11:16,L1248,1985.9,12,23830.8,0.96,0.00,7.2,41.4,0.17,-29.76,-0.12,-8623.98,-86.24,264
1197,Exit short,2023-11-02 16:43,Opposite signal,1989.82,11,21855.735,-38.88,-0.18,6.6,8.47,0.04,-35.75,-0.16,-8662.86,-86.63,62
1197,Entry short,2023-11-02 15:41,S1249,1986.885,11,21855.735,-38.88,-0.18,6.6,8.47,0.04,-35.75,-0.16,-8662.86,-86.63,62
1198,Exit long,2023-11-02 18:56,Opposite signal,1986.14,10,19893.17,-37.77,-0.19,6,14.43,0.07,-37.17,-0.19,-8700.63,-87.01,126
1198,Entry long,2023-11-02 16:50,L1250,1989.317,10,19893.17,-37.77,-0.19,6,14.43,0.07,-37.17,-0.19,-8700.63,-87.01,126
1199,Exit short,2023-11-02 22:56,Opposite signal,1985.35,9,17882.37,8.82,0.05,5.4,69.44,0.39,-6.39,-0.04,-8691.81,-86.92,231
1199,Entry short,2023-11-02 19:05,S1251,1986.93,9,17882.37,8.82,0.05,5.4,69.44,0.39,-6.39,-0.04,-8691.81,-86.92,231
1200,Exit short,2023-11-03 14:32,Opposite signal,1989.565,14,27821.92,-40.39,-0.15,8.4,34.86,0.13,-36.96,-0.13,-8732.2,-87.32,79
1200,Entry short,2023-11-03 13:13,S1253,1987.28,14,27821.92,-40.39,-0.15,8.4,34.86,0.13,-36.96,-0.13,-8732.2,-87.32,79
1201,Exit long,2023-11-03 23:00,Weekend flat,1991.74,8,15911.44,17.68,0.11,4.8,118.96,0.75,-29.96,-0.19,-8714.52,-87.15,486
1201,Entry long,2023-11-03 14:54,L1254,1988.93,8,15911.44,17.68,0.11,4.8,118.96,0.75,-29.96,-0.19,-8714.52,-87.15,486
1202,Exit short,2023-11-06 13:42,Opposite signal,1986.085,2,3970.97,-2.4,-0.06,1.2,6.29,0.16,-2.01,-0.05,-8716.92,-87.17,279
1202,Entry short,2023-11-06 09:03,S1255,1985.485,2,3970.97,-2.4,-0.06,1.2,6.29,0.16,-2.01,-0.05,-8716.92,-87.17,279
1203,Exit long,2023-11-06 17:58,Opposite signal,1985.335,8,15892.2,-14.32,-0.09,4.8,12.6,0.08,-13.44,-0.08,-8731.24,-87.31,237
1203,Entry long,2023-11-06 14:01,L1256,1986.525,8,15892.2,-14.32,-0.09,4.8,12.6,0.08,-13.44,-0.08,-8731.24,-87.31,237
1204,Exit short,2023-11-06 18:54,Opposite signal,1986.855,11,21839.345,-22.66,-0.10,6.6,17.93,0.08,-20.3,-0.09,-8753.9,-87.54,55
1204,Entry short,2023-11-06 17:59,S1257,1985.395,11,21839.345,-22.66,-0.10,6.6,17.93,0.08,-20.3,-0.09,-8753.9,-87.54,55
1205,Exit long,2023-11-06 21:06,Opposite signal,1983.065,8,15901.92,-42.2,-0.27,4.8,6.84,0.04,-41.48,-0.26,-8796.1,-87.96,120
1205,Entry long,2023-11-06 19:06,L1258,1987.74,8,15901.92,-42.2,-0.27,4.8,6.84,0.04,-41.48,-0.26,-8796.1,-87.96,120
1206,Exit short,2023-11-06 22:33,Opposite signal,1984.38,7,13884.255,-10.6,-0.08,4.2,22.12,0.16,-9.13,-0.07,-8806.71,-88.07,84
1206,Entry short,2023-11-06 21:09,S1259,1983.465,7,13884.255,-10.6,-0.08,4.2,22.12,0.16,-9.13,-0.07,-8806.71,-88.07,84
1207,Exit long,2023-11-07 00:43,Opposite signal,1980,10,19833.53,-39.53,-0.20,6,8.77,0.04,-38.13,-0.19,-8846.24,-88.46,129
1207,Entry long,2023-11-06 22:34,L1260,1983.353,10,19833.53,-39.53,-0.20,6,8.77,0.04,-38.13,-0.19,-8846.24,-88.46,129
1208,Exit long,2023-11-07 12:32,Opposite signal,1970.975,12,23682.312,-37.81,-0.16,7.2,3.95,0.02,-36.91,-0.16,-8884.05,-88.84,73
1208,Entry long,2023-11-07 11:19,L1261,1973.526,12,23682.312,-37.81,-0.16,7.2,3.95,0.02,-36.91,-0.16,-8884.05,-88.84,73
1209,Exit long,2023-11-08 02:00,Time flat,1968.36,10,19602.06,75.54,0.39,6,93.59,0.48,-9.36,-0.05,-8808.51,-88.09,418
1209,Entry long,2023-11-07 19:02,L1263,1960.206,10,19602.06,75.54,0.39,6,93.59,0.48,-9.36,-0.05,-8808.51,-88.09,418
1210,Exit short,2023-11-08 11:45,Opposite signal,1966.5,10,19675.6,4.6,0.02,6,22.15,0.11,-19.15,-0.10,-8803.91,-88.04,200
1210,Entry short,2023-11-08 08:23,S1264,1967.56,10,19675.6,4.6,0.02,6,22.15,0.11,-19.15,-0.10,-8803.91,-88.04,200
1211,Exit long,2023-11-08 15:32,Opposite signal,1964.835,10,19681.38,-39.03,-0.20,6,6.82,0.03,-37.53,-0.19,-8842.94,-88.43,217
1211,Entry long,2023-11-08 11:55,L1265,1968.138,10,19681.38,-39.03,-0.20,6,6.82,0.03,-37.53,-0.19,-8842.94,-88.43,217
1212,Exit short,2023-11-09 02:00,Time flat,1949.45,9,17685.405,134.96,0.76,5.4,155.39,0.88,-17.68,-0.10,-8707.98,-87.08,524
1212,Entry short,2023-11-08 17:16,S1266,1965.045,9,17685.405,134.96,0.76,5.4,155.39,0.88,-17.68,-0.10,-8707.98,-87.08,524
1213,Exit long,2023-11-09 08:14,Opposite signal,1950.84,17,33177.795,-23.71,-0.07,10.2,8.33,0.03,-20.74,-0.06,-8731.7,-87.32,21
1213,Entry long,2023-11-09 07:53,L1268,1951.635,17,33177.795,-23.71,-0.07,10.2,8.33,0.03,-20.74,-0.06,-8731.7,-87.32,21
1214,Exit short,2023-11-09 13:03,Opposite signal,1950.555,15,29263.5,-3.82,-0.01,9,40.8,0.14,-10.12,-0.03,-8735.52,-87.36,288
1214,Entry short,2023-11-09 08:15,S1269,1950.9,15,29263.5,-3.82,-0.01,9,40.8,0.14,-10.12,-0.03,-8735.52,-87.36,288
1215,Exit long,2023-11-09 13:42,Opposite signal,1947.8,13,25348.765,-35.16,-0.14,7.8,0,0.00,-32.3,-0.13,-8770.69,-87.71,36
1215,Entry long,2023-11-09 13:06,L1270,1949.905,13,25348.765,-35.16,-0.14,7.8,0,0.00,-32.3,-0.13,-8770.69,-87.71,36
1216,Exit short,2023-11-09 19:28,Opposite signal,1951.36,11,21426.68,-44.88,-0.21,6.6,29.87,0.14,-42.29,-0.20,-8815.57,-88.16,321
1216,Entry short,2023-11-09 14:07,S1271,1947.88,11,21426.68,-44.88,-0.21,6.6,29.87,0.14,-42.29,-0.20,-8815.57,-88.16,321
1217,Exit long,2023-11-09 20:38,Opposite signal,1956.35,7,13648.25,42,0.31,4.2,62.41,0.46,-9.87,-0.07,-8773.57,-87.74,66
1217,Entry long,2023-11-09 19:32,L1272,1949.75,7,13648.25,42,0.31,4.2,62.41,0.46,-9.87,-0.07,-8773.57,-87.74,66
1218,Exit short,2023-11-09 20:42,S1273 exit,1959.965,12,23476.308,-50.47,-0.21,7.2,0,0.00,-46.87,-0.20,-8824.04,-88.24,3
1218,Entry short,2023-11-09 20:39,S1273,1956.359,12,23476.308,-50.47,-0.21,7.2,0,0.00,-46.87,-0.20,-8824.04,-88.24,3
1219,Exit long,2023-11-10 01:04,Opposite signal,1958.05,10,19589.65,-15.15,-0.08,6,64.35,0.33,-18.4,-0.09,-8839.19,-88.39,254
1219,Entry long,2023-11-09 20:50,L1274,1958.965,10,19589.65,-15.15,-0.08,6,64.35,0.33,-18.4,-0.09,-8839.19,-88.39,254
1220,Exit short,2023-11-13 20:48,Opposite signal,1936.25,5,9677.2,-7.05,-0.07,3,17.27,0.18,-30.77,-0.32,-8846.24,-88.46,712
1220,Entry short,2023-11-13 08:56,S1275,1935.44,5,9677.2,-7.05,-0.07,3,17.27,0.18,-30.77,-0.32,-8846.24,-88.46,712
1221,Exit long,2023-11-14 02:00,Time flat,1945.37,9,17419.455,83.48,0.48,5.4,120.74,0.69,-11.43,-0.07,-8762.77,-87.63,307
1221,Entry long,2023-11-13 20:53,L1276,1935.495,9,17419.455,83.48,0.48,5.4,120.74,0.69,-11.43,-0.07,-8762.77,-87.63,307
1222,Exit short,2023-11-14 14:48,Opposite signal,1947.78,9,17510.895,-24.52,-0.14,5.4,13.91,0.08,-22,-0.13,-8787.29,-87.87,430
1222,Entry short,2023-11-14 07:38,S1277,1945.655,9,17510.895,-24.52,-0.14,5.4,13.91,0.08,-22,-0.13,-8787.29,-87.87,430
1223,Exit long,2023-11-14 16:58,Opposite signal,1945.925,11,21414.14,-15.56,-0.07,6.6,12.98,0.06,-13.25,-0.06,-8802.86,-88.03,124
1223,Entry long,2023-11-14 14:54,L1278,1946.74,11,21414.14,-15.56,-0.07,6.6,12.98,0.06,-13.25,-0.06,-8802.86,-88.03,124
1224,Exit short,2023-11-14 18:49,Opposite signal,1946.455,13,25299.326,-12.39,-0.05,7.8,18.55,0.07,-11.28,-0.04,-8815.25,-88.15,107
1224,Entry short,2023-11-14 17:02,S1279,1946.102,13,25299.326,-12.39,-0.05,7.8,18.55,0.07,-11.28,-0.04,-8815.25,-88.15,107
1225,Exit long,2023-11-14 19:00,L1280 exit,1943.375,14,27248.9,-50.05,-0.18,8.4,1.96,0.01,-45.85,-0.17,-8865.29,-88.65,10
1225,Entry long,2023-11-14 18:50,L1280,1946.35,14,27248.9,-50.05,-0.18,8.4,1.96,0.01,-45.85,-0.17,-8865.29,-88.65,10
1226,Exit short,2023-11-16 02:00,Time flat,1961.78,5,9832.35,20.45,0.21,3,53.4,0.54,-4.75,-0.05,-8844.84,-88.45,400
1226,Entry short,2023-11-15 19:20,S1281,1966.47,5,9832.35,20.45,0.21,3,53.4,0.54,-4.75,-0.05,-8844.84,-88.45,400
1227,Exit long,2023-11-16 12:41,Opposite signal,1966.005,17,33409.165,2.72,0.01,10.2,40.46,0.12,-8.33,-0.02,-8842.12,-88.42,29
1227,Entry long,2023-11-16 12:12,L1282,1965.245,17,33409.165,2.72,0.01,10.2,40.46,0.12,-8.33,-0.02,-8842.12,-88.42,29
1228,Exit short,2023-11-16 14:23,Opposite signal,1967.39,15,29493.45,-26.4,-0.09,9,15.53,0.05,-24.6,-0.08,-8868.52,-88.69,100
1228,Entry short,2023-11-16 12:43,S1283,1966.23,15,29493.45,-26.4,-0.09,9,15.53,0.05,-24.6,-0.08,-8868.52,-88.69,100
1229,Exit long,2023-11-16 16:31,Opposite signal,1964.86,11,21644.535,-37.67,-0.17,6.6,6.44,0.03,-36.19,-0.17,-8906.2,-89.06,109
1229,Entry long,2023-11-16 14:42,L1284,1967.685,11,21644.535,-37.67,-0.17,6.6,6.44,0.03,-36.19,-0.17,-8906.2,-89.06,109
1230,Exit short,2023-11-16 19:00,S1285 exit,1969.615,9,17687.16,-44.77,-0.25,5.4,25.07,0.14,-42.07,-0.24,-8950.97,-89.51,148
1230,Entry short,2023-11-16 16:32,S1285,1965.24,9,17687.16,-44.77,-0.25,5.4,25.07,0.14,-42.07,-0.24,-8950.97,-89.51,148
1231,Exit long,2023-11-16 22:17,Opposite signal,1981.74,6,11811.18,75.66,0.64,3.6,115.02,0.97,-4.35,-0.04,-8875.31,-88.75,196
1231,Entry long,2023-11-16 19:01,L1286,1968.53,6,11811.18,75.66,0.64,3.6,115.02,0.97,-4.35,-0.04,-8875.31,-88.75,196
1232,Exit short,2023-11-17 02:00,Time flat,1981.58,7,13875.078,-0.18,0.00,4.2,7.03,0.05,-23.88,-0.17,-8875.5,-88.75,213
1232,Entry short,2023-11-16 22:27,S1287,1982.154,7,13875.078,-0.18,0.00,4.2,7.03,0.05,-23.88,-0.17,-8875.5,-88.75,213
1233,Exit long,2023-11-17 16:39,Opposite signal,1990.365,5,9940,8.82,0.09,3,25.95,0.26,-10.07,-0.10,-8866.67,-88.67,154
1233,Entry long,2023-11-17 14:05,L1288,1988,5,9940,8.82,0.09,3,25.95,0.26,-10.07,-0.10,-8866.67,-88.67,154
1234,Exit short,2023-11-17 18:45,Opposite signal,1991.45,10,19902.28,-18.22,-0.09,6,24.88,0.12,-15.87,-0.08,-8884.89,-88.85,122
1234,Entry short,2023-11-17 16:43,S1289,1990.228,10,19902.28,-18.22,-0.09,6,24.88,0.12,-15.87,-0.08,-8884.89,-88.85,122
1235,Exit long,2023-11-17 19:10,L1290 exit,1986.44,9,17916.48,-43.92,-0.25,5.4,6.12,0.03,-41.22,-0.23,-8928.81,-89.29,24
1235,Entry long,2023-11-17 18:46,L1290,1990.72,9,17916.48,-43.92,-0.25,5.4,6.12,0.03,-41.22,-0.23,-8928.81,-89.29,24
1236,Exit short,2023-11-17 21:06,Opposite signal,1984.07,6,11913.978,5.96,0.05,3.6,35.39,0.30,-8.41,-0.07,-8922.85,-89.23,109
1236,Entry short,2023-11-17 19:17,S1291,1985.663,6,11913.978,5.96,0.05,3.6,35.39,0.30,-8.41,-0.07,-8922.85,-89.23,109
1237,Exit long,2023-11-17 21:58,Opposite signal,1981.5,9,17852.04,-23.94,-0.13,5.4,13.32,0.07,-22.41,-0.13,-8946.79,-89.47,51
1237,Entry long,2023-11-17 21:07,L1292,1983.56,9,17852.04,-23.94,-0.13,5.4,13.32,0.07,-22.41,-0.13,-8946.79,-89.47,51
1238,Exit short,2023-11-17 23:00,Weekend flat,1979.835,8,15847.592,4.11,0.03,4.8,16.11,0.10,-9.61,-0.06,-8942.68,-89.43,39
1238,Entry short,2023-11-17 22:21,S1293,1980.949,8,15847.592,4.11,0.03,4.8,16.11,0.10,-9.61,-0.06,-8942.68,-89.43,39
1239,Exit long,2023-11-20 11:25,Opposite signal,1979.705,6,11884.026,-9.4,-0.08,3.6,25.67,0.22,-7.66,-0.06,-8952.08,-89.52,253
1239,Entry long,2023-11-20 07:12,L1294,1980.671,6,11884.026,-9.4,-0.08,3.6,25.67,0.22,-7.66,-0.06,-8952.08,-89.52,253
1240,Exit short,2023-11-20 11:56,Opposite signal,1981.785,8,15848.672,-10.41,-0.07,4.8,15.23,0.10,-8.05,-0.05,-8962.49,-89.62,26
1240,Entry short,2023-11-20 11:30,S1295,1981.084,8,15848.672,-10.41,-0.07,4.8,15.23,0.10,-8.05,-0.05,-8962.49,-89.62,26
1241,Exit long,2023-11-20 13:02,Opposite signal,1978.71,12,23773.08,-35.76,-0.15,7.2,7.02,0.03,-32.4,-0.14,-8998.25,-89.98,65
1241,Entry long,2023-11-20 11:57,L1296,1981.09,12,23773.08,-35.76,-0.15,7.2,7.02,0.03,-32.4,-0.14,-8998.25,-89.98,65
1242,Exit short,2023-11-20 14:33,Opposite signal,1978.15,12,23754.144,9.14,0.04,7.2,39.68,0.17,-14.32,-0.06,-8989.1,-89.89,90
1242,Entry short,2023-11-20 13:03,S1297,1979.512,12,23754.144,9.14,0.04,7.2,39.68,0.17,-14.32,-0.06,-8989.1,-89.89,90
1243,Exit long,2023-11-20 15:11,Opposite signal,1978.16,13,25711.66,-3.38,-0.01,7.8,31.59,0.12,-24.31,-0.09,-8992.48,-89.92,37
1243,Entry long,2023-11-20 14:34,L1298,1977.82,13,25711.66,-3.38,-0.01,7.8,31.59,0.12,-24.31,-0.09,-8992.48,-89.92,37
1244,Exit short,2023-11-20 18:19,Opposite signal,1972.37,13,25720.487,71.88,0.28,7.8,98.66,0.38,-18.08,-0.07,-8920.6,-89.21,183
1244,Entry short,2023-11-20 15:16,S1299,1978.499,13,25720.487,71.88,0.28,7.8,98.66,0.38,-18.08,-0.07,-8920.6,-89.21,183
1245,Exit long,2023-11-20 18:58,Opposite signal,1970.605,15,29583.495,-33.42,-0.11,9,12.71,0.04,-35.07,-0.12,-8954.02,-89.54,38
1245,Entry long,2023-11-20 18:20,L1300,1972.233,15,29583.495,-33.42,-0.11,9,12.71,0.04,-35.07,-0.12,-8954.02,-89.54,38
1246,Exit short,2023-11-20 21:36,Opposite signal,1973.54,11,21691.34,-24.2,-0.11,6.6,67.6,0.31,-22,-0.10,-8978.22,-89.78,157
1246,Entry short,2023-11-20 18:59,S1301,1971.94,11,21691.34,-24.2,-0.11,6.6,67.6,0.31,-22,-0.10,-8978.22,-89.78,157
1247,Exit long,2023-11-20 23:09,Opposite signal,1973.525,6,11836.26,1.29,0.01,3.6,19.62,0.17,-3.18,-0.03,-8976.93,-89.77,61
1247,Entry long,2023-11-20 22:08,L1302,1972.71,6,11836.26,1.29,0.01,3.6,19.62,0.17,-3.18,-0.03,-8976.93,-89.77,61
1248,Exit short,2023-11-21 15:50,Opposite signal,1987.7,10,19908.83,25.83,0.13,6,62.63,0.31,-37.72,-0.19,-8951.1,-89.51,233
1248,Entry short,2023-11-21 11:57,S1303,1990.883,10,19908.83,25.83,0.13,6,62.63,0.31,-37.72,-0.19,-8951.1,-89.51,233
1249,Exit long,2023-11-21 20:00,L1304 exit,2003.6,10,19876.7,153.3,0.77,6,156.3,0.79,-18.1,-0.09,-8797.8,-87.98,208
1249,Entry long,2023-11-21 16:32,L1304,1987.67,10,19876.7,153.3,0.77,6,156.3,0.79,-18.1,-0.09,-8797.8,-87.98,208
1250,Exit short,2023-11-22 21:14,Opposite signal,1995.415,9,17921.448,-42.69,-0.24,5.4,1.14,0.01,-40.53,-0.23,-8840.49,-88.40,15
1250,Entry short,2023-11-22 20:59,S1305,1991.272,9,17921.448,-42.69,-0.24,5.4,1.14,0.01,-40.53,-0.23,-8840.49,-88.40,15
1251,Exit long,2023-11-22 21:48,Opposite signal,1992.86,7,13965.28,-19.46,-0.14,4.2,3.43,0.02,-18.06,-0.13,-8859.95,-88.60,33
1251,Entry long,2023-11-22 21:15,L1306,1995.04,7,13965.28,-19.46,-0.14,4.2,3.43,0.02,-18.06,-0.13,-8859.95,-88.60,33
1252,Exit short,2023-11-22 22:48,Opposite signal,1991.675,10,19925.9,3.15,0.02,6,35.85,0.18,-13.95,-0.07,-8856.8,-88.57,53
1252,Entry short,2023-11-22 21:55,S1307,1992.59,10,19925.9,3.15,0.02,6,35.85,0.18,-13.95,-0.07,-8856.8,-88.57,53
1253,Exit long,2023-11-23 00:17,Opposite signal,1988.63,11,21907.16,-38.83,-0.18,6.6,9.4,0.04,-38.28,-0.17,-8895.63,-88.96,88
1253,Entry long,2023-11-22 22:49,L1308,1991.56,11,21907.16,-38.83,-0.18,6.6,9.4,0.04,-38.28,-0.17,-8895.63,-88.96,88
1254,Exit long,2023-11-23 14:51,Opposite signal,1993.36,7,13949.005,0.32,0.00,4.2,38.89,0.28,-10.01,-0.07,-8895.32,-88.95,475
1254,Entry long,2023-11-23 06:56,L1309,1992.715,7,13949.005,0.32,0.00,4.2,38.89,0.28,-10.01,-0.07,-8895.32,-88.95,475
1255,Exit short,2023-11-24 04:34,Time flat,1993.225,8,15950.792,0.19,0.00,4.8,29.23,0.18,-11.17,-0.07,-8895.12,-88.95,588
1255,Entry short,2023-11-23 15:13,S1310,1993.849,8,15950.792,0.19,0.00,4.8,29.23,0.18,-11.17,-0.07,-8895.12,-88.95,588
1256,Exit long,2023-11-24 18:50,Opposite signal,1994.44,7,13964.615,-7.73,-0.06,4.2,13.37,0.10,-5.63,-0.04,-8902.86,-89.03,194
1256,Entry long,2023-11-24 15:36,L1311,1994.945,7,13964.615,-7.73,-0.06,4.2,13.37,0.10,-5.63,-0.04,-8902.86,-89.03,194
1257,Exit short,2023-11-24 18:59,Opposite signal,1997.705,13,25948.585,-29.38,-0.11,7.8,16.64,0.06,-25.8,-0.10,-8932.24,-89.32,8
1257,Entry short,2023-11-24 18:51,S1312,1996.045,13,25948.585,-29.38,-0.11,7.8,16.64,0.06,-25.8,-0.10,-8932.24,-89.32,8
1258,Exit long,2023-11-24 21:01,Opposite signal,1999.17,11,21968.705,15.57,0.07,6.6,68.26,0.31,-11.71,-0.05,-8916.67,-89.17,121
1258,Entry long,2023-11-24 19:00,L1313,1997.155,11,21968.705,15.57,0.07,6.6,68.26,0.31,-11.71,-0.05,-8916.67,-89.17,121
1259,Exit short,2023-11-24 23:00,Weekend flat,2002.085,8,15991.48,-30,-0.19,4.8,11.16,0.07,-29.64,-0.19,-8946.67,-89.47,113
1259,Entry short,2023-11-24 21:07,S1314,1998.935,8,15991.48,-30,-0.19,4.8,11.16,0.07,-29.64,-0.19,-8946.67,-89.47,113
1260,Exit short,2023-11-29 20:09,Opposite signal,2044.2,5,10219.315,-4.68,-0.05,3,41.22,0.40,-8.96,-0.09,-8951.36,-89.51,397
1260,Entry short,2023-11-29 13:32,S1315,2043.863,5,10219.315,-4.68,-0.05,3,41.22,0.40,-8.96,-0.09,-8951.36,-89.51,397
1261,Exit long,2023-11-30 02:00,Time flat,2043.56,5,10214.23,0.57,0.01,3,32.2,0.32,-19.85,-0.19,-8950.79,-89.51,346
1261,Entry long,2023-11-29 20:14,L1316,2042.846,5,10214.23,0.57,0.01,3,32.2,0.32,-19.85,-0.19,-8950.79,-89.51,346
1262,Exit short,2023-11-30 16:18,Opposite signal,2040.625,4,8156.7,-8.2,-0.10,2.4,8.4,0.10,-7,-0.09,-8958.99,-89.59,53
1262,Entry short,2023-11-30 15:25,S1317,2039.175,4,8156.7,-8.2,-0.10,2.4,8.4,0.10,-7,-0.09,-8958.99,-89.59,53
1263,Exit long,2023-11-30 17:18,Opposite signal,2036.315,11,22436.733,-43.87,-0.20,6.6,0,0.00,-43.7,-0.19,-9002.86,-90.03,56
1263,Entry long,2023-11-30 16:22,L1318,2039.703,11,22436.733,-43.87,-0.20,6.6,0,0.00,-43.7,-0.19,-9002.86,-90.03,56
1264,Exit short,2023-11-30 18:45,Opposite signal,2041.04,9,18330.975,-43.78,-0.24,5.4,0,0.00,-41.44,-0.23,-9046.64,-90.47,85
1264,Entry short,2023-11-30 17:20,S1319,2036.775,9,18330.975,-43.78,-0.24,5.4,0,0.00,-41.44,-0.23,-9046.64,-90.47,85
1265,Exit long,2023-11-30 19:24,L1320 exit,2035.03,8,16322.768,-47.33,-0.29,4.8,34.59,0.21,-44.93,-0.28,-9093.97,-90.94,33
1265,Entry long,2023-11-30 18:51,L1320,2040.346,8,16322.768,-47.33,-0.29,4.8,34.59,0.21,-44.93,-0.28,-9093.97,-90.94,33
1266,Exit short,2023-11-30 22:31,Opposite signal,2040.115,5,10180.15,-23.42,-0.23,3,21,0.21,-23.55,-0.23,-9117.4,-91.17,186
1266,Entry short,2023-11-30 19:25,S1321,2036.03,5,10180.15,-23.42,-0.23,3,21,0.21,-23.55,-0.23,-9117.4,-91.17,186
1267,Exit long,2023-11-30 23:05,Opposite signal,2039.24,12,24485.4,-21.72,-0.09,7.2,7.56,0.03,-19.2,-0.08,-9139.12,-91.39,20
1267,Entry long,2023-11-30 22:45,L1322,2040.45,12,24485.4,-21.72,-0.09,7.2,7.56,0.03,-19.2,-0.08,-9139.12,-91.39,20
1268,Exit short,2023-12-01 11:51,Opposite signal,2042.81,12,24490.5,-30.42,-0.12,7.2,21.96,0.09,-26.82,-0.11,-9169.54,-91.70,193
1268,Entry short,2023-12-01 08:38,S1323,2040.875,12,24490.5,-30.42,-0.12,7.2,21.96,0.09,-26.82,-0.11,-9169.54,-91.70,193
1269,Exit long,2023-12-01 15:49,Opposite signal,2045.255,10,20418.91,27.64,0.14,6,77.19,0.38,-28.81,-0.14,-9141.9,-91.42,235
1269,Entry long,2023-12-01 11:54,L1324,2041.891,10,20418.91,27.64,0.14,6,77.19,0.38,-28.81,-0.14,-9141.9,-91.42,235
1270,Exit long,2023-12-01 21:43,L1326 exit,2056.23,9,18342.378,158.29,0.86,5.4,160.99,0.88,-29.22,-0.16,-8983.6,-89.84,168
1270,Entry long,2023-12-01 18:55,L1326,2038.042,9,18342.378,158.29,0.86,5.4,160.99,0.88,-29.22,-0.16,-8983.6,-89.84,168
1271,Exit long,2023-12-06 14:17,Opposite signal,2026.66,15,30423.075,-32.17,-0.11,9,111.98,0.37,-31.72,-0.10,-9015.78,-90.16,81
1271,Entry long,2023-12-06 12:56,L1328,2028.205,15,30423.075,-32.17,-0.11,9,111.98,0.37,-31.72,-0.10,-9015.78,-90.16,81
1272,Exit short,2023-12-06 15:02,Opposite signal,2023.985,5,10135.35,12.43,0.12,3,25.1,0.25,-5.42,-0.05,-9003.35,-90.03,43
1272,Entry short,2023-12-06 14:19,S1329,2027.07,5,10135.35,12.43,0.12,3,25.1,0.25,-5.42,-0.05,-9003.35,-90.03,43
1273,Exit long,2023-12-06 15:25,Opposite signal,2022.205,14,28330.008,-27.54,-0.10,8.4,10.54,0.04,-24.11,-0.09,-9030.89,-90.31,22
1273,Entry long,2023-12-06 15:03,L1330,2023.572,14,28330.008,-27.54,-0.10,8.4,10.54,0.04,-24.11,-0.09,-9030.89,-90.31,22
1274,Exit short,2023-12-06 18:20,Opposite signal,2025.235,13,26293.8,-42.05,-0.16,7.8,26.59,0.10,-41.14,-0.16,-9072.95,-90.73,165
1274,Entry short,2023-12-06 15:35,S1331,2022.6,13,26293.8,-42.05,-0.16,7.8,26.59,0.10,-41.14,-0.16,-9072.95,-90.73,165
1275,Exit long,2023-12-06 20:16,Opposite signal,2026.895,7,14183.386,0.68,0.00,4.2,46.18,0.33,-14.2,-0.10,-9072.27,-90.72,91
1275,Entry long,2023-12-06 18:45,L1332,2026.198,7,14183.386,0.68,0.00,4.2,46.18,0.33,-14.2,-0.10,-9072.27,-90.72,91
1276,Exit short,2023-12-06 21:06,Opposite signal,2030.37,7,14193.13,-23.66,-0.17,4.2,32.31,0.23,-21.7,-0.15,-9095.93,-90.96,48
1276,Entry short,2023-12-06 20:18,S1333,2027.59,7,14193.13,-23.66,-0.17,4.2,32.31,0.23,-21.7,-0.15,-9095.93,-90.96,48
1277,Exit long,2023-12-06 21:46,Opposite signal,2028.575,6,12174.252,-6.4,-0.05,3.6,15.77,0.13,-7.15,-0.06,-9102.33,-91.02,33
1277,Entry long,2023-12-06 21:13,L1334,2029.042,6,12174.252,-6.4,-0.05,3.6,15.77,0.13,-7.15,-0.06,-9102.33,-91.02,33
1278,Exit short,2023-12-07 02:00,Time flat,2027.605,10,20286.1,4.05,0.02,6,42.95,0.21,-29.5,-0.15,-9098.28,-90.98,253
1278,Entry short,2023-12-06 21:47,S1335,2028.61,10,20286.1,4.05,0.02,6,42.95,0.21,-29.5,-0.15,-9098.28,-90.98,253
1279,Exit long,2023-12-07 14:59,Opposite signal,2031.245,12,24406.164,-38.42,-0.16,7.2,9.28,0.04,-35.72,-0.15,-9136.7,-91.37,51
1279,Entry long,2023-12-07 14:08,L1336,2033.847,12,24406.164,-38.42,-0.16,7.2,9.28,0.04,-35.72,-0.15,-9136.7,-91.37,51
1280,Exit short,2023-12-07 15:45,Opposite signal,2035.035,10,20315.3,-41.05,-0.20,6,0,0.00,-39.65,-0.20,-9177.75,-91.78,45
1280,Entry short,2023-12-07 15:00,S1337,2031.53,10,20315.3,-41.05,-0.20,6,0,0.00,-39.65,-0.20,-9177.75,-91.78,45
1281,Exit long,2023-12-07 17:02,Opposite signal,2030.835,10,20341.72,-39.37,-0.19,6,5.43,0.03,-38.17,-0.19,-9217.12,-92.17,75
1281,Entry long,2023-12-07 15:47,L1338,2034.172,10,20341.72,-39.37,-0.19,6,5.43,0.03,-38.17,-0.19,-9217.12,-92.17,75
1282,Exit short,2023-12-07 19:08,S1339 exit,2036.195,9,18279.945,-51.21,-0.28,5.4,5.85,0.03,-48.51,-0.27,-9268.33,-92.68,122
1282,Entry short,2023-12-07 17:06,S1339,2031.105,9,18279.945,-51.21,-0.28,5.4,5.85,0.03,-48.51,-0.27,-9268.33,-92.68,122
1283,Exit long,2023-12-07 20:15,L1340 exit,2028.635,7,14244.321,-48.08,-0.34,4.2,33.4,0.23,-45.98,-0.32,-9316.41,-93.16,66
1283,Entry long,2023-12-07 19:09,L1340,2034.903,7,14244.321,-48.08,-0.34,4.2,33.4,0.23,-45.98,-0.32,-9316.41,-93.16,66
1284,Exit short,2023-12-08 00:14,Opposite signal,2031.97,4,8118.54,-11.74,-0.14,2.4,36.4,0.45,-10.7,-0.13,-9328.15,-93.28,198
1284,Entry short,2023-12-07 20:56,S1341,2029.635,4,8118.54,-11.74,-0.14,2.4,36.4,0.45,-10.7,-0.13,-9328.15,-93.28,198
1285,Exit short,2023-12-08 12:20,Opposite signal,2030.95,9,18286.56,2.61,0.01,5.4,23.31,0.13,-12.64,-0.07,-9325.54,-93.26,193
1285,Entry short,2023-12-08 09:07,S1342,2031.84,9,18286.56,2.61,0.01,5.4,23.31,0.13,-12.64,-0.07,-9325.54,-93.26,193
1286,Exit long,2023-12-08 13:36,Opposite signal,2028.255,9,18276.345,-27.45,-0.15,5.4,4.05,0.02,-26.01,-0.14,-9352.99,-93.53,75
1286,Entry long,2023-12-08 12:21,L1343,2030.705,9,18276.345,-27.45,-0.15,5.4,4.05,0.02,-26.01,-0.14,-9352.99,-93.53,75
1287,Exit short,2023-12-08 15:38,Opposite signal,2031.185,9,18261.09,-24.97,-0.14,5.4,19.17,0.10,-22.32,-0.12,-9377.96,-93.78,121
1287,Entry short,2023-12-08 13:37,S1344,2029.01,9,18261.09,-24.97,-0.14,5.4,19.17,0.10,-22.32,-0.12,-9377.96,-93.78,121
1288,Exit long,2023-12-08 19:00,L1345 exit,2025.58,8,16246.96,-47.12,-0.29,4.8,1.24,0.01,-44.72,-0.28,-9425.08,-94.25,201
1288,Entry long,2023-12-08 15:39,L1345,2030.87,8,16246.96,-47.12,-0.29,4.8,1.24,0.01,-44.72,-0.28,-9425.08,-94.25,201
1289,Exit short,2023-12-12 18:42,S1347 exit,1990.72,6,11894.34,-53.58,-0.45,3.6,0.24,0.00,-51.78,-0.44,-9478.67,-94.79,622
1289,Entry short,2023-12-12 08:20,S1347,1982.39,6,11894.34,-53.58,-0.45,3.6,0.24,0.00,-51.78,-0.44,-9478.67,-94.79,622
1290,Exit long,2023-12-12 19:13,Opposite signal,1985.875,5,9949.905,-23.53,-0.24,3,32.4,0.33,-31.3,-0.31,-9502.19,-95.02,23
1290,Entry long,2023-12-12 18:50,L1348,1989.981,5,9949.905,-23.53,-0.24,3,32.4,0.33,-31.3,-0.31,-9502.19,-95.02,23
1291,Exit short,2023-12-12 23:33,Opposite signal,1980.69,4,7945.6,20.44,0.26,2.4,35.28,0.44,-14.94,-0.19,-9481.75,-94.82,259
1291,Entry short,2023-12-12 19:14,S1349,1986.4,4,7945.6,20.44,0.26,2.4,35.28,0.44,-14.94,-0.19,-9481.75,-94.82,259
1292,Exit short,2023-12-13 12:43,Opposite signal,1976.14,7,13853.77,16.59,0.12,4.2,40.04,0.29,-10.01,-0.07,-9465.17,-94.65,267
1292,Entry short,2023-12-13 08:16,S1350,1979.11,7,13853.77,16.59,0.12,4.2,40.04,0.29,-10.01,-0.07,-9465.17,-94.65,267
1293,Exit long,2023-12-13 15:49,Opposite signal,1981.52,8,15809.56,37.8,0.24,4.8,51.24,0.32,-4.84,-0.03,-9427.36,-94.27,180
1293,Entry long,2023-12-13 12:49,L1351,1976.195,8,15809.56,37.8,0.24,4.8,51.24,0.32,-4.84,-0.03,-9427.36,-94.27,180
1294,Exit short,2023-12-13 16:26,Opposite signal,1983.075,8,15852.36,-17.04,-0.11,4.8,0,0.00,-16.44,-0.10,-9444.41,-94.44,36
1294,Entry short,2023-12-13 15:50,S1352,1981.545,8,15852.36,-17.04,-0.11,4.8,0,0.00,-16.44,-0.10,-9444.41,-94.44,36
1295,Exit long,2023-12-13 17:49,Opposite signal,1980.89,8,15862.064,-19.74,-0.12,4.8,4.74,0.03,-17.62,-0.11,-9464.15,-94.64,82
1295,Entry long,2023-12-13 16:27,L1353,1982.758,8,15862.064,-19.74,-0.12,4.8,4.74,0.03,-17.62,-0.11,-9464.15,-94.64,82
1296,Exit short,2023-12-13 19:00,S1354 exit,1984.65,8,15849.08,-32.92,-0.21,4.8,8.92,0.06,-30.52,-0.19,-9497.07,-94.97,70
1296,Entry short,2023-12-13 17:50,S1354,1981.135,8,15849.08,-32.92,-0.21,4.8,8.92,0.06,-30.52,-0.19,-9497.07,-94.97,70
1297,Exit long,2023-12-13 20:44,Opposite signal,1979.555,7,13889.932,-37.25,-0.27,4.2,15.67,0.11,-38.19,-0.27,-9534.32,-95.34,103
1297,Entry long,2023-12-13 19:01,L1355,1984.276,7,13889.932,-37.25,-0.27,4.2,15.67,0.11,-38.19,-0.27,-9534.32,-95.34,103
1298,Exit short,2023-12-14 00:30,S1356 exit,1987.815,6,11878.32,-52.17,-0.44,3.6,5.31,0.04,-50.37,-0.42,-9586.49,-95.86,223
1298,Entry short,2023-12-13 20:47,S1356,1979.72,6,11878.32,-52.17,-0.44,3.6,5.31,0.04,-50.37,-0.42,-9586.49,-95.86,223
1299,Exit short,2023-12-14 07:08,Opposite signal,2033.13,6,12216.81,14.43,0.12,3.6,32.28,0.26,-3.84,-0.03,-9572.06,-95.72,29
1299,Entry short,2023-12-14 06:39,S1357,2036.135,6,12216.81,14.43,0.12,3.6,32.28,0.26,-3.84,-0.03,-9572.06,-95.72,29
1300,Exit long,2023-12-14 07:18,Opposite signal,2030.23,6,12192.24,-14.46,-0.12,3.6,0,0.00,-12.66,-0.10,-9586.52,-95.87,9
1300,Entry long,2023-12-14 07:09,L1358,2032.04,6,12192.24,-14.46,-0.12,3.6,0,0.00,-12.66,-0.10,-9586.52,-95.87,9
1301,Exit short,2023-12-14 07:56,Opposite signal,2034.575,6,12185.832,-25.22,-0.21,3.6,0,0.00,-23.42,-0.19,-9611.73,-96.12,36
1301,Entry short,2023-12-14 07:20,S1359,2030.972,6,12185.832,-25.22,-0.21,3.6,0,0.00,-23.42,-0.19,-9611.73,-96.12,36
1302,Exit long,2023-12-14 13:07,Opposite signal,2029.87,5,10169.2,-22.85,-0.22,3,16.65,0.16,-21.5,-0.21,-9634.58,-96.35,310
1302,Entry long,2023-12-14 07:57,L1360,2033.84,5,10169.2,-22.85,-0.22,3,16.65,0.16,-21.5,-0.21,-9634.58,-96.35,310
1303,Exit short,2023-12-14 13:55,Opposite signal,2037.785,5,10156.77,-35.15,-0.35,3,0,0.00,-33.85,-0.33,-9669.74,-96.70,37
1303,Entry short,2023-12-14 13:18,S1361,2031.354,5,10156.77,-35.15,-0.35,3,0,0.00,-33.85,-0.33,-9669.74,-96.70,37
1304,Exit long,2023-12-14 19:00,L1362 exit,2028.315,4,8149.88,-39.02,-0.48,2.4,10.5,0.13,-37.82,-0.46,-9708.76,-97.09,304
1304,Entry long,2023-12-14 13:56,L1362,2037.47,4,8149.88,-39.02,-0.48,2.4,10.5,0.13,-37.82,-0.46,-9708.76,-97.09,304
1305,Exit short,2023-12-14 19:39,Opposite signal,2040.485,4,8123.256,-41.08,-0.51,2.4,5.46,0.07,-40.22,-0.50,-9749.84,-97.50,35
1305,Entry short,2023-12-14 19:04,S1363,2030.814,4,8123.256,-41.08,-0.51,2.4,5.46,0.07,-40.22,-0.50,-9749.84,-97.50,35
1306,Exit long,2023-12-14 23:24,Opposite signal,2034.975,3,6116.685,-13.56,-0.22,1.8,26.22,0.43,-12.66,-0.21,-9763.4,-97.63,224
1306,Entry long,2023-12-14 19:40,L1364,2038.895,3,6116.685,-13.56,-0.22,1.8,26.22,0.43,-12.66,-0.21,-9763.4,-97.63,224
1307,Exit long,2023-12-15 08:55,Opposite signal,2035.245,3,6107.205,-3.27,-0.05,1.8,4.56,0.07,-2.68,-0.04,-9766.67,-97.67,60
1307,Entry long,2023-12-15 07:55,L1365,2035.735,3,6107.205,-3.27,-0.05,1.8,4.56,0.07,-2.68,-0.04,-9766.67,-97.67,60
1308,Exit short,2023-12-15 09:28,Opposite signal,2035.86,3,6107.211,-2.17,-0.04,1.8,4.13,0.07,-1.28,-0.02,-9768.84,-97.69,32
1308,Entry short,2023-12-15 08:56,S1366,2035.737,3,6107.211,-2.17,-0.04,1.8,4.13,0.07,-1.28,-0.02,-9768.84,-97.69,32
1309,Exit long,2023-12-15 10:02,Opposite signal,2035.405,3,6106.725,-2.31,-0.04,1.8,3.47,0.06,-1.41,-0.02,-9771.15,-97.71,29
1309,Entry long,2023-12-15 09:33,L1367,2035.575,3,6106.725,-2.31,-0.04,1.8,3.47,0.06,-1.41,-0.02,-9771.15,-97.71,29
1310,Exit short,2023-12-15 10:13,Opposite signal,2037.25,3,6107.31,-6.24,-0.10,1.8,0,0.00,-5.5,-0.09,-9777.39,-97.77,8
1310,Entry short,2023-12-15 10:05,S1368,2035.77,3,6107.31,-6.24,-0.10,1.8,0,0.00,-5.5,-0.09,-9777.39,-97.77,8
1311,Exit long,2023-12-15 10:34,Opposite signal,2035.96,3,6111.09,-5.01,-0.08,1.8,0.47,0.01,-4.29,-0.07,-9782.4,-97.82,20
1311,Entry long,2023-12-15 10:14,L1369,2037.03,3,6111.09,-5.01,-0.08,1.8,0.47,0.01,-4.29,-0.07,-9782.4,-97.82,20
1312,Exit short,2023-12-15 12:58,Opposite signal,2037.55,3,6108.891,-5.56,-0.09,1.8,4.87,0.08,-5.32,-0.09,-9787.96,-97.88,143
1312,Entry short,2023-12-15 10:35,S1370,2036.297,3,6108.891,-5.56,-0.09,1.8,4.87,0.08,-5.32,-0.09,-9787.96,-97.88,143
1313,Exit long,2023-12-15 13:37,Opposite signal,2037.39,3,6111.885,-1.51,-0.02,1.8,4.71,0.08,-1.17,-0.02,-9789.48,-97.89,38
1313,Entry long,2023-12-15 12:59,L1371,2037.295,3,6111.885,-1.51,-0.02,1.8,4.71,0.08,-1.17,-0.02,-9789.48,-97.89,38
1314,Exit short,2023-12-15 13:49,Opposite signal,2039.195,3,6112.68,-6.7,-0.11,1.8,0,0.00,-7.21,-0.12,-9796.18,-97.96,11
1314,Entry short,2023-12-15 13:38,S1372,2037.56,3,6112.68,-6.7,-0.11,1.8,0,0.00,-7.21,-0.12,-9796.18,-97.96,11
1315,Exit long,2023-12-15 19:04,Opposite signal,2038.56,2,4077.51,-1.59,-0.04,1.2,11.78,0.29,-3.75,-0.09,-9797.77,-97.98,314
1315,Entry long,2023-12-15 13:50,L1373,2038.755,2,4077.51,-1.59,-0.04,1.2,11.78,0.29,-3.75,-0.09,-9797.77,-97.98,314
1316,Exit short,2023-12-15 23:00,Weekend flat,2034.36,2,4076.324,6.4,0.16,1.2,21.74,0.53,-1.67,-0.04,-9791.37,-97.91,235
1316,Entry short,2023-12-15 19:05,S1374,2038.162,2,4076.324,6.4,0.16,1.2,21.74,0.53,-1.67,-0.04,-9791.37,-97.91,235
1317,Exit short,2023-12-18 23:18,S1375 exit,2028.37,3,6065.415,-21.49,-0.35,1.8,8.12,0.13,-20.59,-0.34,-9812.86,-98.13,436
1317,Entry short,2023-12-18 16:02,S1375,2021.805,3,6065.415,-21.49,-0.35,1.8,8.12,0.13,-20.59,-0.34,-9812.86,-98.13,436
1318,Exit short,2023-12-20 00:00,Opposite signal,2038.525,2,4088.32,10.07,0.25,1.2,14.21,0.35,-0.73,-0.02,-9802.79,-98.03,82
1318,Entry short,2023-12-19 22:38,S1376,2044.16,2,4088.32,10.07,0.25,1.2,14.21,0.35,-0.73,-0.02,-9802.79,-98.03,82
1319,Exit long,2023-12-20 10:48,Opposite signal,2039.835,2,4077.822,0.65,0.02,1.2,3.85,0.09,-1.52,-0.04,-9802.14,-98.02,160
1319,Entry long,2023-12-20 08:08,L1377,2038.911,2,4077.822,0.65,0.02,1.2,3.85,0.09,-1.52,-0.04,-9802.14,-98.02,160
1320,Exit short,2023-12-20 11:17,Opposite signal,2040.94,2,4079.84,-3.24,-0.08,1.2,0.47,0.01,-2.66,-0.07,-9805.38,-98.05,28
1320,Entry short,2023-12-20 10:49,S1378,2039.92,2,4079.84,-3.24,-0.08,1.2,0.47,0.01,-2.66,-0.07,-9805.38,-98.05,28
1321,Exit long,2023-12-20 13:33,Opposite signal,2040.445,2,4081.552,-1.86,-0.05,1.2,4.92,0.12,-1.44,-0.04,-9807.25,-98.07,134
1321,Entry long,2023-12-20 11:19,L1379,2040.776,2,4081.552,-1.86,-0.05,1.2,4.92,0.12,-1.44,-0.04,-9807.25,-98.07,134
1322,Exit short,2023-12-20 13:55,Opposite signal,2041.04,2,4081.85,-1.43,-0.04,1.2,1.6,0.04,-0.96,-0.02,-9808.68,-98.09,21
1322,Entry short,2023-12-20 13:34,S1380,2040.925,2,4081.85,-1.43,-0.04,1.2,1.6,0.04,-0.96,-0.02,-9808.68,-98.09,21
1323,Exit long,2023-12-20 15:15,Opposite signal,2040.205,2,4081.562,-2.35,-0.06,1.2,2.86,0.07,-2.28,-0.06,-9811.03,-98.11,79
1323,Entry long,2023-12-20 13:56,L1381,2040.781,2,4081.562,-2.35,-0.06,1.2,2.86,0.07,-2.28,-0.06,-9811.03,-98.11,79
1324,Exit short,2023-12-20 17:36,Opposite signal,2035.765,2,4080.44,7.71,0.19,1.2,16.18,0.40,-1.42,-0.03,-9803.32,-98.03,140
1324,Entry short,2023-12-20 15:16,S1382,2040.22,2,4080.44,7.71,0.19,1.2,16.18,0.40,-1.42,-0.03,-9803.32,-98.03,140
1325,Exit long,2023-12-20 19:10,Opposite signal,2031.385,2,4070.506,-8.94,-0.22,1.2,0.95,0.02,-9.41,-0.23,-9812.25,-98.12,93
1325,Entry long,2023-12-20 17:37,L1383,2035.253,2,4070.506,-8.94,-0.22,1.2,0.95,0.02,-9.41,-0.23,-9812.25,-98.12,93
1326,Exit short,2023-12-20 19:31,Opposite signal,2037.115,2,4063.66,-11.77,-0.29,1.2,0,0.00,-11.69,-0.29,-9824.02,-98.24,19
1326,Entry short,2023-12-20 19:12,S1384,2031.83,2,4063.66,-11.77,-0.29,1.2,0,0.00,-11.69,-0.29,-9824.02,-98.24,19
1327,Exit long,2023-12-21 02:00,Time flat,2033.105,2,4074.65,-9.64,-0.24,1.2,2.45,0.06,-14.81,-0.36,-9833.66,-98.34,369
1327,Entry long,2023-12-20 19:51,L1385,2037.325,2,4074.65,-9.64,-0.24,1.2,2.45,0.06,-14.81,-0.36,-9833.66,-98.34,369
1328,Exit long,2023-12-22 02:00,Time flat,2043.86,2,4082.9,3.62,0.09,1.2,8.58,0.21,-10.07,-0.25,-9830.04,-98.30,400
1328,Entry long,2023-12-21 19:20,L1386,2041.45,2,4082.9,3.62,0.09,1.2,8.58,0.21,-10.07,-0.25,-9830.04,-98.30,400
1329,Exit short,2023-12-22 17:57,Opposite signal,2063.065,2,4118.578,-8.75,-0.21,1.2,0.98,0.02,-8.15,-0.20,-9838.8,-98.39,34
1329,Entry short,2023-12-22 17:23,S1387,2059.289,2,4118.578,-8.75,-0.21,1.2,0.98,0.02,-8.15,-0.20,-9838.8,-98.39,34
1330,Exit long,2023-12-22 19:47,Opposite signal,2066.575,2,4126.1,5.85,0.14,1.2,12.46,0.30,-11.33,-0.27,-9832.95,-98.33,109
1330,Entry long,2023-12-22 17:58,L1388,2063.05,2,4126.1,5.85,0.14,1.2,12.46,0.30,-11.33,-0.27,-9832.95,-98.33,109
1331,Exit short,2023-12-22 20:14,Opposite signal,2069.625,2,4130.964,-9.49,-0.23,1.2,0,0.00,-9.76,-0.24,-9842.43,-98.42,19
1331,Entry short,2023-12-22 19:55,S1389,2065.482,2,4130.964,-9.49,-0.23,1.2,0,0.00,-9.76,-0.24,-9842.43,-98.42,19
1332,Exit long,2023-12-22 20:54,Opposite signal,2065.795,2,4138.56,-8.17,-0.20,1.2,2.25,0.05,-8,-0.19,-9850.6,-98.51,39
1332,Entry long,2023-12-22 20:15,L1390,2069.28,2,4138.56,-8.17,-0.20,1.2,2.25,0.05,-8,-0.19,-9850.6,-98.51,39
1333,Exit short,2023-12-22 23:00,Weekend flat,2054.765,2,4121.934,11.2,0.27,1.2,18.91,0.46,-3.16,-0.08,-9839.4,-98.39,80
1333,Entry short,2023-12-22 21:40,S1391,2060.967,2,4121.934,11.2,0.27,1.2,18.91,0.46,-3.16,-0.08,-9839.4,-98.39,80
1334,Exit long,2023-12-26 11:12,Opposite signal,2061.765,2,4124.49,-2.16,-0.05,1.2,5.36,0.13,-1.66,-0.04,-9841.56,-98.42,217
1334,Entry long,2023-12-26 07:35,L1392,2062.245,2,4124.49,-2.16,-0.05,1.2,5.36,0.13,-1.66,-0.04,-9841.56,-98.42,217
1335,Exit short,2023-12-27 01:22,Opposite signal,2061.97,2,4124.826,-0.31,-0.01,1.2,15.06,0.36,-6.09,-0.15,-9841.87,-98.42,840
1335,Entry short,2023-12-26 11:22,S1393,2062.413,2,4124.826,-0.31,-0.01,1.2,15.06,0.36,-6.09,-0.15,-9841.87,-98.42,840
1336,Exit long,2023-12-27 16:00,Opposite signal,2063.865,2,4137.23,-10.7,-0.26,1.2,0,0.00,-10.41,-0.25,-9852.57,-98.53,63
1336,Entry long,2023-12-27 14:57,L1394,2068.615,2,4137.23,-10.7,-0.26,1.2,0,0.00,-10.41,-0.25,-9852.57,-98.53,63
1337,Exit short,2023-12-27 18:01,Opposite signal,2070.08,2,4126.954,-14.41,-0.35,1.2,0,0.00,-14.37,-0.35,-9866.98,-98.67,116
1337,Entry short,2023-12-27 16:05,S1395,2063.477,2,4126.954,-14.41,-0.35,1.2,0,0.00,-14.37,-0.35,-9866.98,-98.67,116
1338,Exit long,2023-12-28 00:02,Opposite signal,2080.9,1,2069.375,10.93,0.53,0.6,14.82,0.72,-5.22,-0.25,-9856.05,-98.56,359
1338,Entry long,2023-12-27 18:03,L1396,2069.375,1,2069.375,10.93,0.53,0.6,14.82,0.72,-5.22,-0.25,-9856.05,-98.56,359
1339,Exit short,2023-12-28 12:37,Opposite signal,2087.035,2,4171.444,-3.83,-0.09,1.2,2.23,0.05,-3.23,-0.08,-9859.88,-98.60,74
1339,Entry short,2023-12-28 11:23,S1398,2085.722,2,4171.444,-3.83,-0.09,1.2,2.23,0.05,-3.23,-0.08,-9859.88,-98.60,74
1340,Exit long,2023-12-28 13:21,Opposite signal,2084.125,2,4173.7,-6.65,-0.16,1.2,0.97,0.02,-6.2,-0.15,-9866.53,-98.67,43
1340,Entry long,2023-12-28 12:38,L1399,2086.85,2,4173.7,-6.65,-0.16,1.2,0.97,0.02,-6.2,-0.15,-9866.53,-98.67,43
1341,Exit short,2023-12-28 15:54,Opposite signal,2078.885,1,2084.947,5.46,0.26,0.6,11.8,0.57,-1.87,-0.09,-9861.07,-98.61,150
1341,Entry short,2023-12-28 13:24,S1400,2084.947,1,2084.947,5.46,0.26,0.6,11.8,0.57,-1.87,-0.09,-9861.07,-98.61,150
1342,Exit long,2023-12-28 17:35,L1401 exit,2071.845,2,4157.44,-14.95,-0.36,1.2,0,0.00,-14.35,-0.35,-9876.02,-98.76,100
1342,Entry long,2023-12-28 15:55,L1401,2078.72,2,4157.44,-14.95,-0.36,1.2,0,0.00,-14.35,-0.35,-9876.02,-98.76,100
1343,Exit short,2023-12-28 20:32,Opposite signal,2079.795,1,2073.393,-7,-0.34,0.6,1.03,0.05,-6.74,-0.33,-9883.02,-98.83,175
1343,Entry short,2023-12-28 17:37,S1402,2073.393,1,2073.393,-7,-0.34,0.6,1.03,0.05,-6.74,-0.33,-9883.02,-98.83,175
1344,Exit long,2023-12-29 00:45,Opposite signal,2071.08,1,2079.37,-8.89,-0.43,0.6,0.64,0.03,-8.66,-0.42,-9891.91,-98.92,247
1344,Entry long,2023-12-28 20:38,L1403,2079.37,1,2079.37,-8.89,-0.43,0.6,0.64,0.03,-8.66,-0.42,-9891.91,-98.92,247
1345,Exit short,2023-12-29 16:32,Opposite signal,2066.11,1,2072.187,5.48,0.26,0.6,9.97,0.48,-1.62,-0.08,-9886.43,-98.86,171
1345,Entry short,2023-12-29 13:41,S1404,2072.187,1,2072.187,5.48,0.26,0.6,9.97,0.48,-1.62,-0.08,-9886.43,-98.86,171
1346,Exit long,2023-12-29 16:56,Opposite signal,2065.085,1,2065.875,-1.39,-0.07,0.6,1.55,0.07,-1.09,-0.05,-9887.82,-98.88,22
1346,Entry long,2023-12-29 16:34,L1405,2065.875,1,2065.875,-1.39,-0.07,0.6,1.55,0.07,-1.09,-0.05,-9887.82,-98.88,22
1347,Exit short,2023-12-29 17:09,Opposite signal,2067.98,1,2065.733,-2.85,-0.14,0.6,0,0.00,-2.71,-0.13,-9890.67,-98.91,12
1347,Entry short,2023-12-29 16:57,S1406,2065.733,1,2065.733,-2.85,-0.14,0.6,0,0.00,-2.71,-0.13,-9890.67,-98.91,12
1348,Exit long,2023-12-29 18:03,Opposite signal,2066.375,1,2067.72,-1.94,-0.09,0.6,0.92,0.04,-1.68,-0.08,-9892.61,-98.93,48
1348,Entry long,2023-12-29 17:15,L1407,2067.72,1,2067.72,-1.94,-0.09,0.6,0.92,0.04,-1.68,-0.08,-9892.61,-98.93,48
1349,Exit short,2023-12-29 21:04,Opposite signal,2066.12,1,2065.655,-1.06,-0.05,0.6,7.08,0.34,-1,-0.05,-9893.68,-98.94,161
1349,Entry short,2023-12-29 18:23,S1408,2065.655,1,2065.655,-1.06,-0.05,0.6,7.08,0.34,-1,-0.05,-9893.68,-98.94,161
1350,Exit long,2023-12-29 23:00,Weekend flat,2066.93,1,2064.355,1.98,0.10,0.6,3.41,0.17,-2.01,-0.10,-9891.7,-98.92,115
1350,Entry long,2023-12-29 21:05,L1409,2064.355,1,2064.355,1.98,0.10,0.6,3.41,0.17,-2.01,-0.10,-9891.7,-98.92,115
1351,Exit long,2024-01-02 13:41,Opposite signal,2072.82,1,2068.22,4,0.19,0.6,8.31,0.40,-4.42,-0.21,-9887.7,-98.88,423
1351,Entry long,2024-01-02 06:38,L1410,2068.22,1,2068.22,4,0.19,0.6,8.31,0.40,-4.42,-0.21,-9887.7,-98.88,423
1352,Exit short,2024-01-02 14:39,Opposite signal,2074.71,1,2073.474,-1.84,-0.09,0.6,1.28,0.06,-1.83,-0.09,-9889.54,-98.90,57
1352,Entry short,2024-01-02 13:42,S1411,2073.474,1,2073.474,-1.84,-0.09,0.6,1.28,0.06,-1.83,-0.09,-9889.54,-98.90,57
1353,Exit long,2024-01-02 14:54,Opposite signal,2074.315,1,2074.615,-0.9,-0.04,0.6,0.78,0.04,-0.74,-0.04,-9890.44,-98.90,10
1353,Entry long,2024-01-02 14:44,L1412,2074.615,1,2074.615,-0.9,-0.04,0.6,0.78,0.04,-0.74,-0.04,-9890.44,-98.90,10
1354,Exit short,2024-01-02 15:02,Opposite signal,2075.75,1,2074.458,-1.89,-0.09,0.6,0,0.00,-1.6,-0.08,-9892.33,-98.92,7
1354,Entry short,2024-01-02 14:55,S1413,2074.458,1,2074.458,-1.89,-0.09,0.6,0,0.00,-1.6,-0.08,-9892.33,-98.92,7
1355,Exit long,2024-01-02 15:49,Opposite signal,2073.93,1,2075.695,-2.37,-0.11,0.6,2.98,0.14,-2.08,-0.10,-9894.7,-98.95,46
1355,Entry long,2024-01-02 15:03,L1414,2075.695,1,2075.695,-2.37,-0.11,0.6,2.98,0.14,-2.08,-0.10,-9894.7,-98.95,46
1356,Exit short,2024-01-02 18:06,Opposite signal,2068.105,1,2074.925,6.22,0.30,0.6,9.49,0.46,-1.99,-0.10,-9888.48,-98.88,134
1356,Entry short,2024-01-02 15:52,S1415,2074.925,1,2074.925,6.22,0.30,0.6,9.49,0.46,-1.99,-0.10,-9888.48,-98.88,134
1357,Exit long,2024-01-02 20:12,L1416 exit,2064.14,1,2067.805,-4.26,-0.21,0.6,3.02,0.15,-3.96,-0.19,-9892.74,-98.93,125
1357,Entry long,2024-01-02 18:07,L1416,2067.805,1,2067.805,-4.26,-0.21,0.6,3.02,0.15,-3.96,-0.19,-9892.74,-98.93,125
1358,Exit short,2024-01-03 02:00,Time flat,2059.8,1,2064.484,4.08,0.20,0.6,8.29,0.40,-6.57,-0.32,-9888.66,-98.89,346
1358,Entry short,2024-01-02 20:14,S1417,2064.484,1,2064.484,4.08,0.20,0.6,8.29,0.40,-6.57,-0.32,-9888.66,-98.89,346
1359,Exit long,2024-01-03 19:16,Opposite signal,2041.775,1,2046.777,-5.6,-0.27,0.6,0.98,0.05,-6.01,-0.29,-9894.26,-98.94,57
1359,Entry long,2024-01-03 18:19,L1418,2046.777,1,2046.777,-5.6,-0.27,0.6,0.98,0.05,-6.01,-0.29,-9894.26,-98.94,57
1360,Exit short,2024-01-03 20:21,Opposite signal,2037.965,1,2041.88,3.32,0.16,0.6,9.74,0.48,-0.83,-0.04,-9890.94,-98.91,50
1360,Entry short,2024-01-03 19:31,S1419,2041.88,1,2041.88,3.32,0.16,0.6,9.74,0.48,-0.83,-0.04,-9890.94,-98.91,50
1361,Exit long,2024-01-03 20:53,Opposite signal,2035.77,1,2037.767,-2.6,-0.13,0.6,10.75,0.53,-2.51,-0.12,-9893.54,-98.94,24
1361,Entry long,2024-01-03 20:29,L1420,2037.767,1,2037.767,-2.6,-0.13,0.6,10.75,0.53,-2.51,-0.12,-9893.54,-98.94,24
1362,Exit short,2024-01-04 00:56,Opposite signal,2036.74,1,2036.315,-1.02,-0.05,0.6,5.32,0.26,-3.66,-0.18,-9894.57,-98.95,242
1362,Entry short,2024-01-03 20:54,S1421,2036.315,1,2036.315,-1.02,-0.05,0.6,5.32,0.26,-3.66,-0.18,-9894.57,-98.95,242
1363,Exit short,2024-01-04 06:49,Opposite signal,2043.18,1,2042.283,-1.5,-0.07,0.6,0.34,0.02,-1.2,-0.06,-9896.06,-98.96,33
1363,Entry short,2024-01-04 06:16,S1422,2042.283,1,2042.283,-1.5,-0.07,0.6,0.34,0.02,-1.2,-0.06,-9896.06,-98.96,33
1364,Exit long,2024-01-04 06:59,Opposite signal,2041.385,1,2042.926,-2.14,-0.10,0.6,0,0.00,-2.04,-0.10,-9898.2,-98.98,9
1364,Entry long,2024-01-04 06:50,L1423,2042.926,1,2042.926,-2.14,-0.10,0.6,0,0.00,-2.04,-0.10,-9898.2,-98.98,9
1365,Exit short,2024-01-04 07:32,Opposite signal,2043.765,1,2041.64,-2.72,-0.13,0.6,0.66,0.03,-2.42,-0.12,-9900.93,-99.01,17
1365,Entry short,2024-01-04 07:15,S1424,2041.64,1,2041.64,-2.72,-0.13,0.6,0.66,0.03,-2.42,-0.12,-9900.93,-99.01,17
1366,Exit long,2024-01-04 17:26,Opposite signal,2045.2,1,2042.855,1.75,0.09,0.6,7.86,0.38,-0.66,-0.03,-9899.18,-98.99,593
1366,Entry long,2024-01-04 07:33,L1425,2042.855,1,2042.855,1.75,0.09,0.6,7.86,0.38,-0.66,-0.03,-9899.18,-98.99,593
1367,Exit short,2024-01-04 19:52,Opposite signal,2042.22,1,2045.51,2.69,0.13,0.6,7.73,0.38,-2.12,-0.10,-9896.5,-98.96,142
1367,Entry short,2024-01-04 17:30,S1426,2045.51,1,2045.51,2.69,0.13,0.6,7.73,0.38,-2.12,-0.10,-9896.5,-98.96,142
1368,Exit long,2024-01-04 20:17,Opposite signal,2037.36,1,2041.346,-4.59,-0.22,0.6,0,0.00,-4.39,-0.21,-9901.08,-99.01,24
1368,Entry long,2024-01-04 19:53,L1427,2041.346,1,2041.346,-4.59,-0.22,0.6,0,0.00,-4.39,-0.21,-9901.08,-99.01,24
1369,Exit short,2024-01-04 20:42,S1428 exit,2043.635,1,2038.095,-6.14,-0.30,0.6,1.5,0.07,-5.84,-0.29,-9907.22,-99.07,24
1369,Entry short,2024-01-04 20:18,S1428,2038.095,1,2038.095,-6.14,-0.30,0.6,1.5,0.07,-5.84,-0.29,-9907.22,-99.07,24
1370,Exit long,2024-01-04 22:49,Opposite signal,2042.68,1,2043.125,-1.04,-0.05,0.6,4.42,0.22,-0.8,-0.04,-9908.27,-99.08,118
1370,Entry long,2024-01-04 20:51,L1429,2043.125,1,2043.125,-1.04,-0.05,0.6,4.42,0.22,-0.8,-0.04,-9908.27,-99.08,118
1371,Exit short,2024-01-05 02:00,Time flat,2044.56,1,2042.88,-2.28,-0.11,0.6,1.66,0.08,-2.37,-0.12,-9910.55,-99.11,190
1371,Entry short,2024-01-04 22:50,S1430,2042.88,1,2042.88,-2.28,-0.11,0.6,1.66,0.08,-2.37,-0.12,-9910.55,-99.11,190
1372,Exit long,2024-01-05 15:22,Opposite signal,2040.49,1,2046.478,-6.59,-0.32,0.6,1.2,0.06,-6.31,-0.31,-9917.13,-99.17,504
1372,Entry long,2024-01-05 06:57,L1431,2046.478,1,2046.478,-6.59,-0.32,0.6,1.2,0.06,-6.31,-0.31,-9917.13,-99.17,504
1373,Exit short,2024-01-05 19:31,Opposite signal,2042.165,1,2040.925,-1.84,-0.09,0.6,16.1,0.79,-1.84,-0.09,-9918.97,-99.19,74
1373,Entry short,2024-01-05 18:17,S1432,2040.925,1,2040.925,-1.84,-0.09,0.6,16.1,0.79,-1.84,-0.09,-9918.97,-99.19,74
1374,Exit long,2024-01-05 21:20,Opposite signal,2057.625,1,2040.83,16.2,0.79,0.6,22.91,1.12,-2.29,-0.11,-9902.78,-99.03,99
1374,Entry long,2024-01-05 19:41,L1433,2040.83,1,2040.83,16.2,0.79,0.6,22.91,1.12,-2.29,-0.11,-9902.78,-99.03,99
1375,Exit short,2024-01-05 23:00,Weekend flat,2041.61,1,2057.665,15.46,0.75,0.6,16.33,0.79,-1.03,-0.05,-9887.32,-98.87,99
1375,Entry short,2024-01-05 21:21,S1434,2057.665,1,2057.665,15.46,0.75,0.6,16.33,0.79,-1.03,-0.05,-9887.32,-98.87,99
1376,Exit long,2024-01-08 22:01,Opposite signal,2033.345,1,2032.045,0.7,0.03,0.6,4.59,0.23,-2.14,-0.11,-9886.62,-98.87,57
1376,Entry long,2024-01-08 21:04,L1435,2032.045,1,2032.045,0.7,0.03,0.6,4.59,0.23,-2.14,-0.11,-9886.62,-98.87,57
1377,Exit short,2024-01-09 02:00,Time flat,2027.33,1,2032.85,4.92,0.24,0.6,6.31,0.31,-1.11,-0.05,-9881.7,-98.82,229
1377,Entry short,2024-01-08 22:11,S1436,2032.85,1,2032.85,4.92,0.24,0.6,6.31,0.31,-1.11,-0.05,-9881.7,-98.82,229
1378,Exit short,2024-01-09 07:55,Opposite signal,2035.87,1,2032.368,-4.1,-0.20,0.6,0.4,0.02,-3.84,-0.19,-9885.81,-98.86,43
1378,Entry short,2024-01-09 07:12,S1437,2032.368,1,2032.368,-4.1,-0.20,0.6,0.4,0.02,-3.84,-0.19,-9885.81,-98.86,43
1379,Exit long,2024-01-09 11:12,Opposite signal,2030.625,1,2035.55,-5.52,-0.27,0.6,0,0.00,-5.22,-0.26,-9891.33,-98.91,196
1379,Entry long,2024-01-09 07:56,L1438,2035.55,1,2035.55,-5.52,-0.27,0.6,0,0.00,-5.22,-0.26,-9891.33,-98.91,196
1380,Exit short,2024-01-09 12:55,S1439 exit,2036.91,1,2031.789,-5.72,-0.28,0.6,0.21,0.01,-5.42,-0.27,-9897.05,-98.97,99
1380,Entry short,2024-01-09 11:16,S1439,2031.789,1,2031.789,-5.72,-0.28,0.6,0.21,0.01,-5.42,-0.27,-9897.05,-98.97,99
1381,Exit long,2024-01-09 21:26,Opposite signal,2031.665,1,2035.91,-4.84,-0.24,0.6,5.83,0.29,-4.86,-0.24,-9901.9,-99.02,506
1381,Entry long,2024-01-09 13:00,L1440,2035.91,1,2035.91,-4.84,-0.24,0.6,5.83,0.29,-4.86,-0.24,-9901.9,-99.02,506
1382,Exit short,2024-01-10 02:00,Time flat,2029.105,1,2030.148,0.44,0.02,0.6,3,0.15,-2.26,-0.11,-9901.45,-99.01,245
1382,Entry short,2024-01-09 21:55,S1441,2030.148,1,2030.148,0.44,0.02,0.6,3,0.15,-2.26,-0.11,-9901.45,-99.01,245
1383,Exit long,2024-01-10 18:16,Opposite signal,2032.095,1,2027.58,3.92,0.19,0.6,12.42,0.61,-0.33,-0.02,-9897.54,-98.98,327
1383,Entry long,2024-01-10 12:49,L1442,2027.58,1,2027.58,3.92,0.19,0.6,12.42,0.61,-0.33,-0.02,-9897.54,-98.98,327
1384,Exit short,2024-01-10 20:03,Opposite signal,2032.585,1,2032.752,-0.43,-0.02,0.6,3.72,0.18,-1.64,-0.08,-9897.97,-98.98,80
1384,Entry short,2024-01-10 18:43,S1443,2032.752,1,2032.752,-0.43,-0.02,0.6,3.72,0.18,-1.64,-0.08,-9897.97,-98.98,80
1385,Exit long,2024-01-10 20:13,Opposite signal,2028.635,1,2031.34,-3.3,-0.16,0.6,0.47,0.02,-3.28,-0.16,-9901.28,-99.01,5
1385,Entry long,2024-01-10 20:08,L1444,2031.34,1,2031.34,-3.3,-0.16,0.6,0.47,0.02,-3.28,-0.16,-9901.28,-99.01,5
1386,Exit short,2024-01-11 01:11,Opposite signal,2024.26,1,2029.668,4.81,0.24,0.6,8.84,0.44,-0.61,-0.03,-9896.47,-98.96,297
1386,Entry short,2024-01-10 20:14,S1445,2029.668,1,2029.668,4.81,0.24,0.6,8.84,0.44,-0.61,-0.03,-9896.47,-98.96,297
1387,Exit short,2024-01-11 07:23,Opposite signal,2029.395,1,2027.71,-2.28,-0.11,0.6,0.09,0.00,-2.06,-0.10,-9898.75,-98.99,9
1387,Entry short,2024-01-11 07:14,S1446,2027.71,1,2027.71,-2.28,-0.11,0.6,0.09,0.00,-2.06,-0.10,-9898.75,-98.99,9
1388,Exit long,2024-01-11 08:46,Opposite signal,2028.9,1,2029.598,-1.3,-0.06,0.6,2.1,0.10,-1.01,-0.05,-9900.05,-99.00,75
1388,Entry long,2024-01-11 07:31,L1447,2029.598,1,2029.598,-1.3,-0.06,0.6,2.1,0.10,-1.01,-0.05,-9900.05,-99.00,75
1389,Exit short,2024-01-11 09:44,Opposite signal,2032.185,1,2028.965,-3.82,-0.19,0.6,0,0.00,-3.52,-0.17,-9903.87,-99.04,57
1389,Entry short,2024-01-11 08:47,S1448,2028.965,1,2028.965,-3.82,-0.19,0.6,0,0.00,-3.52,-0.17,-9903.87,-99.04,57
1390,Exit long,2024-01-11 13:33,Opposite signal,2033.205,1,2031.348,1.26,0.06,0.6,4.16,0.20,-0.48,-0.02,-9902.61,-99.03,224
1390,Entry long,2024-01-11 09:49,L1449,2031.348,1,2031.348,1.26,0.06,0.6,4.16,0.20,-0.48,-0.02,-9902.61,-99.03,224
1391,Exit short,2024-01-11 16:03,Opposite signal,2032.4,1,2033.62,0.62,0.03,0.6,3.06,0.15,-0.63,-0.03,-9902,-99.02,141
1391,Entry short,2024-01-11 13:42,S1450,2033.62,1,2033.62,0.62,0.03,0.6,3.06,0.15,-0.63,-0.03,-9902,-99.02,141
1392,Exit long,2024-01-11 17:42,Opposite signal,2033.37,1,2031.962,0.81,0.04,0.6,2.82,0.14,-0.81,-0.04,-9901.19,-99.01,97
1392,Entry long,2024-01-11 16:05,L1451,2031.962,1,2031.962,0.81,0.04,0.6,2.82,0.14,-0.81,-0.04,-9901.19,-99.01,97
1393,Exit short,2024-01-11 18:53,S1452 exit,2036.08,1,2033.54,-3.14,-0.15,0.6,1.56,0.08,-2.84,-0.14,-9904.33,-99.04,68
1393,Entry short,2024-01-11 17:45,S1452,2033.54,1,2033.54,-3.14,-0.15,0.6,1.56,0.08,-2.84,-0.14,-9904.33,-99.04,68
1394,Exit long,2024-01-11 19:00,L1453 exit,2030.68,1,2037.672,-7.59,-0.37,0.6,7.2,0.35,-7.29,-0.36,-9911.92,-99.12,5
1394,Entry long,2024-01-11 18:55,L1453,2037.672,1,2037.672,-7.59,-0.37,0.6,7.2,0.35,-7.29,-0.36,-9911.92,-99.12,5
1395,Exit short,2024-01-12 00:43,Opposite signal,2020.58,1,2031.68,10.5,0.52,0.6,17.99,0.89,-4.67,-0.23,-9901.42,-99.01,340
1395,Entry short,2024-01-11 19:03,S1454,2031.68,1,2031.68,10.5,0.52,0.6,17.99,0.89,-4.67,-0.23,-9901.42,-99.01,340
1396,Exit long,2024-01-12 09:36,Opposite signal,2033.215,1,2031.961,0.65,0.03,0.6,3.47,0.17,-0.93,-0.05,-9900.76,-99.01,172
1396,Entry long,2024-01-12 06:44,L1455,2031.961,1,2031.961,0.65,0.03,0.6,3.47,0.17,-0.93,-0.05,-9900.76,-99.01,172
1397,Exit short,2024-01-12 10:13,Opposite signal,2034.185,1,2033.285,-1.5,-0.07,0.6,0.08,0.00,-1.39,-0.07,-9902.26,-99.02,36
1397,Entry short,2024-01-12 09:37,S1456,2033.285,1,2033.285,-1.5,-0.07,0.6,0.08,0.00,-1.39,-0.07,-9902.26,-99.02,36
1398,Exit long,2024-01-12 10:54,Opposite signal,2034.315,1,2034.54,-0.82,-0.04,0.6,0.37,0.02,-0.53,-0.03,-9903.09,-99.03,24
1398,Entry long,2024-01-12 10:30,L1457,2034.54,1,2034.54,-0.82,-0.04,0.6,0.37,0.02,-0.53,-0.03,-9903.09,-99.03,24
1399,Exit short,2024-01-12 11:10,Opposite signal,2034.97,1,2034.345,-1.23,-0.06,0.6,0.26,0.01,-0.95,-0.05,-9904.31,-99.04,15
1399,Entry short,2024-01-12 10:55,S1458,2034.345,1,2034.345,-1.23,-0.06,0.6,0.26,0.01,-0.95,-0.05,-9904.31,-99.04,15
1400,Exit long,2024-01-12 16:15,L1459 exit,2043.375,1,2034.71,8.07,0.40,0.6,8.37,0.41,-0.76,-0.04,-9896.25,-98.96,304
1400,Entry long,2024-01-12 11:11,L1459,2034.71,1,2034.71,8.07,0.40,0.6,8.37,0.41,-0.76,-0.04,-9896.25,-98.96,304
1401,Exit short,2024-01-12 23:00,Weekend flat,2043.81,1,2053.82,9.41,0.46,0.6,10.75,0.52,-2.1,-0.10,-9886.84,-98.87,99
1401,Entry short,2024-01-12 21:21,S1460,2053.82,1,2053.82,9.41,0.46,0.6,10.75,0.52,-2.1,-0.10,-9886.84,-98.87,99
1402,Exit long,2024-01-15 09:34,Opposite signal,2055.96,1,2055.625,-0.26,-0.01,0.6,2.22,0.11,-0.38,-0.02,-9887.1,-98.87,69
1402,Entry long,2024-01-15 08:25,L1461,2055.625,1,2055.625,-0.26,-0.01,0.6,2.22,0.11,-0.38,-0.02,-9887.1,-98.87,69
1403,Exit short,2024-01-15 11:05,Opposite signal,2055.045,1,2055.944,0.3,0.01,0.6,2.6,0.13,-0.32,-0.02,-9886.81,-98.87,87
1403,Entry short,2024-01-15 09:38,S1462,2055.944,1,2055.944,0.3,0.01,0.6,2.6,0.13,-0.32,-0.02,-9886.81,-98.87,87
1404,Exit long,2024-01-15 13:05,Opposite signal,2053.89,1,2054.875,-1.58,-0.08,0.6,1.91,0.09,-2.25,-0.11,-9888.39,-98.88,118
1404,Entry long,2024-01-15 11:07,L1463,2054.875,1,2054.875,-1.58,-0.08,0.6,1.91,0.09,-2.25,-0.11,-9888.39,-98.88,118
1405,Exit short,2024-01-15 14:11,Opposite signal,2057.54,1,2054.725,-3.41,-0.17,0.6,1.38,0.07,-3.11,-0.15,-9891.81,-98.92,65
1405,Entry short,2024-01-15 13:06,S1464,2054.725,1,2054.725,-3.41,-0.17,0.6,1.38,0.07,-3.11,-0.15,-9891.81,-98.92,65
1406,Exit long,2024-01-15 15:58,Opposite signal,2052.875,1,2057.08,-4.8,-0.23,0.6,0,0.00,-4.68,-0.23,-9896.61,-98.97,93
1406,Entry long,2024-01-15 14:25,L1465,2057.08,1,2057.08,-4.8,-0.23,0.6,0,0.00,-4.68,-0.23,-9896.61,-98.97,93
1407,Exit short,2024-01-15 18:49,Opposite signal,2053.91,1,2053.803,-0.71,-0.03,0.6,2.08,0.10,-0.54,-0.03,-9897.32,-98.97,168
1407,Entry short,2024-01-15 16:01,S1466,2053.803,1,2053.803,-0.71,-0.03,0.6,2.08,0.10,-0.54,-0.03,-9897.32,-98.97,168
1408,Exit long,2024-01-15 20:32,Opposite signal,2051.21,1,2053.895,-3.28,-0.16,0.6,0.27,0.01,-3.03,-0.15,-9900.6,-99.01,102
1408,Entry long,2024-01-15 18:50,L1467,2053.895,1,2053.895,-3.28,-0.16,0.6,0.27,0.01,-3.03,-0.15,-9900.6,-99.01,102
1409,Exit short,2024-01-15 21:02,Opposite signal,2052.14,1,2051.319,-1.42,-0.07,0.6,1.7,0.08,-1.21,-0.06,-9902.02,-99.02,26
1409,Entry short,2024-01-15 20:36,S1468,2051.319,1,2051.319,-1.42,-0.07,0.6,1.7,0.08,-1.21,-0.06,-9902.02,-99.02,26
1410,Exit long,2024-01-16 04:34,Time flat,2054.78,1,2051.86,2.32,0.11,0.6,4.25,0.21,-0.63,-0.03,-9899.7,-99.00,231
1410,Entry long,2024-01-15 21:06,L1469,2051.86,1,2051.86,2.32,0.11,0.6,4.25,0.21,-0.63,-0.03,-9899.7,-99.00,231
1411,Exit long,2024-01-16 09:06,Opposite signal,2049.995,1,2052.51,-3.11,-0.15,0.6,0.58,0.03,-3.01,-0.15,-9902.82,-99.03,122
1411,Entry long,2024-01-16 07:04,L1470,2052.51,1,2052.51,-3.11,-0.15,0.6,0.58,0.03,-3.01,-0.15,-9902.82,-99.03,122
1412,Exit short,2024-01-16 11:28,Opposite signal,2049.395,1,2049.689,-0.31,-0.01,0.6,1.77,0.09,-0.72,-0.04,-9903.12,-99.03,127
1412,Entry short,2024-01-16 09:21,S1471,2049.689,1,2049.689,-0.31,-0.01,0.6,1.77,0.09,-0.72,-0.04,-9903.12,-99.03,127
1413,Exit long,2024-01-16 12:51,Opposite signal,2048.67,1,2049.005,-0.93,-0.05,0.6,1.67,0.08,-1.87,-0.09,-9904.06,-99.04,82
1413,Entry long,2024-01-16 11:29,L1472,2049.005,1,2049.005,-0.93,-0.05,0.6,1.67,0.08,-1.87,-0.09,-9904.06,-99.04,82
1414,Exit short,2024-01-16 17:43,S1473 exit,2036.69,1,2048.87,11.58,0.57,0.6,11.88,0.58,-2.06,-0.10,-9892.48,-98.92,291
1414,Entry short,2024-01-16 12:52,S1473,2048.87,1,2048.87,11.58,0.57,0.6,11.88,0.58,-2.06,-0.10,-9892.48,-98.92,291
1415,Exit long,2024-01-16 22:36,L1474 exit,2030.43,1,2040.03,-10.2,-0.50,0.6,2.29,0.11,-9.9,-0.49,-9902.68,-99.03,199
1415,Entry long,2024-01-16 19:17,L1474,2040.03,1,2040.03,-10.2,-0.50,0.6,2.29,0.11,-9.9,-0.49,-9902.68,-99.03,199
1416,Exit short,2024-01-17 13:12,Opposite signal,2021.99,1,2028.54,5.95,0.29,0.6,10.55,0.52,-1.24,-0.06,-9896.73,-98.97,300
1416,Entry short,2024-01-17 08:12,S1476,2028.54,1,2028.54,5.95,0.29,0.6,10.55,0.52,-1.24,-0.06,-9896.73,-98.97,300
1417,Exit long,2024-01-17 18:57,Opposite signal,2023.745,1,2021.775,1.37,0.07,0.6,6.99,0.35,-2.99,-0.15,-9895.36,-98.95,276
1417,Entry long,2024-01-17 14:21,L1477,2021.775,1,2021.775,1.37,0.07,0.6,6.99,0.35,-2.99,-0.15,-9895.36,-98.95,276
1418,Exit short,2024-01-17 21:02,S1478 exit,2006.98,1,2025.01,17.43,0.86,0.6,17.73,0.88,-0.94,-0.05,-9877.93,-98.78,123
1418,Entry short,2024-01-17 18:59,S1478,2025.01,1,2025.01,17.43,0.86,0.6,17.73,0.88,-0.94,-0.05,-9877.93,-98.78,123
1419,Exit short,2024-01-18 11:28,Opposite signal,2009.33,1,2009.41,-0.52,-0.03,0.6,0,0.00,-0.31,-0.02,-9878.45,-98.78,1
1419,Entry short,2024-01-18 11:27,S1479,2009.41,1,2009.41,-0.52,-0.03,0.6,0,0.00,-0.31,-0.02,-9878.45,-98.78,1
1420,Exit long,2024-01-18 12:58,Opposite signal,2011.155,1,2011.223,-0.67,-0.03,0.6,2.68,0.13,-0.38,-0.02,-9879.12,-98.79,39
1420,Entry long,2024-01-18 12:19,L1480,2011.223,1,2011.223,-0.67,-0.03,0.6,2.68,0.13,-0.38,-0.02,-9879.12,-98.79,39
1421,Exit short,2024-01-18 15:03,Opposite signal,2012.44,1,2011.54,-1.5,-0.07,0.6,3.01,0.15,-2.83,-0.14,-9880.62,-98.81,124
1421,Entry short,2024-01-18 12:59,S1481,2011.54,1,2011.54,-1.5,-0.07,0.6,3.01,0.15,-2.83,-0.14,-9880.62,-98.81,124
1422,Exit long,2024-01-18 18:32,Opposite signal,2013.945,1,2011.841,1.5,0.07,0.6,5.16,0.26,-2.86,-0.14,-9879.11,-98.79,200
1422,Entry long,2024-01-18 15:12,L1482,2011.841,1,2011.841,1.5,0.07,0.6,5.16,0.26,-2.86,-0.14,-9879.11,-98.79,200
1423,Exit short,2024-01-18 21:01,Opposite signal,2014.63,1,2014.225,-1,-0.05,0.6,6.43,0.32,-0.81,-0.04,-9880.12,-98.80,138
1423,Entry short,2024-01-18 18:43,S1483,2014.225,1,2014.225,-1,-0.05,0.6,6.43,0.32,-0.81,-0.04,-9880.12,-98.80,138
1424,Exit long,2024-01-19 02:00,Time flat,2021.285,1,2013.676,7.01,0.35,0.6,7.31,0.36,-0.85,-0.04,-9873.11,-98.73,283
1424,Entry long,2024-01-18 21:17,L1484,2013.676,1,2013.676,7.01,0.35,0.6,7.31,0.36,-0.85,-0.04,-9873.11,-98.73,283
1425,Exit long,2024-01-19 09:50,Opposite signal,2021.185,1,2024.54,-3.95,-0.20,0.6,0.3,0.01,-3.73,-0.18,-9877.06,-98.77,154
1425,Entry long,2024-01-19 07:16,L1485,2024.54,1,2024.54,-3.95,-0.20,0.6,0.3,0.01,-3.73,-0.18,-9877.06,-98.77,154
1426,Exit short,2024-01-19 12:53,Opposite signal,2025.645,1,2021.27,-4.97,-0.25,0.6,0.5,0.02,-4.69,-0.23,-9882.04,-98.82,182
1426,Entry short,2024-01-19 09:51,S1486,2021.27,1,2021.27,-4.97,-0.25,0.6,0.5,0.02,-4.69,-0.23,-9882.04,-98.82,182
1427,Exit long,2024-01-19 14:42,Opposite signal,2029.265,1,2027.42,1.25,0.06,0.6,3.18,0.16,-1.45,-0.07,-9880.79,-98.81,72
1427,Entry long,2024-01-19 13:30,L1487,2027.42,1,2027.42,1.25,0.06,0.6,3.18,0.16,-1.45,-0.07,-9880.79,-98.81,72
1428,Exit short,2024-01-19 15:36,Opposite signal,2030.465,1,2029.465,-1.6,-0.08,0.6,1.49,0.07,-1.31,-0.06,-9882.39,-98.82,53
1428,Entry short,2024-01-19 14:43,S1488,2029.465,1,2029.465,-1.6,-0.08,0.6,1.49,0.07,-1.31,-0.06,-9882.39,-98.82,53
1429,Exit long,2024-01-19 15:59,Opposite signal,2030.02,1,2030.646,-1.23,-0.06,0.6,0,0.00,-1.01,-0.05,-9883.62,-98.84,11
1429,Entry long,2024-01-19 15:48,L1489,2030.646,1,2030.646,-1.23,-0.06,0.6,0,0.00,-1.01,-0.05,-9883.62,-98.84,11
1430,Exit short,2024-01-19 16:26,Opposite signal,2030.885,1,2030.08,-1.4,-0.07,0.6,0,0.00,-1.19,-0.06,-9885.03,-98.85,9
1430,Entry short,2024-01-19 16:17,S1490,2030.08,1,2030.08,-1.4,-0.07,0.6,0,0.00,-1.19,-0.06,-9885.03,-98.85,9
1431,Exit long,2024-01-19 16:44,Opposite signal,2030.2,1,2030.493,-0.89,-0.04,0.6,0.94,0.05,-0.68,-0.03,-9885.92,-98.86,15
1431,Entry long,2024-01-19 16:29,L1491,2030.493,1,2030.493,-0.89,-0.04,0.6,0.94,0.05,-0.68,-0.03,-9885.92,-98.86,15
1432,Exit short,2024-01-19 17:13,Opposite signal,2031.84,1,2030.335,-2.1,-0.10,0.6,1.24,0.06,-1.81,-0.09,-9888.02,-98.88,28
1432,Entry short,2024-01-19 16:45,S1492,2030.335,1,2030.335,-2.1,-0.10,0.6,1.24,0.06,-1.81,-0.09,-9888.02,-98.88,28
1433,Exit long,2024-01-19 19:12,Opposite signal,2036.065,1,2031.247,4.22,0.21,0.6,7.87,0.39,-0.36,-0.02,-9883.81,-98.84,111
1433,Entry long,2024-01-19 17:21,L1493,2031.247,1,2031.247,4.22,0.21,0.6,7.87,0.39,-0.36,-0.02,-9883.81,-98.84,111
1434,Exit long,2024-01-22 18:42,Opposite signal,2026.965,1,2024.537,1.83,0.09,0.6,5.34,0.26,-4.35,-0.21,-9881.98,-98.82,281
1434,Entry long,2024-01-22 14:01,L1495,2024.537,1,2024.537,1.83,0.09,0.6,5.34,0.26,-4.35,-0.21,-9881.98,-98.82,281
1435,Exit long,2024-01-22 23:59,Opposite signal,2020.385,1,2022.151,-2.37,-0.12,0.6,4.16,0.21,-2.26,-0.11,-9884.34,-98.84,209
1435,Entry long,2024-01-22 20:30,L1497,2022.151,1,2022.151,-2.37,-0.12,0.6,4.16,0.21,-2.26,-0.11,-9884.34,-98.84,209
1436,Exit short,2024-01-23 08:06,Opposite signal,2023.39,1,2020.575,-3.41,-0.17,0.6,0.56,0.03,-3.17,-0.16,-9887.76,-98.88,69
1436,Entry short,2024-01-23 06:57,S1498,2020.575,1,2020.575,-3.41,-0.17,0.6,0.56,0.03,-3.17,-0.16,-9887.76,-98.88,69
1437,Exit long,2024-01-23 11:40,Opposite signal,2029.56,1,2023.106,5.85,0.29,0.6,8.34,0.41,-1.62,-0.08,-9881.91,-98.82,203
1437,Entry long,2024-01-23 08:17,L1499,2023.106,1,2023.106,5.85,0.29,0.6,8.34,0.41,-1.62,-0.08,-9881.91,-98.82,203
1438,Exit short,2024-01-23 12:21,Opposite signal,2031.765,1,2029.78,-2.58,-0.13,0.6,0.11,0.01,-2.43,-0.12,-9884.49,-98.84,39
1438,Entry short,2024-01-23 11:42,S1500,2029.78,1,2029.78,-2.58,-0.13,0.6,0.11,0.01,-2.43,-0.12,-9884.49,-98.84,39
1439,Exit long,2024-01-23 12:58,Opposite signal,2028.93,1,2035.77,-7.44,-0.37,0.6,0,0.00,-7.19,-0.35,-9891.93,-98.92,19
1439,Entry long,2024-01-23 12:39,L1501,2035.77,1,2035.77,-7.44,-0.37,0.6,0,0.00,-7.19,-0.35,-9891.93,-98.92,19
1440,Exit short,2024-01-23 16:43,Opposite signal,2025.795,1,2029.295,2.9,0.14,0.6,5.32,0.26,-3.25,-0.16,-9889.03,-98.89,224
1440,Entry short,2024-01-23 12:59,S1502,2029.295,1,2029.295,2.9,0.14,0.6,5.32,0.26,-3.25,-0.16,-9889.03,-98.89,224
1441,Exit long,2024-01-23 16:56,Opposite signal,2023.57,1,2025.625,-2.65,-0.13,0.6,0,0.00,-2.5,-0.12,-9891.68,-98.92,11
1441,Entry long,2024-01-23 16:45,L1503,2025.625,1,2025.625,-2.65,-0.13,0.6,0,0.00,-2.5,-0.12,-9891.68,-98.92,11
1442,Exit short,2024-01-23 18:25,Opposite signal,2026.52,1,2023.675,-3.44,-0.17,0.6,0.84,0.04,-3.15,-0.16,-9895.13,-98.95,85
1442,Entry short,2024-01-23 17:00,S1504,2023.675,1,2023.675,-3.44,-0.17,0.6,0.84,0.04,-3.15,-0.16,-9895.13,-98.95,85
1443,Exit long,2024-01-23 18:41,Opposite signal,2025.47,1,2025.891,-1.02,-0.05,0.6,1.22,0.06,-0.8,-0.04,-9896.15,-98.96,12
1443,Entry long,2024-01-23 18:29,L1505,2025.891,1,2025.891,-1.02,-0.05,0.6,1.22,0.06,-0.8,-0.04,-9896.15,-98.96,12
1444,Exit short,2024-01-23 18:51,Opposite signal,2027.94,1,2026.105,-2.43,-0.12,0.6,0.13,0.01,-2.21,-0.11,-9898.59,-98.99,9
1444,Entry short,2024-01-23 18:42,S1506,2026.105,1,2026.105,-2.43,-0.12,0.6,0.13,0.01,-2.21,-0.11,-9898.59,-98.99,9
1445,Exit long,2024-01-23 19:12,Opposite signal,2026.015,1,2027.408,-1.99,-0.10,0.6,2.84,0.14,-1.71,-0.08,-9900.58,-99.01,18
1445,Entry long,2024-01-23 18:54,L1507,2027.408,1,2027.408,-1.99,-0.10,0.6,2.84,0.14,-1.71,-0.08,-9900.58,-99.01,18
1446,Exit short,2024-01-23 21:23,Opposite signal,2026.395,1,2026.335,-0.66,-0.03,0.6,4.56,0.23,-0.76,-0.04,-9901.24,-99.01,130
1446,Entry short,2024-01-23 19:13,S1508,2026.335,1,2026.335,-0.66,-0.03,0.6,4.56,0.23,-0.76,-0.04,-9901.24,-99.01,130
1447,Exit long,2024-01-23 21:56,Opposite signal,2024.795,1,2025.487,-1.29,-0.06,0.6,2.02,0.10,-1.1,-0.05,-9902.53,-99.03,30
1447,Entry long,2024-01-23 21:26,L1509,2025.487,1,2025.487,-1.29,-0.06,0.6,2.02,0.10,-1.1,-0.05,-9902.53,-99.03,30
1448,Exit short,2024-01-24 00:44,Opposite signal,2026.585,1,2025.03,-2.15,-0.11,0.6,2,0.10,-1.91,-0.09,-9904.69,-99.05,167
1448,Entry short,2024-01-23 21:57,S1510,2025.03,1,2025.03,-2.15,-0.11,0.6,2,0.10,-1.91,-0.09,-9904.69,-99.05,167
1449,Exit short,2024-01-24 06:23,Opposite signal,2027.765,1,2027.515,-0.85,-0.04,0.6,0.16,0.01,-0.55,-0.03,-9905.54,-99.06,16
1449,Entry short,2024-01-24 06:07,S1511,2027.515,1,2027.515,-0.85,-0.04,0.6,0.16,0.01,-0.55,-0.03,-9905.54,-99.06,16
1450,Exit long,2024-01-24 06:38,Opposite signal,2027.05,1,2027.776,-1.33,-0.07,0.6,0.06,0.00,-1.07,-0.05,-9906.86,-99.07,14
1450,Entry long,2024-01-24 06:24,L1512,2027.776,1,2027.776,-1.33,-0.07,0.6,0.06,0.00,-1.07,-0.05,-9906.86,-99.07,14
1451,Exit short,2024-01-24 06:46,Opposite signal,2028.8,1,2027.06,-2.34,-0.12,0.6,0,0.00,-2.04,-0.10,-9909.2,-99.09,7
1451,Entry short,2024-01-24 06:39,S1513,2027.06,1,2027.06,-2.34,-0.12,0.6,0,0.00,-2.04,-0.10,-9909.2,-99.09,7
1452,Exit long,2024-01-24 07:16,Opposite signal,2026.815,1,2028.501,-2.29,-0.11,0.6,0.21,0.01,-2.09,-0.10,-9911.49,-99.11,29
1452,Entry long,2024-01-24 06:47,L1514,2028.501,1,2028.501,-2.29,-0.11,0.6,0.21,0.01,-2.09,-0.10,-9911.49,-99.11,29
1453,Exit short,2024-01-24 11:12,Opposite signal,2024.795,1,2026.84,1.45,0.07,0.6,3.65,0.18,-1.63,-0.08,-9910.04,-99.10,235
1453,Entry short,2024-01-24 07:17,S1515,2026.84,1,2026.84,1.45,0.07,0.6,3.65,0.18,-1.63,-0.08,-9910.04,-99.10,235
1454,Exit long,2024-01-24 13:59,Opposite signal,2028.395,1,2024.566,3.23,0.16,0.6,7.06,0.35,-1.13,-0.06,-9906.81,-99.07,166
1454,Entry long,2024-01-24 11:13,L1516,2024.566,1,2024.566,3.23,0.16,0.6,7.06,0.35,-1.13,-0.06,-9906.81,-99.07,166
1455,Exit short,2024-01-24 14:39,Opposite signal,2032.45,1,2029.265,-3.78,-0.19,0.6,0,0.00,-3.63,-0.18,-9910.6,-99.11,39
1455,Entry short,2024-01-24 14:00,S1517,2029.265,1,2029.265,-3.78,-0.19,0.6,0,0.00,-3.63,-0.18,-9910.6,-99.11,39
1456,Exit long,2024-01-24 15:18,Opposite signal,2031.46,1,2032.173,-1.31,-0.06,0.6,1.73,0.09,-1.01,-0.05,-9911.91,-99.12,33
1456,Entry long,2024-01-24 14:45,L1518,2032.173,1,2032.173,-1.31,-0.06,0.6,1.73,0.09,-1.01,-0.05,-9911.91,-99.12,33
1457,Exit short,2024-01-24 16:21,Opposite signal,2031.125,1,2031.715,-0.01,0.00,0.6,2.07,0.10,-1,-0.05,-9911.92,-99.12,62
1457,Entry short,2024-01-24 15:19,S1519,2031.715,1,2031.715,-0.01,0.00,0.6,2.07,0.10,-1,-0.05,-9911.92,-99.12,62
1458,Exit long,2024-01-24 19:37,Opposite signal,2032.02,1,2031.041,0.38,0.02,0.6,5.39,0.27,-0.42,-0.02,-9911.54,-99.12,195
1458,Entry long,2024-01-24 16:22,L1520,2031.041,1,2031.041,0.38,0.02,0.6,5.39,0.27,-0.42,-0.02,-9911.54,-99.12,195
1459,Exit short,2024-01-24 21:40,S1521 exit,2012.255,1,2032.46,19.61,0.96,0.6,19.91,0.98,-2.31,-0.11,-9891.94,-98.92,122
1459,Entry short,2024-01-24 19:38,S1521,2032.46,1,2032.46,19.61,0.96,0.6,19.91,0.98,-2.31,-0.11,-9891.94,-98.92,122
1460,Exit long,2024-01-25 21:56,Opposite signal,2016.415,1,2019.72,-3.9,-0.19,0.6,5.3,0.26,-3.77,-0.19,-9895.84,-98.96,165
1460,Entry long,2024-01-25 19:11,L1522,2019.72,1,2019.72,-3.9,-0.19,0.6,5.3,0.26,-3.77,-0.19,-9895.84,-98.96,165
1461,Exit short,2024-01-25 23:55,Opposite signal,2017.455,1,2016.715,-1.34,-0.07,0.6,3.87,0.19,-1.04,-0.05,-9897.18,-98.97,111
1461,Entry short,2024-01-25 22:04,S1523,2016.715,1,2016.715,-1.34,-0.07,0.6,3.87,0.19,-1.04,-0.05,-9897.18,-98.97,111
1462,Exit short,2024-01-29 17:34,Opposite signal,2028.91,1,2030.655,1.15,0.06,0.6,4.8,0.24,-0.91,-0.05,-9896.04,-98.96,175
1462,Entry short,2024-01-29 14:39,S1524,2030.655,1,2030.655,1.15,0.06,0.6,4.8,0.24,-0.91,-0.05,-9896.04,-98.96,175
1463,Exit long,2024-01-29 19:48,Opposite signal,2034.825,1,2029.155,5.07,0.25,0.6,8.15,0.40,-1.66,-0.08,-9890.97,-98.91,101
1463,Entry long,2024-01-29 18:07,L1525,2029.155,1,2029.155,5.07,0.25,0.6,8.15,0.40,-1.66,-0.08,-9890.97,-98.91,101
1464,Exit short,2024-01-29 20:15,S1526 exit,2023.25,1,2035.49,11.64,0.57,0.6,11.94,0.59,-0.55,-0.03,-9879.33,-98.79,26
1464,Entry short,2024-01-29 19:49,S1526,2035.49,1,2035.49,11.64,0.57,0.6,11.94,0.59,-0.55,-0.03,-9879.33,-98.79,26
1465,Exit long,2024-01-29 23:52,Opposite signal,2025.95,1,2025.391,-0.04,0.00,0.6,5.46,0.27,-1.57,-0.08,-9879.37,-98.79,137
1465,Entry long,2024-01-29 21:35,L1527,2025.391,1,2025.391,-0.04,0.00,0.6,5.46,0.27,-1.57,-0.08,-9879.37,-98.79,137
1466,Exit short,2024-01-30 19:40,Opposite signal,2040.83,1,2033.655,-7.77,-0.38,0.6,0.23,0.01,-7.61,-0.37,-9887.14,-98.87,153
1466,Entry short,2024-01-30 17:07,S1528,2033.655,1,2033.655,-7.77,-0.38,0.6,0.23,0.01,-7.61,-0.37,-9887.14,-98.87,153
1467,Exit long,2024-01-30 20:52,L1529 exit,2030.37,1,2044.315,-14.54,-0.71,0.6,0.1,0.00,-14.24,-0.70,-9901.69,-99.02,22
1467,Entry long,2024-01-30 20:30,L1529,2044.315,1,2044.315,-14.54,-0.71,0.6,0.1,0.00,-14.24,-0.70,-9901.69,-99.02,22
1468,Exit short,2024-01-31 02:00,Time flat,2036.6,1,2031.37,-5.83,-0.29,0.6,1.97,0.10,-6.06,-0.30,-9907.52,-99.08,307
1468,Entry short,2024-01-30 20:53,S1530,2031.37,1,2031.37,-5.83,-0.29,0.6,1.97,0.10,-6.06,-0.30,-9907.52,-99.08,307
1469,Exit long,2024-01-31 21:35,Opposite signal,2049.9,1,2054.608,-5.31,-0.26,0.6,0.16,0.01,-5.04,-0.25,-9912.83,-99.13,48
1469,Entry long,2024-01-31 20:47,L1531,2054.608,1,2054.608,-5.31,-0.26,0.6,0.16,0.01,-5.04,-0.25,-9912.83,-99.13,48
1470,Exit short,2024-02-01 01:12,Opposite signal,2048.53,1,2050.51,1.38,0.07,0.6,10.73,0.52,-1.29,-0.06,-9911.45,-99.11,201
1470,Entry short,2024-01-31 21:51,S1532,2050.51,1,2050.51,1.38,0.07,0.6,10.73,0.52,-1.29,-0.06,-9911.45,-99.11,201
1471,Exit long,2024-02-01 22:30,Opposite signal,2059.44,1,2045.703,13.14,0.64,0.6,19.53,0.95,-5.74,-0.28,-9898.31,-98.98,120
1471,Entry long,2024-02-01 20:30,L1533,2045.703,1,2045.703,13.14,0.64,0.6,19.53,0.95,-5.74,-0.28,-9898.31,-98.98,120
1472,Exit short,2024-02-02 02:00,Time flat,2055.095,1,2060.592,4.9,0.24,0.6,8.98,0.44,-2.22,-0.11,-9893.41,-98.93,209
1472,Entry short,2024-02-01 22:31,S1534,2060.592,1,2060.592,4.9,0.24,0.6,8.98,0.44,-2.22,-0.11,-9893.41,-98.93,209
1473,Exit long,2024-02-05 17:49,Opposite signal,2025.55,1,2024.275,0.68,0.03,0.6,3.85,0.19,-0.44,-0.02,-9892.74,-98.93,108
1473,Entry long,2024-02-05 16:01,L1535,2024.275,1,2024.275,0.68,0.03,0.6,3.85,0.19,-0.44,-0.02,-9892.74,-98.93,108
1474,Exit short,2024-02-05 19:23,S1536 exit,2015.33,1,2024.552,8.62,0.43,0.6,8.92,0.44,-0.73,-0.04,-9884.12,-98.84,81
1474,Entry short,2024-02-05 18:02,S1536,2024.552,1,2024.552,8.62,0.43,0.6,8.92,0.44,-0.73,-0.04,-9884.12,-98.84,81
1475,Exit long,2024-02-06 00:31,Opposite signal,2025.3,1,2019.42,5.28,0.26,0.6,7.43,0.37,-4.12,-0.20,-9878.84,-98.79,241
1475,Entry long,2024-02-05 20:30,L1537,2019.42,1,2019.42,5.28,0.26,0.6,7.43,0.37,-4.12,-0.20,-9878.84,-98.79,241
1476,Exit short,2024-02-06 10:32,Opposite signal,2026.74,1,2027.044,-0.3,-0.01,0.6,3.2,0.16,-1.08,-0.05,-9879.13,-98.79,197
1476,Entry short,2024-02-06 07:15,S1538,2027.044,1,2027.044,-0.3,-0.01,0.6,3.2,0.16,-1.08,-0.05,-9879.13,-98.79,197
1477,Exit long,2024-02-06 13:35,Opposite signal,2025.775,1,2026.71,-1.53,-0.08,0.6,2.85,0.14,-1.32,-0.07,-9880.67,-98.81,182
1477,Entry long,2024-02-06 10:33,L1539,2026.71,1,2026.71,-1.53,-0.08,0.6,2.85,0.14,-1.32,-0.07,-9880.67,-98.81,182
1478,Exit short,2024-02-06 17:04,Opposite signal,2026.675,1,2026.248,-1.03,-0.05,0.6,2.97,0.15,-0.8,-0.04,-9881.69,-98.82,189
1478,Entry short,2024-02-06 13:55,S1540,2026.248,1,2026.248,-1.03,-0.05,0.6,2.97,0.15,-0.8,-0.04,-9881.69,-98.82,189
1479,Exit long,2024-02-06 22:46,Opposite signal,2035.25,1,2026.42,8.23,0.41,0.6,12.23,0.60,-2.15,-0.11,-9873.46,-98.73,335
1479,Entry long,2024-02-06 17:11,L1541,2026.42,1,2026.42,8.23,0.41,0.6,12.23,0.60,-2.15,-0.11,-9873.46,-98.73,335
1480,Exit short,2024-02-06 23:15,Opposite signal,2036.965,1,2036.163,-1.4,-0.07,0.6,3.69,0.18,-1.1,-0.05,-9874.87,-98.75,23
1480,Entry short,2024-02-06 22:52,S1542,2036.163,1,2036.163,-1.4,-0.07,0.6,3.69,0.18,-1.1,-0.05,-9874.87,-98.75,23
1481,Exit short,2024-02-07 19:07,Opposite signal,2036.32,1,2033.09,-3.83,-0.19,0.6,2.15,0.11,-3.86,-0.19,-9878.7,-98.79,293
1481,Entry short,2024-02-07 14:14,S1543,2033.09,1,2033.09,-3.83,-0.19,0.6,2.15,0.11,-3.86,-0.19,-9878.7,-98.79,293
1482,Exit long,2024-02-07 20:01,Opposite signal,2033.715,1,2035.64,-2.52,-0.12,0.6,2.17,0.11,-2.73,-0.13,-9881.22,-98.81,53
1482,Entry long,2024-02-07 19:08,L1544,2035.64,1,2035.64,-2.52,-0.12,0.6,2.17,0.11,-2.73,-0.13,-9881.22,-98.81,53
1483,Exit short,2024-02-07 20:13,S1545 exit,2039.11,1,2034.079,-5.63,-0.28,0.6,0.82,0.04,-5.33,-0.26,-9886.85,-98.87,11
1483,Entry short,2024-02-07 20:02,S1545,2034.079,1,2034.079,-5.63,-0.28,0.6,0.82,0.04,-5.33,-0.26,-9886.85,-98.87,11
1484,Exit long,2024-02-08 02:00,Time flat,2035.345,1,2038.11,-3.36,-0.17,0.6,2.88,0.14,-4.35,-0.21,-9890.22,-98.90,315
1484,Entry long,2024-02-07 20:45,L1546,2038.11,1,2038.11,-3.36,-0.17,0.6,2.88,0.14,-4.35,-0.21,-9890.22,-98.90,315
1485,Exit short,2024-02-08 12:19,Opposite signal,2034.295,1,2031.943,-2.95,-0.15,0.6,0,0.00,-2.66,-0.13,-9893.17,-98.93,102
1485,Entry short,2024-02-08 10:37,S1547,2031.943,1,2031.943,-2.95,-0.15,0.6,0,0.00,-2.66,-0.13,-9893.17,-98.93,102
1486,Exit long,2024-02-08 13:12,Opposite signal,2032.555,1,2033.815,-1.86,-0.09,0.6,1.08,0.05,-1.6,-0.08,-9895.03,-98.95,52
1486,Entry long,2024-02-08 12:20,L1548,2033.815,1,2033.815,-1.86,-0.09,0.6,1.08,0.05,-1.6,-0.08,-9895.03,-98.95,52
1487,Exit short,2024-02-08 15:12,Opposite signal,2032.465,1,2032.552,-0.51,-0.03,0.6,3.27,0.16,-1.16,-0.06,-9895.54,-98.96,112
1487,Entry short,2024-02-08 13:20,S1549,2032.552,1,2032.552,-0.51,-0.03,0.6,3.27,0.16,-1.16,-0.06,-9895.54,-98.96,112
1488,Exit short,2024-02-08 18:47,Opposite signal,2025.535,1,2026.419,0.28,0.01,0.6,2.87,0.14,-0.31,-0.02,-9895.26,-98.95,45
1488,Entry short,2024-02-08 18:02,S1551,2026.419,1,2026.419,0.28,0.01,0.6,2.87,0.14,-0.31,-0.02,-9895.26,-98.95,45
1489,Exit long,2024-02-08 19:01,L1552 exit,2022.25,1,2025.505,-3.85,-0.19,0.6,0.73,0.04,-3.55,-0.18,-9899.11,-98.99,12
1489,Entry long,2024-02-08 18:49,L1552,2025.505,1,2025.505,-3.85,-0.19,0.6,0.73,0.04,-3.55,-0.18,-9899.11,-98.99,12
1490,Exit short,2024-02-08 19:57,Opposite signal,2027.345,1,2023.002,-4.94,-0.24,0.6,2.45,0.12,-4.74,-0.23,-9904.06,-99.04,55
1490,Entry short,2024-02-08 19:02,S1553,2023.002,1,2023.002,-4.94,-0.24,0.6,2.45,0.12,-4.74,-0.23,-9904.06,-99.04,55
1491,Exit short,2024-02-09 19:03,S1555 exit,2036.36,1,2028.07,-8.89,-0.44,0.6,0,0.00,-8.59,-0.42,-9912.95,-99.13,3
1491,Entry short,2024-02-09 19:00,S1555,2028.07,1,2028.07,-8.89,-0.44,0.6,0,0.00,-8.59,-0.42,-9912.95,-99.13,3
1492,Exit long,2024-02-09 20:55,Opposite signal,2022.97,1,2026.42,-4.05,-0.20,0.6,0,0.00,-4,-0.20,-9917,-99.17,11
1492,Entry long,2024-02-09 20:44,L1556,2026.42,1,2026.42,-4.05,-0.20,0.6,0,0.00,-4,-0.20,-9917,-99.17,11
1493,Exit short,2024-02-09 23:00,Weekend flat,2022.175,1,2023.615,0.84,0.04,0.6,2.97,0.15,-1.88,-0.09,-9916.16,-99.16,124
1493,Entry short,2024-02-09 20:56,S1557,2023.615,1,2023.615,0.84,0.04,0.6,2.97,0.15,-1.88,-0.09,-9916.16,-99.16,124
1494,Exit short,2024-02-12 09:16,Opposite signal,2022.76,1,2022.524,-0.84,-0.04,0.6,0.29,0.01,-0.65,-0.03,-9916.99,-99.17,50
1494,Entry short,2024-02-12 08:26,S1558,2022.524,1,2022.524,-0.84,-0.04,0.6,0.29,0.01,-0.65,-0.03,-9916.99,-99.17,50
1495,Exit long,2024-02-12 12:16,Opposite signal,2023.895,1,2022.745,0.55,0.03,0.6,1.78,0.09,-0.42,-0.02,-9916.44,-99.16,179
1495,Entry long,2024-02-12 09:17,L1559,2022.745,1,2022.745,0.55,0.03,0.6,1.78,0.09,-0.42,-0.02,-9916.44,-99.16,179
1496,Exit short,2024-02-12 12:58,Opposite signal,2024.805,1,2024.048,-1.36,-0.07,0.6,0.64,0.03,-1.12,-0.06,-9917.8,-99.18,40
1496,Entry short,2024-02-12 12:18,S1560,2024.048,1,2024.048,-1.36,-0.07,0.6,0.64,0.03,-1.12,-0.06,-9917.8,-99.18,40
1497,Exit long,2024-02-12 14:17,Opposite signal,2024.855,1,2024.39,-0.13,-0.01,0.6,2.64,0.13,-0.71,-0.04,-9917.93,-99.18,78
1497,Entry long,2024-02-12 12:59,L1561,2024.39,1,2024.39,-0.13,-0.01,0.6,2.64,0.13,-0.71,-0.04,-9917.93,-99.18,78
1498,Exit short,2024-02-12 15:57,Opposite signal,2020.845,1,2022.755,1.31,0.06,0.6,2.39,0.12,-1,-0.05,-9916.62,-99.17,69
1498,Entry short,2024-02-12 14:48,S1562,2022.755,1,2022.755,1.31,0.06,0.6,2.39,0.12,-1,-0.05,-9916.62,-99.17,69
1499,Exit long,2024-02-12 16:37,Opposite signal,2020.355,1,2020.655,-0.9,-0.04,0.6,0.48,0.02,-0.72,-0.04,-9917.52,-99.18,37
1499,Entry long,2024-02-12 16:00,L1563,2020.655,1,2020.655,-0.9,-0.04,0.6,0.48,0.02,-0.72,-0.04,-9917.52,-99.18,37
1500,Exit short,2024-02-12 16:53,Opposite signal,2021.66,1,2020.75,-1.51,-0.07,0.6,0,0.00,-1.37,-0.07,-9919.03,-99.19,15
1500,Entry short,2024-02-12 16:38,S1564,2020.75,1,2020.75,-1.51,-0.07,0.6,0,0.00,-1.37,-0.07,-9919.03,-99.19,15
1501,Exit long,2024-02-12 19:19,Opposite signal,2020.525,1,2021.35,-1.42,-0.07,0.6,6.02,0.30,-1.14,-0.06,-9920.46,-99.20,145
1501,Entry long,2024-02-12 16:54,L1565,2021.35,1,2021.35,-1.42,-0.07,0.6,6.02,0.30,-1.14,-0.06,-9920.46,-99.20,145
1502,Exit short,2024-02-12 23:23,Opposite signal,2019.45,1,2015.729,-4.32,-0.21,0.6,3.48,0.17,-4.02,-0.20,-9924.78,-99.25,208
1502,Entry short,2024-02-12 19:55,S1566,2015.729,1,2015.729,-4.32,-0.21,0.6,3.48,0.17,-4.02,-0.20,-9924.78,-99.25,208
1503,Exit short,2024-02-13 11:51,Opposite signal,2021.71,1,2018.138,-4.17,-0.21,0.6,0,0.00,-3.89,-0.19,-9928.95,-99.29,160
1503,Entry short,2024-02-13 09:10,S1567,2018.138,1,2018.138,-4.17,-0.21,0.6,0,0.00,-3.89,-0.19,-9928.95,-99.29,160
1504,Exit long,2024-02-13 14:34,Opposite signal,2025.685,1,2021.5,3.59,0.18,0.6,4.7,0.23,-0.38,-0.02,-9925.37,-99.25,162
1504,Entry long,2024-02-13 11:52,L1568,2021.5,1,2021.5,3.59,0.18,0.6,4.7,0.23,-0.38,-0.02,-9925.37,-99.25,162
1505,Exit short,2024-02-13 15:27,Opposite signal,2026.56,1,2025.877,-1.28,-0.06,0.6,0.37,0.02,-1.02,-0.05,-9926.65,-99.27,52
1505,Entry short,2024-02-13 14:35,S1569,2025.877,1,2025.877,-1.28,-0.06,0.6,0.37,0.02,-1.02,-0.05,-9926.65,-99.27,52
1506,Exit long,2024-02-13 17:12,Opposite signal,2028.235,1,2026.495,1.14,0.06,0.6,2.61,0.13,-0.68,-0.03,-9925.51,-99.26,96
1506,Entry long,2024-02-13 15:36,L1570,2026.495,1,2026.495,1.14,0.06,0.6,2.61,0.13,-0.68,-0.03,-9925.51,-99.26,96
1507,Exit short,2024-02-13 18:58,Opposite signal,2029.77,1,2028.275,-2.1,-0.10,0.6,0.55,0.03,-1.96,-0.10,-9927.6,-99.28,104
1507,Entry short,2024-02-13 17:14,S1571,2028.275,1,2028.275,-2.1,-0.10,0.6,0.55,0.03,-1.96,-0.10,-9927.6,-99.28,104
1508,Exit long,2024-02-13 19:00,L1572 exit,2026.425,1,2028.705,-2.88,-0.14,0.6,2.58,0.13,-2.58,-0.13,-9930.48,-99.30,1
1508,Entry long,2024-02-13 18:59,L1572,2028.705,1,2028.705,-2.88,-0.14,0.6,2.58,0.13,-2.58,-0.13,-9930.48,-99.30,1
1509,Exit short,2024-02-13 22:09,Opposite signal,1997.265,1,2022.31,24.45,1.21,0.6,31.86,1.57,-0.32,-0.02,-9906.04,-99.06,188
1509,Entry short,2024-02-13 19:01,S1573,2022.31,1,2022.31,24.45,1.21,0.6,31.86,1.57,-0.32,-0.02,-9906.04,-99.06,188
1510,Exit long,2024-02-14 02:00,Time flat,1992.515,1,1995.978,-4.06,-0.20,0.6,0,0.00,-4.97,-0.25,-9910.1,-99.10,229
1510,Entry long,2024-02-13 22:11,L1574,1995.978,1,1995.978,-4.06,-0.20,0.6,0,0.00,-4.97,-0.25,-9910.1,-99.10,229
1511,Exit short,2024-02-14 14:14,Opposite signal,1988.895,1,1990.155,0.66,0.03,0.6,3.78,0.19,-3.79,-0.19,-9909.44,-99.09,434
1511,Entry short,2024-02-14 06:59,S1575,1990.155,1,1990.155,0.66,0.03,0.6,3.78,0.19,-3.79,-0.19,-9909.44,-99.09,434
1512,Exit long,2024-02-14 18:04,Opposite signal,1989.93,1,1989.046,0.28,0.01,0.6,4.13,0.21,-0.96,-0.05,-9909.16,-99.09,218
1512,Entry long,2024-02-14 14:26,L1576,1989.046,1,1989.046,0.28,0.01,0.6,4.13,0.21,-0.96,-0.05,-9909.16,-99.09,218
1513,Exit short,2024-02-14 21:36,Opposite signal,1989.605,1,1990.21,0.01,0.00,0.6,5.61,0.28,-3.33,-0.17,-9909.15,-99.09,211
1513,Entry short,2024-02-14 18:05,S1577,1990.21,1,1990.21,0.01,0.00,0.6,5.61,0.28,-3.33,-0.17,-9909.15,-99.09,211
1514,Exit long,2024-02-15 00:58,Opposite signal,1990.6,1,1989.506,0.49,0.02,0.6,6.35,0.32,-1.17,-0.06,-9908.66,-99.09,194
1514,Entry long,2024-02-14 21:44,L1578,1989.506,1,1989.506,0.49,0.02,0.6,6.35,0.32,-1.17,-0.06,-9908.66,-99.09,194
1515,Exit short,2024-02-15 07:56,Opposite signal,1993.36,1,1992.895,-1.06,-0.05,0.6,0.44,0.02,-0.76,-0.04,-9909.72,-99.10,37
1515,Entry short,2024-02-15 07:19,S1579,1992.895,1,1992.895,-1.06,-0.05,0.6,0.44,0.02,-0.76,-0.04,-9909.72,-99.10,37
1516,Exit long,2024-02-15 09:00,Opposite signal,1992.115,1,1993.25,-1.73,-0.09,0.6,0.05,0.00,-1.44,-0.07,-9911.46,-99.11,63
1516,Entry long,2024-02-15 07:57,L1580,1993.25,1,1993.25,-1.73,-0.09,0.6,0.05,0.00,-1.44,-0.07,-9911.46,-99.11,63
1517,Exit short,2024-02-15 09:34,Opposite signal,1991.395,1,1992.303,0.31,0.02,0.6,1.68,0.08,-0.36,-0.02,-9911.15,-99.11,28
1517,Entry short,2024-02-15 09:06,S1581,1992.303,1,1992.303,0.31,0.02,0.6,1.68,0.08,-0.36,-0.02,-9911.15,-99.11,28
1518,Exit short,2024-02-15 10:10,Opposite signal,1991.81,1,1991.238,-1.17,-0.06,0.6,0,0.00,-1.03,-0.05,-9912.32,-99.12,17
1518,Entry short,2024-02-15 09:53,S1583,1991.238,1,1991.238,-1.17,-0.06,0.6,0,0.00,-1.03,-0.05,-9912.32,-99.12,17
1519,Exit long,2024-02-15 11:19,Opposite signal,1991.985,1,1991.77,-0.38,-0.02,0.6,0.94,0.05,-0.66,-0.03,-9912.71,-99.13,68
1519,Entry long,2024-02-15 10:11,L1584,1991.77,1,1991.77,-0.38,-0.02,0.6,0.94,0.05,-0.66,-0.03,-9912.71,-99.13,68
1520,Exit short,2024-02-15 11:52,Opposite signal,1993.05,1,1992.215,-1.43,-0.07,0.6,0.12,0.01,-1.25,-0.06,-9914.14,-99.14,32
1520,Entry short,2024-02-15 11:20,S1585,1992.215,1,1992.215,-1.43,-0.07,0.6,0.12,0.01,-1.25,-0.06,-9914.14,-99.14,32
1521,Exit long,2024-02-15 12:01,Opposite signal,1991.78,1,1993.01,-1.83,-0.09,0.6,0,0.00,-1.65,-0.08,-9915.97,-99.16,6
1521,Entry long,2024-02-15 11:55,L1586,1993.01,1,1993.01,-1.83,-0.09,0.6,0,0.00,-1.65,-0.08,-9915.97,-99.16,6
1522,Exit short,2024-02-15 12:59,Opposite signal,1993.81,1,1992.109,-2.3,-0.12,0.6,0,0.00,-2.03,-0.10,-9918.27,-99.18,57
1522,Entry short,2024-02-15 12:02,S1587,1992.109,1,1992.109,-2.3,-0.12,0.6,0,0.00,-2.03,-0.10,-9918.27,-99.18,57
1523,Exit long,2024-02-15 16:27,Opposite signal,1995.86,1,1993.47,1.79,0.09,0.6,4.3,0.22,-0.73,-0.04,-9916.48,-99.16,203
1523,Entry long,2024-02-15 13:04,L1588,1993.47,1,1993.47,1.79,0.09,0.6,4.3,0.22,-0.73,-0.04,-9916.48,-99.16,203
1524,Exit short,2024-02-15 17:18,Opposite signal,1998.085,1,1996.615,-2.07,-0.10,0.6,0.46,0.02,-1.87,-0.09,-9918.55,-99.19,50
1524,Entry short,2024-02-15 16:28,S1589,1996.615,1,1996.615,-2.07,-0.10,0.6,0.46,0.02,-1.87,-0.09,-9918.55,-99.19,50
1525,Exit long,2024-02-15 19:05,Opposite signal,1995.88,1,1997.98,-2.7,-0.14,0.6,6.12,0.31,-2.67,-0.13,-9921.25,-99.21,106
1525,Entry long,2024-02-15 17:19,L1590,1997.98,1,1997.98,-2.7,-0.14,0.6,6.12,0.31,-2.67,-0.13,-9921.25,-99.21,106
1526,Exit short,2024-02-15 20:00,S1591 exit,2005.4,1,1998.765,-7.23,-0.36,0.6,0,0.00,-6.93,-0.35,-9928.49,-99.28,54
1526,Entry short,2024-02-15 19:06,S1591,1998.765,1,1998.765,-7.23,-0.36,0.6,0,0.00,-6.93,-0.35,-9928.49,-99.28,54
1527,Exit long,2024-02-16 02:00,Time flat,2004.045,1,2004.4,-0.95,-0.05,0.6,3.51,0.17,-6.19,-0.31,-9929.44,-99.29,345
1527,Entry long,2024-02-15 20:15,L1592,2004.4,1,2004.4,-0.95,-0.05,0.6,3.51,0.17,-6.19,-0.31,-9929.44,-99.29,345
1528,Exit short,2024-02-20 04:35,Time flat,2016.94,1,2017.783,0.24,0.01,0.6,4.17,0.21,-1.86,-0.09,-9929.2,-99.29,383
1528,Entry short,2024-02-19 18:33,S1593,2017.783,1,2017.783,0.24,0.01,0.6,4.17,0.21,-1.86,-0.09,-9929.2,-99.29,383
1529,Exit long,2024-02-20 11:03,Opposite signal,2018.36,1,2019.34,-1.58,-0.08,0.6,0.17,0.01,-1.28,-0.06,-9930.78,-99.31,66
1529,Entry long,2024-02-20 09:57,L1594,2019.34,1,2019.34,-1.58,-0.08,0.6,0.17,0.01,-1.28,-0.06,-9930.78,-99.31,66
1530,Exit short,2024-02-20 12:01,Opposite signal,2020,1,2018.294,-2.31,-0.11,0.6,0.15,0.01,-2.05,-0.10,-9933.09,-99.33,50
1530,Entry short,2024-02-20 11:11,S1595,2018.294,1,2018.294,-2.31,-0.11,0.6,0.15,0.01,-2.05,-0.10,-9933.09,-99.33,50