Trade number,Type,Date and time,Signal,Price USD,Size (qty),Size (value),Net PnL USD,Return %,Commission USD,Favorable excursion USD,Favorable excursion %,Adverse excursion USD,Adverse excursion %,Cumulative PnL USD,Cumulative PnL %,Duration (bars)
1,Exit short,2025-09-29 11:24,Opposite signal,3810.215,6,22828.824,-36.07,-0.16,3.6,19.28,0.08,-36.76,-0.16,-36.07,-0.36,31
1,Entry short,2025-09-29 10:53,S1,3804.804,6,22828.824,-36.07,-0.16,3.6,19.28,0.08,-36.76,-0.16,-36.07,-0.36,31
2,Exit long,2025-09-29 13:05,Opposite signal,3810.395,4,15246.828,-7.65,-0.05,2.4,31.63,0.21,-8.93,-0.06,-43.71,-0.44,94
2,Entry long,2025-09-29 11:31,L2,3811.707,4,15246.828,-7.65,-0.05,2.4,31.63,0.21,-8.93,-0.06,-43.71,-0.44,94
3,Exit short,2025-09-29 16:45,S3 exit,3820.915,5,19054.26,-53.31,-0.28,3,27.84,0.15,-51.81,-0.27,-97.03,-0.97,212
3,Entry short,2025-09-29 13:13,S3,3810.852,5,19054.26,-53.31,-0.28,3,27.84,0.15,-51.81,-0.27,-97.03,-0.97,212
4,Exit long,2025-09-29 17:43,Opposite signal,3824.095,7,26807.375,-42.91,-0.16,4.2,4.9,0.02,-45.15,-0.17,-139.94,-1.40,15
4,Entry long,2025-09-29 17:28,L4,3829.625,7,26807.375,-42.91,-0.16,4.2,4.9,0.02,-45.15,-0.17,-139.94,-1.40,15
5,Exit short,2025-09-29 18:48,Opposite signal,3820.235,6,22948.404,23.39,0.10,3.6,90.05,0.39,-6.37,-0.03,-116.54,-1.17,63
5,Entry short,2025-09-29 17:45,S5,3824.734,6,22948.404,23.39,0.10,3.6,90.05,0.39,-6.37,-0.03,-116.54,-1.17,63
6,Exit long,2025-09-30 02:00,Time flat,3828.915,4,15275.96,37.3,0.24,2.4,57.46,0.38,-10.64,-0.07,-79.24,-0.79,419
6,Entry long,2025-09-29 19:01,L6,3818.99,4,15275.96,37.3,0.24,2.4,57.46,0.38,-10.64,-0.07,-79.24,-0.79,419
7,Exit short,2025-09-30 08:18,Opposite signal,3849.165,8,30777.992,-20.13,-0.07,4.8,33.83,0.11,-17.73,-0.06,-99.37,-0.99,35
7,Entry short,2025-09-30 07:43,S7,3847.249,8,30777.992,-20.13,-0.07,4.8,33.83,0.11,-17.73,-0.06,-99.37,-0.99,35
8,Exit long,2025-09-30 09:46,Opposite signal,3862.58,6,23092.17,79.71,0.35,3.6,110.46,0.48,-17.85,-0.08,-19.66,-0.20,87
8,Entry long,2025-09-30 08:19,L8,3848.695,6,23092.17,79.71,0.35,3.6,110.46,0.48,-17.85,-0.08,-19.66,-0.20,87
9,Exit short,2025-09-30 10:32,Opposite signal,3867.735,9,34770.87,-44.14,-0.13,5.4,0.86,0.00,-42.88,-0.12,-63.81,-0.64,42
9,Entry short,2025-09-30 09:50,S9,3863.43,9,34770.87,-44.14,-0.13,5.4,0.86,0.00,-42.88,-0.12,-63.81,-0.64,42
10,Exit long,2025-09-30 12:21,Opposite signal,3861.905,7,27071.835,-42.7,-0.16,4.2,29.3,0.11,-44.03,-0.16,-106.51,-1.07,105
10,Entry long,2025-09-30 10:36,L10,3867.405,7,27071.835,-42.7,-0.16,4.2,29.3,0.11,-44.03,-0.16,-106.51,-1.07,105
11,Exit short,2025-09-30 14:01,S11 exit,3818.175,4,15439.728,164.63,1.07,2.4,165.83,1.07,-2.55,-0.02,58.12,0.58,95
11,Entry short,2025-09-30 12:26,S11,3859.932,4,15439.728,164.63,1.07,2.4,165.83,1.07,-2.55,-0.02,58.12,0.58,95
12,Exit long,2025-09-30 19:53,L12 exit,3850.115,3,11417.82,130.73,1.14,1.8,131.63,1.15,-9.18,-0.08,188.85,1.89,237
12,Entry long,2025-09-30 15:56,L12,3805.94,3,11417.82,130.73,1.14,1.8,131.63,1.15,-9.18,-0.08,188.85,1.89,237
13,Exit short,2025-09-30 21:36,Opposite signal,3843.565,4,15370.88,-5.78,-0.04,2.4,44.22,0.29,-5.24,-0.03,183.07,1.83,54
13,Entry short,2025-09-30 20:42,S13,3842.72,4,15370.88,-5.78,-0.04,2.4,44.22,0.29,-5.24,-0.03,183.07,1.83,54
14,Exit long,2025-09-30 23:17,Opposite signal,3843.855,5,19203.19,13.09,0.07,3,42.21,0.22,-2.37,-0.01,196.15,1.96,100
14,Entry long,2025-09-30 21:37,L14,3840.638,5,19203.19,13.09,0.07,3,42.21,0.22,-2.37,-0.01,196.15,1.96,100
15,Exit short,2025-10-01 07:01,Opposite signal,3865.455,7,27021.645,-40.74,-0.15,4.2,6.44,0.02,-39.2,-0.15,155.41,1.55,57
15,Entry short,2025-10-01 06:04,S15,3860.235,7,27021.645,-40.74,-0.15,4.2,6.44,0.02,-39.2,-0.15,155.41,1.55,57
16,Exit long,2025-10-01 07:55,Opposite signal,3865.235,5,19332.31,-9.13,-0.05,3,43.99,0.23,-9.68,-0.05,146.28,1.46,33
16,Entry long,2025-10-01 07:22,L16,3866.462,5,19332.31,-9.13,-0.05,3,43.99,0.23,-9.68,-0.05,146.28,1.46,33
17,Exit short,2025-10-01 10:34,Opposite signal,3868.375,4,15463.48,-12.42,-0.08,2.4,39.46,0.26,-14.2,-0.09,133.85,1.34,158
17,Entry short,2025-10-01 07:56,S17,3865.87,4,15463.48,-12.42,-0.08,2.4,39.46,0.26,-14.2,-0.09,133.85,1.34,158
18,Exit long,2025-10-01 11:51,L18 exit,3854.705,4,15465.3,-48.88,-0.32,2.4,7.3,0.05,-47.68,-0.31,84.98,0.85,74
18,Entry long,2025-10-01 10:37,L18,3866.325,4,15465.3,-48.88,-0.32,2.4,7.3,0.05,-47.68,-0.31,84.98,0.85,74
19,Exit short,2025-10-01 12:59,S19 exit,3870.865,3,11567.115,-47.28,-0.41,1.8,2.99,0.03,-46.38,-0.40,37.7,0.38,67
19,Entry short,2025-10-01 11:52,S19,3855.705,3,11567.115,-47.28,-0.41,1.8,2.99,0.03,-46.38,-0.40,37.7,0.38,67
20,Exit long,2025-10-01 18:11,Opposite signal,3874.82,3,11606.823,15.84,0.14,1.8,78.78,0.68,-2.72,-0.02,53.53,0.54,298
20,Entry long,2025-10-01 13:13,L20,3868.941,3,11606.823,15.84,0.14,1.8,78.78,0.68,-2.72,-0.02,53.53,0.54,298
21,Exit short,2025-10-01 19:02,Opposite signal,3875.99,2,7744.726,-8.45,-0.11,1.2,16.69,0.22,-7.85,-0.10,45.08,0.45,23
21,Entry short,2025-10-01 18:39,S21,3872.363,2,7744.726,-8.45,-0.11,1.2,16.69,0.22,-7.85,-0.10,45.08,0.45,23
22,Exit long,2025-10-01 20:17,L22 exit,3862.72,4,15496.92,-48.44,-0.31,2.4,17.4,0.11,-47.24,-0.30,-3.36,-0.03,74
22,Entry long,2025-10-01 19:03,L22,3874.23,4,15496.92,-48.44,-0.31,2.4,17.4,0.11,-47.24,-0.30,-3.36,-0.03,74
23,Exit short,2025-10-02 02:00,Time flat,3863.565,4,15466.172,9.51,0.06,2.4,44.35,0.29,-42.49,-0.27,6.15,0.06,342
23,Entry short,2025-10-01 20:18,S23,3866.543,4,15466.172,9.51,0.06,2.4,44.35,0.29,-42.49,-0.27,6.15,0.06,342
24,Exit long,2025-10-02 17:48,Opposite signal,3881.57,2,7753.73,8.21,0.11,1.2,30.04,0.39,-7.4,-0.10,14.36,0.14,200
24,Entry long,2025-10-02 14:28,L24,3876.865,2,7753.73,8.21,0.11,1.2,30.04,0.39,-7.4,-0.10,14.36,0.14,200
25,Exit short,2025-10-02 18:54,S25 exit,3893.185,5,19416.62,-52.3,-0.27,3,14.6,0.08,-50.8,-0.26,-37.94,-0.38,65
25,Entry short,2025-10-02 17:49,S25,3883.324,5,19416.62,-52.3,-0.27,3,14.6,0.08,-50.8,-0.26,-37.94,-0.38,65
26,Exit long,2025-10-02 19:19,L26 exit,3879.105,4,15568.74,-54.72,-0.35,2.4,18.58,0.12,-53.52,-0.34,-92.66,-0.93,24
26,Entry long,2025-10-02 18:55,L26,3892.185,4,15568.74,-54.72,-0.35,2.4,18.58,0.12,-53.52,-0.34,-92.66,-0.93,24
27,Exit short,2025-10-02 22:18,Opposite signal,3845.23,3,11547.597,10.11,0.09,1.8,88.42,0.77,-3.54,-0.03,-82.56,-0.83,130
27,Entry short,2025-10-02 20:08,S27,3849.199,3,11547.597,10.11,0.09,1.8,88.42,0.77,-3.54,-0.03,-82.56,-0.83,130
28,Exit long,2025-10-03 01:27,Opposite signal,3854.125,2,7684.69,22.36,0.29,1.2,33.25,0.43,-4.07,-0.05,-60.2,-0.60,188
28,Entry long,2025-10-02 22:19,L28,3842.345,2,7684.69,22.36,0.29,1.2,33.25,0.43,-4.07,-0.05,-60.2,-0.60,188
29,Exit short,2025-10-03 11:48,Opposite signal,3859.945,4,15406.216,-35.96,-0.23,2.4,52.74,0.34,-36.24,-0.24,-96.16,-0.96,280
29,Entry short,2025-10-03 07:08,S29,3851.554,4,15406.216,-35.96,-0.23,2.4,52.74,0.34,-36.24,-0.24,-96.16,-0.96,280
30,Exit long,2025-10-03 13:48,Opposite signal,3861.47,2,7717.7,4.04,0.05,1.2,13.31,0.17,-7.75,-0.10,-92.12,-0.92,119
30,Entry long,2025-10-03 11:49,L30,3858.85,2,7717.7,4.04,0.05,1.2,13.31,0.17,-7.75,-0.10,-92.12,-0.92,119
31,Exit short,2025-10-03 16:11,Opposite signal,3865.655,9,34759.26,-37.03,-0.11,5.4,43.2,0.12,-39.96,-0.11,-129.16,-1.29,141
31,Entry short,2025-10-03 13:50,S31,3862.14,9,34759.26,-37.03,-0.11,5.4,43.2,0.12,-39.96,-0.11,-129.16,-1.29,141
32,Exit long,2025-10-03 17:04,L32 exit,3856.04,5,19327.875,-50.67,-0.26,3,9.53,0.05,-49.17,-0.25,-179.83,-1.80,51
32,Entry long,2025-10-03 16:13,L32,3865.575,5,19327.875,-50.67,-0.26,3,9.53,0.05,-49.17,-0.25,-179.83,-1.80,51
33,Exit short,2025-10-03 18:04,Opposite signal,3868.07,5,19296.77,-46.58,-0.24,3,4.12,0.02,-47.43,-0.25,-226.41,-2.26,57
33,Entry short,2025-10-03 17:07,S33,3859.354,5,19296.77,-46.58,-0.24,3,4.12,0.02,-47.43,-0.25,-226.41,-2.26,57
34,Exit long,2025-10-03 19:44,Opposite signal,3871.83,3,11603.25,10.44,0.09,1.8,68.27,0.59,-4.41,-0.04,-215.97,-2.16,99
34,Entry long,2025-10-03 18:05,L34,3867.75,3,11603.25,10.44,0.09,1.8,68.27,0.59,-4.41,-0.04,-215.97,-2.16,99
35,Exit short,2025-10-03 21:27,Opposite signal,3890.965,2,7745.04,-38.09,-0.49,1.2,1.64,0.02,-38.01,-0.49,-254.06,-2.54,101
35,Entry short,2025-10-03 19:46,S35,3872.52,2,7745.04,-38.09,-0.49,1.2,1.64,0.02,-38.01,-0.49,-254.06,-2.54,101
36,Exit long,2025-10-03 23:00,Weekend flat,3883.925,2,7780.2,-13.55,-0.17,1.2,0.55,0.01,-19.56,-0.25,-267.61,-2.68,92
36,Entry long,2025-10-03 21:28,L36,3890.1,2,7780.2,-13.55,-0.17,1.2,0.55,0.01,-19.56,-0.25,-267.61,-2.68,92
37,Exit short,2025-10-06 12:21,Opposite signal,3933.93,5,19680.77,8.12,0.04,3,66.77,0.34,-10.83,-0.06,-259.49,-2.59,90
37,Entry short,2025-10-06 10:51,S37,3936.154,5,19680.77,8.12,0.04,3,66.77,0.34,-10.83,-0.06,-259.49,-2.59,90
38,Exit long,2025-10-06 18:03,Opposite signal,3929.26,4,15727.36,-12.72,-0.08,2.4,70.12,0.45,-14.5,-0.09,-272.21,-2.72,341
38,Entry long,2025-10-06 12:22,L38,3931.84,4,15727.36,-12.72,-0.08,2.4,70.12,0.45,-14.5,-0.09,-272.21,-2.72,341
39,Exit short,2025-10-06 19:44,Opposite signal,3950.025,3,11796.801,-55.07,-0.47,1.8,14.27,0.12,-54.61,-0.46,-327.29,-3.27,89
39,Entry short,2025-10-06 18:15,S39,3932.267,3,11796.801,-55.07,-0.47,1.8,14.27,0.12,-54.61,-0.46,-327.29,-3.27,89
40,Exit long,2025-10-06 20:40,Opposite signal,3951.36,2,7897.18,4.34,0.05,1.2,20.01,0.25,-8.41,-0.11,-322.95,-3.23,55
40,Entry long,2025-10-06 19:45,L40,3948.59,2,7897.18,4.34,0.05,1.2,20.01,0.25,-8.41,-0.11,-322.95,-3.23,55
41,Exit short,2025-10-06 21:24,Opposite signal,3958.435,6,23712.42,-41.79,-0.18,3.6,21.45,0.09,-40.71,-0.17,-364.74,-3.65,43
41,Entry short,2025-10-06 20:41,S41,3952.07,6,23712.42,-41.79,-0.18,3.6,21.45,0.09,-40.71,-0.17,-364.74,-3.65,43
42,Exit long,2025-10-06 21:44,L42 exit,3947.195,4,15831.24,-44.86,-0.28,2.4,0,0.00,-43.66,-0.28,-409.6,-4.10,4
42,Entry long,2025-10-06 21:40,L42,3957.81,4,15831.24,-44.86,-0.28,2.4,0,0.00,-43.66,-0.28,-409.6,-4.10,4
43,Exit short,2025-10-07 02:00,Time flat,3959.66,3,11855.88,-24.9,-0.21,1.8,3.38,0.03,-40.48,-0.34,-434.5,-4.34,250
43,Entry short,2025-10-06 21:50,S43,3951.96,3,11855.88,-24.9,-0.21,1.8,3.38,0.03,-40.48,-0.34,-434.5,-4.34,250
44,Exit short,2025-10-07 14:42,Opposite signal,3957.13,3,11883.825,10.64,0.09,1.8,59.76,0.50,-48.21,-0.41,-423.86,-4.24,479
44,Entry short,2025-10-07 06:43,S44,3961.275,3,11883.825,10.64,0.09,1.8,59.76,0.50,-48.21,-0.41,-423.86,-4.24,479
45,Exit long,2025-10-07 21:10,Opposite signal,3977.555,3,11868.87,62,0.52,1.8,103.64,0.87,-7.17,-0.06,-361.87,-3.62,348
45,Entry long,2025-10-07 15:22,L45,3956.29,3,11868.87,62,0.52,1.8,103.64,0.87,-7.17,-0.06,-361.87,-3.62,348
46,Exit short,2025-10-08 02:00,Time flat,3982.575,2,7938.44,-27.91,-0.35,1.2,14.34,0.18,-37.87,-0.48,-389.78,-3.90,276
46,Entry short,2025-10-07 21:24,S46,3969.22,2,7938.44,-27.91,-0.35,1.2,14.34,0.18,-37.87,-0.48,-389.78,-3.90,276
47,Exit short,2025-10-08 07:24,Opposite signal,3997.98,5,19964.275,-28.62,-0.14,3,41.18,0.21,-27.9,-0.14,-418.4,-4.18,83
47,Entry short,2025-10-08 06:01,S47,3992.855,5,19964.275,-28.62,-0.14,3,41.18,0.21,-27.9,-0.14,-418.4,-4.18,83
48,Exit long,2025-10-08 11:47,Opposite signal,4024.8,3,11993.115,79.49,0.66,1.8,117.47,0.98,-7,-0.06,-338.92,-3.39,257
48,Entry long,2025-10-08 07:30,L48,3997.705,3,11993.115,79.49,0.66,1.8,117.47,0.98,-7,-0.06,-338.92,-3.39,257
49,Exit short,2025-10-08 12:40,S49 exit,4038.16,4,16101.152,-53.89,-0.33,2.4,8.05,0.05,-52.69,-0.33,-392.8,-3.93,48
49,Entry short,2025-10-08 11:52,S49,4025.288,4,16101.152,-53.89,-0.33,2.4,8.05,0.05,-52.69,-0.33,-392.8,-3.93,48
50,Exit long,2025-10-08 14:31,Opposite signal,4034.58,3,12111.48,-9.54,-0.08,1.8,9.4,0.08,-19.48,-0.16,-402.34,-4.02,109
50,Entry long,2025-10-08 12:42,L50,4037.16,3,12111.48,-9.54,-0.08,1.8,9.4,0.08,-19.48,-0.16,-402.34,-4.02,109
51,Exit short,2025-10-08 15:14,Opposite signal,4040.29,7,28260.925,-25.3,-0.09,4.2,43.44,0.15,-24.95,-0.09,-427.65,-4.28,42
51,Entry short,2025-10-08 14:32,S51,4037.275,7,28260.925,-25.3,-0.09,4.2,43.44,0.15,-24.95,-0.09,-427.65,-4.28,42
52,Exit long,2025-10-08 19:06,L52 exit,4029.77,5,20200.575,-54.72,-0.27,3,46.4,0.23,-53.22,-0.26,-482.37,-4.82,188
52,Entry long,2025-10-08 15:58,L52,4040.115,5,20200.575,-54.72,-0.27,3,46.4,0.23,-53.22,-0.26,-482.37,-4.82,188
53,Exit short,2025-10-08 21:41,S53 exit,4050.7,3,12096.171,-57.73,-0.48,1.8,12.04,0.10,-56.83,-0.47,-540.1,-5.40,152
53,Entry short,2025-10-08 19:09,S53,4032.057,3,12096.171,-57.73,-0.48,1.8,12.04,0.10,-56.83,-0.47,-540.1,-5.40,152
54,Exit short,2025-10-09 00:33,Opposite signal,4053.785,6,24318.93,-7.38,-0.03,3.6,85.53,0.35,-11.25,-0.05,-547.48,-5.47,101
54,Entry short,2025-10-08 22:52,S55,4053.155,6,24318.93,-7.38,-0.03,3.6,85.53,0.35,-11.25,-0.05,-547.48,-5.47,101
55,Exit short,2025-10-09 09:53,S56 exit,4037.54,2,8016.47,-59.81,-0.75,1.2,3.86,0.05,-59.21,-0.74,-607.29,-6.07,125
55,Entry short,2025-10-09 07:48,S56,4008.235,2,8016.47,-59.81,-0.75,1.2,3.86,0.05,-59.21,-0.74,-607.29,-6.07,125
56,Exit long,2025-10-09 11:58,Opposite signal,4034.345,6,24248.208,-45.74,-0.19,3.6,5.29,0.02,-45.59,-0.19,-653.03,-6.53,55
56,Entry long,2025-10-09 11:03,L57,4041.368,6,24248.208,-45.74,-0.19,3.6,5.29,0.02,-45.59,-0.19,-653.03,-6.53,55
57,Exit short,2025-10-09 13:47,Opposite signal,4036.175,5,20171.875,-12,-0.06,3,57.03,0.28,-11.97,-0.06,-665.03,-6.65,105
57,Entry short,2025-10-09 12:02,S58,4034.375,5,20171.875,-12,-0.06,3,57.03,0.28,-11.97,-0.06,-665.03,-6.65,105
58,Exit long,2025-10-09 19:15,Opposite signal,4031.185,4,16136.864,-14.52,-0.09,2.4,94.38,0.58,-14.12,-0.09,-679.55,-6.80,324
58,Entry long,2025-10-09 13:51,L59,4034.216,4,16136.864,-14.52,-0.09,2.4,94.38,0.58,-14.12,-0.09,-679.55,-6.80,324
59,Exit short,2025-10-10 07:53,Opposite signal,3983.85,5,19927.65,5.4,0.03,3,76.72,0.38,-21.52,-0.11,-674.15,-6.74,73
59,Entry short,2025-10-10 06:40,S61,3985.53,5,19927.65,5.4,0.03,3,76.72,0.38,-21.52,-0.11,-674.15,-6.74,73
60,Exit long,2025-10-10 08:55,Opposite signal,3969.28,3,11947.959,-41.92,-0.35,1.8,5.47,0.05,-41.45,-0.35,-716.07,-7.16,41
60,Entry long,2025-10-10 08:14,L62,3982.653,3,11947.959,-41.92,-0.35,1.8,5.47,0.05,-41.45,-0.35,-716.07,-7.16,41
61,Exit short,2025-10-10 10:31,Opposite signal,3968.035,3,11909.655,3.75,0.03,1.8,67.69,0.57,-13.72,-0.12,-712.32,-7.12,95
61,Entry short,2025-10-10 08:56,S63,3969.885,3,11909.655,3.75,0.03,1.8,67.69,0.57,-13.72,-0.12,-712.32,-7.12,95
62,Exit long,2025-10-10 17:16,Opposite signal,3989.9,2,7940.172,38.43,0.48,1.2,72.7,0.92,-35.06,-0.44,-673.9,-6.74,371
62,Entry long,2025-10-10 11:05,L64,3970.086,2,7940.172,38.43,0.48,1.2,72.7,0.92,-35.06,-0.44,-673.9,-6.74,371
63,Exit short,2025-10-10 19:04,Opposite signal,3996.225,3,11971.875,-18.6,-0.16,1.8,32.48,0.27,-21.93,-0.18,-692.5,-6.92,106
63,Entry short,2025-10-10 17:18,S65,3990.625,3,11971.875,-18.6,-0.16,1.8,32.48,0.27,-21.93,-0.18,-692.5,-6.92,106
64,Exit long,2025-10-10 19:26,L66 exit,3978.5,3,11980.101,-46.4,-0.39,1.8,9.68,0.08,-45.5,-0.38,-738.9,-7.39,19
64,Entry long,2025-10-10 19:07,L66,3993.367,3,11980.101,-46.4,-0.39,1.8,9.68,0.08,-45.5,-0.38,-738.9,-7.39,19
65,Exit short,2025-10-10 20:35,S67 exit,3999.145,2,7959,-40.49,-0.51,1.2,16.69,0.21,-39.89,-0.50,-779.39,-7.79,66
65,Entry short,2025-10-10 19:29,S67,3979.5,2,7959,-40.49,-0.51,1.2,16.69,0.21,-39.89,-0.50,-779.39,-7.79,66
66,Exit long,2025-10-10 21:16,L68 exit,4002.27,3,12048.138,-43.13,-0.36,1.8,19.96,0.17,-42.23,-0.35,-822.51,-8.23,18
66,Entry long,2025-10-10 20:58,L68,4016.046,3,12048.138,-43.13,-0.36,1.8,19.96,0.17,-42.23,-0.35,-822.51,-8.23,18
67,Exit short,2025-10-10 23:00,Weekend flat,3984.65,2,8006.54,36.04,0.45,1.2,55.47,0.69,-7.26,-0.09,-786.47,-7.86,101
67,Entry short,2025-10-10 21:19,S69,4003.27,2,8006.54,36.04,0.45,1.2,55.47,0.69,-7.26,-0.09,-786.47,-7.86,101
68,Exit long,2025-10-13 14:41,Opposite signal,4076.425,1,4064.773,11.05,0.27,0.6,14.85,0.37,-5.6,-0.14,-775.42,-7.75,194
68,Entry long,2025-10-13 11:27,L70,4064.773,1,4064.773,11.05,0.27,0.6,14.85,0.37,-5.6,-0.14,-775.42,-7.75,194
69,Exit short,2025-10-13 16:18,Opposite signal,4079.91,9,36686.241,-38.35,-0.10,5.4,51.61,0.14,-37.76,-0.10,-813.77,-8.14,95
69,Entry short,2025-10-13 14:43,S71,4076.249,9,36686.241,-38.35,-0.10,5.4,51.61,0.14,-37.76,-0.10,-813.77,-8.14,95
70,Exit long,2025-10-13 19:03,Opposite signal,4083.34,4,16319.44,11.52,0.07,2.4,53.56,0.33,-27.38,-0.17,-802.25,-8.02,164
70,Entry long,2025-10-13 16:19,L72,4079.86,4,16319.44,11.52,0.07,2.4,53.56,0.33,-27.38,-0.17,-802.25,-8.02,164
71,Exit short,2025-10-13 19:24,S73 exit,4094.55,5,20432.75,-43,-0.21,3,18.5,0.09,-41.5,-0.20,-845.25,-8.45,20
71,Entry short,2025-10-13 19:04,S73,4086.55,5,20432.75,-43,-0.21,3,18.5,0.09,-41.5,-0.20,-845.25,-8.45,20
72,Exit long,2025-10-14 00:39,Opposite signal,4091.41,4,16374.2,-10.96,-0.07,2.4,94.28,0.58,-12.22,-0.07,-856.21,-8.56,313
72,Entry long,2025-10-13 19:26,L74,4093.55,4,16374.2,-10.96,-0.07,2.4,94.28,0.58,-12.22,-0.07,-856.21,-8.56,313
73,Exit short,2025-10-14 10:18,Opposite signal,4167.895,6,24972.738,-38.23,-0.15,3.6,35,0.14,-37.12,-0.15,-894.44,-8.94,30
73,Entry short,2025-10-14 09:48,S75,4162.123,6,24972.738,-38.23,-0.15,3.6,35,0.14,-37.12,-0.15,-894.44,-8.94,30
74,Exit long,2025-10-14 11:08,Opposite signal,4162.72,5,20825.725,-15.12,-0.07,3,0,0.00,-14.32,-0.07,-909.57,-9.10,1
74,Entry long,2025-10-14 11:07,L76,4165.145,5,20825.725,-15.12,-0.07,3,0,0.00,-14.32,-0.07,-909.57,-9.10,1
75,Exit short,2025-10-14 13:42,Opposite signal,4134.5,1,4148.844,13.74,0.33,0.6,58.4,1.41,-3.07,-0.07,-895.82,-8.96,152
75,Entry short,2025-10-14 11:10,S77,4148.844,1,4148.844,13.74,0.33,0.6,58.4,1.41,-3.07,-0.07,-895.82,-8.96,152
76,Exit long,2025-10-15 02:00,Time flat,4144.055,1,4134.27,9.19,0.22,0.6,20.93,0.51,-36.83,-0.89,-886.64,-8.87,708
76,Entry long,2025-10-14 14:12,L78,4134.27,1,4134.27,9.19,0.22,0.6,20.93,0.51,-36.83,-0.89,-886.64,-8.87,708
77,Exit long,2025-10-15 08:02,Opposite signal,4171.07,3,12509.46,1.95,0.02,1.8,50.34,0.40,-1.08,-0.01,-884.69,-8.85,88
77,Entry long,2025-10-15 06:34,L79,4169.82,3,12509.46,1.95,0.02,1.8,50.34,0.40,-1.08,-0.01,-884.69,-8.85,88
78,Exit short,2025-10-15 09:17,Opposite signal,4187.02,3,12518.49,-44.37,-0.35,1.8,16.53,0.13,-44.95,-0.36,-929.06,-9.29,74
78,Entry short,2025-10-15 08:03,S80,4172.83,3,12518.49,-44.37,-0.35,1.8,16.53,0.13,-44.95,-0.36,-929.06,-9.29,74
79,Exit long,2025-10-15 14:50,Opposite signal,4191.88,2,8373.8,8.76,0.10,1.2,62.41,0.75,-28.02,-0.33,-920.3,-9.20,320
79,Entry long,2025-10-15 09:30,L81,4186.9,2,8373.8,8.76,0.10,1.2,62.41,0.75,-28.02,-0.33,-920.3,-9.20,320
80,Exit short,2025-10-16 02:00,Time flat,4207.74,1,4178.95,-29.39,-0.70,0.6,2.36,0.06,-34.89,-0.83,-949.69,-9.50,668
80,Entry short,2025-10-15 14:52,S82,4178.95,1,4178.95,-29.39,-0.70,0.6,2.36,0.06,-34.89,-0.83,-949.69,-9.50,668
81,Exit short,2025-10-16 15:29,Opposite signal,4240.825,4,16929.952,-35.75,-0.21,2.4,114.55,0.68,-39.47,-0.23,-985.44,-9.85,380
81,Entry short,2025-10-16 09:09,S83,4232.488,4,16929.952,-35.75,-0.21,2.4,114.55,0.68,-39.47,-0.23,-985.44,-9.85,380
82,Exit long,2025-10-16 17:54,Opposite signal,4238.64,1,4239.525,-1.48,-0.04,0.6,7.88,0.19,-5.67,-0.13,-986.92,-9.87,144
82,Entry long,2025-10-16 15:30,L84,4239.525,1,4239.525,-1.48,-0.04,0.6,7.88,0.19,-5.67,-0.13,-986.92,-9.87,144
83,Exit short,2025-10-16 18:05,S85 exit,4248.7,5,21196.99,-49.51,-0.23,3,2.47,0.01,-48.01,-0.23,-1036.43,-10.36,8
83,Entry short,2025-10-16 17:57,S85,4239.398,5,21196.99,-49.51,-0.23,3,2.47,0.01,-48.01,-0.23,-1036.43,-10.36,8
84,Exit long,2025-10-16 18:09,L86 exit,4235.63,4,16990.8,-50.68,-0.30,2.4,0,0.00,-49.48,-0.29,-1087.11,-10.87,1
84,Entry long,2025-10-16 18:08,L86,4247.7,4,16990.8,-50.68,-0.30,2.4,0,0.00,-49.48,-0.29,-1087.11,-10.87,1
85,Exit short,2025-10-16 18:52,S87 exit,4252.345,3,12703.83,-55,-0.43,1.8,8.09,0.06,-54.1,-0.43,-1142.12,-11.42,41
85,Entry short,2025-10-16 18:11,S87,4234.61,3,12703.83,-55,-0.43,1.8,8.09,0.06,-54.1,-0.43,-1142.12,-11.42,41
86,Exit long,2025-10-16 19:27,Opposite signal,4245.19,2,8502.69,-13.51,-0.16,1.2,14.26,0.17,-16.34,-0.19,-1155.63,-11.56,34
86,Entry long,2025-10-16 18:53,L88,4251.345,2,8502.69,-13.51,-0.16,1.2,14.26,0.17,-16.34,-0.19,-1155.63,-11.56,34
87,Exit short,2025-10-16 19:35,S89 exit,4259.775,4,16989.2,-52.3,-0.31,2.4,5.6,0.03,-51.1,-0.30,-1207.93,-12.08,6
87,Entry short,2025-10-16 19:29,S89,4247.3,4,16989.2,-52.3,-0.31,2.4,5.6,0.03,-51.1,-0.30,-1207.93,-12.08,6
88,Exit long,2025-10-16 22:09,Opposite signal,4268.555,3,12776.325,27.54,0.22,1.8,99.36,0.78,-14.55,-0.11,-1180.39,-11.80,151
88,Entry long,2025-10-16 19:38,L90,4258.775,3,12776.325,27.54,0.22,1.8,99.36,0.78,-14.55,-0.11,-1180.39,-11.80,151
89,Exit short,2025-10-16 22:48,S91 exit,4293.195,2,8538.47,-49.12,-0.58,1.2,6.27,0.07,-48.52,-0.57,-1229.51,-12.30,36
89,Entry short,2025-10-16 22:12,S91,4269.235,2,8538.47,-49.12,-0.58,1.2,6.27,0.07,-48.52,-0.57,-1229.51,-12.30,36
90,Exit long,2025-10-16 23:45,Opposite signal,4284.76,1,4292.195,-8.03,-0.19,0.6,6.23,0.15,-8.2,-0.19,-1237.54,-12.38,56
90,Entry long,2025-10-16 22:49,L92,4292.195,1,4292.195,-8.03,-0.19,0.6,6.23,0.15,-8.2,-0.19,-1237.54,-12.38,56
91,Exit long,2025-10-20 08:25,Opposite signal,4256.3,2,8485.982,25.42,0.30,1.2,55.99,0.66,-27.93,-0.33,-1212.12,-12.12,115
91,Entry long,2025-10-20 06:30,L94,4242.991,2,8485.982,25.42,0.30,1.2,55.99,0.66,-27.93,-0.33,-1212.12,-12.12,115
92,Exit short,2025-10-20 09:24,Opposite signal,4263.725,3,12776.085,-16.89,-0.13,1.8,28.86,0.23,-18.49,-0.14,-1229.02,-12.29,44
92,Entry short,2025-10-20 08:40,S95,4258.695,3,12776.085,-16.89,-0.13,1.8,28.86,0.23,-18.49,-0.14,-1229.02,-12.29,44
93,Exit long,2025-10-20 10:53,L96 exit,4247.775,3,12787.983,-46.46,-0.36,1.8,15.97,0.12,-45.56,-0.36,-1275.47,-12.75,80
93,Entry long,2025-10-20 09:33,L96,4262.661,3,12787.983,-46.46,-0.36,1.8,15.97,0.12,-45.56,-0.36,-1275.47,-12.75,80
94,Exit short,2025-10-20 12:39,Opposite signal,4248.205,2,8497.55,-0.06,0.00,1.2,54.54,0.64,-8.83,-0.10,-1275.53,-12.76,79
94,Entry short,2025-10-20 11:20,S97,4248.775,2,8497.55,-0.06,0.00,1.2,54.54,0.64,-8.83,-0.10,-1275.53,-12.76,79
95,Exit long,2025-10-20 14:19,Opposite signal,4256.355,6,25550.328,-15.8,-0.06,3.6,44.59,0.17,-28.73,-0.11,-1291.33,-12.91,62
95,Entry long,2025-10-20 13:17,L98,4258.388,6,25550.328,-15.8,-0.06,3.6,44.59,0.17,-28.73,-0.11,-1291.33,-12.91,62
96,Exit short,2025-10-20 15:17,Opposite signal,4260.245,5,21285.65,-18.57,-0.09,3,31.93,0.15,-17.62,-0.08,-1309.91,-13.10,51
96,Entry short,2025-10-20 14:26,S99,4257.13,5,21285.65,-18.57,-0.09,3,31.93,0.15,-17.62,-0.08,-1309.91,-13.10,51
97,Exit long,2025-10-20 15:38,Opposite signal,4249.95,4,17041.468,-44.07,-0.26,2.4,11.89,0.07,-43.33,-0.25,-1353.97,-13.54,18
97,Entry long,2025-10-20 15:20,L100,4260.367,4,17041.468,-44.07,-0.26,2.4,11.89,0.07,-43.33,-0.25,-1353.97,-13.54,18
98,Exit short,2025-10-20 17:01,Opposite signal,4264.255,3,12751.335,-43.23,-0.34,1.8,1.14,0.01,-42.46,-0.33,-1397.2,-13.97,78
98,Entry short,2025-10-20 15:43,S101,4250.445,3,12751.335,-43.23,-0.34,1.8,1.14,0.01,-42.46,-0.33,-1397.2,-13.97,78
99,Exit long,2025-10-20 17:43,L102 exit,4282.435,8,34111.544,143.14,0.42,4.8,145.54,0.43,-19.98,-0.06,-1254.07,-12.54,35
99,Entry long,2025-10-20 17:08,L102,4263.943,8,34111.544,143.14,0.42,4.8,145.54,0.43,-19.98,-0.06,-1254.07,-12.54,35
100,Exit short,2025-10-20 19:46,Opposite signal,4320.08,3,12938.37,-23.67,-0.18,1.8,58.92,0.46,-30.16,-0.23,-1277.74,-12.78,45
100,Entry short,2025-10-20 19:01,S103,4312.79,3,12938.37,-23.67,-0.18,1.8,58.92,0.46,-30.16,-0.23,-1277.74,-12.78,45
101,Exit long,2025-10-21 01:34,Opposite signal,4363.365,1,4324.136,38.63,0.89,0.6,57,1.32,-7.44,-0.17,-1239.11,-12.39,338
101,Entry long,2025-10-20 19:56,L104,4324.136,1,4324.136,38.63,0.89,0.6,57,1.32,-7.44,-0.17,-1239.11,-12.39,338
102,Exit long,2025-10-21 13:03,L105 exit,4316.395,2,8674.974,-43.38,-0.50,1.2,3.3,0.04,-42.78,-0.49,-1282.49,-12.82,31
102,Entry long,2025-10-21 12:32,L105,4337.487,2,8674.974,-43.38,-0.50,1.2,3.3,0.04,-42.78,-0.49,-1282.49,-12.82,31
103,Exit long,2025-10-21 19:17,L107 exit,4188.75,2,8433.102,-56.8,-0.67,1.2,3.15,0.04,-56.2,-0.67,-1339.29,-13.39,7
103,Entry long,2025-10-21 19:10,L107,4216.551,2,8433.102,-56.8,-0.67,1.2,3.15,0.04,-56.2,-0.67,-1339.29,-13.39,7
104,Exit long,2025-10-28 07:45,L112 exit,4003.355,7,28069.965,-50.68,-0.18,4.2,66.57,0.24,-48.58,-0.17,-1389.97,-13.90,74
104,Entry long,2025-10-28 06:31,L112,4009.995,7,28069.965,-50.68,-0.18,4.2,66.57,0.24,-48.58,-0.17,-1389.97,-13.90,74
105,Exit long,2025-10-28 12:48,Opposite signal,3939.065,5,19719.66,-27.33,-0.14,3,23.37,0.12,-36.43,-0.18,-1417.31,-14.17,10
105,Entry long,2025-10-28 12:38,L114,3943.932,5,19719.66,-27.33,-0.14,3,23.37,0.12,-36.43,-0.18,-1417.31,-14.17,10
106,Exit long,2025-10-28 21:17,L116 exit,3965.305,3,11714.115,180,1.54,1.8,180.9,1.54,-22.12,-0.19,-1237.31,-12.37,359
106,Entry long,2025-10-28 15:18,L116,3904.705,3,11714.115,180,1.54,1.8,180.9,1.54,-22.12,-0.19,-1237.31,-12.37,359
107,Exit short,2025-10-29 12:16,S117 exit,3983.495,2,7918.39,-49.8,-0.63,1.2,16.21,0.20,-49.2,-0.62,-1287.11,-12.87,237
107,Entry short,2025-10-29 08:19,S117,3959.195,2,7918.39,-49.8,-0.63,1.2,16.21,0.20,-49.2,-0.62,-1287.11,-12.87,237
108,Exit long,2025-10-29 18:44,Opposite signal,4013.415,3,11978.43,60.02,0.50,1.8,111.69,0.93,-9.49,-0.08,-1227.09,-12.27,343
108,Entry long,2025-10-29 13:01,L118,3992.81,3,11978.43,60.02,0.50,1.8,111.69,0.93,-9.49,-0.08,-1227.09,-12.27,343
109,Exit short,2025-10-29 19:37,Opposite signal,4021.04,3,12045.516,-19.4,-0.16,1.8,37.45,0.31,-19.97,-0.17,-1246.5,-12.46,52
109,Entry short,2025-10-29 18:45,S119,4015.172,3,12045.516,-19.4,-0.16,1.8,37.45,0.31,-19.97,-0.17,-1246.5,-12.46,52
110,Exit long,2025-10-29 21:16,Opposite signal,4001.84,3,12059.19,-55.47,-0.46,1.8,3.09,0.03,-55.26,-0.46,-1301.97,-13.02,96
110,Entry long,2025-10-29 19:40,L120,4019.73,3,12059.19,-55.47,-0.46,1.8,3.09,0.03,-55.26,-0.46,-1301.97,-13.02,96
111,Exit short,2025-10-30 02:00,Time flat,3948.93,2,7995.536,96.48,1.21,1.2,139.22,1.74,-20.81,-0.26,-1205.49,-12.05,261
111,Entry short,2025-10-29 21:39,S121,3997.768,2,7995.536,96.48,1.21,1.2,139.22,1.74,-20.81,-0.26,-1205.49,-12.05,261
112,Exit short,2025-10-30 10:04,S122 exit,3967.8,1,3928.34,-40.06,-1.02,0.6,5.35,0.14,-39.76,-1.01,-1245.55,-12.46,86
112,Entry short,2025-10-30 08:38,S122,3928.34,1,3928.34,-40.06,-1.02,0.6,5.35,0.14,-39.76,-1.01,-1245.55,-12.46,86
113,Exit long,2025-10-31 01:56,Opposite signal,4018.57,1,3966.8,51.17,1.29,0.6,60.02,1.51,-20.07,-0.51,-1194.38,-11.94,951
113,Entry long,2025-10-30 10:05,L123,3966.8,1,3966.8,51.17,1.29,0.6,60.02,1.51,-20.07,-0.51,-1194.38,-11.94,951
114,Exit short,2025-10-31 10:02,Opposite signal,4004.165,2,8052.766,43.24,0.54,1.2,74.04,0.92,-26.99,-0.34,-1151.15,-11.51,208
114,Entry short,2025-10-31 06:34,S124,4026.383,2,8052.766,43.24,0.54,1.2,74.04,0.92,-26.99,-0.34,-1151.15,-11.51,208
115,Exit long,2025-10-31 10:38,Opposite signal,3998.495,3,12011.55,-17.86,-0.15,1.8,19.92,0.17,-20.76,-0.17,-1169.01,-11.69,35
115,Entry long,2025-10-31 10:03,L125,4003.85,3,12011.55,-17.86,-0.15,1.8,19.92,0.17,-20.76,-0.17,-1169.01,-11.69,35
116,Exit short,2025-10-31 11:36,Opposite signal,4011.065,4,15993.136,-53.52,-0.33,2.4,2.2,0.01,-53.7,-0.34,-1222.54,-12.23,40
116,Entry short,2025-10-31 10:56,S126,3998.284,4,15993.136,-53.52,-0.33,2.4,2.2,0.01,-53.7,-0.34,-1222.54,-12.23,40
117,Exit long,2025-10-31 13:06,Opposite signal,4018.745,3,12032.37,22.07,0.18,1.8,43.89,0.36,-16.68,-0.14,-1200.47,-12.00,89
117,Entry long,2025-10-31 11:37,L127,4010.79,3,12032.37,22.07,0.18,1.8,43.89,0.36,-16.68,-0.14,-1200.47,-12.00,89
118,Exit short,2025-10-31 13:37,Opposite signal,4025.93,4,16061.348,-44.77,-0.28,2.4,0,0.00,-44.29,-0.28,-1245.24,-12.45,21
118,Entry short,2025-10-31 13:16,S128,4015.337,4,16061.348,-44.77,-0.28,2.4,0,0.00,-44.29,-0.28,-1245.24,-12.45,21
119,Exit long,2025-10-31 14:24,L129 exit,4010.875,3,12077.16,-46.33,-0.38,1.8,1.53,0.01,-45.43,-0.38,-1291.58,-12.92,45
119,Entry long,2025-10-31 13:39,L129,4025.72,3,12077.16,-46.33,-0.38,1.8,1.53,0.01,-45.43,-0.38,-1291.58,-12.92,45
120,Exit short,2025-10-31 18:11,S130 exit,4027.82,3,12035.73,-49.53,-0.41,1.8,38.21,0.32,-48.63,-0.40,-1341.11,-13.41,221
120,Entry short,2025-10-31 14:30,S130,4011.91,3,12035.73,-49.53,-0.41,1.8,38.21,0.32,-48.63,-0.40,-1341.11,-13.41,221
121,Exit long,2025-10-31 21:39,L131 exit,3997.875,2,8053.64,-59.09,-0.73,1.2,17.21,0.21,-58.49,-0.73,-1400.2,-14.00,197
121,Entry long,2025-10-31 18:22,L131,4026.82,2,8053.64,-59.09,-0.73,1.2,17.21,0.21,-58.49,-0.73,-1400.2,-14.00,197
122,Exit short,2025-10-31 23:00,Weekend flat,3984.72,1,3988.323,3,0.08,0.6,9.26,0.23,-2.92,-0.07,-1397.19,-13.97,61
122,Entry short,2025-10-31 21:59,S132,3988.323,1,3988.323,3,0.08,0.6,9.26,0.23,-2.92,-0.07,-1397.19,-13.97,61
123,Exit long,2025-11-03 13:57,Opposite signal,4011.97,1,4010.08,1.29,0.03,0.6,17.75,0.44,-12.67,-0.32,-1395.9,-13.96,292
123,Entry long,2025-11-03 09:05,L133,4010.08,1,4010.08,1.29,0.03,0.6,17.75,0.44,-12.67,-0.32,-1395.9,-13.96,292
124,Exit short,2025-11-03 16:58,Opposite signal,4006.26,3,12046.332,25.75,0.21,1.8,66.13,0.55,-32.9,-0.27,-1370.15,-13.70,180
124,Entry short,2025-11-03 13:58,S134,4015.444,3,12046.332,25.75,0.21,1.8,66.13,0.55,-32.9,-0.27,-1370.15,-13.70,180
125,Exit long,2025-11-03 19:59,Opposite signal,4009.485,4,16021.58,13.96,0.09,2.4,60.68,0.38,-15.16,-0.09,-1356.19,-13.56,178
125,Entry long,2025-11-03 17:01,L135,4005.395,4,16021.58,13.96,0.09,2.4,60.68,0.38,-15.16,-0.09,-1356.19,-13.56,178
126,Exit short,2025-11-03 20:18,S136 exit,4021.865,4,16045.076,-44.78,-0.28,2.4,36.86,0.23,-43.58,-0.27,-1400.98,-14.01,17
126,Entry short,2025-11-03 20:01,S136,4011.269,4,16045.076,-44.78,-0.28,2.4,36.86,0.23,-43.58,-0.27,-1400.98,-14.01,17
127,Exit long,2025-11-03 21:46,L137 exit,4000.755,2,8041.73,-41.42,-0.52,1.2,19.32,0.24,-40.82,-0.51,-1442.4,-14.42,87
127,Entry long,2025-11-03 20:19,L137,4020.865,2,8041.73,-41.42,-0.52,1.2,19.32,0.24,-40.82,-0.51,-1442.4,-14.42,87
128,Exit short,2025-11-04 02:00,Time flat,4011.66,2,8008.244,-16.28,-0.20,1.2,16.75,0.21,-22.48,-0.28,-1458.67,-14.59,249
128,Entry short,2025-11-03 21:51,S138,4004.122,2,8008.244,-16.28,-0.20,1.2,16.75,0.21,-22.48,-0.28,-1458.67,-14.59,249
129,Exit long,2025-11-04 11:15,L139 exit,3974.57,2,7989.62,-41.68,-0.52,1.2,8.71,0.11,-41.08,-0.51,-1500.35,-15.00,131
129,Entry long,2025-11-04 09:04,L139,3994.81,2,7989.62,-41.68,-0.52,1.2,8.71,0.11,-41.08,-0.51,-1500.35,-15.00,131
130,Exit short,2025-11-04 13:58,Opposite signal,3999.57,2,7949.64,-50.7,-0.64,1.2,12.29,0.15,-51.5,-0.65,-1551.05,-15.51,139
130,Entry short,2025-11-04 11:39,S140,3974.82,2,7949.64,-50.7,-0.64,1.2,12.29,0.15,-51.5,-0.65,-1551.05,-15.51,139
131,Exit long,2025-11-04 19:35,L141 exit,3965.605,1,3999.465,-34.46,-0.86,0.6,0.97,0.02,-34.16,-0.85,-1585.51,-15.86,336
131,Entry long,2025-11-04 13:59,L141,3999.465,1,3999.465,-34.46,-0.86,0.6,0.97,0.02,-34.16,-0.85,-1585.51,-15.86,336
132,Exit short,2025-11-05 02:00,Time flat,3937.445,1,3946.728,8.68,0.22,0.6,15.15,0.38,-29.26,-0.74,-1576.83,-15.77,337
132,Entry short,2025-11-04 20:23,S142,3946.728,1,3946.728,8.68,0.22,0.6,15.15,0.38,-29.26,-0.74,-1576.83,-15.77,337
133,Exit short,2025-11-06 23:23,Opposite signal,3987.785,2,7993.466,16.7,0.21,1.2,61.45,0.77,-13.66,-0.17,-1560.13,-15.60,202
133,Entry short,2025-11-06 20:01,S144,3996.733,2,7993.466,16.7,0.21,1.2,61.45,0.77,-13.66,-0.17,-1560.13,-15.60,202
134,Exit short,2025-11-07 06:34,Opposite signal,3992.205,9,35917.101,-18.14,-0.05,5.4,29.2,0.08,-25.84,-0.07,-1578.28,-15.78,21
134,Entry short,2025-11-07 06:13,S145,3990.789,9,35917.101,-18.14,-0.05,5.4,29.2,0.08,-25.84,-0.07,-1578.28,-15.78,21
135,Exit short,2025-11-07 08:09,Opposite signal,3998.34,6,23978.748,-14.89,-0.06,3.6,27.29,0.11,-16.51,-0.07,-1593.17,-15.93,16
135,Entry short,2025-11-07 07:53,S147,3996.458,6,23978.748,-14.89,-0.06,3.6,27.29,0.11,-16.51,-0.07,-1593.17,-15.93,16
136,Exit long,2025-11-07 08:37,Opposite signal,3991.4,6,23988.6,-43.8,-0.18,3.6,0,0.00,-43.11,-0.18,-1636.97,-16.37,27
136,Entry long,2025-11-07 08:10,L148,3998.1,6,23988.6,-43.8,-0.18,3.6,0,0.00,-43.11,-0.18,-1636.97,-16.37,27
137,Exit short,2025-11-07 09:51,Opposite signal,3996.8,5,19954.24,-32.76,-0.16,3,24.72,0.12,-31.26,-0.16,-1669.73,-16.70,67
137,Entry short,2025-11-07 08:44,S149,3990.848,5,19954.24,-32.76,-0.16,3,24.72,0.12,-31.26,-0.16,-1669.73,-16.70,67
138,Exit long,2025-11-07 10:54,Opposite signal,3993.66,4,15981.68,-9.44,-0.06,2.4,13.32,0.08,-9.3,-0.06,-1679.17,-16.79,59
138,Entry long,2025-11-07 09:55,L150,3995.42,4,15981.68,-9.44,-0.06,2.4,13.32,0.08,-9.3,-0.06,-1679.17,-16.79,59
139,Exit short,2025-11-07 12:02,S151 exit,4000.05,7,27958.259,-46.29,-0.17,4.2,10.41,0.04,-44.19,-0.16,-1725.46,-17.25,67
139,Entry short,2025-11-07 10:55,S151,3994.037,7,27958.259,-46.29,-0.17,4.2,10.41,0.04,-44.19,-0.16,-1725.46,-17.25,67
140,Exit short,2025-11-07 17:37,Opposite signal,4008.12,5,20030.09,-13.51,-0.07,3,60.34,0.30,-31.03,-0.15,-1738.97,-17.39,106
140,Entry short,2025-11-07 15:51,S153,4006.018,5,20030.09,-13.51,-0.07,3,60.34,0.30,-31.03,-0.15,-1738.97,-17.39,106
141,Exit long,2025-11-07 18:19,L154 exit,3992.65,3,12023.715,-47.56,-0.40,1.8,0.53,0.00,-46.66,-0.39,-1786.54,-17.87,40
141,Entry long,2025-11-07 17:39,L154,4007.905,3,12023.715,-47.56,-0.40,1.8,0.53,0.00,-46.66,-0.39,-1786.54,-17.87,40
142,Exit short,2025-11-07 21:56,Opposite signal,4008.355,3,11987.841,-39.02,-0.33,1.8,34.91,0.29,-38.3,-0.32,-1825.56,-18.26,212
142,Entry short,2025-11-07 18:24,S155,3995.947,3,11987.841,-39.02,-0.33,1.8,34.91,0.29,-38.3,-0.32,-1825.56,-18.26,212
143,Exit long,2025-11-07 23:00,Weekend flat,3997.815,2,8014.72,-20.29,-0.25,1.2,39.87,0.50,-30.58,-0.38,-1845.85,-18.46,63
143,Entry long,2025-11-07 21:57,L156,4007.36,2,8014.72,-20.29,-0.25,1.2,39.87,0.50,-30.58,-0.38,-1845.85,-18.46,63
144,Exit short,2025-11-10 09:33,S157 exit,4054.47,5,20222.22,-53.13,-0.26,3,32.02,0.16,-51.63,-0.26,-1898.98,-18.99,126
144,Entry short,2025-11-10 07:27,S157,4044.444,5,20222.22,-53.13,-0.26,3,32.02,0.16,-51.63,-0.26,-1898.98,-18.99,126
145,Exit long,2025-11-10 14:44,Opposite signal,4075.01,3,12160.41,62.82,0.52,1.8,94.58,0.78,-11.8,-0.10,-1836.16,-18.36,310
145,Entry long,2025-11-10 09:34,L158,4053.47,3,12160.41,62.82,0.52,1.8,94.58,0.78,-11.8,-0.10,-1836.16,-18.36,310
146,Exit short,2025-11-10 15:10,Opposite signal,4085.66,4,16299.768,-45.27,-0.28,2.4,0,0.00,-46.07,-0.28,-1881.43,-18.81,24
146,Entry short,2025-11-10 14:46,S159,4074.942,4,16299.768,-45.27,-0.28,2.4,0,0.00,-46.07,-0.28,-1881.43,-18.81,24
147,Exit long,2025-11-10 19:22,Opposite signal,4092.83,3,12255.885,20.81,0.17,1.8,61.22,0.50,-29.2,-0.24,-1860.63,-18.61,251
147,Entry long,2025-11-10 15:11,L160,4085.295,3,12255.885,20.81,0.17,1.8,61.22,0.50,-29.2,-0.24,-1860.63,-18.61,251
148,Exit short,2025-11-10 20:33,Opposite signal,4089.81,8,32719.56,-3.72,-0.01,4.8,121.24,0.37,-14.72,-0.04,-1864.35,-18.64,60
148,Entry short,2025-11-10 19:33,S161,4089.945,8,32719.56,-3.72,-0.01,4.8,121.24,0.37,-14.72,-0.04,-1864.35,-18.64,60
149,Exit long,2025-11-10 21:03,Opposite signal,4085.535,3,12265.695,-10.89,-0.09,1.8,16.47,0.13,-11.46,-0.09,-1875.24,-18.75,29
149,Entry long,2025-11-10 20:34,L162,4088.565,3,12265.695,-10.89,-0.09,1.8,16.47,0.13,-11.46,-0.09,-1875.24,-18.75,29
150,Exit short,2025-11-10 21:39,Opposite signal,4089.36,5,20429.27,-20.53,-0.10,3,38.1,0.19,-19.4,-0.09,-1895.77,-18.96,30
150,Entry short,2025-11-10 21:09,S163,4085.854,5,20429.27,-20.53,-0.10,3,38.1,0.19,-19.4,-0.09,-1895.77,-18.96,30
151,Exit short,2025-11-11 14:40,Opposite signal,4143.055,7,29008.973,3.39,0.01,4.2,132.61,0.46,-19.43,-0.07,-1892.38,-18.92,291
151,Entry short,2025-11-11 09:49,S165,4144.139,7,29008.973,3.39,0.01,4.2,132.61,0.46,-19.43,-0.07,-1892.38,-18.92,291
152,Exit long,2025-11-11 15:27,Opposite signal,4142.99,3,12426.825,0.35,0.00,1.8,10.38,0.08,-4.18,-0.03,-1892.03,-18.92,45
152,Entry long,2025-11-11 14:42,L166,4142.275,3,12426.825,0.35,0.00,1.8,10.38,0.08,-4.18,-0.03,-1892.03,-18.92,45
153,Exit short,2025-11-11 19:05,Opposite signal,4145.195,6,24838.368,-36.4,-0.15,3.6,36.53,0.15,-34.69,-0.14,-1928.44,-19.28,209
153,Entry short,2025-11-11 15:36,S167,4139.728,6,24838.368,-36.4,-0.15,3.6,36.53,0.15,-34.69,-0.14,-1928.44,-19.28,209
154,Exit long,2025-11-11 19:50,L168 exit,4132.34,4,16577.4,-50.44,-0.30,2.4,8.94,0.05,-49.24,-0.30,-1978.88,-19.79,44
154,Entry long,2025-11-11 19:06,L168,4144.35,4,16577.4,-50.44,-0.30,2.4,8.94,0.05,-49.24,-0.30,-1978.88,-19.79,44
155,Exit short,2025-11-12 02:00,Time flat,4125.775,3,12401.55,22.43,0.18,1.8,108.92,0.88,-3.78,-0.03,-1956.45,-19.56,366
155,Entry short,2025-11-11 19:54,S169,4133.85,3,12401.55,22.43,0.18,1.8,108.92,0.88,-3.78,-0.03,-1956.45,-19.56,366
156,Exit short,2025-11-12 09:32,S170 exit,4110.87,6,24830.37,161.55,0.65,3.6,163.35,0.66,-4.92,-0.02,-1794.9,-17.95,190
156,Entry short,2025-11-12 06:22,S170,4138.395,6,24830.37,161.55,0.65,3.6,163.35,0.66,-4.92,-0.02,-1794.9,-17.95,190
157,Exit long,2025-11-12 13:41,Opposite signal,4112.615,3,12337.98,-1.93,-0.02,1.8,37.02,0.30,-2.73,-0.02,-1796.84,-17.97,98
157,Entry long,2025-11-12 12:03,L171,4112.66,3,12337.98,-1.93,-0.02,1.8,37.02,0.30,-2.73,-0.02,-1796.84,-17.97,98
158,Exit short,2025-11-12 13:52,S172 exit,4126.3,4,16462.112,-45.49,-0.28,2.4,0,0.00,-44.29,-0.27,-1842.32,-18.42,10
158,Entry short,2025-11-12 13:42,S172,4115.528,4,16462.112,-45.49,-0.28,2.4,0,0.00,-44.29,-0.27,-1842.32,-18.42,10
159,Exit short,2025-11-12 16:28,Opposite signal,4128.49,6,24763.08,-11.46,-0.05,3.6,53.61,0.22,-17.52,-0.07,-1853.78,-18.54,90
159,Entry short,2025-11-12 14:58,S174,4127.18,6,24763.08,-11.46,-0.05,3.6,53.61,0.22,-17.52,-0.07,-1853.78,-18.54,90
160,Exit long,2025-11-12 20:46,L175 exit,4165.585,4,16513.54,146.4,0.89,2.4,147.6,0.89,-23.78,-0.14,-1707.38,-17.07,257
160,Entry long,2025-11-12 16:29,L175,4128.385,4,16513.54,146.4,0.89,2.4,147.6,0.89,-23.78,-0.14,-1707.38,-17.07,257
161,Exit long,2025-11-13 19:39,Opposite signal,4214.85,1,4209.315,4.93,0.12,0.6,35.58,0.85,-6.34,-0.15,-1702.45,-17.02,621
161,Entry long,2025-11-13 09:18,L176,4209.315,1,4209.315,4.93,0.12,0.6,35.58,0.85,-6.34,-0.15,-1702.45,-17.02,621
162,Exit short,2025-11-14 02:00,Time flat,4169.53,2,8443.238,102.98,1.22,1.2,152.26,1.80,-1.63,-0.02,-1599.47,-15.99,378
162,Entry short,2025-11-13 19:42,S177,4221.619,2,8443.238,102.98,1.22,1.2,152.26,1.80,-1.63,-0.02,-1599.47,-15.99,378
163,Exit long,2025-11-14 23:00,Weekend flat,4099.11,1,4071.166,27.34,0.67,0.6,39.72,0.98,-3.16,-0.08,-1572.13,-15.72,147
163,Entry long,2025-11-14 20:33,L178,4071.166,1,4071.166,27.34,0.67,0.6,39.72,0.98,-3.16,-0.08,-1572.13,-15.72,147
164,Exit short,2025-11-17 12:03,Opposite signal,4069.19,1,4075.615,5.83,0.14,0.6,25.56,0.63,-12.77,-0.31,-1566.3,-15.66,211
164,Entry short,2025-11-17 08:32,S179,4075.615,1,4075.615,5.83,0.14,0.6,25.56,0.63,-12.77,-0.31,-1566.3,-15.66,211
165,Exit long,2025-11-17 16:33,Opposite signal,4063.655,3,12197.226,-8.06,-0.07,1.8,89.68,0.74,-7.99,-0.07,-1574.36,-15.74,269
165,Entry long,2025-11-17 12:04,L180,4065.742,3,12197.226,-8.06,-0.07,1.8,89.68,0.74,-7.99,-0.07,-1574.36,-15.74,269
166,Exit short,2025-11-18 01:54,Opposite signal,4026.165,1,4064.875,38.11,0.94,0.6,57.52,1.41,-27.71,-0.68,-1536.25,-15.36,560
166,Entry short,2025-11-17 16:34,S181,4064.875,1,4064.875,38.11,0.94,0.6,57.52,1.41,-27.71,-0.68,-1536.25,-15.36,560
167,Exit long,2025-11-18 09:47,L182 exit,4007.24,3,12062.856,-42.94,-0.36,1.8,6.41,0.05,-42.04,-0.35,-1579.19,-15.79,36
167,Entry long,2025-11-18 09:11,L182,4020.952,3,12062.856,-42.94,-0.36,1.8,6.41,0.05,-42.04,-0.35,-1579.19,-15.79,36
168,Exit short,2025-11-18 13:11,Opposite signal,4013.04,2,8016.48,-10.8,-0.13,1.2,19.91,0.25,-34.91,-0.44,-1589.99,-15.90,201
168,Entry short,2025-11-18 09:50,S183,4008.24,2,8016.48,-10.8,-0.13,1.2,19.91,0.25,-34.91,-0.44,-1589.99,-15.90,201
169,Exit long,2025-11-18 17:55,Opposite signal,4036.455,3,12032.835,74.73,0.62,1.8,117.84,0.98,-3.55,-0.03,-1515.26,-15.15,283
169,Entry long,2025-11-18 13:12,L184,4010.945,3,12032.835,74.73,0.62,1.8,117.84,0.98,-3.55,-0.03,-1515.26,-15.15,283
170,Exit short,2025-11-18 18:34,Opposite signal,4043.225,3,12112.29,-19.18,-0.16,1.8,23.4,0.19,-19.86,-0.16,-1534.44,-15.34,27
170,Entry short,2025-11-18 18:07,S185,4037.43,3,12112.29,-19.18,-0.16,1.8,23.4,0.19,-19.86,-0.16,-1534.44,-15.34,27
171,Exit long,2025-11-18 20:23,Opposite signal,4066.9,3,12126.003,72.9,0.60,1.8,118.84,0.98,-10.52,-0.09,-1461.55,-14.62,107
171,Entry long,2025-11-18 18:36,L186,4042.001,3,12126.003,72.9,0.60,1.8,118.84,0.98,-10.52,-0.09,-1461.55,-14.62,107
172,Exit short,2025-11-18 23:11,Opposite signal,4072.995,3,12192.432,-28.35,-0.23,1.8,69.88,0.57,-29.99,-0.25,-1489.9,-14.90,165
172,Entry short,2025-11-18 20:26,S187,4064.144,3,12192.432,-28.35,-0.23,1.8,69.88,0.57,-29.99,-0.25,-1489.9,-14.90,165
173,Exit short,2025-11-19 07:36,Opposite signal,4063.31,5,20353.565,34.02,0.17,3,74.44,0.37,-12.68,-0.06,-1455.88,-14.56,73
173,Entry short,2025-11-19 06:23,S188,4070.713,5,20353.565,34.02,0.17,3,74.44,0.37,-12.68,-0.06,-1455.88,-14.56,73
174,Exit long,2025-11-19 10:51,L189 exit,4090.045,6,24370.56,166.11,0.68,3.6,167.91,0.69,-22.68,-0.09,-1289.78,-12.90,194
174,Entry long,2025-11-19 07:37,L189,4061.76,6,24370.56,166.11,0.68,3.6,167.91,0.69,-22.68,-0.09,-1289.78,-12.90,194
175,Exit short,2025-11-19 15:15,Opposite signal,4098.555,4,16353.572,-43.05,-0.26,2.4,38.97,0.24,-42.61,-0.26,-1332.82,-13.33,156
175,Entry short,2025-11-19 12:39,S190,4088.393,4,16353.572,-43.05,-0.26,2.4,38.97,0.24,-42.61,-0.26,-1332.82,-13.33,156
176,Exit short,2025-11-19 20:25,S192 exit,4121.015,3,12316.926,-47.92,-0.39,1.8,10.93,0.09,-47.02,-0.38,-1380.74,-13.81,95
176,Entry short,2025-11-19 18:50,S192,4105.642,3,12316.926,-47.92,-0.39,1.8,10.93,0.09,-47.02,-0.38,-1380.74,-13.81,95
177,Exit long,2025-11-19 20:57,Opposite signal,4119.61,2,8240.03,-2.01,-0.02,1.2,0,0.00,-2.35,-0.03,-1382.75,-13.83,1
177,Entry long,2025-11-19 20:56,L193,4120.015,2,8240.03,-2.01,-0.02,1.2,0,0.00,-2.35,-0.03,-1382.75,-13.83,1
178,Exit short,2025-11-19 21:57,S194 exit,4071.86,3,12357.522,140.14,1.13,1.8,141.04,1.14,-7.26,-0.06,-1242.61,-12.43,56
178,Entry short,2025-11-19 21:01,S194,4119.174,3,12357.522,140.14,1.13,1.8,141.04,1.14,-7.26,-0.06,-1242.61,-12.43,56
179,Exit short,2025-11-21 02:00,Time flat,4077.42,2,8171.94,15.9,0.19,1.2,93.54,1.14,-43.36,-0.53,-1226.71,-12.27,1114
179,Entry short,2025-11-20 07:26,S195,4085.97,2,8171.94,15.9,0.19,1.2,93.54,1.14,-43.36,-0.53,-1226.71,-12.27,1114
180,Exit long,2025-11-21 15:46,Opposite signal,4038.275,3,12119.079,-6.05,-0.05,1.8,70.84,0.58,-18.29,-0.15,-1232.76,-12.33,118
180,Entry long,2025-11-21 13:48,L196,4039.693,3,12119.079,-6.05,-0.05,1.8,70.84,0.58,-18.29,-0.15,-1232.76,-12.33,118
181,Exit short,2025-11-21 16:38,Opposite signal,4044.63,2,8077.64,-12.82,-0.16,1.2,12.22,0.15,-12.22,-0.15,-1245.58,-12.46,51
181,Entry short,2025-11-21 15:47,S197,4038.82,2,8077.64,-12.82,-0.16,1.2,12.22,0.15,-12.22,-0.15,-1245.58,-12.46,51
182,Exit long,2025-11-21 17:24,Opposite signal,4031.81,4,16173.56,-48.72,-0.30,2.4,3.24,0.02,-48.44,-0.30,-1294.3,-12.94,45
182,Entry long,2025-11-21 16:39,L198,4043.39,4,16173.56,-48.72,-0.30,2.4,3.24,0.02,-48.44,-0.30,-1294.3,-12.94,45
183,Exit short,2025-11-21 17:52,S199 exit,4048.05,3,12097.23,-48.72,-0.40,1.8,0,0.00,-47.82,-0.40,-1343.02,-13.43,27
183,Entry short,2025-11-21 17:25,S199,4032.41,3,12097.23,-48.72,-0.40,1.8,0,0.00,-47.82,-0.40,-1343.02,-13.43,27
184,Exit long,2025-11-21 21:11,Opposite signal,4056.16,3,12137.31,29.37,0.24,1.8,114.02,0.94,-6.43,-0.05,-1313.65,-13.14,192
184,Entry long,2025-11-21 17:59,L200,4045.77,3,12137.31,29.37,0.24,1.8,114.02,0.94,-6.43,-0.05,-1313.65,-13.14,192
185,Exit short,2025-11-21 22:20,S201 exit,4085.075,2,8118.37,-52.98,-0.65,1.2,0,0.00,-52.38,-0.65,-1366.63,-13.67,67
185,Entry short,2025-11-21 21:13,S201,4059.185,2,8118.37,-52.98,-0.65,1.2,0,0.00,-52.38,-0.65,-1366.63,-13.67,67
186,Exit long,2025-11-21 23:00,Weekend flat,4081.635,1,4089.592,-8.56,-0.21,0.6,1.64,0.04,-10.88,-0.27,-1375.19,-13.75,24
186,Entry long,2025-11-21 22:36,L202,4089.592,1,4089.592,-8.56,-0.21,0.6,1.64,0.04,-10.88,-0.27,-1375.19,-13.75,24
187,Exit long,2025-11-24 10:04,Opposite signal,4046.91,3,12161.718,-22.79,-0.19,1.8,21.66,0.18,-23.19,-0.19,-1397.98,-13.98,51
187,Entry long,2025-11-24 09:13,L203,4053.906,3,12161.718,-22.79,-0.19,1.8,21.66,0.18,-23.19,-0.19,-1397.98,-13.98,51
188,Exit short,2025-11-24 13:08,S204 exit,4062.425,3,12146.625,-42.45,-0.35,1.8,25.67,0.21,-41.55,-0.34,-1440.43,-14.40,183
188,Entry short,2025-11-24 10:05,S204,4048.875,3,12146.625,-42.45,-0.35,1.8,25.67,0.21,-41.55,-0.34,-1440.43,-14.40,183
189,Exit long,2025-11-24 16:24,Opposite signal,4064.225,2,8121.634,5.62,0.07,1.2,32.57,0.40,-5.11,-0.06,-1434.81,-14.35,184
189,Entry long,2025-11-24 13:20,L205,4060.817,2,8121.634,5.62,0.07,1.2,32.57,0.40,-5.11,-0.06,-1434.81,-14.35,184
190,Exit short,2025-11-24 18:13,Opposite signal,4077.555,4,16263.12,-49.5,-0.30,2.4,8.78,0.05,-51.34,-0.32,-1484.31,-14.84,107
190,Entry short,2025-11-24 16:26,S206,4065.78,4,16263.12,-49.5,-0.30,2.4,8.78,0.05,-51.34,-0.32,-1484.31,-14.84,107
191,Exit long,2025-11-24 19:22,Opposite signal,4075.36,3,12236.79,-12.51,-0.10,1.8,20.37,0.17,-14.79,-0.12,-1496.82,-14.97,59
191,Entry long,2025-11-24 18:23,L207,4078.93,3,12236.79,-12.51,-0.10,1.8,20.37,0.17,-14.79,-0.12,-1496.82,-14.97,59
192,Exit short,2025-11-24 20:26,Opposite signal,4083.835,4,16306.72,-31.02,-0.19,2.4,31.74,0.19,-32.74,-0.20,-1527.84,-15.28,63
192,Entry short,2025-11-24 19:23,S208,4076.68,4,16306.72,-31.02,-0.19,2.4,31.74,0.19,-32.74,-0.20,-1527.84,-15.28,63
193,Exit long,2025-11-24 22:43,Opposite signal,4092.085,3,12245.451,29,0.24,1.8,53.05,0.43,-3.34,-0.03,-1498.84,-14.99,135
193,Entry long,2025-11-24 20:28,L209,4081.817,3,12245.451,29,0.24,1.8,53.05,0.43,-3.34,-0.03,-1498.84,-14.99,135
194,Exit short,2025-11-25 00:07,S210 exit,4100.8,5,20464.55,-42.45,-0.21,3,22.63,0.11,-40.95,-0.20,-1541.29,-15.41,83
194,Entry short,2025-11-24 22:44,S210,4092.91,5,20464.55,-42.45,-0.21,3,22.63,0.11,-40.95,-0.20,-1541.29,-15.41,83
195,Exit short,2025-11-25 07:49,S211 exit,4145.585,3,12384.177,-54.38,-0.44,1.8,0.94,0.01,-53.48,-0.43,-1595.67,-15.96,50
195,Entry short,2025-11-25 06:59,S211,4128.059,3,12384.177,-54.38,-0.44,1.8,0.94,0.01,-53.48,-0.43,-1595.67,-15.96,50
196,Exit long,2025-11-25 14:08,L212 exit,4121.55,2,8289.17,-47.27,-0.57,1.2,22.03,0.27,-46.67,-0.56,-1642.94,-16.43,378
196,Entry long,2025-11-25 07:50,L212,4144.585,2,8289.17,-47.27,-0.57,1.2,22.03,0.27,-46.67,-0.56,-1642.94,-16.43,378
197,Exit short,2025-11-25 23:03,S213 exit,4156.9,1,4121.258,-36.24,-0.88,0.6,10.15,0.25,-35.94,-0.87,-1679.18,-16.79,509
197,Entry short,2025-11-25 14:34,S213,4121.258,1,4121.258,-36.24,-0.88,0.6,10.15,0.25,-35.94,-0.87,-1679.18,-16.79,509
198,Exit short,2025-11-26 13:36,Opposite signal,4160.51,4,16639.156,-5.28,-0.03,2.4,51.24,0.31,-37.42,-0.22,-1684.46,-16.84,213
198,Entry short,2025-11-26 10:03,S214,4159.789,4,16639.156,-5.28,-0.03,2.4,51.24,0.31,-37.42,-0.22,-1684.46,-16.84,213
199,Exit short,2025-11-26 17:02,S216 exit,4169.63,7,29138.886,-52.72,-0.18,4.2,53.47,0.18,-50.62,-0.17,-1737.19,-17.37,177
199,Entry short,2025-11-26 14:05,S216,4162.698,7,29138.886,-52.72,-0.18,4.2,53.47,0.18,-50.62,-0.17,-1737.19,-17.37,177
200,Exit long,2025-11-26 17:59,Opposite signal,4163.085,3,12505.89,-18.43,-0.15,1.8,13.71,0.11,-20.14,-0.16,-1755.62,-17.56,42
200,Entry long,2025-11-26 17:17,L217,4168.63,3,12505.89,-18.43,-0.15,1.8,13.71,0.11,-20.14,-0.16,-1755.62,-17.56,42
201,Exit short,2025-11-26 20:47,Opposite signal,4155.42,4,16652.332,28.25,0.17,2.4,104.47,0.63,-15.53,-0.09,-1727.37,-17.27,167
201,Entry short,2025-11-26 18:00,S218,4163.083,4,16652.332,28.25,0.17,2.4,104.47,0.63,-15.53,-0.09,-1727.37,-17.27,167
202,Exit long,2025-11-27 00:01,Opposite signal,4165.43,2,8316.146,13.51,0.16,1.2,27.06,0.33,-0.84,-0.01,-1713.86,-17.14,159
202,Entry long,2025-11-26 21:22,L219,4158.073,2,8316.146,13.51,0.16,1.2,27.06,0.33,-0.84,-0.01,-1713.86,-17.14,159
203,Exit long,2025-11-27 14:42,Opposite signal,4157.555,5,20758.63,26.15,0.13,3,76.17,0.37,-37.08,-0.18,-1687.71,-16.88,267
203,Entry long,2025-11-27 10:15,L220,4151.726,5,20758.63,26.15,0.13,3,76.17,0.37,-37.08,-0.18,-1687.71,-16.88,267
204,Exit short,2025-11-28 02:00,Time flat,4157.215,4,16630.12,-1.14,-0.01,2.4,32.58,0.20,-21.5,-0.13,-1688.85,-16.89,630
204,Entry short,2025-11-27 15:13,S221,4157.53,4,16630.12,-1.14,-0.01,2.4,32.58,0.20,-21.5,-0.13,-1688.85,-16.89,630
205,Exit short,2025-11-28 09:39,Opposite signal,4186.005,5,20924.45,-8.57,-0.04,3,19.8,0.09,-8.4,-0.04,-1697.43,-16.97,16
205,Entry short,2025-11-28 09:23,S222,4184.89,5,20924.45,-8.57,-0.04,3,19.8,0.09,-8.4,-0.04,-1697.43,-16.97,16
206,Exit long,2025-11-28 09:59,L223 exit,4179.63,8,33482.68,-50.44,-0.15,4.8,8,0.02,-48.04,-0.14,-1747.87,-17.48,17
206,Entry long,2025-11-28 09:42,L223,4185.335,8,33482.68,-50.44,-0.15,4.8,8,0.02,-48.04,-0.14,-1747.87,-17.48,17
207,Exit short,2025-11-28 10:10,Opposite signal,4186.9,5,20895.5,-42,-0.20,3,10.2,0.05,-41.82,-0.20,-1789.87,-17.90,10
207,Entry short,2025-11-28 10:00,S224,4179.1,5,20895.5,-42,-0.20,3,10.2,0.05,-41.82,-0.20,-1789.87,-17.90,10
208,Exit long,2025-11-28 10:39,L225 exit,4175.575,4,16746.46,-46.56,-0.28,2.4,9.94,0.06,-45.36,-0.27,-1836.43,-18.36,28
208,Entry long,2025-11-28 10:11,L225,4186.615,4,16746.46,-46.56,-0.28,2.4,9.94,0.06,-45.36,-0.27,-1836.43,-18.36,28
209,Exit short,2025-11-28 19:48,Opposite signal,4192.81,2,8351.52,-35.3,-0.42,1.2,43.44,0.52,-34.8,-0.42,-1871.73,-18.72,326
209,Entry short,2025-11-28 13:36,S226,4175.76,2,8351.52,-35.3,-0.42,1.2,43.44,0.52,-34.8,-0.42,-1871.73,-18.72,326
210,Exit long,2025-11-28 23:00,Weekend flat,4206.895,1,4192.46,13.84,0.33,0.6,19.14,0.46,-6.99,-0.17,-1857.89,-18.58,148
210,Entry long,2025-11-28 20:32,L227,4192.46,1,4192.46,13.84,0.33,0.6,19.14,0.46,-6.99,-0.17,-1857.89,-18.58,148
211,Exit short,2025-12-01 10:18,Opposite signal,4244.725,3,12719.637,-16.34,-0.13,1.8,20.94,0.16,-15.87,-0.12,-1874.23,-18.74,126
211,Entry short,2025-12-01 08:12,S228,4239.879,3,12719.637,-16.34,-0.13,1.8,20.94,0.16,-15.87,-0.12,-1874.23,-18.74,126
212,Exit long,2025-12-01 10:43,L229 exit,4231.6,4,16976.32,-52.32,-0.31,2.4,10.74,0.06,-51.12,-0.30,-1926.55,-19.27,24
212,Entry long,2025-12-01 10:19,L229,4244.08,4,16976.32,-52.32,-0.31,2.4,10.74,0.06,-51.12,-0.30,-1926.55,-19.27,24
213,Exit short,2025-12-01 13:32,Opposite signal,4247.25,2,8446.94,-48.76,-0.58,1.2,1.32,0.02,-49.42,-0.59,-1975.31,-19.75,152
213,Entry short,2025-12-01 11:00,S230,4223.47,2,8446.94,-48.76,-0.58,1.2,1.32,0.02,-49.42,-0.59,-1975.31,-19.75,152
214,Exit long,2025-12-01 19:32,Opposite signal,4244.205,1,4246.94,-3.33,-0.08,0.6,17.46,0.41,-8.9,-0.21,-1978.64,-19.79,359
214,Entry long,2025-12-01 13:33,L231,4246.94,1,4246.94,-3.33,-0.08,0.6,17.46,0.41,-8.9,-0.21,-1978.64,-19.79,359
215,Exit short,2025-12-02 02:00,Time flat,4237.685,2,8490.064,13.49,0.16,1.2,50.47,0.59,-9.26,-0.11,-1965.15,-19.65,382
215,Entry short,2025-12-01 19:38,S232,4245.032,2,8490.064,13.49,0.16,1.2,50.47,0.59,-9.26,-0.11,-1965.15,-19.65,382
216,Exit long,2025-12-02 21:24,L233 exit,4180.14,1,4218.298,-38.76,-0.92,0.6,7.23,0.17,-38.46,-0.91,-2003.91,-20.04,72
216,Entry long,2025-12-02 20:12,L233,4218.298,1,4218.298,-38.76,-0.92,0.6,7.23,0.17,-38.46,-0.91,-2003.91,-20.04,72
217,Exit short,2025-12-03 02:00,Time flat,4198.645,1,4180.525,-18.72,-0.45,0.6,0,0.00,-20.17,-0.48,-2022.63,-20.23,238
217,Entry short,2025-12-02 22:02,S234,4180.525,1,4180.525,-18.72,-0.45,0.6,0,0.00,-20.17,-0.48,-2022.63,-20.23,238
218,Exit long,2025-12-04 02:00,Time flat,4210.195,1,4221.678,-12.08,-0.29,0.6,19.59,0.46,-26.78,-0.63,-2034.71,-20.35,382
218,Entry long,2025-12-03 19:38,L235,4221.678,1,4221.678,-12.08,-0.29,0.6,19.59,0.46,-26.78,-0.63,-2034.71,-20.35,382
219,Exit short,2025-12-05 23:00,Weekend flat,4217.07,1,4213.744,-3.93,-0.09,0.6,5.93,0.14,-5.12,-0.12,-2038.64,-20.39,65
219,Entry short,2025-12-05 21:55,S236,4213.744,1,4213.744,-3.93,-0.09,0.6,5.93,0.14,-5.12,-0.12,-2038.64,-20.39,65
220,Exit long,2025-12-10 02:00,Time flat,4210.7,2,8397.81,22.39,0.27,1.2,44.84,0.53,-19.4,-0.23,-2016.25,-20.16,491
220,Entry long,2025-12-09 17:49,L237,4198.905,2,8397.81,22.39,0.27,1.2,44.84,0.53,-19.4,-0.23,-2016.25,-20.16,491
221,Exit short,2025-12-11 01:34,S238 exit,4222.625,2,8392.514,-53.94,-0.64,1.2,27.75,0.33,-53.34,-0.64,-2070.18,-20.70,520
221,Entry short,2025-12-10 16:54,S238,4196.257,2,8392.514,-53.94,-0.64,1.2,27.75,0.33,-53.34,-0.64,-2070.18,-20.70,520
222,Exit short,2025-12-11 11:45,Opposite signal,4211.07,4,16946.896,100.22,0.59,2.4,128.62,0.76,-17.96,-0.11,-1969.97,-19.70,275
222,Entry short,2025-12-11 07:10,S239,4236.724,4,16946.896,100.22,0.59,2.4,128.62,0.76,-17.96,-0.11,-1969.97,-19.70,275
223,Exit long,2025-12-11 14:36,Opposite signal,4212.04,6,25258.71,9.93,0.04,3.6,57.39,0.23,-13.95,-0.06,-1960.04,-19.60,170
223,Entry long,2025-12-11 11:46,L240,4209.785,6,25258.71,9.93,0.04,3.6,57.39,0.23,-13.95,-0.06,-1960.04,-19.60,170
224,Exit short,2025-12-11 15:17,S241 exit,4220.65,6,25276.278,-51.22,-0.20,3.6,6.47,0.03,-49.42,-0.20,-2011.26,-20.11,34
224,Entry short,2025-12-11 14:43,S241,4212.713,6,25276.278,-51.22,-0.20,3.6,6.47,0.03,-49.42,-0.20,-2011.26,-20.11,34
225,Exit long,2025-12-11 15:53,Opposite signal,4216.655,5,21098.25,-17.98,-0.09,3,30.65,0.15,-17.1,-0.08,-2029.23,-20.29,35
225,Entry long,2025-12-11 15:18,L242,4219.65,5,21098.25,-17.98,-0.09,3,30.65,0.15,-17.1,-0.08,-2029.23,-20.29,35
226,Exit short,2025-12-11 17:51,Opposite signal,4216.5,5,21093.2,7.7,0.04,3,47.85,0.23,-4.45,-0.02,-2021.53,-20.22,115
226,Entry short,2025-12-11 15:56,S243,4218.64,5,21093.2,7.7,0.04,3,47.85,0.23,-4.45,-0.02,-2021.53,-20.22,115
227,Exit long,2025-12-11 18:34,Opposite signal,4216.12,6,25292.49,0.63,0.00,3.6,2.73,0.01,-3,-0.01,-2020.9,-20.21,1
227,Entry long,2025-12-11 18:33,L244,4215.415,6,25292.49,0.63,0.00,3.6,2.73,0.01,-3,-0.01,-2020.9,-20.21,1
228,Exit short,2025-12-11 19:37,S245 exit,4223.605,3,12628.992,-43.62,-0.35,1.8,7.95,0.06,-42.72,-0.34,-2064.53,-20.65,48
228,Entry short,2025-12-11 18:49,S245,4209.664,3,12628.992,-43.62,-0.35,1.8,7.95,0.06,-42.72,-0.34,-2064.53,-20.65,48
229,Exit long,2025-12-12 18:20,Opposite signal,4325.085,2,8571.78,77.19,0.90,1.2,106.54,1.24,-3.73,-0.04,-1987.34,-19.87,341
229,Entry long,2025-12-12 12:39,L247,4285.89,2,8571.78,77.19,0.90,1.2,106.54,1.24,-3.73,-0.04,-1987.34,-19.87,341
230,Exit short,2025-12-12 19:00,S248 exit,4340.46,4,17313.668,-50.57,-0.29,2.4,26.49,0.15,-49.37,-0.29,-2037.91,-20.38,39
230,Entry short,2025-12-12 18:21,S248,4328.417,4,17313.668,-50.57,-0.29,2.4,26.49,0.15,-49.37,-0.29,-2037.91,-20.38,39
231,Exit long,2025-12-12 20:50,Opposite signal,4326.635,3,13018.38,-40.27,-0.31,1.8,41.39,0.32,-44.11,-0.34,-2078.18,-20.78,95
231,Entry long,2025-12-12 19:15,L249,4339.46,3,13018.38,-40.27,-0.31,1.8,41.39,0.32,-44.11,-0.34,-2078.18,-20.78,95
232,Exit short,2025-12-12 21:58,Opposite signal,4289.705,1,4315.917,25.61,0.59,0.6,43.29,1.00,-6.61,-0.15,-2052.57,-20.53,61
232,Entry short,2025-12-12 20:57,S250,4315.917,1,4315.917,25.61,0.59,0.6,43.29,1.00,-6.61,-0.15,-2052.57,-20.53,61
233,Exit long,2025-12-12 22:07,L251 exit,4271.325,3,12863.931,-51.76,-0.40,1.8,0,0.00,-50.86,-0.40,-2104.33,-21.04,7
233,Entry long,2025-12-12 22:00,L251,4287.977,3,12863.931,-51.76,-0.40,1.8,0,0.00,-50.86,-0.40,-2104.33,-21.04,7
234,Exit short,2025-12-12 23:00,Weekend flat,4282.38,2,8544.65,-21.31,-0.25,1.2,2.37,0.03,-37.67,-0.44,-2125.64,-21.26,46
234,Entry short,2025-12-12 22:14,S252,4272.325,2,8544.65,-21.31,-0.25,1.2,2.37,0.03,-37.67,-0.44,-2125.64,-21.26,46
235,Exit short,2025-12-15 10:58,S253 exit,4330.775,8,34599.28,-51.72,-0.15,4.8,12.08,0.03,-49.32,-0.14,-2177.36,-21.77,118
235,Entry short,2025-12-15 09:00,S253,4324.91,8,34599.28,-51.72,-0.15,4.8,12.08,0.03,-49.32,-0.14,-2177.36,-21.77,118
236,Exit long,2025-12-15 13:08,Opposite signal,4339.25,6,26072.886,-40.99,-0.16,3.6,1.76,0.01,-42.04,-0.16,-2218.34,-22.18,48
236,Entry long,2025-12-15 12:20,L254,4345.481,6,26072.886,-40.99,-0.16,3.6,1.76,0.01,-42.04,-0.16,-2218.34,-22.18,48
237,Exit short,2025-12-15 14:19,Opposite signal,4347.795,5,21697.425,-44.55,-0.21,3,2,0.01,-43.92,-0.20,-2262.89,-22.63,65
237,Entry short,2025-12-15 13:14,S255,4339.485,5,21697.425,-44.55,-0.21,3,2,0.01,-43.92,-0.20,-2262.89,-22.63,65
238,Exit long,2025-12-15 15:24,Opposite signal,4342.635,4,17380.62,-12.48,-0.07,2.4,19.32,0.11,-12.44,-0.07,-2275.37,-22.75,51
238,Entry long,2025-12-15 14:33,L256,4345.155,4,17380.62,-12.48,-0.07,2.4,19.32,0.11,-12.44,-0.07,-2275.37,-22.75,51
239,Exit short,2025-12-15 17:19,Opposite signal,4342.83,6,26059.53,-1.05,0.00,3.6,45.9,0.18,-31.32,-0.12,-2276.42,-22.76,114
239,Entry short,2025-12-15 15:25,S257,4343.255,6,26059.53,-1.05,0.00,3.6,45.9,0.18,-31.32,-0.12,-2276.42,-22.76,114
240,Exit long,2025-12-15 18:33,Opposite signal,4342.05,18,78178.914,-32.81,-0.04,10.8,89.14,0.11,-30.47,-0.04,-2309.24,-23.09,62
240,Entry long,2025-12-15 17:31,L258,4343.273,18,78178.914,-32.81,-0.04,10.8,89.14,0.11,-30.47,-0.04,-2309.24,-23.09,62
241,Exit short,2025-12-15 20:31,S259 exit,4317.305,6,26062.23,154.8,0.59,3.6,156.6,0.60,-9.54,-0.04,-2154.44,-21.54,117
241,Entry short,2025-12-15 18:34,S259,4343.705,6,26062.23,154.8,0.59,3.6,156.6,0.60,-9.54,-0.04,-2154.44,-21.54,117
242,Exit long,2025-12-15 20:59,Opposite signal,4312.31,4,17295.664,-48.82,-0.28,2.4,0,0.00,-49.6,-0.29,-2203.26,-22.03,5
242,Entry long,2025-12-15 20:54,L260,4323.916,4,17295.664,-48.82,-0.28,2.4,0,0.00,-49.6,-0.29,-2203.26,-22.03,5
243,Exit short,2025-12-16 02:00,Time flat,4305.31,3,12942.885,25.16,0.19,1.8,85.44,0.66,-41.82,-0.32,-2178.11,-21.78,300
243,Entry short,2025-12-15 21:00,S261,4314.295,3,12942.885,25.16,0.19,1.8,85.44,0.66,-41.82,-0.32,-2178.11,-21.78,300
244,Exit long,2025-12-16 19:33,L262 exit,4317.13,7,30072.434,143.28,0.48,4.2,145.38,0.48,-19.65,-0.07,-2034.83,-20.35,53
244,Entry long,2025-12-16 18:40,L262,4296.062,7,30072.434,143.28,0.48,4.2,145.38,0.48,-19.65,-0.07,-2034.83,-20.35,53
245,Exit short,2025-12-16 20:37,Opposite signal,4332.7,5,21618.175,-48.32,-0.22,3,12.65,0.06,-48,-0.22,-2083.16,-20.83,25
245,Entry short,2025-12-16 20:12,S263,4323.635,5,21618.175,-48.32,-0.22,3,12.65,0.06,-48,-0.22,-2083.16,-20.83,25
246,Exit long,2025-12-16 20:48,L264 exit,4319.805,4,17326.36,-49.54,-0.29,2.4,1.98,0.01,-48.34,-0.28,-2132.7,-21.33,7
246,Entry long,2025-12-16 20:41,L264,4331.59,4,17326.36,-49.54,-0.29,2.4,1.98,0.01,-48.34,-0.28,-2132.7,-21.33,7
247,Exit short,2025-12-17 00:20,Opposite signal,4313.075,3,12962.415,21.39,0.17,1.8,87.29,0.67,-28.95,-0.22,-2111.31,-21.11,207
247,Entry short,2025-12-16 20:53,S265,4320.805,3,12962.415,21.39,0.17,1.8,87.29,0.67,-28.95,-0.22,-2111.31,-21.11,207
248,Exit short,2025-12-17 10:12,Opposite signal,4328.07,3,12939.54,-46.47,-0.36,1.8,5.21,0.04,-46.41,-0.36,-2157.78,-21.58,108
248,Entry short,2025-12-17 08:24,S266,4313.18,3,12939.54,-46.47,-0.36,1.8,5.21,0.04,-46.41,-0.36,-2157.78,-21.58,108
249,Exit long,2025-12-17 12:02,Opposite signal,4328.47,8,34661.52,-38.56,-0.11,4.8,76.72,0.22,-36.96,-0.11,-2196.34,-21.96,80
249,Entry long,2025-12-17 10:42,L267,4332.69,8,34661.52,-38.56,-0.11,4.8,76.72,0.22,-36.96,-0.11,-2196.34,-21.96,80
250,Exit short,2025-12-17 14:32,Opposite signal,4321.62,4,17322.12,33.24,0.19,2.4,87.16,0.50,-2.22,-0.01,-2163.1,-21.63,145
250,Entry short,2025-12-17 12:07,S268,4330.53,4,17322.12,33.24,0.19,2.4,87.16,0.50,-2.22,-0.01,-2163.1,-21.63,145
251,Exit long,2025-12-17 16:08,L269 exit,4307.44,4,17275.668,-48.31,-0.28,2.4,16.93,0.10,-47.11,-0.27,-2211.4,-22.11,94
251,Entry long,2025-12-17 14:34,L269,4318.917,4,17275.668,-48.31,-0.28,2.4,16.93,0.10,-47.11,-0.27,-2211.4,-22.11,94
252,Exit short,2025-12-17 21:02,Opposite signal,4346.46,3,12999.48,-41.7,-0.32,1.8,29.16,0.22,-41.82,-0.32,-2253.1,-22.53,78
252,Entry short,2025-12-17 19:44,S270,4333.16,3,12999.48,-41.7,-0.32,1.8,29.16,0.22,-41.82,-0.32,-2253.1,-22.53,78
253,Exit long,2025-12-17 21:55,Opposite signal,4322.905,2,8685.49,-40.88,-0.47,1.2,0,0.00,-40.82,-0.47,-2293.98,-22.94,50
253,Entry long,2025-12-17 21:05,L271,4342.745,2,8685.49,-40.88,-0.47,1.2,0,0.00,-40.82,-0.47,-2293.98,-22.94,50
254,Exit short,2025-12-18 02:00,Time flat,4341.415,2,8647.13,-36.9,-0.43,1.2,5.88,0.07,-46.69,-0.54,-2330.88,-23.31,244
254,Entry short,2025-12-17 21:56,S272,4323.565,2,8647.13,-36.9,-0.43,1.2,5.88,0.07,-46.69,-0.54,-2330.88,-23.31,244
255,Exit long,2025-12-18 20:13,L273 exit,4313.68,3,12991.8,-52.56,-0.40,1.8,36.85,0.28,-51.66,-0.40,-2383.44,-23.83,72
255,Entry long,2025-12-18 19:01,L273,4330.6,3,12991.8,-52.56,-0.40,1.8,36.85,0.28,-51.66,-0.40,-2383.44,-23.83,72
256,Exit short,2025-12-18 21:32,S274 exit,4344.185,2,8629.36,-60.21,-0.70,1.2,11.42,0.13,-59.61,-0.69,-2443.65,-24.44,78
256,Entry short,2025-12-18 20:14,S274,4314.68,2,8629.36,-60.21,-0.70,1.2,11.42,0.13,-59.61,-0.69,-2443.65,-24.44,78
257,Exit long,2025-12-19 02:00,Time flat,4332.52,1,4358.158,-26.24,-0.60,0.6,4.96,0.11,-36.31,-0.83,-2469.89,-24.70,215
257,Entry long,2025-12-18 22:25,L275,4358.158,1,4358.158,-26.24,-0.60,0.6,4.96,0.11,-36.31,-0.83,-2469.89,-24.70,215
258,Exit short,2025-12-22 12:16,Opposite signal,4410.2,5,22003.09,-50.91,-0.23,3,6.79,0.03,-50.53,-0.23,-2520.8,-25.21,63
258,Entry short,2025-12-22 11:13,S276,4400.618,5,22003.09,-50.91,-0.23,3,6.79,0.03,-50.53,-0.23,-2520.8,-25.21,63
259,Exit long,2025-12-22 20:46,Opposite signal,4412.6,4,17639.04,8.96,0.05,2.4,78.42,0.44,-16,-0.09,-2511.84,-25.12,509
259,Entry long,2025-12-22 12:17,L277,4409.76,4,17639.04,8.96,0.05,2.4,78.42,0.44,-16,-0.09,-2511.84,-25.12,509
260,Exit short,2025-12-22 21:15,S278 exit,4430.665,3,13249.125,-44.67,-0.34,1.8,5.76,0.04,-43.77,-0.33,-2556.51,-25.57,28
260,Entry short,2025-12-22 20:47,S278,4416.375,3,13249.125,-44.67,-0.34,1.8,5.76,0.04,-43.77,-0.33,-2556.51,-25.57,28
261,Exit long,2025-12-23 02:00,Time flat,4432.19,3,13288.995,5.78,0.04,1.8,36.92,0.28,-5.23,-0.04,-2550.74,-25.51,284
261,Entry long,2025-12-22 21:16,L279,4429.665,3,13288.995,5.78,0.04,1.8,36.92,0.28,-5.23,-0.04,-2550.74,-25.51,284
262,Exit short,2025-12-23 12:21,Opposite signal,4478.85,3,13450.701,12.35,0.09,1.8,41.3,0.31,-7.28,-0.05,-2538.39,-25.38,115
262,Entry short,2025-12-23 10:26,S280,4483.567,3,13450.701,12.35,0.09,1.8,41.3,0.31,-7.28,-0.05,-2538.39,-25.38,115
263,Exit short,2025-12-23 15:52,Opposite signal,4486.315,4,17931.048,-16.61,-0.09,2.4,16.95,0.09,-15.67,-0.09,-2555,-25.55,64
263,Entry short,2025-12-23 14:48,S282,4482.762,4,17931.048,-16.61,-0.09,2.4,16.95,0.09,-15.67,-0.09,-2555,-25.55,64
264,Exit long,2025-12-23 19:21,L283 exit,4477.225,6,26911.92,-52.17,-0.19,3.6,72.09,0.27,-50.37,-0.19,-2607.17,-26.07,208
264,Entry long,2025-12-23 15:53,L283,4485.32,6,26911.92,-52.17,-0.19,3.6,72.09,0.27,-50.37,-0.19,-2607.17,-26.07,208
265,Exit short,2025-12-23 21:41,Opposite signal,4460.385,3,13438.626,55.67,0.41,1.8,146.18,1.09,-3.38,-0.03,-2551.5,-25.51,133
265,Entry short,2025-12-23 19:28,S284,4479.542,3,13438.626,55.67,0.41,1.8,146.18,1.09,-3.38,-0.03,-2551.5,-25.51,133
266,Exit long,2025-12-24 02:00,Time flat,4491.96,2,8919.31,63.41,0.71,1.2,72.85,0.82,-8.28,-0.09,-2488.09,-24.88,255
266,Entry long,2025-12-23 21:45,L285,4459.655,2,8919.31,63.41,0.71,1.2,72.85,0.82,-8.28,-0.09,-2488.09,-24.88,255
267,Exit short,2025-12-24 21:10,S286 exit,4456.415,3,13530.561,159.52,1.18,1.8,160.42,1.19,-7.94,-0.06,-2328.57,-23.29,808
267,Entry short,2025-12-24 07:42,S286,4510.187,3,13530.561,159.52,1.18,1.8,160.42,1.19,-7.94,-0.06,-2328.57,-23.29,808
268,Exit long,2025-12-26 04:35,Time flat,4489.88,2,8953.49,25.07,0.28,1.2,51.16,0.57,-3,-0.03,-2303.5,-23.04,107
268,Entry long,2025-12-24 22:29,L287,4476.745,2,8953.49,25.07,0.28,1.2,51.16,0.57,-3,-0.03,-2303.5,-23.04,107
269,Exit short,2025-12-26 23:00,Weekend flat,4518.13,3,13608.129,51.94,0.38,1.8,56.77,0.42,-23.26,-0.17,-2251.56,-22.52,37
269,Entry short,2025-12-26 22:23,S288,4536.043,3,13608.129,51.94,0.38,1.8,56.77,0.42,-23.26,-0.17,-2251.56,-22.52,37
270,Exit short,2025-12-31 01:19,S290 exit,4347.395,3,13174.8,130.82,0.99,1.8,131.72,1.00,-3.12,-0.02,-2120.75,-21.21,319
270,Entry short,2025-12-30 20:00,S290,4391.6,3,13174.8,130.82,0.99,1.8,131.72,1.00,-3.12,-0.02,-2120.75,-21.21,319
271,Exit long,2025-12-31 08:25,Opposite signal,4352.85,3,13035.504,21.25,0.16,1.8,84.37,0.65,-3.29,-0.03,-2099.5,-21.00,109
271,Entry long,2025-12-31 06:36,L291,4345.168,3,13035.504,21.25,0.16,1.8,84.37,0.65,-3.29,-0.03,-2099.5,-21.00,109
272,Exit short,2025-12-31 11:23,S292 exit,4285.35,2,8712.37,140.47,1.61,1.2,141.07,1.62,-8.05,-0.09,-1959.03,-19.59,177
272,Entry short,2025-12-31 08:26,S292,4356.185,2,8712.37,140.47,1.61,1.2,141.07,1.62,-8.05,-0.09,-1959.03,-19.59,177
273,Exit long,2025-12-31 20:40,Opposite signal,4332.12,3,13044.87,-50.31,-0.39,1.8,0,0.00,-49.41,-0.38,-2009.34,-20.09,11
273,Entry long,2025-12-31 20:29,L293,4348.29,3,13044.87,-50.31,-0.39,1.8,0,0.00,-49.41,-0.38,-2009.34,-20.09,11
274,Exit short,2025-12-31 23:46,Opposite signal,4329.995,2,8668.78,7.59,0.09,1.2,33.71,0.39,-14.95,-0.17,-2001.75,-20.02,185
274,Entry short,2025-12-31 20:41,S294,4334.39,2,8668.78,7.59,0.09,1.2,33.71,0.39,-14.95,-0.17,-2001.75,-20.02,185
275,Exit short,2026-01-02 10:41,Opposite signal,4379.18,6,26233.38,-45.3,-0.17,3.6,4.92,0.02,-43.98,-0.17,-2047.05,-20.47,13
275,Entry short,2026-01-02 10:28,S295,4372.23,6,26233.38,-45.3,-0.17,3.6,4.92,0.02,-43.98,-0.17,-2047.05,-20.47,13
276,Exit long,2026-01-02 11:38,Opposite signal,4375.305,6,26267.676,-19.45,-0.07,3.6,22.37,0.09,-19.06,-0.07,-2066.5,-20.66,55
276,Entry long,2026-01-02 10:43,L296,4377.946,6,26267.676,-19.45,-0.07,3.6,22.37,0.09,-19.06,-0.07,-2066.5,-20.66,55
277,Exit short,2026-01-02 11:52,Opposite signal,4379.24,6,26252.49,-26.55,-0.10,3.6,8.67,0.03,-27.18,-0.10,-2093.05,-20.93,13
277,Entry short,2026-01-02 11:39,S297,4375.415,6,26252.49,-26.55,-0.10,3.6,8.67,0.03,-27.18,-0.10,-2093.05,-20.93,13
278,Exit long,2026-01-02 12:40,Opposite signal,4373.185,8,35016.32,-35.64,-0.10,4.8,24.36,0.07,-33.44,-0.10,-2128.69,-21.29,47
278,Entry long,2026-01-02 11:53,L298,4377.04,8,35016.32,-35.64,-0.10,4.8,24.36,0.07,-33.44,-0.10,-2128.69,-21.29,47
279,Exit short,2026-01-02 13:07,Opposite signal,4380.385,6,26242.02,-43.89,-0.17,3.6,7.92,0.03,-43.83,-0.17,-2172.58,-21.73,26
279,Entry short,2026-01-02 12:41,S299,4373.67,6,26242.02,-43.89,-0.17,3.6,7.92,0.03,-43.83,-0.17,-2172.58,-21.73,26
280,Exit long,2026-01-02 18:55,Opposite signal,4381.49,6,26272.188,13.15,0.05,3.6,139.78,0.53,-21.2,-0.08,-2159.43,-21.59,345
280,Entry long,2026-01-02 13:10,L300,4378.698,6,26272.188,13.15,0.05,3.6,139.78,0.53,-21.2,-0.08,-2159.43,-21.59,345
281,Exit short,2026-01-05 19:31,Opposite signal,4419.315,4,17721.612,41.95,0.24,2.4,134.47,0.76,-2.91,-0.02,-2117.47,-21.17,160
281,Entry short,2026-01-05 16:51,S302,4430.403,4,17721.612,41.95,0.24,2.4,134.47,0.76,-2.91,-0.02,-2117.47,-21.17,160
282,Exit long,2026-01-05 22:35,Opposite signal,4433.825,2,8837.98,28.47,0.32,1.2,72.96,0.83,-3.01,-0.03,-2089,-20.89,155
282,Entry long,2026-01-05 20:00,L303,4418.99,2,8837.98,28.47,0.32,1.2,72.96,0.83,-3.01,-0.03,-2089,-20.89,155
283,Exit short,2026-01-06 02:00,Time flat,4445.76,3,13315.032,-24.05,-0.18,1.8,9.57,0.07,-34.22,-0.26,-2113.05,-21.13,204
283,Entry short,2026-01-05 22:36,S304,4438.344,3,13315.032,-24.05,-0.18,1.8,9.57,0.07,-34.22,-0.26,-2113.05,-21.13,204
284,Exit short,2026-01-06 07:58,Opposite signal,4460.845,2,8871.596,-51.29,-0.58,1.2,6.62,0.07,-50.78,-0.57,-2164.34,-21.64,83
284,Entry short,2026-01-06 06:35,S305,4435.798,2,8871.596,-51.29,-0.58,1.2,6.62,0.07,-50.78,-0.57,-2164.34,-21.64,83
285,Exit long,2026-01-06 11:10,Opposite signal,4463.605,1,4460.285,2.72,0.06,0.6,13.68,0.31,-11.81,-0.26,-2161.62,-21.62,191
285,Entry long,2026-01-06 07:59,L306,4460.285,1,4460.285,2.72,0.06,0.6,13.68,0.31,-11.81,-0.26,-2161.62,-21.62,191
286,Exit short,2026-01-06 13:57,S307 exit,4475.265,5,22324.49,-54.83,-0.25,3,75.44,0.34,-53.33,-0.24,-2216.46,-22.16,165
286,Entry short,2026-01-06 11:12,S307,4464.898,5,22324.49,-54.83,-0.25,3,75.44,0.34,-53.33,-0.24,-2216.46,-22.16,165
287,Exit long,2026-01-06 18:05,Opposite signal,4460.915,4,17808.68,32.58,0.18,2.4,56.38,0.32,-15.8,-0.09,-2183.88,-21.84,137
287,Entry long,2026-01-06 15:48,L308,4452.17,4,17808.68,32.58,0.18,2.4,56.38,0.32,-15.8,-0.09,-2183.88,-21.84,137
288,Exit short,2026-01-06 18:41,S309 exit,4467.565,7,31234.105,-43.05,-0.14,4.2,20.41,0.07,-40.95,-0.13,-2226.93,-22.27,35
288,Entry short,2026-01-06 18:06,S309,4462.015,7,31234.105,-43.05,-0.14,4.2,20.41,0.07,-40.95,-0.13,-2226.93,-22.27,35
289,Exit long,2026-01-06 18:56,L310 exit,4457.8,5,22332.825,-46.82,-0.21,3,18.83,0.08,-45.32,-0.20,-2273.75,-22.74,14
289,Entry long,2026-01-06 18:42,L310,4466.565,5,22332.825,-46.82,-0.21,3,18.83,0.08,-45.32,-0.20,-2273.75,-22.74,14
290,Exit short,2026-01-06 19:38,Opposite signal,4470.92,4,17837.912,-48.17,-0.27,2.4,20.85,0.12,-49.47,-0.28,-2321.92,-23.22,32
290,Entry short,2026-01-06 19:06,S311,4459.478,4,17837.912,-48.17,-0.27,2.4,20.85,0.12,-49.47,-0.28,-2321.92,-23.22,32
291,Exit long,2026-01-07 02:00,Time flat,4485.695,3,13411.89,43.4,0.32,1.8,69.71,0.52,-23.4,-0.17,-2278.53,-22.79,378
291,Entry long,2026-01-06 19:42,L312,4470.63,3,13411.89,43.4,0.32,1.8,69.71,0.52,-23.4,-0.17,-2278.53,-22.79,378
292,Exit long,2026-01-07 09:36,Opposite signal,4471.72,4,17886.552,-2.07,-0.01,2.4,34.33,0.19,-14.47,-0.08,-2280.6,-22.81,108
292,Entry long,2026-01-07 07:48,L313,4471.638,4,17886.552,-2.07,-0.01,2.4,34.33,0.19,-14.47,-0.08,-2280.6,-22.81,108
293,Exit short,2026-01-07 10:47,Opposite signal,4469.15,5,22359.25,10.5,0.05,3,47.88,0.21,-5.72,-0.03,-2270.1,-22.70,70
293,Entry short,2026-01-07 09:37,S314,4471.85,5,22359.25,10.5,0.05,3,47.88,0.21,-5.72,-0.03,-2270.1,-22.70,70
294,Exit long,2026-01-07 11:02,L315 exit,4460.975,7,31273.592,-50.97,-0.16,4.2,18.16,0.06,-48.87,-0.16,-2321.07,-23.21,12
294,Entry long,2026-01-07 10:50,L315,4467.656,7,31273.592,-50.97,-0.16,4.2,18.16,0.06,-48.87,-0.16,-2321.07,-23.21,12
295,Exit short,2026-01-07 14:08,Opposite signal,4471.295,5,22309.875,-49.6,-0.22,3,10.73,0.05,-48.4,-0.22,-2370.67,-23.71,52
295,Entry short,2026-01-07 13:16,S316,4461.975,5,22309.875,-49.6,-0.22,3,10.73,0.05,-48.4,-0.22,-2370.67,-23.71,52
296,Exit long,2026-01-07 17:48,L317 exit,4440.445,2,8933.034,-53.34,-0.60,1.2,8.13,0.09,-52.74,-0.59,-2424.01,-24.24,213
296,Entry long,2026-01-07 14:15,L317,4466.517,2,8933.034,-53.34,-0.60,1.2,8.13,0.09,-52.74,-0.59,-2424.01,-24.24,213
297,Exit short,2026-01-07 21:53,Opposite signal,4460.245,1,4441.445,-19.4,-0.44,0.6,17.76,0.40,-20.12,-0.45,-2443.41,-24.43,180
297,Entry short,2026-01-07 18:53,S318,4441.445,1,4441.445,-19.4,-0.44,0.6,17.76,0.40,-20.12,-0.45,-2443.41,-24.43,180
298,Exit short,2026-01-08 11:28,Opposite signal,4427.465,1,4423.385,-4.68,-0.11,0.6,7.68,0.17,-4.93,-0.11,-2448.09,-24.48,24
298,Entry short,2026-01-08 11:04,S320,4423.385,1,4423.385,-4.68,-0.11,0.6,7.68,0.17,-4.93,-0.11,-2448.09,-24.48,24
299,Exit long,2026-01-08 13:19,Opposite signal,4428.765,4,17699.72,12.94,0.07,2.4,58.14,0.33,-37.94,-0.21,-2435.15,-24.35,110
299,Entry long,2026-01-08 11:29,L321,4424.93,4,17699.72,12.94,0.07,2.4,58.14,0.33,-37.94,-0.21,-2435.15,-24.35,110
300,Exit short,2026-01-08 14:31,Opposite signal,4434.915,4,17720.52,-21.54,-0.12,2.4,39.64,0.22,-20.62,-0.12,-2456.69,-24.57,71
300,Entry short,2026-01-08 13:20,S322,4430.13,4,17720.52,-21.54,-0.12,2.4,39.64,0.22,-20.62,-0.12,-2456.69,-24.57,71
301,Exit long,2026-01-08 17:31,L323 exit,4418.92,4,17726.448,-53.17,-0.30,2.4,13.29,0.07,-51.97,-0.29,-2509.86,-25.10,177
301,Entry long,2026-01-08 14:34,L323,4431.612,4,17726.448,-53.17,-0.30,2.4,13.29,0.07,-51.97,-0.29,-2509.86,-25.10,177
302,Exit short,2026-01-08 20:17,S324 exit,4436.51,3,13259.76,-51.57,-0.39,1.8,35.35,0.27,-50.67,-0.38,-2561.43,-25.61,164
302,Entry short,2026-01-08 17:33,S324,4419.92,3,13259.76,-51.57,-0.39,1.8,35.35,0.27,-50.67,-0.38,-2561.43,-25.61,164
303,Exit long,2026-01-08 21:45,Opposite signal,4447.4,2,8863.212,30.39,0.34,1.2,52.5,0.59,-7.73,-0.09,-2531.04,-25.31,84
303,Entry long,2026-01-08 20:21,L325,4431.606,2,8863.212,30.39,0.34,1.2,52.5,0.59,-7.73,-0.09,-2531.04,-25.31,84
304,Exit short,2026-01-08 22:03,Opposite signal,4458.965,4,17796.02,-42.24,-0.24,2.4,2.64,0.01,-41.48,-0.23,-2573.28,-25.73,17
304,Entry short,2026-01-08 21:46,S326,4449.005,4,17796.02,-42.24,-0.24,2.4,2.64,0.01,-41.48,-0.23,-2573.28,-25.73,17
305,Exit long,2026-01-09 00:45,L327 exit,4446.035,4,17833.152,-51.41,-0.29,2.4,28.63,0.16,-50.21,-0.28,-2624.69,-26.25,159
305,Entry long,2026-01-08 22:06,L327,4458.288,4,17833.152,-51.41,-0.29,2.4,28.63,0.16,-50.21,-0.28,-2624.69,-26.25,159
306,Exit long,2026-01-09 20:21,Opposite signal,4480.59,3,13406.46,33.51,0.25,1.8,87.92,0.66,-32.47,-0.24,-2591.18,-25.91,774
306,Entry long,2026-01-09 07:27,L328,4468.82,3,13406.46,33.51,0.25,1.8,87.92,0.66,-32.47,-0.24,-2591.18,-25.91,774
307,Exit short,2026-01-09 20:34,S329 exit,4499.425,3,13458.795,-41.28,-0.31,1.8,2.17,0.02,-40.38,-0.30,-2632.46,-26.32,12
307,Entry short,2026-01-09 20:22,S329,4486.265,3,13458.795,-41.28,-0.31,1.8,2.17,0.02,-40.38,-0.30,-2632.46,-26.32,12
308,Exit long,2026-01-09 21:42,Opposite signal,4502.13,2,8996.85,6.21,0.07,1.2,37.05,0.41,-10.49,-0.12,-2626.25,-26.26,63
308,Entry long,2026-01-09 20:39,L330,4498.425,2,8996.85,6.21,0.07,1.2,37.05,0.41,-10.49,-0.12,-2626.25,-26.26,63
309,Exit short,2026-01-09 23:00,Weekend flat,4503.95,3,13512.816,-0.83,-0.01,1.8,11.18,0.08,-23.53,-0.17,-2627.09,-26.27,75
309,Entry short,2026-01-09 21:45,S331,4504.272,3,13512.816,-0.83,-0.01,1.8,11.18,0.08,-23.53,-0.17,-2627.09,-26.27,75
310,Exit short,2026-01-12 19:10,S332 exit,4612.24,7,32243.064,-46.82,-0.15,4.2,9.74,0.03,-44.72,-0.14,-2673.9,-26.74,12
310,Entry short,2026-01-12 18:58,S332,4606.152,7,32243.064,-46.82,-0.15,4.2,9.74,0.03,-44.72,-0.14,-2673.9,-26.74,12
311,Exit long,2026-01-12 19:33,L333 exit,4603.455,6,27667.44,-50.31,-0.18,3.6,53.04,0.19,-48.51,-0.18,-2724.21,-27.24,22
311,Entry long,2026-01-12 19:11,L333,4611.24,6,27667.44,-50.31,-0.18,3.6,53.04,0.19,-48.51,-0.18,-2724.21,-27.24,22
312,Exit short,2026-01-12 20:09,Opposite signal,4605.32,3,13813.509,-4.25,-0.03,1.8,57.4,0.42,-3.35,-0.02,-2728.46,-27.28,35
312,Entry short,2026-01-12 19:34,S334,4604.503,3,13813.509,-4.25,-0.03,1.8,57.4,0.42,-3.35,-0.02,-2728.46,-27.28,35
313,Exit long,2026-01-12 22:07,Opposite signal,4616.75,3,13798.86,49.59,0.36,1.8,90.81,0.66,-7.45,-0.05,-2678.87,-26.79,111
313,Entry long,2026-01-12 20:16,L335,4599.62,3,13798.86,49.59,0.36,1.8,90.81,0.66,-7.45,-0.05,-2678.87,-26.79,111
314,Exit short,2026-01-13 00:04,Opposite signal,4608.845,3,13840.272,11.94,0.09,1.8,38.34,0.28,-22.59,-0.16,-2666.94,-26.67,110
314,Entry short,2026-01-12 22:14,S336,4613.424,3,13840.272,11.94,0.09,1.8,38.34,0.28,-22.59,-0.16,-2666.94,-26.67,110
315,Exit short,2026-01-13 10:58,S337 exit,4601,2,9163.378,-39.82,-0.43,1.2,9.28,0.10,-39.22,-0.43,-2706.76,-27.07,232
315,Entry short,2026-01-13 07:06,S337,4581.689,2,9163.378,-39.82,-0.43,1.2,9.28,0.10,-39.22,-0.43,-2706.76,-27.07,232
316,Exit long,2026-01-13 12:11,L338 exit,4574.585,2,9200,-52.03,-0.57,1.2,0,0.00,-51.43,-0.56,-2758.79,-27.59,71
316,Entry long,2026-01-13 11:00,L338,4600,2,9200,-52.03,-0.57,1.2,0,0.00,-51.43,-0.56,-2758.79,-27.59,71
317,Exit short,2026-01-13 18:42,S339 exit,4603.195,2,9161.506,-46.08,-0.50,1.2,5.83,0.06,-45.48,-0.50,-2804.87,-28.05,382
317,Entry short,2026-01-13 12:20,S339,4580.753,2,9161.506,-46.08,-0.50,1.2,5.83,0.06,-45.48,-0.50,-2804.87,-28.05,382
318,Exit long,2026-01-13 20:48,Opposite signal,4609.75,2,9204.39,13.91,0.15,1.2,64.79,0.70,-5.98,-0.06,-2790.96,-27.91,124
318,Entry long,2026-01-13 18:44,L340,4602.195,2,9204.39,13.91,0.15,1.2,64.79,0.70,-5.98,-0.06,-2790.96,-27.91,124
319,Exit short,2026-01-14 00:06,Opposite signal,4595.205,2,9218.856,27.25,0.30,1.2,55.91,0.61,-23.49,-0.25,-2763.72,-27.64,194
319,Entry short,2026-01-13 20:52,S341,4609.428,2,9218.856,27.25,0.30,1.2,55.91,0.61,-23.49,-0.25,-2763.72,-27.64,194
320,Exit short,2026-01-14 18:29,S342 exit,4640.89,3,13870.296,-54.17,-0.39,1.8,15.01,0.11,-53.27,-0.38,-2817.89,-28.18,421
320,Entry short,2026-01-14 11:28,S342,4623.432,3,13870.296,-54.17,-0.39,1.8,15.01,0.11,-53.27,-0.38,-2817.89,-28.18,421
321,Exit long,2026-01-15 02:00,Time flat,4634.335,2,9238.55,28.92,0.31,1.2,46.79,0.51,-36.71,-0.40,-2788.97,-27.89,313
321,Entry long,2026-01-14 20:47,L343,4619.275,2,9238.55,28.92,0.31,1.2,46.79,0.51,-36.71,-0.40,-2788.97,-27.89,313
322,Exit short,2026-01-15 07:16,Opposite signal,4603.745,5,23049.64,27.92,0.12,3,130.32,0.57,-39.56,-0.17,-2761.06,-27.61,42
322,Entry short,2026-01-15 06:34,S344,4609.928,5,23049.64,27.92,0.12,3,130.32,0.57,-39.56,-0.17,-2761.06,-27.61,42
323,Exit long,2026-01-15 08:23,Opposite signal,4597.595,2,9205.98,-11.99,-0.13,1.2,23.14,0.25,-15.4,-0.17,-2773.05,-27.73,66
323,Entry long,2026-01-15 07:17,L345,4602.99,2,9205.98,-11.99,-0.13,1.2,23.14,0.25,-15.4,-0.17,-2773.05,-27.73,66
324,Exit short,2026-01-15 09:08,Opposite signal,4595.1,3,13801.224,14.12,0.10,1.8,57.13,0.41,-15.23,-0.11,-2758.92,-27.59,42
324,Entry short,2026-01-15 08:26,S346,4600.408,3,13801.224,14.12,0.10,1.8,57.13,0.41,-15.23,-0.11,-2758.92,-27.59,42
325,Exit long,2026-01-15 13:09,Opposite signal,4605.255,3,13784.58,29.39,0.21,1.8,55.46,0.40,-42.19,-0.31,-2729.54,-27.30,240
325,Entry long,2026-01-15 09:09,L347,4594.86,3,13784.58,29.39,0.21,1.8,55.46,0.40,-42.19,-0.31,-2729.54,-27.30,240
326,Exit short,2026-01-15 15:48,S348 exit,4614.645,5,23023.415,-52.81,-0.23,3,32.59,0.14,-51.31,-0.22,-2782.35,-27.82,154
326,Entry short,2026-01-15 13:14,S348,4604.683,5,23023.415,-52.81,-0.23,3,32.59,0.14,-51.31,-0.22,-2782.35,-27.82,154
327,Exit long,2026-01-15 17:16,Opposite signal,4616.925,3,13840.935,8.04,0.06,1.8,27.5,0.20,-9.87,-0.07,-2774.31,-27.74,87
327,Entry long,2026-01-15 15:49,L349,4613.645,3,13840.935,8.04,0.06,1.8,27.5,0.20,-9.87,-0.07,-2774.31,-27.74,87
328,Exit short,2026-01-15 19:03,S350 exit,4595.165,7,32323.158,152.8,0.47,4.2,154.9,0.48,-25.17,-0.08,-2621.5,-26.22,105
328,Entry short,2026-01-15 17:18,S350,4617.594,7,32323.158,152.8,0.47,4.2,154.9,0.48,-25.17,-0.08,-2621.5,-26.22,105
329,Exit long,2026-01-16 02:00,Time flat,4605.055,1,4618.865,-14.41,-0.31,0.6,2.56,0.06,-18.45,-0.40,-2635.91,-26.36,248
329,Entry long,2026-01-15 21:52,L351,4618.865,1,4618.865,-14.41,-0.31,0.6,2.56,0.06,-18.45,-0.40,-2635.91,-26.36,248
330,Exit short,2026-01-20 16:51,Opposite signal,4728.985,9,42604.146,37.88,0.09,5.4,106.69,0.25,-16.61,-0.04,-2598.03,-25.98,85
330,Entry short,2026-01-20 15:26,S353,4733.794,9,42604.146,37.88,0.09,5.4,106.69,0.25,-16.61,-0.04,-2598.03,-25.98,85
331,Exit long,2026-01-20 18:51,L354 exit,4720.64,6,28359.66,-39.42,-0.14,3.6,51.33,0.18,-37.62,-0.13,-2637.45,-26.37,119
331,Entry long,2026-01-20 16:52,L354,4726.61,6,28359.66,-39.42,-0.14,3.6,51.33,0.18,-37.62,-0.13,-2637.45,-26.37,119
332,Exit short,2026-01-20 19:27,S355 exit,4736.465,3,14162.61,-48.58,-0.34,1.8,16.61,0.12,-47.68,-0.34,-2686.04,-26.86,34
332,Entry short,2026-01-20 18:53,S355,4720.87,3,14162.61,-48.58,-0.34,1.8,16.61,0.12,-47.68,-0.34,-2686.04,-26.86,34
333,Exit long,2026-01-20 20:05,Opposite signal,4731.01,2,9470.93,-10.11,-0.11,1.2,31.21,0.33,-9.98,-0.11,-2696.15,-26.96,29
333,Entry long,2026-01-20 19:36,L356,4735.465,2,9470.93,-10.11,-0.11,1.2,31.21,0.33,-9.98,-0.11,-2696.15,-26.96,29
334,Exit short,2026-01-20 22:23,Opposite signal,4748.805,3,14202.945,-45.27,-0.32,1.8,34.52,0.24,-45.84,-0.32,-2741.42,-27.41,135
334,Entry short,2026-01-20 20:08,S357,4734.315,3,14202.945,-45.27,-0.32,1.8,34.52,0.24,-45.84,-0.32,-2741.42,-27.41,135
335,Exit long,2026-01-21 02:00,Time flat,4750.47,2,9497.53,2.21,0.02,1.2,34.67,0.37,-5.89,-0.06,-2739.21,-27.39,209
335,Entry long,2026-01-20 22:31,L358,4748.765,2,9497.53,2.21,0.02,1.2,34.67,0.37,-5.89,-0.06,-2739.21,-27.39,209
336,Exit short,2026-01-21 13:49,Opposite signal,4866.28,2,9724.914,-8.85,-0.09,1.2,58.86,0.61,-8.34,-0.09,-2748.05,-27.48,90
336,Entry short,2026-01-21 12:19,S359,4862.457,2,9724.914,-8.85,-0.09,1.2,58.86,0.61,-8.34,-0.09,-2748.05,-27.48,90
337,Exit long,2026-01-21 19:35,Opposite signal,4852.605,1,4865.445,-13.44,-0.28,0.6,15.19,0.31,-14.12,-0.29,-2761.49,-27.61,345
337,Entry long,2026-01-21 13:50,L360,4865.445,1,4865.445,-13.44,-0.28,0.6,15.19,0.31,-14.12,-0.29,-2761.49,-27.61,345
338,Exit short,2026-01-22 01:21,S361 exit,4756.165,1,4858.57,101.81,2.10,0.6,102.11,2.10,-14.25,-0.29,-2659.69,-26.60,345
338,Entry short,2026-01-21 19:36,S361,4858.57,1,4858.57,101.81,2.10,0.6,102.11,2.10,-14.25,-0.29,-2659.69,-26.60,345
339,Exit short,2026-01-22 22:52,S363 exit,4886.46,4,19494.2,-54.04,-0.28,2.4,0,0.00,-52.84,-0.27,-2713.73,-27.14,13
339,Entry short,2026-01-22 22:39,S363,4873.55,4,19494.2,-54.04,-0.28,2.4,0,0.00,-52.84,-0.27,-2713.73,-27.14,13
340,Exit short,2026-01-23 21:39,S365 exit,4968.52,2,9887.85,-50.39,-0.51,1.2,87.66,0.89,-49.79,-0.50,-2764.12,-27.64,906
340,Entry short,2026-01-23 06:33,S365,4943.925,2,9887.85,-50.39,-0.51,1.2,87.66,0.89,-49.79,-0.50,-2764.12,-27.64,906
341,Exit short,2026-01-26 06:42,Opposite signal,5052.72,3,15104.355,-55.6,-0.37,1.8,11.45,0.08,-55.14,-0.37,-2819.72,-28.20,10
341,Entry short,2026-01-26 06:32,S367,5034.785,3,15104.355,-55.6,-0.37,1.8,11.45,0.08,-55.14,-0.37,-2819.72,-28.20,10
342,Exit short,2026-01-26 11:22,Opposite signal,5073.18,2,10133.706,-13.85,-0.14,1.2,28.38,0.28,-14.09,-0.14,-2833.58,-28.34,61
342,Entry short,2026-01-26 10:21,S369,5066.853,2,10133.706,-13.85,-0.14,1.2,28.38,0.28,-14.09,-0.14,-2833.58,-28.34,61
343,Exit long,2026-01-26 11:44,Opposite signal,5070.23,2,10145.73,-6.47,-0.06,1.2,18.28,0.18,-9.29,-0.09,-2840.05,-28.40,20
343,Entry long,2026-01-26 11:24,L370,5072.865,2,10145.73,-6.47,-0.06,1.2,18.28,0.18,-9.29,-0.09,-2840.05,-28.40,20
344,Exit short,2026-01-26 12:07,S371 exit,5083.305,3,15208.857,-42.86,-0.28,1.8,5.4,0.04,-41.96,-0.28,-2882.91,-28.83,21
344,Entry short,2026-01-26 11:46,S371,5069.619,3,15208.857,-42.86,-0.28,1.8,5.4,0.04,-41.96,-0.28,-2882.91,-28.83,21
345,Exit long,2026-01-26 19:00,L372 exit,5064.39,3,15246.915,-55.54,-0.36,1.8,86.72,0.57,-54.64,-0.36,-2938.45,-29.38,409
345,Entry long,2026-01-26 12:11,L372,5082.305,3,15246.915,-55.54,-0.36,1.8,86.72,0.57,-54.64,-0.36,-2938.45,-29.38,409
346,Exit short,2026-01-27 01:36,Opposite signal,5044.92,1,5068.88,23.36,0.46,0.6,60.31,1.19,-36.76,-0.73,-2915.09,-29.15,385
346,Entry short,2026-01-26 19:11,S373,5068.88,1,5068.88,23.36,0.46,0.6,60.31,1.19,-36.76,-0.73,-2915.09,-29.15,385
347,Exit short,2026-01-27 06:41,S374 exit,5062.675,2,10080.68,-45.87,-0.46,1.2,52.33,0.52,-45.27,-0.45,-2960.96,-29.61,32
347,Entry short,2026-01-27 06:09,S374,5040.34,2,10080.68,-45.87,-0.46,1.2,52.33,0.52,-45.27,-0.45,-2960.96,-29.61,32
348,Exit long,2026-01-27 11:43,Opposite signal,5077.535,1,5060.573,16.36,0.32,0.6,26.4,0.52,-11.29,-0.22,-2944.6,-29.45,275
348,Entry long,2026-01-27 07:08,L375,5060.573,1,5060.573,16.36,0.32,0.6,26.4,0.52,-11.29,-0.22,-2944.6,-29.45,275
349,Exit short,2026-01-27 12:12,S376 exit,5088.27,5,25413,-31.35,-0.12,3,17.63,0.07,-29.85,-0.12,-2975.95,-29.76,28
349,Entry short,2026-01-27 11:44,S376,5082.6,5,25413,-31.35,-0.12,3,17.63,0.07,-29.85,-0.12,-2975.95,-29.76,28
350,Exit long,2026-01-27 13:39,Opposite signal,5079.645,5,25427.86,-32.63,-0.13,3,74.84,0.29,-33.11,-0.13,-3008.58,-30.09,86
350,Entry long,2026-01-27 12:13,L377,5085.572,5,25427.86,-32.63,-0.13,3,74.84,0.29,-33.11,-0.13,-3008.58,-30.09,86
351,Exit short,2026-01-27 14:57,Opposite signal,5087.63,2,10168.3,-8.16,-0.08,1.2,20.68,0.20,-8.19,-0.08,-3016.74,-30.17,77
351,Entry short,2026-01-27 13:40,S378,5084.15,2,10168.3,-8.16,-0.08,1.2,20.68,0.20,-8.19,-0.08,-3016.74,-30.17,77
352,Exit long,2026-01-27 16:04,Opposite signal,5082.595,3,15267.531,-21.55,-0.14,1.8,30.52,0.20,-22.46,-0.15,-3038.29,-30.38,50
352,Entry long,2026-01-27 15:14,L379,5089.177,3,15267.531,-21.55,-0.14,1.8,30.52,0.20,-22.46,-0.15,-3038.29,-30.38,50
353,Exit short,2026-01-27 18:17,Opposite signal,5091.155,3,15252.33,-22.93,-0.15,1.8,51.51,0.34,-22.03,-0.14,-3061.22,-30.61,132
353,Entry short,2026-01-27 16:05,S380,5084.11,3,15252.33,-22.93,-0.15,1.8,51.51,0.34,-22.03,-0.14,-3061.22,-30.61,132
354,Exit long,2026-01-27 19:05,Opposite signal,5076.7,2,10170.374,-18.17,-0.18,1.2,15.32,0.15,-20.92,-0.21,-3079.4,-30.79,46
354,Entry long,2026-01-27 18:19,L381,5085.187,2,10170.374,-18.17,-0.18,1.2,15.32,0.15,-20.92,-0.21,-3079.4,-30.79,46
355,Exit short,2026-01-27 20:07,Opposite signal,5076.37,3,15236.775,5.87,0.04,1.8,95.36,0.63,-11.14,-0.07,-3073.53,-30.74,61
355,Entry short,2026-01-27 19:06,S382,5078.925,3,15236.775,5.87,0.04,1.8,95.36,0.63,-11.14,-0.07,-3073.53,-30.74,61
356,Exit long,2026-01-27 23:37,Opposite signal,5078.515,2,10139.294,16.54,0.16,1.2,66.82,0.66,-44.51,-0.44,-3057,-30.57,208
356,Entry long,2026-01-27 20:09,L383,5069.647,2,10139.294,16.54,0.16,1.2,66.82,0.66,-44.51,-0.44,-3057,-30.57,208
357,Exit long,2026-01-28 13:33,L384 exit,5296.29,1,5190.51,105.18,2.03,0.6,105.48,2.03,-15.59,-0.30,-2951.82,-29.52,413
357,Entry long,2026-01-28 06:40,L384,5190.51,1,5190.51,105.18,2.03,0.6,105.48,2.03,-15.59,-0.30,-2951.82,-29.52,413
358,Exit short,2026-01-28 15:40,Opposite signal,5282.03,2,10576.794,11.53,0.11,1.2,49.75,0.47,-19.33,-0.18,-2940.28,-29.40,79
358,Entry short,2026-01-28 14:21,S385,5288.397,2,10576.794,11.53,0.11,1.2,49.75,0.47,-19.33,-0.18,-2940.28,-29.40,79
359,Exit long,2026-01-28 16:34,L386 exit,5262.22,3,15841.665,-56.8,-0.36,1.8,1.49,0.01,-55.9,-0.35,-2997.09,-29.97,49
359,Entry long,2026-01-28 15:45,L386,5280.555,3,15841.665,-56.8,-0.36,1.8,1.49,0.01,-55.9,-0.35,-2997.09,-29.97,49
360,Exit short,2026-01-28 18:34,S387 exit,5286.95,1,5250.43,-37.12,-0.71,0.6,3.31,0.06,-36.82,-0.70,-3034.21,-30.34,117
360,Entry short,2026-01-28 16:37,S387,5250.43,1,5250.43,-37.12,-0.71,0.6,3.31,0.06,-36.82,-0.70,-3034.21,-30.34,117
361,Exit long,2026-01-28 20:38,L388 exit,5237.59,1,5285.95,-48.96,-0.93,0.6,12.1,0.23,-48.66,-0.92,-3083.17,-30.83,123
361,Entry long,2026-01-28 18:35,L388,5285.95,1,5285.95,-48.96,-0.93,0.6,12.1,0.23,-48.66,-0.92,-3083.17,-30.83,123
362,Exit short,2026-01-28 22:27,S389 exit,5299.35,1,5255.45,-44.5,-0.85,0.6,10.39,0.20,-44.2,-0.84,-3127.67,-31.28,107
362,Entry short,2026-01-28 20:40,S389,5255.45,1,5255.45,-44.5,-0.85,0.6,10.39,0.20,-44.2,-0.84,-3127.67,-31.28,107
363,Exit short,2026-01-30 17:11,S393 exit,5131.37,2,10220.06,-43.88,-0.43,1.2,0,0.00,-43.28,-0.42,-3171.55,-31.72,13
363,Entry short,2026-01-30 16:58,S393,5110.03,2,10220.06,-43.88,-0.43,1.2,0,0.00,-43.28,-0.42,-3171.55,-31.72,13
364,Exit long,2026-01-30 17:17,L394 exit,5104.505,2,10259.864,-52.05,-0.51,1.2,0,0.00,-51.45,-0.50,-3223.6,-32.24,3
364,Entry long,2026-01-30 17:14,L394,5129.932,2,10259.864,-52.05,-0.51,1.2,0,0.00,-51.45,-0.50,-3223.6,-32.24,3
365,Exit short,2026-01-30 17:27,Opposite signal,5138.305,1,5105.505,-33.4,-0.65,0.6,12.02,0.24,-33.1,-0.65,-3257,-32.57,7
365,Entry short,2026-01-30 17:20,S395,5105.505,1,5105.505,-33.4,-0.65,0.6,12.02,0.24,-33.1,-0.65,-3257,-32.57,7
366,Exit long,2026-01-30 18:16,L396 exit,5087.485,1,5130.695,-43.81,-0.85,0.6,14.99,0.29,-43.51,-0.85,-3300.81,-33.01,47
366,Entry long,2026-01-30 17:29,L396,5130.695,1,5130.695,-43.81,-0.85,0.6,14.99,0.29,-43.51,-0.85,-3300.81,-33.01,47
367,Exit short,2026-01-30 19:32,Opposite signal,5055.11,1,5088.485,32.78,0.64,0.6,95.63,1.88,-12.01,-0.24,-3268.04,-32.68,69
367,Entry short,2026-01-30 18:23,S397,5088.485,1,5088.485,32.78,0.64,0.6,95.63,1.88,-12.01,-0.24,-3268.04,-32.68,69
368,Exit long,2026-01-30 20:25,Opposite signal,5049.585,1,5053.316,-4.33,-0.09,0.6,60.18,1.19,-12.51,-0.25,-3272.37,-32.72,48
368,Entry long,2026-01-30 19:37,L398,5053.316,1,5053.316,-4.33,-0.09,0.6,60.18,1.19,-12.51,-0.25,-3272.37,-32.72,48
369,Exit short,2026-01-30 23:00,Weekend flat,4925.705,1,5055.975,129.67,2.56,0.6,156.68,3.10,-18.68,-0.37,-3142.7,-31.43,132
369,Entry short,2026-01-30 20:48,S399,5055.975,1,5055.975,129.67,2.56,0.6,156.68,3.10,-18.68,-0.37,-3142.7,-31.43,132
370,Exit short,2026-02-02 16:26,Opposite signal,4711.75,1,4678.8,-33.55,-0.72,0.6,21.49,0.46,-33.46,-0.72,-3176.25,-31.76,27
370,Entry short,2026-02-02 15:59,S401,4678.8,1,4678.8,-33.55,-0.72,0.6,21.49,0.46,-33.46,-0.72,-3176.25,-31.76,27
371,Exit short,2026-02-02 21:31,S403 exit,4606.27,1,4762.237,155.37,3.26,0.6,155.67,3.27,-42.26,-0.89,-3020.88,-30.21,180
371,Entry short,2026-02-02 18:31,S403,4762.237,1,4762.237,155.37,3.26,0.6,155.67,3.27,-42.26,-0.89,-3020.88,-30.21,180
372,Exit short,2026-02-03 15:16,Opposite signal,4924.735,2,9842.456,-8.21,-0.08,1.2,72.61,0.74,-8.91,-0.09,-3029.1,-30.29,45
372,Entry short,2026-02-03 14:31,S407,4921.228,2,9842.456,-8.21,-0.08,1.2,72.61,0.74,-8.91,-0.09,-3029.1,-30.29,45
373,Exit long,2026-02-03 16:27,Opposite signal,4909.05,1,4923.975,-15.52,-0.32,0.6,5.8,0.12,-16.18,-0.33,-3044.62,-30.45,70
373,Entry long,2026-02-03 15:17,L408,4923.975,1,4923.975,-15.52,-0.32,0.6,5.8,0.12,-16.18,-0.33,-3044.62,-30.45,70
374,Exit short,2026-02-03 17:04,Opposite signal,4914.28,1,4899.929,-14.95,-0.31,0.6,15.94,0.33,-17.34,-0.35,-3059.57,-30.60,31
374,Entry short,2026-02-03 16:33,S409,4899.929,1,4899.929,-14.95,-0.31,0.6,15.94,0.33,-17.34,-0.35,-3059.57,-30.60,31
375,Exit long,2026-02-03 17:56,Opposite signal,4895.07,2,9825.44,-36.5,-0.37,1.2,47.22,0.48,-41.5,-0.42,-3096.07,-30.96,50
375,Entry long,2026-02-03 17:06,L410,4912.72,2,9825.44,-36.5,-0.37,1.2,47.22,0.48,-41.5,-0.42,-3096.07,-30.96,50
376,Exit short,2026-02-03 18:59,S411 exit,4937.63,1,4903.36,-34.87,-0.71,0.6,8.88,0.18,-34.57,-0.70,-3130.94,-31.31,62
376,Entry short,2026-02-03 17:57,S411,4903.36,1,4903.36,-34.87,-0.71,0.6,8.88,0.18,-34.57,-0.70,-3130.94,-31.31,62
377,Exit long,2026-02-03 22:23,Opposite signal,4964.385,1,4936.63,27.16,0.55,0.6,56.91,1.15,-43.15,-0.87,-3103.79,-31.04,195
377,Entry long,2026-02-03 19:08,L412,4936.63,1,4936.63,27.16,0.55,0.6,56.91,1.15,-43.15,-0.87,-3103.79,-31.04,195
378,Exit short,2026-02-04 00:45,Opposite signal,4915.91,1,4962.332,45.82,0.92,0.6,81.44,1.64,-8.02,-0.16,-3057.96,-30.58,138
378,Entry short,2026-02-03 22:27,S413,4962.332,1,4962.332,45.82,0.92,0.6,81.44,1.64,-8.02,-0.16,-3057.96,-30.58,138
379,Exit short,2026-02-04 09:05,S414 exit,5066.795,3,15158.775,-43.41,-0.29,1.8,50.72,0.33,-42.51,-0.28,-3101.37,-31.01,63
379,Entry short,2026-02-04 08:02,S414,5052.925,3,15158.775,-43.41,-0.29,1.8,50.72,0.33,-42.51,-0.28,-3101.37,-31.01,63
380,Exit long,2026-02-04 09:58,Opposite signal,5061.27,2,10124.66,-3.32,-0.03,1.2,22.99,0.23,-12.7,-0.13,-3104.69,-31.05,42
380,Entry long,2026-02-04 09:16,L415,5062.33,2,10124.66,-3.32,-0.03,1.2,22.99,0.23,-12.7,-0.13,-3104.69,-31.05,42
381,Exit short,2026-02-04 10:17,Opposite signal,5074.35,4,20255.536,-44.26,-0.22,2.4,12.58,0.06,-43.8,-0.22,-3148.96,-31.49,18
381,Entry short,2026-02-04 09:59,S416,5063.884,4,20255.536,-44.26,-0.22,2.4,12.58,0.06,-43.8,-0.22,-3148.96,-31.49,18
382,Exit long,2026-02-04 11:37,Opposite signal,5064.25,3,15222.375,-31.42,-0.21,1.8,48.03,0.32,-30.67,-0.20,-3180.38,-31.80,79
382,Entry long,2026-02-04 10:18,L417,5074.125,3,15222.375,-31.42,-0.21,1.8,48.03,0.32,-30.67,-0.20,-3180.38,-31.80,79
383,Exit short,2026-02-04 13:26,Opposite signal,5090.6,2,10129.23,-53.17,-0.52,1.2,26.32,0.26,-53.4,-0.53,-3233.55,-32.34,106
383,Entry short,2026-02-04 11:40,S418,5064.615,2,10129.23,-53.17,-0.52,1.2,26.32,0.26,-53.4,-0.53,-3233.55,-32.34,106
384,Exit long,2026-02-04 15:02,L419 exit,5050.155,1,5090.435,-40.88,-0.80,0.6,1.2,0.02,-40.58,-0.80,-3274.43,-32.74,95
384,Entry long,2026-02-04 13:27,L419,5090.435,1,5090.435,-40.88,-0.80,0.6,1.2,0.02,-40.58,-0.80,-3274.43,-32.74,95
385,Exit short,2026-02-04 18:04,Opposite signal,5061.66,1,5055.417,-6.84,-0.14,0.6,41.35,0.82,-11.09,-0.22,-3281.28,-32.81,180
385,Entry short,2026-02-04 15:04,S420,5055.417,1,5055.417,-6.84,-0.14,0.6,41.35,0.82,-11.09,-0.22,-3281.28,-32.81,180
386,Exit long,2026-02-04 20:02,L421 exit,5012.77,1,5061.63,-49.46,-0.98,0.6,1.81,0.04,-49.16,-0.97,-3330.74,-33.31,117
386,Entry long,2026-02-04 18:05,L421,5061.63,1,5061.63,-49.46,-0.98,0.6,1.81,0.04,-49.16,-0.97,-3330.74,-33.31,117
387,Exit short,2026-02-04 22:16,S422 exit,4879.475,1,5019.14,139.07,2.77,0.6,139.37,2.78,-4.62,-0.09,-3191.67,-31.92,131
387,Entry short,2026-02-04 20:05,S422,5019.14,1,5019.14,139.07,2.77,0.6,139.37,2.78,-4.62,-0.09,-3191.67,-31.92,131
388,Exit long,2026-02-05 11:03,Opposite signal,4835.075,1,4841.27,-6.79,-0.14,0.6,49.92,1.03,-15.74,-0.33,-3198.47,-31.98,138
388,Entry long,2026-02-05 08:45,L423,4841.27,1,4841.27,-6.79,-0.14,0.6,49.92,1.03,-15.74,-0.33,-3198.47,-31.98,138
389,Exit short,2026-02-05 11:15,S424 exit,4892.49,1,4843.65,-49.44,-1.02,0.6,11.98,0.25,-49.14,-1.01,-3247.91,-32.48,11
389,Entry short,2026-02-05 11:04,S424,4843.65,1,4843.65,-49.44,-1.02,0.6,11.98,0.25,-49.14,-1.01,-3247.91,-32.48,11
390,Exit long,2026-02-05 14:32,Opposite signal,4893.54,1,4886.385,6.56,0.13,0.6,57.05,1.17,-9.03,-0.18,-3241.35,-32.41,185
390,Entry long,2026-02-05 11:27,L425,4886.385,1,4886.385,6.56,0.13,0.6,57.05,1.17,-9.03,-0.18,-3241.35,-32.41,185
391,Exit short,2026-02-05 17:58,Opposite signal,4844.075,1,4898.975,54.3,1.11,0.6,87.88,1.79,-0.8,-0.02,-3187.05,-31.87,205
391,Entry short,2026-02-05 14:33,S426,4898.975,1,4898.975,54.3,1.11,0.6,87.88,1.79,-0.8,-0.02,-3187.05,-31.87,205
392,Exit long,2026-02-05 18:36,L427 exit,4809.8,1,4856.04,-46.84,-0.96,0.6,11.76,0.24,-46.54,-0.96,-3233.89,-32.34,30
392,Entry long,2026-02-05 18:06,L427,4856.04,1,4856.04,-46.84,-0.96,0.6,11.76,0.24,-46.54,-0.96,-3233.89,-32.34,30
393,Exit short,2026-02-05 22:13,S428 exit,4872.12,1,4810.8,-61.92,-1.29,0.6,2.72,0.06,-61.62,-1.28,-3295.81,-32.96,54
393,Entry short,2026-02-05 21:19,S428,4810.8,1,4810.8,-61.92,-1.29,0.6,2.72,0.06,-61.62,-1.28,-3295.81,-32.96,54
394,Exit short,2026-02-06 20:07,S430 exit,4939.505,1,4904.98,-35.12,-0.72,0.6,7.13,0.15,-34.83,-0.71,-3330.94,-33.31,11
394,Entry short,2026-02-06 19:56,S430,4904.98,1,4904.98,-35.12,-0.72,0.6,7.13,0.15,-34.83,-0.71,-3330.94,-33.31,11
395,Exit long,2026-02-06 23:00,Weekend flat,4954.62,1,4934.357,19.66,0.40,0.6,30.16,0.61,-12.81,-0.26,-3311.27,-33.11,170
395,Entry long,2026-02-06 20:10,L431,4934.357,1,4934.357,19.66,0.40,0.6,30.16,0.61,-12.81,-0.26,-3311.27,-33.11,170
396,Exit short,2026-02-10 00:58,Opposite signal,5072.41,4,20280.816,-11.22,-0.06,2.4,115.76,0.57,-10.64,-0.05,-3322.5,-33.22,141
396,Entry short,2026-02-09 22:37,S432,5070.204,4,20280.816,-11.22,-0.06,2.4,115.76,0.57,-10.64,-0.05,-3322.5,-33.22,141
397,Exit short,2026-02-10 21:07,S434 exit,5013.06,3,15191.382,150.4,0.99,1.8,151.3,1.00,-6.66,-0.04,-3172.1,-31.72,58
397,Entry short,2026-02-10 20:09,S434,5063.794,3,15191.382,150.4,0.99,1.8,151.3,1.00,-6.66,-0.04,-3172.1,-31.72,58
398,Exit short,2026-02-11 11:07,S435 exit,5062.02,3,15144.315,-43.54,-0.29,1.8,5.18,0.03,-42.64,-0.28,-3215.64,-32.16,26
398,Entry short,2026-02-11 10:41,S435,5048.105,3,15144.315,-43.54,-0.29,1.8,5.18,0.03,-42.64,-0.28,-3215.64,-32.16,26
399,Exit long,2026-02-11 17:30,L436 exit,5118.56,3,15183.06,170.82,1.13,1.8,171.72,1.13,-46.2,-0.30,-3044.82,-30.45,375
399,Entry long,2026-02-11 11:15,L436,5061.02,3,15183.06,170.82,1.13,1.8,171.72,1.13,-46.2,-0.30,-3044.82,-30.45,375
400,Exit short,2026-02-11 19:00,S437 exit,5051.605,3,15311.64,155.03,1.01,1.8,155.93,1.02,-11.11,-0.07,-2889.8,-28.90,79
400,Entry short,2026-02-11 17:41,S437,5103.88,3,15311.64,155.03,1.01,1.8,155.93,1.02,-11.11,-0.07,-2889.8,-28.90,79
401,Exit short,2026-02-18 20:02,S440 exit,4970.1,3,14857.77,-54.33,-0.37,1.8,9.9,0.07,-53.43,-0.36,-2944.13,-29.44,46
401,Entry short,2026-02-18 19:16,S440,4952.59,3,14857.77,-54.33,-0.37,1.8,9.9,0.07,-53.43,-0.36,-2944.13,-29.44,46
402,Exit long,2026-02-18 23:56,Opposite signal,4989.83,2,9943.4,35.06,0.35,1.2,77.83,0.78,-4.87,-0.05,-2909.07,-29.09,233
402,Entry long,2026-02-18 20:03,L441,4971.7,2,9943.4,35.06,0.35,1.2,77.83,0.78,-4.87,-0.05,-2909.07,-29.09,233
403,Exit long,2026-02-19 10:18,Opposite signal,4977.96,4,19887.532,21.91,0.11,2.4,54.03,0.27,-25.43,-0.13,-2887.16,-28.87,168
403,Entry long,2026-02-19 07:30,L442,4971.883,4,19887.532,21.91,0.11,2.4,54.03,0.27,-25.43,-0.13,-2887.16,-28.87,168
404,Exit short,2026-02-19 10:30,S443 exit,4986.69,6,29880.42,-43.32,-0.14,3.6,14.52,0.05,-41.52,-0.14,-2930.48,-29.30,11
404,Entry short,2026-02-19 10:19,S443,4980.07,6,29880.42,-43.32,-0.14,3.6,14.52,0.05,-41.52,-0.14,-2930.48,-29.30,11
405,Exit long,2026-02-19 12:48,Opposite signal,5016.405,4,19949.172,114.05,0.57,2.4,136.85,0.69,-1.33,-0.01,-2816.43,-28.16,129
405,Entry long,2026-02-19 10:39,L444,4987.293,4,19949.172,114.05,0.57,2.4,136.85,0.69,-1.33,-0.01,-2816.43,-28.16,129
406,Exit short,2026-02-19 15:06,S445 exit,4995.865,7,35119,143.75,0.41,4.2,145.85,0.42,-38.29,-0.11,-2672.68,-26.73,137
406,Entry short,2026-02-19 12:49,S445,5017,7,35119,143.75,0.41,4.2,145.85,0.42,-38.29,-0.11,-2672.68,-26.73,137
407,Exit long,2026-02-19 19:31,L446 exit,4990.505,7,34978.412,-49.08,-0.14,4.2,11.16,0.03,-46.98,-0.13,-2721.76,-27.22,4
407,Entry long,2026-02-19 19:27,L446,4996.916,7,34978.412,-49.08,-0.14,4.2,11.16,0.03,-46.98,-0.13,-2721.76,-27.22,4
408,Exit short,2026-02-19 20:20,Opposite signal,4999.67,6,29949.03,-52.59,-0.18,3.6,21.45,0.07,-51.45,-0.17,-2774.35,-27.74,6
408,Entry short,2026-02-19 20:14,S447,4991.505,6,29949.03,-52.59,-0.18,3.6,21.45,0.07,-51.45,-0.17,-2774.35,-27.74,6
409,Exit long,2026-02-19 21:58,Opposite signal,4993.82,1,4998.691,-5.47,-0.11,0.6,23.39,0.47,-7.32,-0.15,-2779.82,-27.80,73
409,Entry long,2026-02-19 20:45,L448,4998.691,1,4998.691,-5.47,-0.11,0.6,23.39,0.47,-7.32,-0.15,-2779.82,-27.80,73
410,Exit short,2026-02-20 00:51,Opposite signal,4990.35,2,9996.29,14.39,0.14,1.2,44.87,0.45,-22.39,-0.22,-2765.43,-27.65,172
410,Entry short,2026-02-19 21:59,S449,4998.145,2,9996.29,14.39,0.14,1.2,44.87,0.45,-22.39,-0.22,-2765.43,-27.65,172
411,Exit long,2026-02-20 09:12,L450 exit,4984.435,2,10015.014,-47.34,-0.47,1.2,0.18,0.00,-46.74,-0.47,-2812.78,-28.13,139
411,Entry long,2026-02-20 06:53,L450,5007.507,2,10015.014,-47.34,-0.47,1.2,0.18,0.00,-46.74,-0.47,-2812.78,-28.13,139
412,Exit short,2026-02-20 13:56,Opposite signal,5018.325,4,20082.48,6.78,0.03,2.4,61.4,0.31,-32.16,-0.16,-2806,-28.06,85
412,Entry short,2026-02-20 12:31,S451,5020.62,4,20082.48,6.78,0.03,2.4,61.4,0.31,-32.16,-0.16,-2806,-28.06,85
413,Exit long,2026-02-20 17:18,Opposite signal,5020.455,3,15065.748,-6.18,-0.04,1.8,61.57,0.41,-8.09,-0.05,-2812.18,-28.12,185
413,Entry long,2026-02-20 14:13,L452,5021.916,3,15065.748,-6.18,-0.04,1.8,61.57,0.41,-8.09,-0.05,-2812.18,-28.12,185
414,Exit short,2026-02-20 18:07,Opposite signal,5024.255,2,10042.85,-6.86,-0.07,1.2,27.68,0.28,-6.28,-0.06,-2819.04,-28.19,48
414,Entry short,2026-02-20 17:19,S453,5021.425,2,10042.85,-6.86,-0.07,1.2,27.68,0.28,-6.28,-0.06,-2819.04,-28.19,48
415,Exit long,2026-02-20 19:03,Opposite signal,5020.645,3,15060.081,0.05,0.00,1.8,35.2,0.23,-2.08,-0.01,-2818.99,-28.19,52
415,Entry long,2026-02-20 18:11,L454,5020.027,3,15060.081,0.05,0.00,1.8,35.2,0.23,-2.08,-0.01,-2818.99,-28.19,52
416,Exit short,2026-02-20 19:15,S455 exit,5033.06,6,30149.7,-52.26,-0.17,3.6,21.51,0.07,-50.46,-0.17,-2871.25,-28.71,10
416,Entry short,2026-02-20 19:05,S455,5024.95,6,30149.7,-52.26,-0.17,3.6,21.51,0.07,-50.46,-0.17,-2871.25,-28.71,10
417,Exit long,2026-02-20 20:33,Opposite signal,5039.455,2,10082.4,-4.69,-0.05,1.2,45.66,0.45,-8.38,-0.08,-2875.94,-28.76,61
417,Entry long,2026-02-20 19:32,L456,5041.2,2,10082.4,-4.69,-0.05,1.2,45.66,0.45,-8.38,-0.08,-2875.94,-28.76,61
418,Exit short,2026-02-20 22:02,S457 exit,5065.33,1,5027.903,-38.03,-0.76,0.6,37.02,0.74,-37.73,-0.75,-2913.96,-29.14,88
418,Entry short,2026-02-20 20:34,S457,5027.903,1,5027.903,-38.03,-0.76,0.6,37.02,0.74,-37.73,-0.75,-2913.96,-29.14,88
419,Exit short,2026-02-20 23:00,Weekend flat,5064.17,3,15177.942,-16.37,-0.11,1.8,0,0.00,-18.21,-0.12,-2930.33,-29.30,3
419,Entry short,2026-02-20 22:57,S459,5059.314,3,15177.942,-16.37,-0.11,1.8,0,0.00,-18.21,-0.12,-2930.33,-29.30,3
420,Exit short,2026-02-23 14:26,Opposite signal,5139.79,1,5138.142,-2.25,-0.04,0.6,15.62,0.30,-2.68,-0.05,-2932.58,-29.33,65
420,Entry short,2026-02-23 13:21,S460,5138.142,1,5138.142,-2.25,-0.04,0.6,15.62,0.30,-2.68,-0.05,-2932.58,-29.33,65
421,Exit long,2026-02-23 17:59,Opposite signal,5145.655,3,15419.355,15.81,0.10,1.8,70.71,0.46,-2.77,-0.02,-2916.77,-29.17,211
421,Entry long,2026-02-23 14:28,L461,5139.785,3,15419.355,15.81,0.10,1.8,70.71,0.46,-2.77,-0.02,-2916.77,-29.17,211
422,Exit short,2026-02-23 18:14,S462 exit,5164.655,3,15450.6,-45.16,-0.29,1.8,0.39,0.00,-44.26,-0.29,-2961.93,-29.62,14
422,Entry short,2026-02-23 18:00,S462,5150.2,3,15450.6,-45.16,-0.29,1.8,0.39,0.00,-44.26,-0.29,-2961.93,-29.62,14
423,Exit long,2026-02-23 18:36,Opposite signal,5158.785,3,15490.965,-16.41,-0.11,1.8,4.83,0.03,-17.85,-0.12,-2978.34,-29.78,21
423,Entry long,2026-02-23 18:15,L463,5163.655,3,15490.965,-16.41,-0.11,1.8,4.83,0.03,-17.85,-0.12,-2978.34,-29.78,21
424,Exit short,2026-02-23 19:45,Opposite signal,5156.995,5,25786.67,-1.3,-0.01,3,77.1,0.30,-1.93,-0.01,-2979.65,-29.80,64
424,Entry short,2026-02-23 18:41,S464,5157.334,5,25786.67,-1.3,-0.01,3,77.1,0.30,-1.93,-0.01,-2979.65,-29.80,64
425,Exit long,2026-02-23 21:35,Opposite signal,5180.045,3,15470.37,67.97,0.44,1.8,144.24,0.93,-3.18,-0.02,-2911.68,-29.12,109
425,Entry long,2026-02-23 19:46,L465,5156.79,3,15470.37,67.97,0.44,1.8,144.24,0.93,-3.18,-0.02,-2911.68,-29.12,109
426,Exit short,2026-02-23 21:46,S466 exit,5206.17,2,10366.294,-47.25,-0.46,1.2,0,0.00,-46.65,-0.45,-2958.93,-29.59,10
426,Entry short,2026-02-23 21:36,S466,5183.147,2,10366.294,-47.25,-0.46,1.2,0,0.00,-46.65,-0.45,-2958.93,-29.59,10
427,Exit long,2026-02-24 02:00,Time flat,5225.235,2,10410.34,38.93,0.37,1.2,41.11,0.39,-28.39,-0.27,-2920,-29.20,199
427,Entry long,2026-02-23 22:41,L467,5205.17,2,10410.34,38.93,0.37,1.2,41.11,0.39,-28.39,-0.27,-2920,-29.20,199
428,Exit long,2026-02-24 22:22,Opposite signal,5131.855,1,5127.841,3.41,0.07,0.6,27.23,0.53,-10.27,-0.20,-2916.59,-29.17,118
428,Entry long,2026-02-24 20:24,L468,5127.841,1,5127.841,3.41,0.07,0.6,27.23,0.53,-10.27,-0.20,-2916.59,-29.17,118
429,Exit short,2026-02-24 22:41,Opposite signal,5155.77,2,10268.62,-44.12,-0.43,1.2,0,0.00,-43.73,-0.43,-2960.71,-29.61,18
429,Entry short,2026-02-24 22:23,S469,5134.31,2,10268.62,-44.12,-0.43,1.2,0,0.00,-43.73,-0.43,-2960.71,-29.61,18
430,Exit long,2026-02-25 00:40,Opposite signal,5152.91,2,10310.53,-5.91,-0.06,1.2,29.61,0.29,-5.83,-0.06,-2966.62,-29.67,105
430,Entry long,2026-02-24 22:55,L470,5155.265,2,10310.53,-5.91,-0.06,1.2,29.61,0.29,-5.83,-0.06,-2966.62,-29.67,105
431,Exit short,2026-02-25 07:45,S471 exit,5190.895,4,20713.2,-52.78,-0.25,2.4,2.4,0.01,-51.58,-0.25,-3019.4,-30.19,15
431,Entry short,2026-02-25 07:30,S471,5178.3,4,20713.2,-52.78,-0.25,2.4,2.4,0.01,-51.58,-0.25,-3019.4,-30.19,15
432,Exit long,2026-02-25 08:21,L472 exit,5173.515,3,15567.015,-48.27,-0.31,1.8,4.01,0.03,-47.37,-0.30,-3067.67,-30.68,31
432,Entry long,2026-02-25 07:50,L472,5189.005,3,15567.015,-48.27,-0.31,1.8,4.01,0.03,-47.37,-0.30,-3067.67,-30.68,31
433,Exit short,2026-02-25 17:30,Opposite signal,5181.645,2,10379.024,14.53,0.14,1.2,68.23,0.66,-16.11,-0.16,-3053.13,-30.53,349
433,Entry short,2026-02-25 11:41,S473,5189.512,2,10379.024,14.53,0.14,1.2,68.23,0.66,-16.11,-0.16,-3053.13,-30.53,349
434,Exit long,2026-02-25 19:59,Opposite signal,5175.91,2,10362.2,-11.58,-0.11,1.2,20.03,0.19,-12.72,-0.12,-3064.71,-30.65,147
434,Entry long,2026-02-25 17:32,L474,5181.1,2,10362.2,-11.58,-0.11,1.2,20.03,0.19,-12.72,-0.12,-3064.71,-30.65,147
435,Exit short,2026-02-25 20:26,S475 exit,5192.415,4,20716.268,-55.79,-0.27,2.4,80.49,0.39,-54.59,-0.26,-3120.5,-31.21,26
435,Entry short,2026-02-25 20:00,S475,5179.067,4,20716.268,-55.79,-0.27,2.4,80.49,0.39,-54.59,-0.26,-3120.5,-31.21,26
436,Exit long,2026-02-26 00:37,Opposite signal,5198.425,1,5191.415,6.41,0.12,0.6,26.07,0.50,-19.51,-0.38,-3114.09,-31.14,250
436,Entry long,2026-02-25 20:27,L476,5191.415,1,5191.415,6.41,0.12,0.6,26.07,0.50,-19.51,-0.38,-3114.09,-31.14,250
437,Exit short,2026-02-26 09:38,Opposite signal,5196.395,3,15543.63,-47.35,-0.30,1.8,20.52,0.13,-47.49,-0.31,-3161.45,-31.61,159
437,Entry short,2026-02-26 06:59,S477,5181.21,3,15543.63,-47.35,-0.30,1.8,20.52,0.13,-47.49,-0.31,-3161.45,-31.61,159
438,Exit long,2026-02-26 11:08,Opposite signal,5197.1,2,10386.27,6.73,0.06,1.2,24.41,0.24,-7,-0.07,-3154.72,-31.55,80
438,Entry long,2026-02-26 09:48,L478,5193.135,2,10386.27,6.73,0.06,1.2,24.41,0.24,-7,-0.07,-3154.72,-31.55,80
439,Exit short,2026-02-26 14:17,S479 exit,5169.26,5,25993.525,144.23,0.55,3,145.73,0.56,-16.27,-0.06,-3010.49,-30.10,188
439,Entry short,2026-02-26 11:09,S479,5198.705,5,25993.525,144.23,0.55,3,145.73,0.56,-16.27,-0.06,-3010.49,-30.10,188
440,Exit long,2026-02-26 18:23,Opposite signal,5179.7,5,25835.155,60.35,0.23,3,103.82,0.40,-6.8,-0.03,-2950.15,-29.50,40
440,Entry long,2026-02-26 17:43,L480,5167.031,5,25835.155,60.35,0.23,3,103.82,0.40,-6.8,-0.03,-2950.15,-29.50,40
441,Exit short,2026-02-26 19:58,Opposite signal,5172.04,5,25905.125,41.93,0.16,3,102.43,0.40,-25.02,-0.10,-2908.22,-29.08,94
441,Entry short,2026-02-26 18:24,S481,5181.025,5,25905.125,41.93,0.16,3,102.43,0.40,-25.02,-0.10,-2908.22,-29.08,94
442,Exit long,2026-02-26 20:00,L482 exit,5159.24,5,25847.005,-53.8,-0.21,3,0,0.00,-52.3,-0.20,-2962.03,-29.62,0
442,Entry long,2026-02-26 20:00,L482,5169.401,5,25847.005,-53.8,-0.21,3,0,0.00,-52.3,-0.20,-2962.03,-29.62,0
443,Exit short,2026-02-26 20:06,S483 exit,5173.455,4,20640.96,-55.26,-0.27,2.4,0,0.00,-54.06,-0.26,-3017.29,-30.17,2
443,Entry short,2026-02-26 20:04,S483,5160.24,4,20640.96,-55.26,-0.27,2.4,0,0.00,-54.06,-0.26,-3017.29,-30.17,2
444,Exit long,2026-02-26 20:57,L484 exit,5139.14,2,10332.39,-55.31,-0.54,1.2,19.67,0.19,-54.71,-0.53,-3072.6,-30.73,48
444,Entry long,2026-02-26 20:09,L484,5166.195,2,10332.39,-55.31,-0.54,1.2,19.67,0.19,-54.71,-0.53,-3072.6,-30.73,48
445,Exit short,2026-02-26 21:15,S485 exit,5177.33,1,5140.14,-37.79,-0.74,0.6,0,0.00,-37.49,-0.73,-3110.39,-31.10,16
445,Entry short,2026-02-26 20:59,S485,5140.14,1,5140.14,-37.79,-0.74,0.6,0,0.00,-37.49,-0.73,-3110.39,-31.10,16
446,Exit long,2026-02-27 02:00,Time flat,5193.78,1,5177.275,15.91,0.31,0.6,20.49,0.40,-17.05,-0.33,-3094.48,-30.94,264
446,Entry long,2026-02-26 21:36,L486,5177.275,1,5177.275,15.91,0.31,0.6,20.49,0.40,-17.05,-0.33,-3094.48,-30.94,264
447,Exit short,2026-02-27 07:30,S487 exit,5196.03,3,15536.19,-53.7,-0.35,1.8,15.26,0.10,-52.8,-0.34,-3148.18,-31.48,48
447,Entry short,2026-02-27 06:42,S487,5178.73,3,15536.19,-53.7,-0.35,1.8,15.26,0.10,-52.8,-0.34,-3148.18,-31.48,48
448,Exit long,2026-02-27 21:54,Opposite signal,5233.46,2,10383.264,82.46,0.79,1.2,131.64,1.27,-46.49,-0.45,-3065.73,-30.66,845
448,Entry long,2026-02-27 07:49,L488,5191.632,2,10383.264,82.46,0.79,1.2,131.64,1.27,-46.49,-0.45,-3065.73,-30.66,845
449,Exit short,2026-02-27 23:00,Weekend flat,5228.845,2,10461.71,2.82,0.03,1.2,13.83,0.13,-15.99,-0.15,-3062.91,-30.63,65
449,Entry short,2026-02-27 21:55,S489,5230.855,2,10461.71,2.82,0.03,1.2,13.83,0.13,-15.99,-0.15,-3062.91,-30.63,65
450,Exit short,2026-03-03 23:59,Opposite signal,5112.195,2,10215.19,-10.4,-0.10,1.2,83.59,0.82,-17.29,-0.17,-3073.31,-30.73,102
450,Entry short,2026-03-03 22:17,S492,5107.595,2,10215.19,-10.4,-0.10,1.2,83.59,0.82,-17.29,-0.17,-3073.31,-30.73,102
451,Exit short,2026-03-04 14:20,Opposite signal,5181.225,2,10335.9,-27.75,-0.27,1.2,99.86,0.97,-28.24,-0.27,-3101.06,-31.01,373
451,Entry short,2026-03-04 08:07,S493,5167.95,2,10335.9,-27.75,-0.27,1.2,99.86,0.97,-28.24,-0.27,-3101.06,-31.01,373
452,Exit long,2026-03-04 17:55,Opposite signal,5179.37,1,5166.181,12.59,0.24,0.6,39.78,0.77,-7.15,-0.14,-3088.47,-30.88,205
452,Entry long,2026-03-04 14:30,L494,5166.181,1,5166.181,12.59,0.24,0.6,39.78,0.77,-7.15,-0.14,-3088.47,-30.88,205
453,Exit short,2026-03-04 21:06,Opposite signal,5165.97,2,10364.45,31.31,0.30,1.2,101.17,0.98,-29.19,-0.28,-3057.16,-30.57,190
453,Entry short,2026-03-04 17:56,S495,5182.225,2,10364.45,31.31,0.30,1.2,101.17,0.98,-29.19,-0.28,-3057.16,-30.57,190
454,Exit long,2026-03-04 22:53,L496 exit,5130.34,2,10316.236,-56.76,-0.55,1.2,8.51,0.08,-56.16,-0.54,-3113.91,-31.14,106
454,Entry long,2026-03-04 21:07,L496,5158.118,2,10316.236,-56.76,-0.55,1.2,8.51,0.08,-56.16,-0.54,-3113.91,-31.14,106
455,Exit short,2026-03-05 02:00,Time flat,5137.395,1,5131.34,-6.65,-0.13,0.6,22.4,0.44,-16.71,-0.33,-3120.57,-31.21,185
455,Entry short,2026-03-04 22:55,S497,5131.34,1,5131.34,-6.65,-0.13,0.6,22.4,0.44,-16.71,-0.33,-3120.57,-31.21,185
456,Exit short,2026-03-05 14:39,Opposite signal,5180.07,2,10335.33,-26.01,-0.25,1.2,93.16,0.90,-25.98,-0.25,-3146.58,-31.47,255
456,Entry short,2026-03-05 10:24,S498,5167.665,2,10335.33,-26.01,-0.25,1.2,93.16,0.90,-25.98,-0.25,-3146.58,-31.47,255
457,Exit long,2026-03-05 18:50,L499 exit,5119.785,1,5165.556,-46.37,-0.90,0.6,5.68,0.11,-46.07,-0.89,-3192.95,-31.93,229
457,Entry long,2026-03-05 15:01,L499,5165.556,1,5165.556,-46.37,-0.90,0.6,5.68,0.11,-46.07,-0.89,-3192.95,-31.93,229
458,Exit short,2026-03-06 02:00,Time flat,5080.835,1,5120.785,39.35,0.77,0.6,69.58,1.36,-17.62,-0.34,-3153.6,-31.54,422
458,Entry short,2026-03-05 18:58,S500,5120.785,1,5120.785,39.35,0.77,0.6,69.58,1.36,-17.62,-0.34,-3153.6,-31.54,422
459,Exit short,2026-03-06 22:17,Opposite signal,5147.58,1,5137.905,-10.27,-0.20,0.6,11.74,0.23,-10.63,-0.21,-3163.88,-31.64,20
459,Entry short,2026-03-06 21:57,S502,5137.905,1,5137.905,-10.27,-0.20,0.6,11.74,0.23,-10.63,-0.21,-3163.88,-31.64,20
460,Exit long,2026-03-06 23:00,Weekend flat,5142.45,3,15427.938,-2.39,-0.02,1.8,14.97,0.10,-41.78,-0.27,-3166.26,-31.66,42
460,Entry long,2026-03-06 22:18,L503,5142.646,3,15427.938,-2.39,-0.02,1.8,14.97,0.10,-41.78,-0.27,-3166.26,-31.66,42
461,Exit long,2026-03-09 09:00,Opposite signal,5083.985,1,5069.682,13.7,0.27,0.6,32.27,0.64,-14.77,-0.29,-3152.56,-31.53,98
461,Entry long,2026-03-09 07:22,L504,5069.682,1,5069.682,13.7,0.27,0.6,32.27,0.64,-14.77,-0.29,-3152.56,-31.53,98
462,Exit short,2026-03-09 09:38,Opposite signal,5094.825,3,15267.915,-18.36,-0.12,1.8,21.41,0.14,-18.72,-0.12,-3170.92,-31.71,37
462,Entry short,2026-03-09 09:01,S505,5089.305,3,15267.915,-18.36,-0.12,1.8,21.41,0.14,-18.72,-0.12,-3170.92,-31.71,37
463,Exit long,2026-03-09 11:17,L506 exit,5133.815,4,20373.544,159.32,0.78,2.4,160.52,0.79,-50,-0.25,-3011.6,-30.12,98
463,Entry long,2026-03-09 09:39,L506,5093.386,4,20373.544,159.32,0.78,2.4,160.52,0.79,-50,-0.25,-3011.6,-30.12,98
464,Exit short,2026-03-09 14:41,Opposite signal,5111.6,1,5104.84,-7.36,-0.14,0.6,17.47,0.34,-8.51,-0.17,-3018.96,-30.19,142
464,Entry short,2026-03-09 12:19,S507,5104.84,1,5104.84,-7.36,-0.14,0.6,17.47,0.34,-8.51,-0.17,-3018.96,-30.19,142
465,Exit long,2026-03-09 16:21,L508 exit,5086.07,1,5121.341,-35.87,-0.70,0.6,0,0.00,-35.57,-0.69,-3054.84,-30.55,72
465,Entry long,2026-03-09 15:09,L508,5121.341,1,5121.341,-35.87,-0.70,0.6,0,0.00,-35.57,-0.69,-3054.84,-30.55,72
466,Exit short,2026-03-09 20:02,Opposite signal,5088.78,1,5087.07,-2.31,-0.05,0.6,26.18,0.51,-25.73,-0.51,-3057.15,-30.57,190
466,Entry short,2026-03-09 16:52,S509,5087.07,1,5087.07,-2.31,-0.05,0.6,26.18,0.51,-25.73,-0.51,-3057.15,-30.57,190
467,Exit long,2026-03-10 02:00,Time flat,5139.695,1,5102.358,36.74,0.72,0.6,45.55,0.89,-23.07,-0.45,-3020.41,-30.20,342
467,Entry long,2026-03-09 20:18,L510,5102.358,1,5102.358,36.74,0.72,0.6,45.55,0.89,-23.07,-0.45,-3020.41,-30.20,342
468,Exit short,2026-03-10 16:36,Opposite signal,5187.285,4,20731.54,-20,-0.10,2.4,104.34,0.50,-27.68,-0.13,-3040.41,-30.40,125
468,Entry short,2026-03-10 14:31,S511,5182.885,4,20731.54,-20,-0.10,2.4,104.34,0.50,-27.68,-0.13,-3040.41,-30.40,125
469,Exit long,2026-03-10 23:49,Opposite signal,5175.745,2,10366.316,-16.03,-0.15,1.2,110.63,1.07,-41.95,-0.40,-3056.43,-30.56,423
469,Entry long,2026-03-10 16:46,L512,5183.158,2,10366.316,-16.03,-0.15,1.2,110.63,1.07,-41.95,-0.40,-3056.43,-30.56,423
470,Exit long,2026-03-12 08:06,Opposite signal,5164.15,1,5157.94,5.61,0.11,0.6,16.91,0.33,-8.02,-0.16,-3050.82,-30.51,117
470,Entry long,2026-03-12 06:09,L513,5157.94,1,5157.94,5.61,0.11,0.6,16.91,0.33,-8.02,-0.16,-3050.82,-30.51,117
471,Exit short,2026-03-12 11:06,Opposite signal,5149.68,4,20661.256,60.14,0.29,2.4,111.38,0.54,-3.74,-0.02,-2990.69,-29.91,178
471,Entry short,2026-03-12 08:08,S514,5165.314,4,20661.256,60.14,0.29,2.4,111.38,0.54,-3.74,-0.02,-2990.69,-29.91,178
472,Exit long,2026-03-12 14:52,Opposite signal,5175.82,4,20592.78,108.1,0.52,2.4,165.46,0.80,-4.38,-0.02,-2882.59,-28.83,225
472,Entry long,2026-03-12 11:07,L515,5148.195,4,20592.78,108.1,0.52,2.4,165.46,0.80,-4.38,-0.02,-2882.59,-28.83,225
473,Exit short,2026-03-12 15:30,S516 exit,5190.86,4,20713.152,-52.69,-0.25,2.4,0,0.00,-51.49,-0.25,-2935.28,-29.35,33
473,Entry short,2026-03-12 14:57,S516,5178.288,4,20713.152,-52.69,-0.25,2.4,0,0.00,-51.49,-0.25,-2935.28,-29.35,33
474,Exit long,2026-03-12 16:50,L517 exit,5173.43,3,15569.58,-51.09,-0.33,1.8,4.89,0.03,-50.19,-0.32,-2986.37,-29.86,78
474,Entry long,2026-03-12 15:32,L517,5189.86,3,15569.58,-51.09,-0.33,1.8,4.89,0.03,-50.19,-0.32,-2986.37,-29.86,78
475,Exit short,2026-03-12 23:51,S518 exit,5101.595,2,10341.424,137.03,1.33,1.2,137.63,1.33,-31.47,-0.30,-2849.33,-28.49,357
475,Entry short,2026-03-12 17:54,S518,5170.712,2,10341.424,137.03,1.33,1.2,137.63,1.33,-31.47,-0.30,-2849.33,-28.49,357
476,Exit short,2026-03-13 14:07,Opposite signal,5080.48,3,15335.802,92.56,0.60,1.8,149.74,0.98,-19.62,-0.13,-2756.77,-27.57,295
476,Entry short,2026-03-13 09:12,S519,5111.934,3,15335.802,92.56,0.60,1.8,149.74,0.98,-19.62,-0.13,-2756.77,-27.57,295
477,Exit long,2026-03-13 19:04,Opposite signal,5102.99,3,15238.065,69.11,0.45,1.8,127.07,0.83,-10.53,-0.07,-2687.67,-26.88,292
477,Entry long,2026-03-13 14:12,L520,5079.355,3,15238.065,69.11,0.45,1.8,127.07,0.83,-10.53,-0.07,-2687.67,-26.88,292
478,Exit short,2026-03-13 20:26,S521 exit,5039.81,2,10205.86,125.04,1.23,1.2,125.64,1.23,-28.68,-0.28,-2562.63,-25.63,79
478,Entry short,2026-03-13 19:07,S521,5102.93,2,10205.86,125.04,1.23,1.2,125.64,1.23,-28.68,-0.28,-2562.63,-25.63,79
479,Exit short,2026-03-16 11:46,Opposite signal,5031.235,3,15044.685,-50.82,-0.34,1.8,95.76,0.64,-50.4,-0.33,-2613.45,-26.13,306
479,Entry short,2026-03-16 06:40,S522,5014.895,3,15044.685,-50.82,-0.34,1.8,95.76,0.64,-50.4,-0.33,-2613.45,-26.13,306
480,Exit long,2026-03-16 14:35,L523 exit,4981.675,1,5022.676,-41.6,-0.83,0.6,1.75,0.03,-41.3,-0.82,-2655.05,-26.55,145
480,Entry long,2026-03-16 12:10,L523,5022.676,1,5022.676,-41.6,-0.83,0.6,1.75,0.03,-41.3,-0.82,-2655.05,-26.55,145
481,Exit short,2026-03-16 15:56,Opposite signal,4986.86,1,4982.675,-4.78,-0.10,0.6,12.15,0.24,-9.43,-0.19,-2659.83,-26.60,80
481,Entry short,2026-03-16 14:36,S524,4982.675,1,4982.675,-4.78,-0.10,0.6,12.15,0.24,-9.43,-0.19,-2659.83,-26.60,80
482,Exit long,2026-03-16 17:31,Opposite signal,4995.405,3,14958.366,26.05,0.17,1.8,109.21,0.73,-17.95,-0.12,-2633.78,-26.34,92
482,Entry long,2026-03-16 15:59,L525,4986.122,3,14958.366,26.05,0.17,1.8,109.21,0.73,-17.95,-0.12,-2633.78,-26.34,92
483,Exit short,2026-03-16 17:58,S526 exit,5023.825,2,9999.31,-49.54,-0.50,1.2,1.77,0.02,-48.94,-0.49,-2683.32,-26.83,26
483,Entry short,2026-03-16 17:32,S526,4999.655,2,9999.31,-49.54,-0.50,1.2,1.77,0.02,-48.94,-0.49,-2683.32,-26.83,26
484,Exit long,2026-03-16 19:55,Opposite signal,5021.62,2,10034.766,7.27,0.07,1.2,40.92,0.41,-11.53,-0.11,-2676.05,-26.76,97
484,Entry long,2026-03-16 18:18,L527,5017.383,2,10034.766,7.27,0.07,1.2,40.92,0.41,-11.53,-0.11,-2676.05,-26.76,97
485,Exit long,2026-03-17 01:01,Opposite signal,5008.53,2,9992.966,22.89,0.23,1.2,47.36,0.47,-25.54,-0.26,-2653.15,-26.53,125
485,Entry long,2026-03-16 22:56,L529,4996.483,2,9992.966,22.89,0.23,1.2,47.36,0.47,-25.54,-0.26,-2653.15,-26.53,125
486,Exit long,2026-03-17 11:15,Opposite signal,5032.37,3,15023.268,72.04,0.48,1.8,110.53,0.74,-5.24,-0.03,-2581.11,-25.81,271
486,Entry long,2026-03-17 06:44,L530,5007.756,3,15023.268,72.04,0.48,1.8,110.53,0.74,-5.24,-0.03,-2581.11,-25.81,271
487,Exit long,2026-03-17 19:24,Opposite signal,5009.125,3,15020.223,5.35,0.04,1.8,73.65,0.49,-22.67,-0.15,-2575.76,-25.76,121
487,Entry long,2026-03-17 17:23,L532,5006.741,3,15020.223,5.35,0.04,1.8,73.65,0.49,-22.67,-0.15,-2575.76,-25.76,121
488,Exit short,2026-03-18 02:00,Time flat,5004.15,2,10025.88,16.38,0.16,1.2,77.84,0.78,-16.07,-0.16,-2559.38,-25.59,395
488,Entry short,2026-03-17 19:25,S533,5012.94,2,10025.88,16.38,0.16,1.2,77.84,0.78,-16.07,-0.16,-2559.38,-25.59,395
489,Exit long,2026-03-18 23:34,Opposite signal,4884.91,1,4879.597,4.71,0.10,0.6,19.56,0.40,-23.1,-0.47,-2554.67,-25.55,228
489,Entry long,2026-03-18 19:46,L534,4879.597,1,4879.597,4.71,0.10,0.6,19.56,0.40,-23.1,-0.47,-2554.67,-25.55,228
490,Exit short,2026-03-19 07:06,Opposite signal,4853.995,3,14510.055,-53.73,-0.37,1.8,7.29,0.05,-54.07,-0.37,-2608.4,-26.08,28
490,Entry short,2026-03-19 06:38,S535,4836.685,3,14510.055,-53.73,-0.37,1.8,7.29,0.05,-54.07,-0.37,-2608.4,-26.08,28
491,Exit long,2026-03-19 11:10,Opposite signal,4833.035,2,9717.334,-52.46,-0.54,1.2,14.49,0.15,-52.98,-0.55,-2660.86,-26.61,234
491,Entry long,2026-03-19 07:16,L536,4858.667,2,9717.334,-52.46,-0.54,1.2,14.49,0.15,-52.98,-0.55,-2660.86,-26.61,234
492,Exit short,2026-03-19 13:35,S537 exit,4724.425,1,4835.81,110.79,2.29,0.6,111.09,2.30,-6.9,-0.14,-2550.08,-25.50,144
492,Entry short,2026-03-19 11:11,S537,4835.81,1,4835.81,110.79,2.29,0.6,111.09,2.30,-6.9,-0.14,-2550.08,-25.50,144
493,Exit short,2026-03-20 13:26,Opposite signal,4701.205,1,4693.225,-8.58,-0.18,0.6,31.62,0.67,-8.42,-0.18,-2558.66,-25.59,115
493,Entry short,2026-03-20 11:31,S539,4693.225,1,4693.225,-8.58,-0.18,0.6,31.62,0.67,-8.42,-0.18,-2558.66,-25.59,115
494,Exit long,2026-03-20 15:28,L540 exit,4660.305,1,4716.546,-56.84,-1.21,0.6,0,0.00,-56.54,-1.20,-2615.5,-26.15,88
494,Entry long,2026-03-20 14:00,L540,4716.546,1,4716.546,-56.84,-1.21,0.6,0,0.00,-56.54,-1.20,-2615.5,-26.15,88
495,Exit long,2026-03-20 16:25,L542 exit,4645.02,3,13992.318,-59.06,-0.42,1.8,0,0.00,-58.16,-0.42,-2674.56,-26.75,14
495,Entry long,2026-03-20 16:11,L542,4664.106,3,13992.318,-59.06,-0.42,1.8,0,0.00,-58.16,-0.42,-2674.56,-26.75,14
496,Exit short,2026-03-20 17:10,S543 exit,4671.135,2,9292.04,-51.43,-0.55,1.2,16.95,0.18,-50.83,-0.55,-2725.99,-27.26,42
496,Entry short,2026-03-20 16:28,S543,4646.02,2,9292.04,-51.43,-0.55,1.2,16.95,0.18,-50.83,-0.55,-2725.99,-27.26,42
497,Exit long,2026-03-20 18:41,Opposite signal,4656.75,2,9330.056,-17.76,-0.19,1.2,60.75,0.65,-20.21,-0.22,-2743.74,-27.44,81
497,Entry long,2026-03-20 17:20,L544,4665.028,2,9330.056,-17.76,-0.19,1.2,60.75,0.65,-20.21,-0.22,-2743.74,-27.44,81
498,Exit short,2026-03-20 21:45,Opposite signal,4588.16,1,4664.25,75.49,1.62,0.6,123.17,2.64,-6.57,-0.14,-2668.25,-26.68,183
498,Entry short,2026-03-20 18:42,S545,4664.25,1,4664.25,75.49,1.62,0.6,123.17,2.64,-6.57,-0.14,-2668.25,-26.68,183
499,Exit long,2026-03-20 23:00,Weekend flat,4572.21,1,4595.745,-24.13,-0.53,0.6,4.84,0.11,-27.94,-0.61,-2692.39,-26.92,66
499,Entry long,2026-03-20 21:54,L546,4595.745,1,4595.745,-24.13,-0.53,0.6,4.84,0.11,-27.94,-0.61,-2692.39,-26.92,66
500,Exit short,2026-03-23 09:31,Opposite signal,4368.065,1,4416.345,47.68,1.08,0.6,81.25,1.84,-6.31,-0.14,-2644.71,-26.45,119
500,Entry short,2026-03-23 07:32,S548,4416.345,1,4416.345,47.68,1.08,0.6,81.25,1.84,-6.31,-0.14,-2644.71,-26.45,119
501,Exit long,2026-03-23 10:23,Opposite signal,4354.85,2,8722.516,-14.02,-0.16,1.2,41.32,0.47,-14.95,-0.17,-2658.72,-26.59,51
501,Entry long,2026-03-23 09:32,L549,4361.258,2,8722.516,-14.02,-0.16,1.2,41.32,0.47,-14.95,-0.17,-2658.72,-26.59,51
502,Exit short,2026-03-23 11:33,S550 exit,4288.74,2,8720.64,141.96,1.63,1.2,142.56,1.63,-40.27,-0.46,-2516.76,-25.17,67
502,Entry short,2026-03-23 10:26,S550,4360.32,2,8720.64,141.96,1.63,1.2,142.56,1.63,-40.27,-0.46,-2516.76,-25.17,67
503,Exit long,2026-03-24 08:33,Opposite signal,4351.46,1,4356.553,-5.69,-0.13,0.6,22.61,0.52,-6.68,-0.15,-2522.46,-25.22,23
503,Entry long,2026-03-24 08:10,L553,4356.553,1,4356.553,-5.69,-0.13,0.6,22.61,0.52,-6.68,-0.15,-2522.46,-25.22,23
504,Exit short,2026-03-24 11:11,Opposite signal,4357.62,2,8707.2,-9.24,-0.11,1.2,66.52,0.76,-29.84,-0.34,-2531.7,-25.32,157
504,Entry short,2026-03-24 08:34,S554,4353.6,2,8707.2,-9.24,-0.11,1.2,66.52,0.76,-29.84,-0.34,-2531.7,-25.32,157
505,Exit long,2026-03-24 13:51,Opposite signal,4397.635,1,4360.555,36.48,0.84,0.6,72.46,1.66,-17.62,-0.40,-2495.22,-24.95,157
505,Entry long,2026-03-24 11:14,L555,4360.555,1,4360.555,36.48,0.84,0.6,72.46,1.66,-17.62,-0.40,-2495.22,-24.95,157
506,Exit short,2026-03-24 16:25,S556 exit,4434.31,1,4399.775,-35.13,-0.80,0.6,8.19,0.19,-34.83,-0.79,-2530.35,-25.30,152
506,Entry short,2026-03-24 13:53,S556,4399.775,1,4399.775,-35.13,-0.80,0.6,8.19,0.19,-34.83,-0.79,-2530.35,-25.30,152
507,Exit long,2026-03-24 16:31,L557 exit,4390.285,1,4429.351,-39.67,-0.90,0.6,0,0.00,-39.37,-0.89,-2570.02,-25.70,0
507,Entry long,2026-03-24 16:31,L557,4429.351,1,4429.351,-39.67,-0.90,0.6,0,0.00,-39.37,-0.89,-2570.02,-25.70,0
508,Exit short,2026-03-24 19:34,Opposite signal,4394.52,1,4391.285,-3.83,-0.09,0.6,7.79,0.18,-5.33,-0.12,-2573.85,-25.74,3
508,Entry short,2026-03-24 19:31,S558,4391.285,1,4391.285,-3.83,-0.09,0.6,7.79,0.18,-5.33,-0.12,-2573.85,-25.74,3
509,Exit long,2026-03-24 22:36,Opposite signal,4393.54,1,4391.372,1.57,0.04,0.6,42.64,0.97,-7.29,-0.17,-2572.28,-25.72,173
509,Entry long,2026-03-24 19:43,L559,4391.372,1,4391.372,1.57,0.04,0.6,42.64,0.97,-7.29,-0.17,-2572.28,-25.72,173
510,Exit short,2026-03-24 23:56,Opposite signal,4408,1,4401.72,-6.88,-0.16,0.6,28.77,0.65,-7.7,-0.17,-2579.16,-25.79,79
510,Entry short,2026-03-24 22:37,S560,4401.72,1,4401.72,-6.88,-0.16,0.6,28.77,0.65,-7.7,-0.17,-2579.16,-25.79,79
511,Exit short,2026-03-25 16:37,Opposite signal,4568.74,1,4568.015,-1.32,-0.03,0.6,39.83,0.87,-7.27,-0.16,-2580.49,-25.80,425
511,Entry short,2026-03-25 09:32,S561,4568.015,1,4568.015,-1.32,-0.03,0.6,39.83,0.87,-7.27,-0.16,-2580.49,-25.80,425
512,Exit long,2026-03-25 17:50,L562 exit,4561.475,3,13733.739,-51.11,-0.37,1.8,22.16,0.16,-50.21,-0.37,-2631.6,-26.32,53
512,Entry long,2026-03-25 16:57,L562,4577.913,3,13733.739,-51.11,-0.37,1.8,22.16,0.16,-50.21,-0.37,-2631.6,-26.32,53
513,Exit short,2026-03-26 00:41,S563 exit,4487.22,2,9124.95,149.31,1.64,1.2,149.91,1.64,-34.53,-0.38,-2482.29,-24.82,368
513,Entry short,2026-03-25 18:33,S563,4562.475,2,9124.95,149.31,1.64,1.2,149.91,1.64,-34.53,-0.38,-2482.29,-24.82,368
514,Exit long,2026-03-26 20:25,Opposite signal,4449.72,1,4455.475,-6.35,-0.14,0.6,24.12,0.54,-6.7,-0.15,-2488.65,-24.89,30
514,Entry long,2026-03-26 19:55,L564,4455.475,1,4455.475,-6.35,-0.14,0.6,24.12,0.54,-6.7,-0.15,-2488.65,-24.89,30
515,Exit short,2026-03-27 01:33,S565 exit,4358.515,2,8914.52,196.29,2.20,1.2,196.89,2.21,-24.42,-0.27,-2292.36,-22.92,307
515,Entry short,2026-03-26 20:26,S565,4457.26,2,8914.52,196.29,2.20,1.2,196.89,2.21,-24.42,-0.27,-2292.36,-22.92,307
516,Exit short,2026-03-27 09:09,S566 exit,4441.6,3,13277.07,-49.53,-0.37,1.8,11.49,0.09,-48.63,-0.37,-2341.89,-23.42,33
516,Entry short,2026-03-27 08:36,S566,4425.69,3,13277.07,-49.53,-0.37,1.8,11.49,0.09,-48.63,-0.37,-2341.89,-23.42,33
517,Exit long,2026-03-27 13:48,Opposite signal,4439.62,2,8880.19,-2.15,-0.02,1.2,69.81,0.79,-17.55,-0.20,-2344.04,-23.44,277
517,Entry long,2026-03-27 09:11,L567,4440.095,2,8880.19,-2.15,-0.02,1.2,69.81,0.79,-17.55,-0.20,-2344.04,-23.44,277
518,Exit short,2026-03-27 18:20,Opposite signal,4439.85,1,4442.765,2.32,0.05,0.6,37.89,0.85,-1.76,-0.04,-2341.72,-23.42,271
518,Entry short,2026-03-27 13:49,S568,4442.765,1,4442.765,2.32,0.05,0.6,37.89,0.85,-1.76,-0.04,-2341.72,-23.42,271
519,Exit long,2026-03-27 20:44,L569 exit,4532.74,1,4435.15,96.99,2.19,0.6,97.29,2.19,-21.67,-0.49,-2244.73,-22.45,133
519,Entry long,2026-03-27 18:31,L569,4435.15,1,4435.15,96.99,2.19,0.6,97.29,2.19,-21.67,-0.49,-2244.73,-22.45,133
520,Exit short,2026-03-27 23:00,Weekend flat,4494.215,1,4521.085,26.27,0.58,0.6,33.72,0.75,-1.48,-0.03,-2218.46,-22.18,38
520,Entry short,2026-03-27 22:03,S570,4521.085,1,4521.085,26.27,0.58,0.6,33.72,0.75,-1.48,-0.03,-2218.46,-22.18,38
521,Exit short,2026-03-30 13:39,Opposite signal,4535.725,2,9052.7,-19.95,-0.22,1.2,20.36,0.22,-20.36,-0.22,-2238.41,-22.38,64
521,Entry short,2026-03-30 12:35,S571,4526.35,2,9052.7,-19.95,-0.22,1.2,20.36,0.22,-20.36,-0.22,-2238.41,-22.38,64
522,Exit long,2026-03-30 14:43,Opposite signal,4528.755,3,13595.58,-11.11,-0.08,1.8,26.21,0.19,-18.98,-0.14,-2249.53,-22.50,60
522,Entry long,2026-03-30 13:43,L572,4531.86,3,13595.58,-11.11,-0.08,1.8,26.21,0.19,-18.98,-0.14,-2249.53,-22.50,60
523,Exit short,2026-03-30 16:48,S573 exit,4541.895,4,18122.04,-47.94,-0.26,2.4,26.42,0.15,-46.74,-0.26,-2297.47,-22.97,121
523,Entry short,2026-03-30 14:47,S573,4530.51,4,18122.04,-47.94,-0.26,2.4,26.42,0.15,-46.74,-0.26,-2297.47,-22.97,121
524,Exit long,2026-03-30 19:28,L574 exit,4522.605,3,13620.27,-54.25,-0.40,1.8,121.02,0.89,-53.35,-0.39,-2351.72,-23.52,158
524,Entry long,2026-03-30 16:50,L574,4540.09,3,13620.27,-54.25,-0.40,1.8,121.02,0.89,-53.35,-0.39,-2351.72,-23.52,158
525,Exit short,2026-03-30 20:18,Opposite signal,4537.715,1,4523.605,-14.71,-0.33,0.6,10.74,0.24,-16.09,-0.36,-2366.43,-23.66,49
525,Entry short,2026-03-30 19:29,S575,4523.605,1,4523.605,-14.71,-0.33,0.6,10.74,0.24,-16.09,-0.36,-2366.43,-23.66,49
526,Exit long,2026-03-30 22:45,Opposite signal,4522.735,2,9067.364,-23.09,-0.25,1.2,45.83,0.51,-28.66,-0.32,-2389.53,-23.90,146
526,Entry long,2026-03-30 20:19,L576,4533.682,2,9067.364,-23.09,-0.25,1.2,45.83,0.51,-28.66,-0.32,-2389.53,-23.90,146
527,Exit short,2026-03-31 02:00,Time flat,4506.255,1,4524.7,17.85,0.39,0.6,31.3,0.69,-6.1,-0.13,-2371.68,-23.72,194
527,Entry short,2026-03-30 22:46,S577,4524.7,1,4524.7,17.85,0.39,0.6,31.3,0.69,-6.1,-0.13,-2371.68,-23.72,194
528,Exit long,2026-03-31 08:18,Opposite signal,4575.73,1,4533.813,41.32,0.91,0.6,85.14,1.88,-1.96,-0.04,-2330.36,-23.30,100
528,Entry long,2026-03-31 06:38,L578,4533.813,1,4533.813,41.32,0.91,0.6,85.14,1.88,-1.96,-0.04,-2330.36,-23.30,100
529,Exit short,2026-03-31 09:51,Opposite signal,4567.485,1,4577.435,9.35,0.20,0.6,26.68,0.58,-2.71,-0.06,-2321.01,-23.21,90
529,Entry short,2026-03-31 08:21,S579,4577.435,1,4577.435,9.35,0.20,0.6,26.68,0.58,-2.71,-0.06,-2321.01,-23.21,90
530,Exit long,2026-03-31 10:41,Opposite signal,4555.855,3,13692.42,-26.65,-0.19,1.8,19.68,0.14,-26.62,-0.19,-2347.67,-23.48,49
530,Entry long,2026-03-31 09:52,L580,4564.14,3,13692.42,-26.65,-0.19,1.8,19.68,0.14,-26.62,-0.19,-2347.67,-23.48,49
531,Exit short,2026-03-31 11:04,S581 exit,4572,4,18235.26,-55.14,-0.30,2.4,9.56,0.05,-53.94,-0.30,-2402.81,-24.03,16
531,Entry short,2026-03-31 10:48,S581,4558.815,4,18235.26,-55.14,-0.30,2.4,9.56,0.05,-53.94,-0.30,-2402.81,-24.03,16
532,Exit long,2026-03-31 12:49,L582 exit,4546.9,2,9146.86,-54.26,-0.59,1.2,1.97,0.02,-53.66,-0.59,-2457.07,-24.57,85
532,Entry long,2026-03-31 11:24,L582,4573.43,2,9146.86,-54.26,-0.59,1.2,1.97,0.02,-53.66,-0.59,-2457.07,-24.57,85
533,Exit short,2026-03-31 16:53,Opposite signal,4576.25,1,4547.9,-28.95,-0.64,0.6,18.06,0.40,-28.65,-0.63,-2486.02,-24.86,243
533,Entry short,2026-03-31 12:50,S583,4547.9,1,4547.9,-28.95,-0.64,0.6,18.06,0.40,-28.65,-0.63,-2486.02,-24.86,243
534,Exit long,2026-03-31 17:45,Opposite signal,4575.685,1,4569.947,5.14,0.11,0.6,27.51,0.60,-1.3,-0.03,-2480.88,-24.81,43
534,Entry long,2026-03-31 17:02,L584,4569.947,1,4569.947,5.14,0.11,0.6,27.51,0.60,-1.3,-0.03,-2480.88,-24.81,43
535,Exit short,2026-03-31 19:21,Opposite signal,4592.185,2,9153.64,-31.93,-0.35,1.2,17.08,0.19,-34.18,-0.37,-2512.81,-25.13,94
535,Entry short,2026-03-31 17:47,S585,4576.82,2,9153.64,-31.93,-0.35,1.2,17.08,0.19,-34.18,-0.37,-2512.81,-25.13,94
536,Exit long,2026-04-01 00:40,Opposite signal,4662.035,1,4599.3,62.14,1.35,0.6,76.75,1.67,-6.55,-0.14,-2450.68,-24.51,314
536,Entry long,2026-03-31 19:26,L586,4599.3,1,4599.3,62.14,1.35,0.6,76.75,1.67,-6.55,-0.14,-2450.68,-24.51,314
537,Exit short,2026-04-01 11:06,Opposite signal,4694.64,1,4694.555,-0.68,-0.01,0.6,27.06,0.58,-15.97,-0.34,-2451.36,-24.51,269
537,Entry short,2026-04-01 06:37,S587,4694.555,1,4694.555,-0.68,-0.01,0.6,27.06,0.58,-15.97,-0.34,-2451.36,-24.51,269
538,Exit long,2026-04-01 13:23,Opposite signal,4713.135,2,9389.266,35.8,0.38,1.2,105.76,1.13,-24.77,-0.26,-2415.56,-24.16,119
538,Entry long,2026-04-01 11:24,L588,4694.633,2,9389.266,35.8,0.38,1.2,105.76,1.13,-24.77,-0.26,-2415.56,-24.16,119
539,Exit short,2026-04-01 17:00,S589 exit,4748.815,1,4713.305,-36.11,-0.77,0.6,3.19,0.07,-35.81,-0.76,-2451.67,-24.52,216
539,Entry short,2026-04-01 13:24,S589,4713.305,1,4713.305,-36.11,-0.77,0.6,3.19,0.07,-35.81,-0.76,-2451.67,-24.52,216
540,Exit long,2026-04-01 17:38,Opposite signal,4742.57,1,4747.815,-5.84,-0.12,0.6,14.79,0.31,-5.54,-0.12,-2457.51,-24.58,37
540,Entry long,2026-04-01 17:01,L590,4747.815,1,4747.815,-5.84,-0.12,0.6,14.79,0.31,-5.54,-0.12,-2457.51,-24.58,37
541,Exit short,2026-04-01 20:13,Opposite signal,4754.94,3,14235.786,-30.83,-0.22,1.8,86.05,0.60,-34.4,-0.24,-2488.35,-24.88,153
541,Entry short,2026-04-01 17:40,S591,4745.262,3,14235.786,-30.83,-0.22,1.8,86.05,0.60,-34.4,-0.24,-2488.35,-24.88,153
542,Exit long,2026-04-01 23:31,Opposite signal,4771.82,1,4752.98,18.24,0.38,0.6,39.92,0.84,-1.58,-0.03,-2470.11,-24.70,197
542,Entry long,2026-04-01 20:14,L592,4752.98,1,4752.98,18.24,0.38,0.6,39.92,0.84,-1.58,-0.03,-2470.11,-24.70,197
543,Exit short,2026-04-02 11:38,S593 exit,4566.425,1,4743.677,176.65,3.72,0.6,176.95,3.73,-21.75,-0.46,-2293.45,-22.93,300
543,Entry short,2026-04-02 06:38,S593,4743.677,1,4743.677,176.65,3.72,0.6,176.95,3.73,-21.75,-0.46,-2293.45,-22.93,300
544,Exit short,2026-04-03 00:20,Opposite signal,4669.02,1,4658.935,-10.68,-0.23,0.6,15.71,0.34,-12.19,-0.26,-2304.14,-23.04,178
544,Entry short,2026-04-02 21:22,S595,4658.935,1,4658.935,-10.68,-0.23,0.6,15.71,0.34,-12.19,-0.26,-2304.14,-23.04,178
545,Exit long,2026-04-06 15:21,Opposite signal,4696.925,1,4654.01,42.32,0.91,0.6,52.57,1.13,-28.84,-0.62,-2261.82,-22.62,436
545,Entry long,2026-04-06 08:05,L596,4654.01,1,4654.01,42.32,0.91,0.6,52.57,1.13,-28.84,-0.62,-2261.82,-22.62,436
546,Exit short,2026-04-06 17:52,S597 exit,4662.895,4,18795.92,141.94,0.76,2.4,143.14,0.76,-4.98,-0.03,-2119.89,-21.20,150
546,Entry short,2026-04-06 15:22,S597,4698.98,4,18795.92,141.94,0.76,2.4,143.14,0.76,-4.98,-0.03,-2119.89,-21.20,150
547,Exit long,2026-04-06 20:45,L598 exit,4658.655,2,9376.496,-60.39,-0.64,1.2,7.49,0.08,-59.79,-0.64,-2180.27,-21.80,37
547,Entry long,2026-04-06 20:08,L598,4688.248,2,9376.496,-60.39,-0.64,1.2,7.49,0.08,-59.79,-0.64,-2180.27,-21.80,37
548,Exit short,2026-04-06 21:47,Opposite signal,4671.665,1,4659.655,-12.61,-0.27,0.6,7.26,0.16,-12.76,-0.27,-2192.88,-21.93,61
548,Entry short,2026-04-06 20:46,S599,4659.655,1,4659.655,-12.61,-0.27,0.6,7.26,0.16,-12.76,-0.27,-2192.88,-21.93,61
549,Exit long,2026-04-06 22:43,Opposite signal,4651.695,3,14002.554,-49.27,-0.35,1.8,10.18,0.07,-49.49,-0.35,-2242.15,-22.42,55
549,Entry long,2026-04-06 21:48,L600,4667.518,3,14002.554,-49.27,-0.35,1.8,10.18,0.07,-49.49,-0.35,-2242.15,-22.42,55
550,Exit short,2026-04-07 02:00,Time flat,4656.265,2,9304.19,-9.54,-0.10,1.2,11.98,0.13,-29.86,-0.32,-2251.69,-22.52,196
550,Entry short,2026-04-06 22:44,S601,4652.095,2,9304.19,-9.54,-0.10,1.2,11.98,0.13,-29.86,-0.32,-2251.69,-22.52,196
551,Exit long,2026-04-07 15:08,L602 exit,4675.92,3,14069.685,-43.72,-0.31,1.8,14.13,0.10,-42.82,-0.30,-2295.41,-22.95,19
551,Entry long,2026-04-07 14:49,L602,4689.895,3,14069.685,-43.72,-0.31,1.8,14.13,0.10,-42.82,-0.30,-2295.41,-22.95,19
552,Exit short,2026-04-07 17:12,Opposite signal,4659.725,3,14030.76,49.79,0.35,1.8,142.8,1.02,-12.34,-0.09,-2245.63,-22.46,123
552,Entry short,2026-04-07 15:09,S603,4676.92,3,14030.76,49.79,0.35,1.8,142.8,1.02,-12.34,-0.09,-2245.63,-22.46,123
553,Exit long,2026-04-07 18:19,Opposite signal,4648.355,2,9310.93,-15.42,-0.17,1.2,31.14,0.33,-16.05,-0.17,-2261.05,-22.61,43
553,Entry long,2026-04-07 17:36,L604,4655.465,2,9310.93,-15.42,-0.17,1.2,31.14,0.33,-16.05,-0.17,-2261.05,-22.61,43
554,Exit short,2026-04-07 20:04,Opposite signal,4654.355,2,9302.63,-7.28,-0.08,1.2,86.77,0.93,-24.95,-0.27,-2268.33,-22.68,103
554,Entry short,2026-04-07 18:21,S605,4651.315,2,9302.63,-7.28,-0.08,1.2,86.77,0.93,-24.95,-0.27,-2268.33,-22.68,103
555,Exit long,2026-04-08 02:00,Time flat,4710.94,1,4648.358,61.98,1.33,0.6,70.3,1.51,-23.77,-0.51,-2206.35,-22.06,346
555,Entry long,2026-04-07 20:14,L606,4648.358,1,4648.358,61.98,1.33,0.6,70.3,1.51,-23.77,-0.51,-2206.35,-22.06,346
556,Exit short,2026-04-08 07:20,Opposite signal,4808.3,4,19184.672,-50.93,-0.27,2.4,30.99,0.16,-50.01,-0.26,-2257.28,-22.57,20
556,Entry short,2026-04-08 07:00,S607,4796.168,4,19184.672,-50.93,-0.27,2.4,30.99,0.16,-50.01,-0.26,-2257.28,-22.57,20
557,Exit long,2026-04-08 08:15,Opposite signal,4806.73,2,9616.56,-4.3,-0.04,1.2,33.71,0.35,-4.36,-0.05,-2261.58,-22.62,51
557,Entry long,2026-04-08 07:24,L608,4808.28,2,9616.56,-4.3,-0.04,1.2,33.71,0.35,-4.36,-0.05,-2261.58,-22.62,51
558,Exit short,2026-04-08 09:59,Opposite signal,4799.86,2,9611.084,10.16,0.11,1.2,29.72,0.31,-1.88,-0.02,-2251.41,-22.51,89
558,Entry short,2026-04-08 08:30,S609,4805.542,2,9611.084,10.16,0.11,1.2,29.72,0.31,-1.88,-0.02,-2251.41,-22.51,89
559,Exit long,2026-04-08 11:19,L610 exit,4829.24,5,23993.125,150.07,0.63,3,151.57,0.63,-5.12,-0.02,-2101.34,-21.01,61
559,Entry long,2026-04-08 10:18,L610,4798.625,5,23993.125,150.07,0.63,3,151.57,0.63,-5.12,-0.02,-2101.34,-21.01,61
560,Exit short,2026-04-08 16:15,Opposite signal,4791.59,2,9636.944,52.56,0.55,1.2,93.98,0.98,-6.44,-0.07,-2048.77,-20.49,222
560,Entry short,2026-04-08 12:33,S611,4818.472,2,9636.944,52.56,0.55,1.2,93.98,0.98,-6.44,-0.07,-2048.77,-20.49,222
561,Exit long,2026-04-08 17:50,Opposite signal,4793.235,2,9580.51,4.76,0.05,1.2,33.73,0.35,-24.45,-0.26,-2044.01,-20.44,85
561,Entry long,2026-04-08 16:25,L612,4790.255,2,9580.51,4.76,0.05,1.2,33.73,0.35,-24.45,-0.26,-2044.01,-20.44,85
562,Exit short,2026-04-08 20:26,S613 exit,4737.67,3,14374.359,159.55,1.11,1.8,160.45,1.12,-47.3,-0.33,-1884.46,-18.84,155
562,Entry short,2026-04-08 17:51,S613,4791.453,3,14374.359,159.55,1.11,1.8,160.45,1.12,-47.3,-0.33,-1884.46,-18.84,155
563,Exit long,2026-04-09 08:25,Opposite signal,4723.38,2,9440.69,4.87,0.05,1.2,24.79,0.26,-35.16,-0.37,-1879.59,-18.80,100
563,Entry long,2026-04-09 06:45,L614,4720.345,2,9440.69,4.87,0.05,1.2,24.79,0.26,-35.16,-0.37,-1879.59,-18.80,100
564,Exit short,2026-04-09 12:41,Opposite signal,4729.355,4,18885.616,-34.2,-0.18,2.4,70.1,0.37,-37.34,-0.20,-1913.8,-19.14,252
564,Entry short,2026-04-09 08:29,S615,4721.404,4,18885.616,-34.2,-0.18,2.4,70.1,0.37,-37.34,-0.20,-1913.8,-19.14,252
565,Exit long,2026-04-09 17:45,Opposite signal,4742.545,2,9453.15,30.74,0.33,1.2,65.99,0.70,-42.69,-0.45,-1883.06,-18.83,303
565,Entry long,2026-04-09 12:42,L616,4726.575,2,9453.15,30.74,0.33,1.2,65.99,0.70,-42.69,-0.45,-1883.06,-18.83,303
566,Exit short,2026-04-09 19:05,S617 exit,4760.87,2,9482.534,-40.41,-0.43,1.2,11.62,0.12,-39.81,-0.42,-1923.46,-19.23,65
566,Entry short,2026-04-09 18:00,S617,4741.267,2,9482.534,-40.41,-0.43,1.2,11.62,0.12,-39.81,-0.42,-1923.46,-19.23,65
567,Exit long,2026-04-09 23:39,Opposite signal,4781.945,2,9519.74,42.95,0.45,1.2,82.44,0.87,-25.74,-0.27,-1880.51,-18.81,257
567,Entry long,2026-04-09 19:22,L618,4759.87,2,9519.74,42.95,0.45,1.2,82.44,0.87,-25.74,-0.27,-1880.51,-18.81,257
568,Exit long,2026-04-10 07:35,Opposite signal,4755.245,3,14293.23,-29.29,-0.20,1.8,38.13,0.27,-29.56,-0.21,-1909.81,-19.10,64
568,Entry long,2026-04-10 06:31,L619,4764.41,3,14293.23,-29.29,-0.20,1.8,38.13,0.27,-29.56,-0.21,-1909.81,-19.10,64
569,Exit short,2026-04-10 08:14,Opposite signal,4750.025,5,23704.8,-48.32,-0.20,3,0,0.00,-47.35,-0.20,-1958.13,-19.58,12
569,Entry short,2026-04-10 08:02,S620,4740.96,5,23704.8,-48.32,-0.20,3,0,0.00,-47.35,-0.20,-1958.13,-19.58,12
570,Exit long,2026-04-10 10:04,Opposite signal,4763.8,4,18998.1,54.7,0.29,2.4,84.3,0.44,-8.54,-0.04,-1903.43,-19.03,109
570,Entry long,2026-04-10 08:15,L621,4749.525,4,18998.1,54.7,0.29,2.4,84.3,0.44,-8.54,-0.04,-1903.43,-19.03,109
571,Exit short,2026-04-10 11:07,Opposite signal,4767.09,6,28587.084,-19.06,-0.07,3.6,40.61,0.14,-18.7,-0.07,-1922.49,-19.22,59
571,Entry short,2026-04-10 10:08,S622,4764.514,6,28587.084,-19.06,-0.07,3.6,40.61,0.14,-18.7,-0.07,-1922.49,-19.22,59
572,Exit long,2026-04-10 11:44,L623 exit,4756.445,5,23827.85,-48.62,-0.20,3,17.58,0.07,-47.12,-0.20,-1971.11,-19.71,36
572,Entry long,2026-04-10 11:08,L623,4765.57,5,23827.85,-48.62,-0.20,3,17.58,0.07,-47.12,-0.20,-1971.11,-19.71,36
573,Exit short,2026-04-10 14:50,Opposite signal,4759.26,3,14268.78,-10.8,-0.08,1.8,75.66,0.53,-14.88,-0.10,-1981.91,-19.82,175
573,Entry short,2026-04-10 11:55,S624,4756.26,3,14268.78,-10.8,-0.08,1.8,75.66,0.53,-14.88,-0.10,-1981.91,-19.82,175
574,Exit long,2026-04-10 17:54,Opposite signal,4762.295,2,9507.18,16.21,0.17,1.2,35.04,0.37,-23.12,-0.24,-1965.7,-19.66,183
574,Entry long,2026-04-10 14:51,L625,4753.59,2,9507.18,16.21,0.17,1.2,35.04,0.37,-23.12,-0.24,-1965.7,-19.66,183
575,Exit short,2026-04-10 18:00,S626 exit,4772.41,5,23813.685,-51.36,-0.22,3,1.79,0.01,-49.86,-0.21,-2017.07,-20.17,1
575,Entry short,2026-04-10 17:59,S626,4762.737,5,23813.685,-51.36,-0.22,3,1.79,0.01,-49.86,-0.21,-2017.07,-20.17,1
576,Exit long,2026-04-10 21:06,L627 exit,4758.845,4,19085.64,-52.66,-0.28,2.4,93.08,0.49,-51.46,-0.27,-2069.73,-20.70,180
576,Entry long,2026-04-10 18:06,L627,4771.41,4,19085.64,-52.66,-0.28,2.4,93.08,0.49,-51.46,-0.27,-2069.73,-20.70,180
577,Exit short,2026-04-10 23:00,Weekend flat,4763.075,1,4765.303,1.63,0.03,0.6,17.63,0.37,-4.96,-0.10,-2068.1,-20.68,113
577,Entry short,2026-04-10 21:07,S628,4765.303,1,4765.303,1.63,0.03,0.6,17.63,0.37,-4.96,-0.10,-2068.1,-20.68,113
578,Exit short,2026-04-14 12:23,Opposite signal,4777.405,4,19062.756,-49.26,-0.26,2.4,30.14,0.16,-48.52,-0.25,-2117.37,-21.17,294
578,Entry short,2026-04-14 07:29,S629,4765.689,4,19062.756,-49.26,-0.26,2.4,30.14,0.16,-48.52,-0.25,-2117.37,-21.17,294
579,Exit long,2026-04-14 16:09,L630 exit,4756.855,2,9554.61,-42.1,-0.44,1.2,38.05,0.40,-41.5,-0.43,-2159.47,-21.59,225
579,Entry long,2026-04-14 12:24,L630,4777.305,2,9554.61,-42.1,-0.44,1.2,38.05,0.40,-41.5,-0.43,-2159.47,-21.59,225
580,Exit long,2026-04-15 06:47,L631 exit,4870.045,5,24182.525,164.7,0.68,3,166.2,0.69,-42.35,-0.18,-1994.77,-19.95,16
580,Entry long,2026-04-15 06:31,L631,4836.505,5,24182.525,164.7,0.68,3,166.2,0.69,-42.35,-0.18,-1994.77,-19.95,16
581,Exit short,2026-04-15 19:09,Opposite signal,4824.835,4,19282.476,-19.26,-0.10,2.4,136.96,0.71,-40.84,-0.21,-2014.03,-20.14,634
581,Entry short,2026-04-15 08:35,S632,4820.619,4,19282.476,-19.26,-0.10,2.4,136.96,0.71,-40.84,-0.21,-2014.03,-20.14,634
582,Exit long,2026-04-16 02:00,Time flat,4794.005,1,4821.875,-28.47,-0.59,0.6,8.44,0.18,-35.03,-0.73,-2042.5,-20.42,407
582,Entry long,2026-04-15 19:13,L633,4821.875,1,4821.875,-28.47,-0.59,0.6,8.44,0.18,-35.03,-0.73,-2042.5,-20.42,407
583,Exit short,2026-04-16 16:34,Opposite signal,4818.725,2,9635.9,-2.75,-0.03,1.2,24.97,0.26,-41.82,-0.43,-2045.25,-20.45,562
583,Entry short,2026-04-16 07:12,S634,4817.95,2,9635.9,-2.75,-0.03,1.2,24.97,0.26,-41.82,-0.43,-2045.25,-20.45,562
584,Exit long,2026-04-16 17:41,Opposite signal,4814.62,3,14454.33,-12.27,-0.08,1.8,14.19,0.10,-14.73,-0.10,-2057.52,-20.58,63
584,Entry long,2026-04-16 16:38,L635,4818.11,3,14454.33,-12.27,-0.08,1.8,14.19,0.10,-14.73,-0.10,-2057.52,-20.58,63
585,Exit short,2026-04-16 19:25,S636 exit,4785.16,5,24075.575,146.78,0.61,3,148.28,0.62,-46.12,-0.19,-1910.74,-19.11,103
585,Entry short,2026-04-16 17:42,S636,4815.115,5,24075.575,146.78,0.61,3,148.28,0.62,-46.12,-0.19,-1910.74,-19.11,103
586,Exit long,2026-04-17 02:00,Time flat,4789.19,1,4805.62,-17.03,-0.35,0.6,5.19,0.11,-24.47,-0.51,-1927.77,-19.28,312
586,Entry long,2026-04-16 20:48,L637,4805.62,1,4805.62,-17.03,-0.35,0.6,5.19,0.11,-24.47,-0.51,-1927.77,-19.28,312
587,Exit short,2026-04-17 17:55,S638 exit,4814.045,1,4779.145,-35.5,-0.74,0.6,0.75,0.02,-35.2,-0.74,-1963.27,-19.63,636
587,Entry short,2026-04-17 07:19,S638,4779.145,1,4779.145,-35.5,-0.74,0.6,0.75,0.02,-35.2,-0.74,-1963.27,-19.63,636
588,Exit long,2026-04-17 23:00,Weekend flat,4858.75,1,4813.045,45.11,0.94,0.6,78.19,1.62,-0.83,-0.02,-1918.17,-19.18,304
588,Entry long,2026-04-17 17:56,L639,4813.045,1,4813.045,45.11,0.94,0.6,78.19,1.62,-0.83,-0.02,-1918.17,-19.18,304
589,Exit short,2026-04-22 06:53,S640 exit,4748.455,7,33190.899,-52.49,-0.16,4.2,37.67,0.11,-50.39,-0.15,-1970.66,-19.71,27
589,Entry short,2026-04-22 06:26,S640,4741.557,7,33190.899,-52.49,-0.16,4.2,37.67,0.11,-50.39,-0.15,-1970.66,-19.71,27
590,Exit long,2026-04-22 08:11,Opposite signal,4752.77,4,18989.82,18.86,0.10,2.4,45.08,0.24,-15.88,-0.08,-1951.8,-19.52,77
590,Entry long,2026-04-22 06:54,L641,4747.455,4,18989.82,18.86,0.10,2.4,45.08,0.24,-15.88,-0.08,-1951.8,-19.52,77
591,Exit short,2026-04-22 08:35,Opposite signal,4759.09,7,33275.144,-42.69,-0.13,4.2,15.24,0.05,-42.09,-0.13,-1994.48,-19.94,22
591,Entry short,2026-04-22 08:13,S642,4753.592,7,33275.144,-42.69,-0.13,4.2,15.24,0.05,-42.09,-0.13,-1994.48,-19.94,22
592,Exit long,2026-04-22 09:48,Opposite signal,4755.62,5,23793.775,-18.67,-0.08,3,29.9,0.13,-17.57,-0.07,-2013.16,-20.13,72
592,Entry long,2026-04-22 08:36,L643,4758.755,5,23793.775,-18.67,-0.08,3,29.9,0.13,-17.57,-0.07,-2013.16,-20.13,72
593,Exit short,2026-04-22 10:16,Opposite signal,4758.075,13,61817.795,-44.98,-0.07,7.8,26.78,0.04,-41.08,-0.07,-2058.14,-20.58,17
593,Entry short,2026-04-22 09:59,S644,4755.215,13,61817.795,-44.98,-0.07,7.8,26.78,0.04,-41.08,-0.07,-2058.14,-20.58,17
594,Exit long,2026-04-22 10:34,Opposite signal,4752.525,8,38058.76,-43.36,-0.11,4.8,0,0.00,-42.56,-0.11,-2101.5,-21.01,14
594,Entry long,2026-04-22 10:20,L645,4757.345,8,38058.76,-43.36,-0.11,4.8,0,0.00,-42.56,-0.11,-2101.5,-21.01,14
595,Exit short,2026-04-22 10:46,S646 exit,4760.55,7,33278.896,-49.15,-0.15,4.2,0,0.00,-47.05,-0.14,-2150.65,-21.51,9
595,Entry short,2026-04-22 10:37,S646,4754.128,7,33278.896,-49.15,-0.15,4.2,0,0.00,-47.05,-0.14,-2150.65,-21.51,9
596,Exit long,2026-04-22 15:32,L647 exit,4751.32,6,28557.3,-52.98,-0.19,3.6,75.21,0.26,-51.18,-0.18,-2203.63,-22.04,240
596,Entry long,2026-04-22 11:32,L647,4759.55,6,28557.3,-52.98,-0.19,3.6,75.21,0.26,-51.18,-0.18,-2203.63,-22.04,240
597,Exit short,2026-04-22 18:59,Opposite signal,4749.35,2,9505.028,5.13,0.05,1.2,31.24,0.33,-17.54,-0.18,-2198.5,-21.99,193
597,Entry short,2026-04-22 15:46,S648,4752.514,2,9505.028,5.13,0.05,1.2,31.24,0.33,-17.54,-0.18,-2198.5,-21.99,193
598,Exit long,2026-04-22 20:02,L649 exit,4735.595,4,18990.28,-50.3,-0.26,2.4,52.48,0.28,-49.1,-0.26,-2248.8,-22.49,62
598,Entry long,2026-04-22 19:00,L649,4747.57,4,18990.28,-50.3,-0.26,2.4,52.48,0.28,-49.1,-0.26,-2248.8,-22.49,62
599,Exit short,2026-04-22 22:35,Opposite signal,4735.475,2,9475.48,3.33,0.04,1.2,26.89,0.28,-7.01,-0.07,-2245.47,-22.45,146
599,Entry short,2026-04-22 20:09,S650,4737.74,2,9475.48,3.33,0.04,1.2,26.89,0.28,-7.01,-0.07,-2245.47,-22.45,146
600,Exit long,2026-04-23 02:00,Time flat,4737.12,4,18940.18,5.9,0.03,2.4,59.42,0.31,-21.44,-0.11,-2239.57,-22.40,204
600,Entry long,2026-04-22 22:36,L651,4735.045,4,18940.18,5.9,0.03,2.4,59.42,0.31,-21.44,-0.11,-2239.57,-22.40,204
601,Exit short,2026-04-24 02:00,Time flat,4689.535,1,4701.749,11.61,0.25,0.6,37.07,0.79,-41.75,-0.89,-2227.96,-22.28,551
601,Entry short,2026-04-23 16:49,S652,4701.749,1,4701.749,11.61,0.25,0.6,37.07,0.79,-41.75,-0.89,-2227.96,-22.28,551
602,Exit long,2026-04-28 14:53,L655 exit,4613.75,3,13891.128,-51.68,-0.37,1.8,2.83,0.02,-50.78,-0.37,-2279.64,-22.80,47
602,Entry long,2026-04-28 14:06,L655,4630.376,3,13891.128,-51.68,-0.37,1.8,2.83,0.02,-50.78,-0.37,-2279.64,-22.80,47
603,Exit short,2026-04-28 15:51,Opposite signal,4615.49,2,9229.5,-2.68,-0.03,1.2,20.13,0.22,-9.88,-0.11,-2282.32,-22.82,55
603,Entry short,2026-04-28 14:56,S656,4614.75,2,9229.5,-2.68,-0.03,1.2,20.13,0.22,-9.88,-0.11,-2282.32,-22.82,55
604,Exit long,2026-04-28 16:28,L657 exit,4603.385,5,23068.405,-54.48,-0.24,3,10.8,0.05,-52.98,-0.23,-2336.8,-23.37,36
604,Entry long,2026-04-28 15:52,L657,4613.681,5,23068.405,-54.48,-0.24,3,10.8,0.05,-52.98,-0.23,-2336.8,-23.37,36
605,Exit short,2026-04-28 17:18,S658 exit,4561.32,4,18417.54,169.86,0.92,2.4,171.06,0.93,-19.46,-0.11,-2166.94,-21.67,48
605,Entry short,2026-04-28 16:30,S658,4604.385,4,18417.54,169.86,0.92,2.4,171.06,0.93,-19.46,-0.11,-2166.94,-21.67,48
606,Exit short,2026-04-29 20:04,Opposite signal,4540.28,1,4555.135,14.26,0.31,0.6,44.74,0.98,-21.7,-0.48,-2152.68,-21.53,282
606,Entry short,2026-04-29 15:22,S659,4555.135,1,4555.135,14.26,0.31,0.6,44.74,0.98,-21.7,-0.48,-2152.68,-21.53,282
607,Exit long,2026-04-29 23:35,Opposite signal,4541.255,2,9069.27,12.04,0.13,1.2,60.1,0.66,-5.6,-0.06,-2140.64,-21.41,198
607,Entry long,2026-04-29 20:17,L660,4534.635,2,9069.27,12.04,0.13,1.2,60.1,0.66,-5.6,-0.06,-2140.64,-21.41,198
608,Exit long,2026-04-30 07:24,L661 exit,4581.755,10,45656.48,155.07,0.34,6,158.07,0.35,-21.88,-0.05,-1985.57,-19.86,72
608,Entry long,2026-04-30 06:12,L661,4565.648,10,45656.48,155.07,0.34,6,158.07,0.35,-21.88,-0.05,-1985.57,-19.86,72
609,Exit short,2026-04-30 10:55,Opposite signal,4557.29,4,18283.04,51.48,0.28,2.4,118.14,0.65,-5.22,-0.03,-1934.09,-19.34,173
609,Entry short,2026-04-30 08:02,S662,4570.76,4,18283.04,51.48,0.28,2.4,118.14,0.65,-5.22,-0.03,-1934.09,-19.34,173
610,Exit long,2026-04-30 11:31,Opposite signal,4561.835,3,13663.938,19.77,0.14,1.8,44.77,0.33,-2.84,-0.02,-1914.32,-19.14,34
610,Entry long,2026-04-30 10:57,L663,4554.646,3,13663.938,19.77,0.14,1.8,44.77,0.33,-2.84,-0.02,-1914.32,-19.14,34
611,Exit short,2026-04-30 11:54,S664 exit,4570.87,5,22812.3,-45.05,-0.20,3,10.3,0.05,-43.55,-0.19,-1959.37,-19.59,22
611,Entry short,2026-04-30 11:32,S664,4562.46,5,22812.3,-45.05,-0.20,3,10.3,0.05,-43.55,-0.19,-1959.37,-19.59,22
612,Exit long,2026-04-30 12:53,Opposite signal,4585.485,5,22841.765,82.66,0.36,3,135.89,0.59,-8.31,-0.04,-1876.71,-18.77,57
612,Entry long,2026-04-30 11:56,L665,4568.353,5,22841.765,82.66,0.36,3,135.89,0.59,-8.31,-0.04,-1876.71,-18.77,57
613,Exit short,2026-04-30 13:13,S666 exit,4596.83,4,18352.84,-36.88,-0.20,2.4,3.9,0.02,-35.68,-0.19,-1913.59,-19.14,19
613,Entry short,2026-04-30 12:54,S666,4588.21,4,18352.84,-36.88,-0.20,2.4,3.9,0.02,-35.68,-0.19,-1913.59,-19.14,19
614,Exit long,2026-04-30 15:00,L667 exit,4630.14,4,18378.912,139.25,0.76,2.4,140.45,0.76,-5.93,-0.03,-1774.35,-17.74,105
614,Entry long,2026-04-30 13:15,L667,4594.728,4,18378.912,139.25,0.76,2.4,140.45,0.76,-5.93,-0.03,-1774.35,-17.74,105
615,Exit short,2026-05-01 00:38,Opposite signal,4626.39,2,9237.774,-16.21,-0.18,1.2,26.21,0.28,-17.66,-0.19,-1790.55,-17.91,306
615,Entry short,2026-04-30 19:32,S668,4618.887,2,9237.774,-16.21,-0.18,1.2,26.21,0.28,-17.66,-0.19,-1790.55,-17.91,306
616,Exit long,2026-05-01 10:02,L669 exit,4613.15,4,18500.74,-50.54,-0.27,2.4,41.82,0.23,-49.34,-0.27,-1841.09,-18.41,143
616,Entry long,2026-05-01 07:39,L669,4625.185,4,18500.74,-50.54,-0.27,2.4,41.82,0.23,-49.34,-0.27,-1841.09,-18.41,143
617,Exit short,2026-05-01 12:48,Opposite signal,4597.83,2,9229.664,32.8,0.36,1.2,49.09,0.53,-3.34,-0.04,-1808.29,-18.08,126
617,Entry short,2026-05-01 10:42,S670,4614.832,2,9229.664,32.8,0.36,1.2,49.09,0.53,-3.34,-0.04,-1808.29,-18.08,126
618,Exit long,2026-05-01 12:52,L671 exit,4588.985,5,22982.875,-40.95,-0.18,3,0,0.00,-39.45,-0.17,-1849.24,-18.49,3
618,Entry long,2026-05-01 12:49,L671,4596.575,5,22982.875,-40.95,-0.18,3,0,0.00,-39.45,-0.17,-1849.24,-18.49,3
619,Exit short,2026-05-01 14:53,Opposite signal,4570.325,5,22945.715,91.09,0.40,3,121.79,0.53,-23.06,-0.10,-1758.15,-17.58,120
619,Entry short,2026-05-01 12:53,S672,4589.143,5,22945.715,91.09,0.40,3,121.79,0.53,-23.06,-0.10,-1758.15,-17.58,120
620,Exit long,2026-05-01 15:24,L673 exit,4563.485,7,31989.335,-49.14,-0.15,4.2,20.48,0.06,-47.04,-0.15,-1807.29,-18.07,29
620,Entry long,2026-05-01 14:55,L673,4569.905,7,31989.335,-49.14,-0.15,4.2,20.48,0.06,-47.04,-0.15,-1807.29,-18.07,29
621,Exit short,2026-05-01 16:00,S674 exit,4574.13,5,22819.15,-54.5,-0.24,3,16.05,0.07,-53,-0.23,-1861.79,-18.62,35
621,Entry short,2026-05-01 15:25,S674,4563.83,5,22819.15,-54.5,-0.24,3,16.05,0.07,-53,-0.23,-1861.79,-18.62,35
622,Exit long,2026-05-01 19:24,L675 exit,4617.44,3,13719.39,131.13,0.96,1.8,132.03,0.96,-32.74,-0.24,-1730.66,-17.31,201
622,Entry long,2026-05-01 16:03,L675,4573.13,3,13719.39,131.13,0.96,1.8,132.03,0.96,-32.74,-0.24,-1730.66,-17.31,201
623,Exit short,2026-05-04 07:21,S676 exit,4605.635,5,22984.31,-46.86,-0.20,3,5.84,0.03,-45.36,-0.20,-1777.52,-17.78,21
623,Entry short,2026-05-04 07:00,S676,4596.862,5,22984.31,-46.86,-0.20,3,5.84,0.03,-45.36,-0.20,-1777.52,-17.78,21
624,Exit long,2026-05-04 07:58,L677 exit,4591.965,4,18418.54,-53.08,-0.29,2.4,21.34,0.12,-51.88,-0.28,-1830.6,-18.31,17
624,Entry long,2026-05-04 07:41,L677,4604.635,4,18418.54,-53.08,-0.29,2.4,21.34,0.12,-51.88,-0.28,-1830.6,-18.31,17
625,Exit short,2026-05-04 15:52,S678 exit,4529.8,2,9196.078,135.28,1.47,1.2,135.88,1.48,-39.2,-0.43,-1695.33,-16.95,465
625,Entry short,2026-05-04 08:07,S678,4598.039,2,9196.078,135.28,1.47,1.2,135.88,1.48,-39.2,-0.43,-1695.33,-16.95,465
626,Exit long,2026-05-05 12:58,Opposite signal,4549.64,1,4535.463,13.58,0.30,0.6,20.04,0.44,-7.73,-0.17,-1681.75,-16.82,217
626,Entry long,2026-05-05 09:21,L679,4535.463,1,4535.463,13.58,0.30,0.6,20.04,0.44,-7.73,-0.17,-1681.75,-16.82,217
627,Exit short,2026-05-05 13:06,S680 exit,4556.8,7,31855.95,-45.85,-0.14,4.2,1.65,0.01,-43.75,-0.14,-1727.6,-17.28,5
627,Entry short,2026-05-05 13:01,S680,4550.85,7,31855.95,-45.85,-0.14,4.2,1.65,0.01,-43.75,-0.14,-1727.6,-17.28,5
628,Exit long,2026-05-05 13:16,L681 exit,4547.665,6,27336.09,-53.7,-0.20,3.6,7.68,0.03,-51.9,-0.19,-1781.3,-17.81,9
628,Entry long,2026-05-05 13:07,L681,4556.015,6,27336.09,-53.7,-0.20,3.6,7.68,0.03,-51.9,-0.19,-1781.3,-17.81,9
629,Exit short,2026-05-05 14:29,Opposite signal,4559.025,4,18194.66,-43.84,-0.24,2.4,6.7,0.04,-44.04,-0.24,-1825.14,-18.25,55
629,Entry short,2026-05-05 13:34,S682,4548.665,4,18194.66,-43.84,-0.24,2.4,6.7,0.04,-44.04,-0.24,-1825.14,-18.25,55
630,Exit long,2026-05-05 16:21,L683 exit,4542.42,4,18222.128,-54.85,-0.30,2.4,18.45,0.10,-53.65,-0.29,-1879.99,-18.80,111
630,Entry long,2026-05-05 14:30,L683,4555.532,4,18222.128,-54.85,-0.30,2.4,18.45,0.10,-53.65,-0.29,-1879.99,-18.80,111
631,Exit short,2026-05-05 17:12,S684 exit,4561.445,3,13630.26,-55.87,-0.41,1.8,9.48,0.07,-54.97,-0.40,-1935.86,-19.36,50
631,Entry short,2026-05-05 16:22,S684,4543.42,3,13630.26,-55.87,-0.41,1.8,9.48,0.07,-54.97,-0.40,-1935.86,-19.36,50
632,Exit long,2026-05-05 21:34,Opposite signal,4565.34,2,9117.284,12.2,0.13,1.2,55.33,0.61,-9.49,-0.10,-1923.67,-19.24,243
632,Entry long,2026-05-05 17:31,L685,4558.642,2,9117.284,12.2,0.13,1.2,55.33,0.61,-9.49,-0.10,-1923.67,-19.24,243
633,Exit short,2026-05-06 02:00,Time flat,4559.455,2,9123.958,3.85,0.04,1.2,20.11,0.22,-8.3,-0.09,-1919.82,-19.20,214
633,Entry short,2026-05-05 22:26,S686,4561.979,2,9123.958,3.85,0.04,1.2,20.11,0.22,-8.3,-0.09,-1919.82,-19.20,214
634,Exit short,2026-05-06 11:26,S687 exit,4657.5,5,23238.495,-52,-0.22,3,10.97,0.05,-50.5,-0.22,-1971.82,-19.72,18
634,Entry short,2026-05-06 11:08,S687,4647.699,5,23238.495,-52,-0.22,3,10.97,0.05,-50.5,-0.22,-1971.82,-19.72,18
635,Exit short,2026-05-06 13:15,Opposite signal,4670.56,4,18642.96,-41.68,-0.22,2.4,2.98,0.02,-40.8,-0.22,-2013.5,-20.14,26
635,Entry short,2026-05-06 12:49,S689,4660.74,4,18642.96,-41.68,-0.22,2.4,2.98,0.02,-40.8,-0.22,-2013.5,-20.14,26
636,Exit short,2026-05-06 17:49,S691 exit,4660.77,3,14127.054,142.94,1.01,1.8,143.84,1.02,-20.38,-0.14,-1870.56,-18.71,47
636,Entry short,2026-05-06 17:02,S691,4709.018,3,14127.054,142.94,1.01,1.8,143.84,1.02,-20.38,-0.14,-1870.56,-18.71,47
637,Exit long,2026-05-07 02:00,Time flat,4692.66,1,4715.51,-23.45,-0.50,0.6,0.65,0.01,-36.66,-0.78,-1894.01,-18.94,374
637,Entry long,2026-05-06 19:46,L692,4715.51,1,4715.51,-23.45,-0.50,0.6,0.65,0.01,-36.66,-0.78,-1894.01,-18.94,374
638,Exit short,2026-05-07 19:02,S693 exit,4754.435,2,9459.478,-50.59,-0.53,1.2,6.99,0.07,-49.99,-0.53,-1944.6,-19.45,265
638,Entry short,2026-05-07 14:37,S693,4729.739,2,9459.478,-50.59,-0.53,1.2,6.99,0.07,-49.99,-0.53,-1944.6,-19.45,265
639,Exit long,2026-05-07 20:55,Opposite signal,4747.22,1,4753.435,-6.81,-0.14,0.6,11.17,0.23,-16.26,-0.34,-1951.42,-19.51,110
639,Entry long,2026-05-07 19:05,L694,4753.435,1,4753.435,-6.81,-0.14,0.6,11.17,0.23,-16.26,-0.34,-1951.42,-19.51,110
640,Exit short,2026-05-08 02:00,Time flat,4713.165,2,9487.3,59.77,0.63,1.2,110.86,1.17,-7.84,-0.08,-1891.65,-18.92,299
640,Entry short,2026-05-07 21:01,S695,4743.65,2,9487.3,59.77,0.63,1.2,110.86,1.17,-7.84,-0.08,-1891.65,-18.92,299
641,Exit short,2026-05-08 09:04,Opposite signal,4725.865,4,18887.308,-18.55,-0.10,2.4,58.13,0.31,-17.51,-0.09,-1910.2,-19.10,74
641,Entry short,2026-05-08 07:50,S696,4721.827,4,18887.308,-18.55,-0.10,2.4,58.13,0.31,-17.51,-0.09,-1910.2,-19.10,74
642,Exit long,2026-05-08 12:52,L697 exit,4705.995,3,14171.91,-55.72,-0.39,1.8,31.88,0.22,-54.82,-0.39,-1965.92,-19.66,223
642,Entry long,2026-05-08 09:09,L697,4723.97,3,14171.91,-55.72,-0.39,1.8,31.88,0.22,-54.82,-0.39,-1965.92,-19.66,223
643,Exit short,2026-05-08 19:00,S698 exit,4735.895,2,9413.016,-59.97,-0.64,1.2,9.67,0.10,-59.37,-0.63,-2025.9,-20.26,362
643,Entry short,2026-05-08 12:58,S698,4706.508,2,9413.016,-59.97,-0.64,1.2,9.67,0.10,-59.37,-0.63,-2025.9,-20.26,362
644,Exit long,2026-05-08 19:37,Opposite signal,4734.15,1,4734.895,-1.34,-0.03,0.6,14.39,0.30,-2.43,-0.05,-2027.24,-20.27,36
644,Entry long,2026-05-08 19:01,L699,4734.895,1,4734.895,-1.34,-0.03,0.6,14.39,0.30,-2.43,-0.05,-2027.24,-20.27,36
645,Exit short,2026-05-08 23:00,Weekend flat,4720.57,2,9453.224,10.88,0.12,1.2,48.51,0.51,-15.42,-0.16,-2016.36,-20.16,198
645,Entry short,2026-05-08 19:42,S700,4726.612,2,9453.224,10.88,0.12,1.2,48.51,0.51,-15.42,-0.16,-2016.36,-20.16,198
646,Exit long,2026-05-11 07:37,Opposite signal,4680.565,2,9385.116,-25.19,-0.27,1.2,25.4,0.27,-26.18,-0.28,-2041.54,-20.42,58
646,Entry long,2026-05-11 06:39,L701,4692.558,2,9385.116,-25.19,-0.27,1.2,25.4,0.27,-26.18,-0.28,-2041.54,-20.42,58
647,Exit short,2026-05-11 10:21,Opposite signal,4676,2,9364.97,11.77,0.13,1.2,27.27,0.29,-36.48,-0.39,-2029.77,-20.30,163
647,Entry short,2026-05-11 07:38,S702,4682.485,2,9364.97,11.77,0.13,1.2,27.27,0.29,-36.48,-0.39,-2029.77,-20.30,163
648,Exit long,2026-05-11 11:13,Opposite signal,4670.02,7,32719.274,-33.33,-0.10,4.2,45.42,0.14,-33.33,-0.10,-2063.11,-20.63,50
648,Entry long,2026-05-11 10:23,L703,4674.182,7,32719.274,-33.33,-0.10,4.2,45.42,0.14,-33.33,-0.10,-2063.11,-20.63,50
649,Exit short,2026-05-11 17:52,S704 exit,4681.97,4,18682.76,-47.52,-0.25,2.4,78.38,0.42,-46.32,-0.25,-2110.63,-21.11,352
649,Entry short,2026-05-11 12:00,S704,4670.69,4,18682.76,-47.52,-0.25,2.4,78.38,0.42,-46.32,-0.25,-2110.63,-21.11,352
650,Exit long,2026-05-12 02:00,Time flat,4735.32,1,4733.288,1.43,0.03,0.6,4.61,0.10,-25.58,-0.54,-2109.2,-21.09,390
650,Entry long,2026-05-11 19:30,L705,4733.288,1,4733.288,1.43,0.03,0.6,4.61,0.10,-25.58,-0.54,-2109.2,-21.09,390
651,Exit long,2026-05-12 11:30,L706 exit,4708,4,18875.64,-46.04,-0.24,2.4,3.4,0.02,-44.84,-0.24,-2155.24,-21.55,27
651,Entry long,2026-05-12 11:03,L706,4718.91,4,18875.64,-46.04,-0.24,2.4,3.4,0.02,-44.84,-0.24,-2155.24,-21.55,27
652,Exit short,2026-05-12 13:32,Opposite signal,4705.54,3,14126.16,7.74,0.05,1.8,66.08,0.47,-7.42,-0.05,-2147.5,-21.47,121
652,Entry short,2026-05-12 11:31,S707,4708.72,3,14126.16,7.74,0.05,1.8,66.08,0.47,-7.42,-0.05,-2147.5,-21.47,121
653,Exit long,2026-05-12 16:03,Opposite signal,4692.865,2,9410.04,-25.51,-0.27,1.2,6.79,0.07,-25.76,-0.27,-2173.01,-21.73,150
653,Entry long,2026-05-12 13:33,L708,4705.02,2,9410.04,-25.51,-0.27,1.2,6.79,0.07,-25.76,-0.27,-2173.01,-21.73,150
654,Exit short,2026-05-12 18:16,S709 exit,4709.715,3,14073.417,-57.53,-0.41,1.8,10.74,0.08,-56.63,-0.40,-2230.53,-22.31,125
654,Entry short,2026-05-12 16:11,S709,4691.139,3,14073.417,-57.53,-0.41,1.8,10.74,0.08,-56.63,-0.40,-2230.53,-22.31,125
655,Exit long,2026-05-12 18:45,L710 exit,4684.28,2,9417.43,-50.07,-0.53,1.2,4.09,0.04,-49.47,-0.53,-2280.6,-22.81,22
655,Entry long,2026-05-12 18:23,L710,4708.715,2,9417.43,-50.07,-0.53,1.2,4.09,0.04,-49.47,-0.53,-2280.6,-22.81,22
656,Exit short,2026-05-13 00:13,Opposite signal,4695.355,2,9374.956,-16.95,-0.18,1.2,97.63,1.04,-29.51,-0.31,-2297.56,-22.98,324
656,Entry short,2026-05-12 18:49,S711,4687.478,2,9374.956,-16.95,-0.18,1.2,97.63,1.04,-29.51,-0.31,-2297.56,-22.98,324
657,Exit short,2026-05-13 08:57,Opposite signal,4697.775,4,18868.808,75.31,0.40,2.4,116.79,0.62,-2.01,-0.01,-2222.25,-22.22,147
657,Entry short,2026-05-13 06:30,S712,4717.202,4,18868.808,75.31,0.40,2.4,116.79,0.62,-2.01,-0.01,-2222.25,-22.22,147
658,Exit long,2026-05-13 14:47,Opposite signal,4692.575,4,18789.6,-21.7,-0.12,2.4,70.74,0.38,-21.96,-0.12,-2243.95,-22.44,349
658,Entry long,2026-05-13 08:58,L713,4697.4,4,18789.6,-21.7,-0.12,2.4,70.74,0.38,-21.96,-0.12,-2243.95,-22.44,349
659,Exit short,2026-05-13 21:05,Opposite signal,4695.34,2,9386.55,-5.33,-0.06,1.2,46.9,0.50,-35.22,-0.38,-2249.28,-22.49,352
659,Entry short,2026-05-13 15:13,S714,4693.275,2,9386.55,-5.33,-0.06,1.2,46.9,0.50,-35.22,-0.38,-2249.28,-22.49,352
660,Exit long,2026-05-13 22:21,Opposite signal,4698.445,2,9389.65,6.04,0.06,1.2,29.55,0.31,-0.87,-0.01,-2243.24,-22.43,58
660,Entry long,2026-05-13 21:23,L715,4694.825,2,9389.65,6.04,0.06,1.2,29.55,0.31,-0.87,-0.01,-2243.24,-22.43,58
661,Exit short,2026-05-14 02:00,Time flat,4691.245,4,18795.292,27.91,0.15,2.4,83.57,0.44,-11.03,-0.06,-2215.33,-22.15,207
661,Entry short,2026-05-13 22:33,S716,4698.823,4,18795.292,27.91,0.15,2.4,83.57,0.44,-11.03,-0.06,-2215.33,-22.15,207
662,Exit short,2026-05-14 09:56,Opposite signal,4698.18,3,14076.621,-19.72,-0.14,1.8,69.59,0.49,-24.44,-0.17,-2235.05,-22.35,198
662,Entry short,2026-05-14 06:38,S717,4692.207,3,14076.621,-19.72,-0.14,1.8,69.59,0.49,-24.44,-0.17,-2235.05,-22.35,198
663,Exit long,2026-05-14 19:01,Opposite signal,4685.855,2,9386.9,-16.39,-0.17,1.2,50.26,0.54,-20.94,-0.22,-2251.44,-22.51,481
663,Entry long,2026-05-14 11:00,L718,4693.45,2,9386.9,-16.39,-0.17,1.2,50.26,0.54,-20.94,-0.22,-2251.44,-22.51,481
664,Exit short,2026-05-15 02:00,Time flat,4648.185,1,4679.805,31.02,0.66,0.6,32.62,0.70,-21.47,-0.46,-2220.42,-22.20,405
664,Entry short,2026-05-14 19:15,S719,4679.805,1,4679.805,31.02,0.66,0.6,32.62,0.70,-21.47,-0.46,-2220.42,-22.20,405
665,Exit long,2026-05-15 13:33,Opposite signal,4561.66,3,13719.126,-35.95,-0.26,1.8,46.61,0.34,-37.43,-0.27,-2256.36,-22.56,95
665,Entry long,2026-05-15 11:58,L720,4573.042,3,13719.126,-35.95,-0.26,1.8,46.61,0.34,-37.43,-0.27,-2256.36,-22.56,95
666,Exit short,2026-05-15 15:39,Opposite signal,4556.99,2,9129.07,13.89,0.15,1.2,64.48,0.71,-7.34,-0.08,-2242.47,-22.42,124
666,Entry short,2026-05-15 13:35,S721,4564.535,2,9129.07,13.89,0.15,1.2,64.48,0.71,-7.34,-0.08,-2242.47,-22.42,124
667,Exit long,2026-05-15 17:32,Opposite signal,4548.845,2,9110.954,-14.46,-0.16,1.2,34,0.37,-18.42,-0.20,-2256.94,-22.57,97
667,Entry long,2026-05-15 15:55,L722,4555.477,2,9110.954,-14.46,-0.16,1.2,34,0.37,-18.42,-0.20,-2256.94,-22.57,97
668,Exit short,2026-05-15 17:51,Opposite signal,4556.975,2,9102.07,-13.08,-0.14,1.2,11.19,0.12,-12.69,-0.14,-2270.02,-22.70,18
668,Entry short,2026-05-15 17:33,S723,4551.035,2,9102.07,-13.08,-0.14,1.2,11.19,0.12,-12.69,-0.14,-2270.02,-22.70,18
669,Exit long,2026-05-15 18:12,L724 exit,4544.14,4,18221.584,-47.42,-0.26,2.4,7.7,0.04,-46.22,-0.25,-2317.44,-23.17,20
669,Entry long,2026-05-15 17:52,L724,4555.396,4,18221.584,-47.42,-0.26,2.4,7.7,0.04,-46.22,-0.25,-2317.44,-23.17,20
670,Exit short,2026-05-15 18:49,Opposite signal,4553.19,3,13635.42,-25.95,-0.19,1.8,25.67,0.19,-25.87,-0.19,-2343.39,-23.43,15
670,Entry short,2026-05-15 18:34,S725,4545.14,3,13635.42,-25.95,-0.19,1.8,25.67,0.19,-25.87,-0.19,-2343.39,-23.43,15
671,Exit long,2026-05-15 19:07,L726 exit,4535.285,3,13656.948,-52.89,-0.39,1.8,0,0.00,-51.99,-0.38,-2396.28,-23.96,10
671,Entry long,2026-05-15 18:57,L726,4552.316,3,13656.948,-52.89,-0.39,1.8,0,0.00,-51.99,-0.38,-2396.28,-23.96,10
672,Exit short,2026-05-15 19:49,S727 exit,4558.66,2,9072.57,-45.95,-0.51,1.2,21.04,0.23,-45.35,-0.50,-2442.23,-24.42,25
672,Entry short,2026-05-15 19:24,S727,4536.285,2,9072.57,-45.95,-0.51,1.2,21.04,0.23,-45.35,-0.50,-2442.23,-24.42,25
673,Exit long,2026-05-15 20:55,Opposite signal,4545.785,1,4549.962,-4.78,-0.10,0.6,16.47,0.36,-6.29,-0.14,-2447.01,-24.47,35
673,Entry long,2026-05-15 20:20,L728,4549.962,1,4549.962,-4.78,-0.10,0.6,16.47,0.36,-6.29,-0.14,-2447.01,-24.47,35
674,Exit short,2026-05-15 22:01,Opposite signal,4542.67,2,9092.42,5.88,0.06,1.2,32.71,0.36,-9.07,-0.10,-2441.13,-24.41,65
674,Entry short,2026-05-15 20:56,S729,4546.21,2,9092.42,5.88,0.06,1.2,32.71,0.36,-9.07,-0.10,-2441.13,-24.41,65
675,Exit long,2026-05-15 22:23,Opposite signal,4543.35,4,18161.612,9.39,0.05,2.4,30.21,0.17,-2.11,-0.01,-2431.74,-24.32,19
675,Entry long,2026-05-15 22:04,L730,4540.403,4,18161.612,9.39,0.05,2.4,30.21,0.17,-2.11,-0.01,-2431.74,-24.32,19
676,Exit short,2026-05-15 22:31,S731 exit,4549.255,8,36354.44,-44.4,-0.12,4.8,16.52,0.05,-42,-0.12,-2476.14,-24.76,7
676,Entry short,2026-05-15 22:24,S731,4544.305,8,36354.44,-44.4,-0.12,4.8,16.52,0.05,-42,-0.12,-2476.14,-24.76,7
677,Exit long,2026-05-15 23:00,Weekend flat,4557.825,5,22748.94,37.19,0.16,3,72.58,0.32,-7.91,-0.03,-2438.96,-24.39,27
677,Entry long,2026-05-15 22:33,L732,4549.788,5,22748.94,37.19,0.16,3,72.58,0.32,-7.91,-0.03,-2438.96,-24.39,27
678,Exit long,2026-05-18 08:36,Opposite signal,4528.86,4,18138.572,-25.53,-0.14,2.4,31.83,0.18,-24.51,-0.14,-2464.49,-24.64,49
678,Entry long,2026-05-18 07:47,L733,4534.643,4,18138.572,-25.53,-0.14,2.4,31.83,0.18,-24.51,-0.14,-2464.49,-24.64,49
679,Exit short,2026-05-18 09:14,S734 exit,4543.9,3,13588.44,-45.06,-0.33,1.8,10.85,0.08,-44.16,-0.32,-2509.55,-25.10,37
679,Entry short,2026-05-18 08:37,S734,4529.48,3,13588.44,-45.06,-0.33,1.8,10.85,0.08,-44.16,-0.32,-2509.55,-25.10,37
680,Exit long,2026-05-18 18:41,Opposite signal,4562.76,3,13627.308,59.17,0.43,1.8,102.33,0.75,-38.33,-0.28,-2450.38,-24.50,566
680,Entry long,2026-05-18 09:15,L735,4542.436,3,13627.308,59.17,0.43,1.8,102.33,0.75,-38.33,-0.28,-2450.38,-24.50,566
681,Exit short,2026-05-18 19:03,S736 exit,4577.845,4,18262.772,-51.01,-0.28,2.4,5.39,0.03,-49.81,-0.27,-2501.39,-25.01,21
681,Entry short,2026-05-18 18:42,S736,4565.693,4,18262.772,-51.01,-0.28,2.4,5.39,0.03,-49.81,-0.27,-2501.39,-25.01,21
682,Exit long,2026-05-18 19:35,L737 exit,4560.975,3,13730.535,-49.41,-0.36,1.8,21.69,0.16,-48.51,-0.35,-2550.8,-25.51,30
682,Entry long,2026-05-18 19:05,L737,4576.845,3,13730.535,-49.41,-0.36,1.8,21.69,0.16,-48.51,-0.35,-2550.8,-25.51,30
683,Exit short,2026-05-18 21:44,Opposite signal,4548.765,2,9131.55,32.82,0.36,1.2,67.25,0.74,-8.86,-0.10,-2517.98,-25.18,125
683,Entry short,2026-05-18 19:39,S738,4565.775,2,9131.55,32.82,0.36,1.2,67.25,0.74,-8.86,-0.10,-2517.98,-25.18,125
684,Exit long,2026-05-18 23:17,Opposite signal,4547.31,3,13645.815,-5.68,-0.04,1.8,28.16,0.21,-44.97,-0.33,-2523.66,-25.24,92
684,Entry long,2026-05-18 21:45,L739,4548.605,3,13645.815,-5.68,-0.04,1.8,28.16,0.21,-44.97,-0.33,-2523.66,-25.24,92
685,Exit long,2026-05-19 07:44,Opposite signal,4554.235,3,13708.77,-47.86,-0.35,1.8,6.03,0.04,-49.69,-0.36,-2571.53,-25.72,29
685,Entry long,2026-05-19 07:15,L740,4569.59,3,13708.77,-47.86,-0.35,1.8,6.03,0.04,-49.69,-0.36,-2571.53,-25.72,29
686,Exit short,2026-05-19 09:10,Opposite signal,4554.77,3,13670.685,4.58,0.03,1.8,38.48,0.28,-17.98,-0.13,-2566.95,-25.67,83
686,Entry short,2026-05-19 07:47,S741,4556.895,3,13670.685,4.58,0.03,1.8,38.48,0.28,-17.98,-0.13,-2566.95,-25.67,83
687,Exit long,2026-05-19 09:30,L742 exit,4542.77,4,18205.5,-36.82,-0.20,2.4,1.12,0.01,-35.62,-0.20,-2603.77,-26.04,19
687,Entry long,2026-05-19 09:11,L742,4551.375,4,18205.5,-36.82,-0.20,2.4,1.12,0.01,-35.62,-0.20,-2603.77,-26.04,19
688,Exit short,2026-05-19 10:41,Opposite signal,4546.535,4,18180.08,-8.46,-0.05,2.4,26.58,0.15,-7.38,-0.04,-2612.23,-26.12,69
688,Entry short,2026-05-19 09:32,S743,4545.02,4,18180.08,-8.46,-0.05,2.4,26.58,0.15,-7.38,-0.04,-2612.23,-26.12,69
689,Exit long,2026-05-19 10:52,L744 exit,4537.075,5,22729.475,-47.1,-0.21,3,1.6,0.01,-45.6,-0.20,-2659.33,-26.59,10
689,Entry long,2026-05-19 10:42,L744,4545.895,5,22729.475,-47.1,-0.21,3,1.6,0.01,-45.6,-0.20,-2659.33,-26.59,10
690,Exit short,2026-05-19 11:48,S745 exit,4547.675,4,18141.58,-51.52,-0.28,2.4,7.86,0.04,-50.32,-0.28,-2710.85,-27.11,53
690,Entry short,2026-05-19 10:55,S745,4535.395,4,18141.58,-51.52,-0.28,2.4,7.86,0.04,-50.32,-0.28,-2710.85,-27.11,53
691,Exit long,2026-05-19 13:55,Opposite signal,4540.88,3,13640.025,-19.18,-0.14,1.8,37.68,0.28,-23.14,-0.17,-2730.04,-27.30,122
691,Entry long,2026-05-19 11:53,L746,4546.675,3,13640.025,-19.18,-0.14,1.8,37.68,0.28,-23.14,-0.17,-2730.04,-27.30,122
692,Exit short,2026-05-19 19:01,S747 exit,4484.265,3,13626.564,171.97,1.26,1.8,172.87,1.27,-20.8,-0.15,-2558.07,-25.58,298
692,Entry short,2026-05-19 14:03,S747,4542.188,3,13626.564,171.97,1.26,1.8,172.87,1.27,-20.8,-0.15,-2558.07,-25.58,298
693,Exit long,2026-05-20 19:00,Opposite signal,4489.49,2,8962.152,15.63,0.17,1.2,49.97,0.56,-17.14,-0.19,-2542.44,-25.42,258
693,Entry long,2026-05-20 14:42,L748,4481.076,2,8962.152,15.63,0.17,1.2,49.97,0.56,-17.14,-0.19,-2542.44,-25.42,258
694,Exit short,2026-05-20 19:47,Opposite signal,4497.655,3,13472.715,-22.05,-0.16,1.8,70.08,0.52,-21.79,-0.16,-2564.49,-25.64,46
694,Entry short,2026-05-20 19:01,S749,4490.905,3,13472.715,-22.05,-0.16,1.8,70.08,0.52,-21.79,-0.16,-2564.49,-25.64,46
695,Exit long,2026-05-21 02:00,Time flat,4545.655,2,8978.56,111.55,1.24,1.2,126.93,1.41,-0.67,-0.01,-2452.94,-24.53,372
695,Entry long,2026-05-20 19:48,L750,4489.28,2,8978.56,111.55,1.24,1.2,126.93,1.41,-0.67,-0.01,-2452.94,-24.53,372
696,Exit short,2026-05-21 09:23,S751 exit,4529.035,5,22809.5,161.32,0.71,3,162.82,0.71,-16.6,-0.07,-2291.61,-22.92,114
696,Entry short,2026-05-21 07:29,S751,4561.9,5,22809.5,161.32,0.71,3,162.82,0.71,-16.6,-0.07,-2291.61,-22.92,114
697,Exit long,2026-05-21 15:57,L752 exit,4511.075,2,9070.626,-49.68,-0.55,1.2,2.7,0.03,-49.08,-0.54,-2341.29,-23.41,54
697,Entry long,2026-05-21 15:03,L752,4535.313,2,9070.626,-49.68,-0.55,1.2,2.7,0.03,-49.08,-0.54,-2341.29,-23.41,54
698,Exit short,2026-05-21 19:24,Opposite signal,4514.39,1,4512.075,-2.91,-0.06,0.6,23.15,0.51,-9.52,-0.21,-2344.2,-23.44,202
698,Entry short,2026-05-21 16:02,S753,4512.075,1,4512.075,-2.91,-0.06,0.6,23.15,0.51,-9.52,-0.21,-2344.2,-23.44,202
699,Exit long,2026-05-22 02:00,Time flat,4541.36,2,9025.956,55.56,0.62,1.2,92.17,1.02,-32.74,-0.36,-2288.64,-22.89,394
699,Entry long,2026-05-21 19:26,L754,4512.978,2,9025.956,55.56,0.62,1.2,92.17,1.02,-32.74,-0.36,-2288.64,-22.89,394
700,Exit long,2026-05-25 17:31,Opposite signal,4566.345,4,18245.488,17.49,0.10,2.4,61.77,0.34,-36.71,-0.20,-2271.15,-22.71,288
700,Entry long,2026-05-25 12:43,L756,4561.372,4,18245.488,17.49,0.10,2.4,61.77,0.34,-36.71,-0.20,-2271.15,-22.71,288
701,Exit short,2026-05-26 03:35,Time flat,4571.17,5,22847.25,-11.6,-0.05,3,44.9,0.20,-44.57,-0.20,-2282.75,-22.83,354
701,Entry short,2026-05-25 18:07,S757,4569.45,5,22847.25,-11.6,-0.05,3,44.9,0.20,-44.57,-0.20,-2282.75,-22.83,354
702,Exit long,2026-05-26 12:48,Opposite signal,4522.715,6,27176.862,-44.17,-0.16,3.6,39.02,0.14,-45.61,-0.17,-2326.92,-23.27,124
702,Entry long,2026-05-26 10:44,L758,4529.477,6,27176.862,-44.17,-0.16,3.6,39.02,0.14,-45.61,-0.17,-2326.92,-23.27,124
703,Exit short,2026-05-26 13:27,S759 exit,4537.28,3,13573.245,-40.4,-0.30,1.8,7.31,0.05,-39.49,-0.29,-2367.32,-23.67,38
703,Entry short,2026-05-26 12:49,S759,4524.415,3,13573.245,-40.4,-0.30,1.8,7.31,0.05,-39.49,-0.29,-2367.32,-23.67,38
704,Exit long,2026-05-26 13:59,L760 exit,4520.68,3,13604.46,-44.22,-0.33,1.8,0,0.00,-43.32,-0.32,-2411.54,-24.12,24
704,Entry long,2026-05-26 13:35,L760,4534.82,3,13604.46,-44.22,-0.33,1.8,0,0.00,-43.32,-0.32,-2411.54,-24.12,24
705,Exit short,2026-05-26 15:41,Opposite signal,4527.095,3,13565.04,-18.05,-0.13,1.8,27.93,0.21,-18.58,-0.14,-2429.58,-24.30,100
705,Entry short,2026-05-26 14:01,S761,4521.68,3,13565.04,-18.05,-0.13,1.8,27.93,0.21,-18.58,-0.14,-2429.58,-24.30,100
706,Exit long,2026-05-26 16:53,Opposite signal,4526.72,3,13583.955,-5.59,-0.04,1.8,37.22,0.27,-5.62,-0.04,-2435.18,-24.35,65
706,Entry long,2026-05-26 15:48,L762,4527.985,3,13583.955,-5.59,-0.04,1.8,37.22,0.27,-5.62,-0.04,-2435.18,-24.35,65
707,Exit long,2026-05-26 19:21,Opposite signal,4519.92,2,9039.97,-1.33,-0.01,1.2,22.38,0.25,-8.12,-0.09,-2436.51,-24.37,45
707,Entry long,2026-05-26 18:36,L764,4519.985,2,9039.97,-1.33,-0.01,1.2,22.38,0.25,-8.12,-0.09,-2436.51,-24.37,45
708,Exit short,2026-05-26 20:06,Opposite signal,4521.37,4,18085.18,-2.7,-0.01,2.4,52.34,0.29,-4.36,-0.02,-2439.21,-24.39,44
708,Entry short,2026-05-26 19:22,S765,4521.295,4,18085.18,-2.7,-0.01,2.4,52.34,0.29,-4.36,-0.02,-2439.21,-24.39,44
709,Exit long,2026-05-26 20:47,L766 exit,4506.91,3,13562.43,-43.5,-0.32,1.8,3.18,0.02,-42.6,-0.31,-2482.71,-24.83,35
709,Entry long,2026-05-26 20:12,L766,4520.81,3,13562.43,-43.5,-0.32,1.8,3.18,0.02,-42.6,-0.31,-2482.71,-24.83,35
710,Exit short,2026-05-27 00:47,Opposite signal,4503.875,3,13523.73,10.31,0.08,1.8,74.97,0.55,-11.19,-0.08,-2472.4,-24.72,238
710,Entry short,2026-05-26 20:49,S767,4507.91,3,13523.73,10.31,0.08,1.8,74.97,0.55,-11.19,-0.08,-2472.4,-24.72,238
711,Exit short,2026-05-27 08:32,Opposite signal,4506.435,2,9008.97,-5.1,-0.06,1.2,12.22,0.14,-6.21,-0.07,-2477.5,-24.78,54
711,Entry short,2026-05-27 07:38,S768,4504.485,2,9008.97,-5.1,-0.06,1.2,12.22,0.14,-6.21,-0.07,-2477.5,-24.78,54
712,Exit long,2026-05-27 09:04,Opposite signal,4505.21,5,22534.85,-11.8,-0.05,3,24.13,0.11,-10.8,-0.05,-2489.3,-24.89,29
712,Entry long,2026-05-27 08:35,L769,4506.97,5,22534.85,-11.8,-0.05,3,24.13,0.11,-10.8,-0.05,-2489.3,-24.89,29
713,Exit short,2026-05-27 10:13,Opposite signal,4506.345,6,27034.32,-7.35,-0.03,3.6,0,0.00,-7.62,-0.03,-2496.65,-24.97,1
713,Entry short,2026-05-27 10:12,S770,4505.72,6,27034.32,-7.35,-0.03,3.6,0,0.00,-7.62,-0.03,-2496.65,-24.97,1
714,Exit long,2026-05-27 11:03,L771 exit,4495.065,3,13536.141,-52.75,-0.39,1.8,5.02,0.04,-51.85,-0.38,-2549.4,-25.49,42
714,Entry long,2026-05-27 10:21,L771,4512.047,3,13536.141,-52.75,-0.39,1.8,5.02,0.04,-51.85,-0.38,-2549.4,-25.49,42
715,Exit short,2026-05-27 12:18,Opposite signal,4489.615,2,8992.13,11.7,0.13,1.2,31.79,0.35,-13.41,-0.15,-2537.7,-25.38,72
715,Entry short,2026-05-27 11:06,S772,4496.065,2,8992.13,11.7,0.13,1.2,31.79,0.35,-13.41,-0.15,-2537.7,-25.38,72
716,Exit long,2026-05-27 13:19,L773 exit,4478.87,5,22438.685,-47.33,-0.21,3,6.97,0.03,-45.83,-0.20,-2585.03,-25.85,56
716,Entry long,2026-05-27 12:23,L773,4487.737,5,22438.685,-47.33,-0.21,3,6.97,0.03,-45.83,-0.20,-2585.03,-25.85,56
717,Exit short,2026-05-27 13:52,S774 exit,4491.36,4,17919.48,-48.36,-0.27,2.4,14.34,0.08,-47.16,-0.26,-2633.39,-26.33,32
717,Entry short,2026-05-27 13:20,S774,4479.87,4,17919.48,-48.36,-0.27,2.4,14.34,0.08,-47.16,-0.26,-2633.39,-26.33,32
718,Exit long,2026-05-27 15:34,Opposite signal,4485.385,3,13466.193,-11.84,-0.09,1.8,29.44,0.22,-11.55,-0.09,-2645.23,-26.45,97
718,Entry long,2026-05-27 13:57,L775,4488.731,3,13466.193,-11.84,-0.09,1.8,29.44,0.22,-11.55,-0.09,-2645.23,-26.45,97
719,Exit short,2026-05-27 16:52,S776 exit,4442.105,3,13459.725,131.61,0.98,1.8,132.51,0.98,-9.01,-0.07,-2513.62,-25.14,77
719,Entry short,2026-05-27 15:35,S776,4486.575,3,13459.725,131.61,0.98,1.8,132.51,0.98,-9.01,-0.07,-2513.62,-25.14,77
720,Exit long,2026-05-27 18:36,L777 exit,4424.145,2,8894.036,-46.95,-0.53,1.2,38.76,0.44,-46.35,-0.52,-2560.57,-25.61,46
720,Entry long,2026-05-27 17:50,L777,4447.018,2,8894.036,-46.95,-0.53,1.2,38.76,0.44,-46.35,-0.52,-2560.57,-25.61,46
721,Exit long,2026-05-28 02:00,Time flat,4455.025,3,13259.283,103.99,0.78,1.8,116.74,0.88,-22.23,-0.17,-2456.57,-24.57,414
721,Entry long,2026-05-27 19:06,L779,4419.761,3,13259.283,103.99,0.78,1.8,116.74,0.88,-22.23,-0.17,-2456.57,-24.57,414
722,Exit long,2026-05-28 06:31,Opposite signal,4449.805,5,22262.615,-16.59,-0.07,3,30.89,0.14,-15.56,-0.07,-2473.16,-24.73,9
722,Entry long,2026-05-28 06:22,L780,4452.523,5,22262.615,-16.59,-0.07,3,30.89,0.14,-15.56,-0.07,-2473.16,-24.73,9
723,Exit short,2026-05-28 06:56,S781 exit,4420.44,5,22256.3,151.1,0.68,3,152.6,0.69,-4.17,-0.02,-2322.06,-23.22,24
723,Entry short,2026-05-28 06:32,S781,4451.26,5,22256.3,151.1,0.68,3,152.6,0.69,-4.17,-0.02,-2322.06,-23.22,24
724,Exit long,2026-05-28 08:16,Opposite signal,4396.03,4,17627.532,-45.81,-0.26,2.4,5.49,0.03,-45.23,-0.26,-2367.88,-23.68,10
724,Entry long,2026-05-28 08:06,L782,4406.883,4,17627.532,-45.81,-0.26,2.4,5.49,0.03,-45.23,-0.26,-2367.88,-23.68,10
725,Exit short,2026-05-28 09:38,Opposite signal,4380.91,3,13189.32,44.79,0.34,1.8,82.61,0.63,-9.94,-0.08,-2323.09,-23.23,81
725,Entry short,2026-05-28 08:17,S783,4396.44,3,13189.32,44.79,0.34,1.8,82.61,0.63,-9.94,-0.08,-2323.09,-23.23,81
726,Exit long,2026-05-28 09:50,L784 exit,4367.605,4,17515.804,-47.78,-0.27,2.4,5.42,0.03,-46.58,-0.27,-2370.87,-23.71,9
726,Entry long,2026-05-28 09:41,L784,4378.951,4,17515.804,-47.78,-0.27,2.4,5.42,0.03,-46.58,-0.27,-2370.87,-23.71,9
727,Exit short,2026-05-28 11:01,Opposite signal,4382.915,3,13105.815,-44.73,-0.34,1.8,3.27,0.02,-45.25,-0.35,-2415.6,-24.16,63
727,Entry short,2026-05-28 09:58,S785,4368.605,3,13105.815,-44.73,-0.34,1.8,3.27,0.02,-45.25,-0.35,-2415.6,-24.16,63
728,Exit long,2026-05-28 16:15,Opposite signal,4389.175,2,8777.07,0.08,0.00,1.2,30.99,0.35,-29.05,-0.33,-2415.52,-24.16,286
728,Entry long,2026-05-28 11:29,L786,4388.535,2,8777.07,0.08,0.00,1.2,30.99,0.35,-29.05,-0.33,-2415.52,-24.16,286
729,Exit short,2026-05-28 18:16,S787 exit,4405.33,3,13169.4,-48.39,-0.37,1.8,29.27,0.22,-47.49,-0.36,-2463.91,-24.64,90
729,Entry short,2026-05-28 16:46,S787,4389.8,3,13169.4,-48.39,-0.37,1.8,29.27,0.22,-47.49,-0.36,-2463.91,-24.64,90
730,Exit long,2026-05-29 00:16,Opposite signal,4501.215,1,4423.202,77.41,1.75,0.6,93.13,2.11,-5.25,-0.12,-2386.5,-23.86,314
730,Entry long,2026-05-28 19:02,L788,4423.202,1,4423.202,77.41,1.75,0.6,93.13,2.11,-5.25,-0.12,-2386.5,-23.86,314
731,Exit short,2026-05-29 14:43,S789 exit,4527.2,4,18056.068,-55.13,-0.31,2.4,2.11,0.01,-53.93,-0.30,-2441.63,-24.42,21
731,Entry short,2026-05-29 14:22,S789,4514.017,4,18056.068,-55.13,-0.31,2.4,2.11,0.01,-53.93,-0.30,-2441.63,-24.42,21
732,Exit long,2026-05-29 17:51,Opposite signal,4522.475,3,13578.6,-12.97,-0.10,1.8,50.43,0.37,-13.11,-0.10,-2454.6,-24.55,180
732,Entry long,2026-05-29 14:51,L790,4526.2,3,13578.6,-12.97,-0.10,1.8,50.43,0.37,-13.11,-0.10,-2454.6,-24.55,180
733,Exit short,2026-05-29 19:31,S791 exit,4544.31,2,9040.75,-49.07,-0.54,1.2,6.07,0.07,-48.47,-0.54,-2503.67,-25.04,62
733,Entry short,2026-05-29 18:29,S791,4520.375,2,9040.75,-49.07,-0.54,1.2,6.07,0.07,-48.47,-0.54,-2503.67,-25.04,62
734,Exit long,2026-05-29 23:00,Weekend flat,4562.09,1,4543.31,18.18,0.40,0.6,51.72,1.14,-18.23,-0.40,-2485.49,-24.85,207
734,Entry long,2026-05-29 19:33,L792,4543.31,1,4543.31,18.18,0.40,0.6,51.72,1.14,-18.23,-0.40,-2485.49,-24.85,207
735,Exit long,2026-06-01 11:52,L793 exit,4507.64,4,18084.448,-56.29,-0.31,2.4,0,0.00,-55.09,-0.30,-2541.78,-25.42,24
735,Entry long,2026-06-01 11:28,L793,4521.112,4,18084.448,-56.29,-0.31,2.4,0,0.00,-55.09,-0.30,-2541.78,-25.42,24
736,Exit short,2026-06-01 12:34,Opposite signal,4507.365,3,13525.92,2.03,0.01,1.8,24.06,0.18,-19.95,-0.15,-2539.76,-25.40,39
736,Entry short,2026-06-01 11:55,S794,4508.64,3,13525.92,2.03,0.01,1.8,24.06,0.18,-19.95,-0.15,-2539.76,-25.40,39
737,Exit long,2026-06-01 13:14,L795 exit,4499.32,6,27045.882,-53.56,-0.20,3.6,11.06,0.04,-51.76,-0.19,-2593.32,-25.93,35
737,Entry long,2026-06-01 12:39,L795,4507.647,6,27045.882,-53.56,-0.20,3.6,11.06,0.04,-51.76,-0.19,-2593.32,-25.93,35
738,Exit short,2026-06-01 14:49,Opposite signal,4505.415,4,18001.28,-22.78,-0.13,2.4,38.28,0.21,-23.04,-0.13,-2616.1,-26.16,94
738,Entry short,2026-06-01 13:15,S796,4500.32,4,18001.28,-22.78,-0.13,2.4,38.28,0.21,-23.04,-0.13,-2616.1,-26.16,94
739,Exit long,2026-06-01 15:04,L797 exit,4489.45,4,18009.812,-54.41,-0.30,2.4,0,0.00,-53.21,-0.30,-2670.51,-26.71,12
739,Entry long,2026-06-01 14:52,L797,4502.453,4,18009.812,-54.41,-0.30,2.4,0,0.00,-53.21,-0.30,-2670.51,-26.71,12
740,Exit short,2026-06-01 19:23,S798 exit,4454.64,3,13499.82,134.1,0.99,1.8,135,1.00,-32.73,-0.24,-2536.41,-25.36,91
740,Entry short,2026-06-01 17:52,S798,4499.94,3,13499.82,134.1,0.99,1.8,135,1.00,-32.73,-0.24,-2536.41,-25.36,91
741,Exit long,2026-06-02 02:00,Time flat,4483.285,2,8947.334,18.04,0.20,1.2,43.15,0.48,-4.77,-0.05,-2518.37,-25.18,203
741,Entry long,2026-06-01 22:37,L799,4473.667,2,8947.334,18.04,0.20,1.2,43.15,0.48,-4.77,-0.05,-2518.37,-25.18,203
742,Exit short,2026-06-02 09:01,S800 exit,4498.135,2,8943.16,-54.31,-0.61,1.2,0,0.00,-53.71,-0.60,-2572.68,-25.73,97
742,Entry short,2026-06-02 07:24,S800,4471.58,2,8943.16,-54.31,-0.61,1.2,0,0.00,-53.71,-0.60,-2572.68,-25.73,97
743,Exit long,2026-06-02 13:16,Opposite signal,4531.515,4,18051.788,71.87,0.40,2.4,113.53,0.63,-5.47,-0.03,-2500.81,-25.01,178
743,Entry long,2026-06-02 10:18,L801,4512.947,4,18051.788,71.87,0.40,2.4,113.53,0.63,-5.47,-0.03,-2500.81,-25.01,178
744,Exit short,2026-06-02 19:47,S802 exit,4495.115,4,18125.888,143.03,0.79,2.4,144.23,0.80,-32.33,-0.18,-2357.78,-23.58,382
744,Entry short,2026-06-02 13:25,S802,4531.472,4,18125.888,143.03,0.79,2.4,144.23,0.80,-32.33,-0.18,-2357.78,-23.58,382
745,Exit long,2026-06-02 21:32,Opposite signal,4501.265,3,13521.195,-19.2,-0.14,1.8,3.83,0.03,-21.61,-0.16,-2376.98,-23.77,54
745,Entry long,2026-06-02 20:38,L803,4507.065,3,13521.195,-19.2,-0.14,1.8,3.83,0.03,-21.61,-0.16,-2376.98,-23.77,54
746,Exit short,2026-06-03 02:00,Time flat,4489.885,5,22504.635,52.21,0.23,3,109.21,0.49,-11.09,-0.05,-2324.77,-23.25,263
746,Entry short,2026-06-02 21:37,S804,4500.927,5,22504.635,52.21,0.23,3,109.21,0.49,-11.09,-0.05,-2324.77,-23.25,263
747,Exit long,2026-06-03 11:01,L805 exit,4461.29,1,4493.32,-32.63,-0.73,0.6,0,0.00,-32.33,-0.72,-2357.41,-23.57,285
747,Entry long,2026-06-03 06:16,L805,4493.32,1,4493.32,-32.63,-0.73,0.6,0,0.00,-32.33,-0.72,-2357.41,-23.57,285
748,Exit short,2026-06-03 11:49,Opposite signal,4470.15,2,8937.176,-4.32,-0.05,1.2,23.16,0.26,-5.54,-0.06,-2361.73,-23.62,42
748,Entry short,2026-06-03 11:07,S806,4468.588,2,8937.176,-4.32,-0.05,1.2,23.16,0.26,-5.54,-0.06,-2361.73,-23.62,42
749,Exit long,2026-06-03 12:16,Opposite signal,4456.67,4,17873.32,-49.04,-0.27,2.4,6.96,0.04,-49.64,-0.28,-2410.77,-24.11,26
749,Entry long,2026-06-03 11:50,L807,4468.33,4,17873.32,-49.04,-0.27,2.4,6.96,0.04,-49.64,-0.28,-2410.77,-24.11,26
750,Exit short,2026-06-03 12:42,S808 exit,4472.06,4,17837.232,-53.41,-0.30,2.4,4.67,0.03,-52.21,-0.29,-2464.18,-24.64,23
750,Entry short,2026-06-03 12:19,S808,4459.308,4,17837.232,-53.41,-0.30,2.4,4.67,0.03,-52.21,-0.29,-2464.18,-24.64,23
751,Exit long,2026-06-03 13:28,Opposite signal,4454.75,3,13413.18,-50.73,-0.38,1.8,2.22,0.02,-50.83,-0.38,-2514.91,-25.15,45
751,Entry long,2026-06-03 12:43,L809,4471.06,3,13413.18,-50.73,-0.38,1.8,2.22,0.02,-50.83,-0.38,-2514.91,-25.15,45
752,Exit short,2026-06-03 15:39,Opposite signal,4461.84,3,13369.11,-18.21,-0.14,1.8,50.94,0.38,-33.34,-0.25,-2533.12,-25.33,126
752,Entry short,2026-06-03 13:33,S810,4456.37,3,13369.11,-18.21,-0.14,1.8,50.94,0.38,-33.34,-0.25,-2533.12,-25.33,126
753,Exit long,2026-06-03 19:12,L811 exit,4438.09,2,8920.322,-45.34,-0.51,1.2,15.46,0.17,-44.74,-0.50,-2578.46,-25.78,210
753,Entry long,2026-06-03 15:42,L811,4460.161,2,8920.322,-45.34,-0.51,1.2,15.46,0.17,-44.74,-0.50,-2578.46,-25.78,210
754,Exit short,2026-06-04 02:00,Time flat,4439.095,2,8878.18,-1.21,-0.01,1.2,9.73,0.11,-41.91,-0.47,-2579.67,-25.80,400
754,Entry short,2026-06-03 19:20,S812,4439.09,2,8878.18,-1.21,-0.01,1.2,9.73,0.11,-41.91,-0.47,-2579.67,-25.80,400
755,Exit short,2026-06-05 02:00,Time flat,4477.78,1,4482.365,3.99,0.09,0.6,9.29,0.21,-3.1,-0.07,-2575.68,-25.76,261
755,Entry short,2026-06-04 21:39,S813,4482.365,1,4482.365,3.99,0.09,0.6,9.29,0.21,-3.1,-0.07,-2575.68,-25.76,261
756,Exit long,2026-06-05 11:34,Opposite signal,4436.515,6,26655.498,-40.01,-0.15,3.6,44.26,0.17,-39.53,-0.15,-2615.69,-26.16,120
756,Entry long,2026-06-05 09:34,L814,4442.583,6,26655.498,-40.01,-0.15,3.6,44.26,0.17,-39.53,-0.15,-2615.69,-26.16,120
757,Exit short,2026-06-05 11:55,Opposite signal,4444.34,3,13313.07,-21.75,-0.16,1.8,26.01,0.20,-24.22,-0.18,-2637.44,-26.37,20
757,Entry short,2026-06-05 11:35,S815,4437.69,3,13313.07,-21.75,-0.16,1.8,26.01,0.20,-24.22,-0.18,-2637.44,-26.37,20
758,Exit long,2026-06-05 14:42,Opposite signal,4459.145,3,13326.333,49.3,0.37,1.8,77.83,0.58,-6.09,-0.05,-2588.14,-25.88,164
758,Entry long,2026-06-05 11:58,L816,4442.111,3,13326.333,49.3,0.37,1.8,77.83,0.58,-6.09,-0.05,-2588.14,-25.88,164
759,Exit short,2026-06-05 14:44,S817 exit,4469.355,5,22299.875,-49.9,-0.22,3,0,0.00,-48.4,-0.22,-2638.04,-26.38,1
759,Entry short,2026-06-05 14:43,S817,4459.975,5,22299.875,-49.9,-0.22,3,0,0.00,-48.4,-0.22,-2638.04,-26.38,1
760,Exit long,2026-06-05 18:00,L818 exit,4457.895,5,22333.55,-47.07,-0.21,3,44.38,0.20,-45.57,-0.20,-2685.11,-26.85,161
760,Entry long,2026-06-05 15:19,L818,4466.71,5,22333.55,-47.07,-0.21,3,44.38,0.20,-45.57,-0.20,-2685.11,-26.85,161
761,Exit long,2026-06-05 21:07,L820 exit,4343.605,3,13085.025,-56.01,-0.43,1.8,31.92,0.24,-55.11,-0.42,-2741.12,-27.41,45
761,Entry long,2026-06-05 20:22,L820,4361.675,3,13085.025,-56.01,-0.43,1.8,31.92,0.24,-55.11,-0.42,-2741.12,-27.41,45
762,Exit long,2026-06-05 23:00,Weekend flat,4342.64,3,13023.324,2.8,0.02,1.8,11.12,0.09,-17.08,-0.13,-2738.33,-27.38,29
762,Entry long,2026-06-05 22:31,L822,4341.108,3,13023.324,2.8,0.02,1.8,11.12,0.09,-17.08,-0.13,-2738.33,-27.38,29
763,Exit short,2026-06-08 07:14,Opposite signal,4325.605,4,17365.26,60.44,0.35,2.4,163.96,0.94,-20.66,-0.12,-2677.89,-26.78,52
763,Entry short,2026-06-08 06:22,S823,4341.315,4,17365.26,60.44,0.35,2.4,163.96,0.94,-20.66,-0.12,-2677.89,-26.78,52
764,Exit long,2026-06-08 11:04,L824 exit,4299.025,2,8645.012,-48.16,-0.56,1.2,16.1,0.19,-47.56,-0.55,-2726.05,-27.26,224
764,Entry long,2026-06-08 07:20,L824,4322.506,2,8645.012,-48.16,-0.56,1.2,16.1,0.19,-47.56,-0.55,-2726.05,-27.26,224
765,Exit short,2026-06-08 17:02,S825 exit,4331.855,1,4300.025,-32.43,-0.75,0.6,26.56,0.62,-32.13,-0.75,-2758.48,-27.58,332
765,Entry short,2026-06-08 11:30,S825,4300.025,1,4300.025,-32.43,-0.75,0.6,26.56,0.62,-32.13,-0.75,-2758.48,-27.58,332
766,Exit long,2026-06-08 17:45,L826 exit,4320.47,4,17324.712,-45.23,-0.26,2.4,13.83,0.08,-44.03,-0.25,-2803.71,-28.04,14
766,Entry long,2026-06-08 17:31,L826,4331.178,4,17324.712,-45.23,-0.26,2.4,13.83,0.08,-44.03,-0.25,-2803.71,-28.04,14
767,Exit short,2026-06-08 18:12,S827 exit,4335.935,3,12964.41,-45.19,-0.35,1.8,0,0.00,-44.29,-0.34,-2848.91,-28.49,26
767,Entry short,2026-06-08 17:46,S827,4321.47,3,12964.41,-45.19,-0.35,1.8,0,0.00,-44.29,-0.34,-2848.91,-28.49,26
768,Exit long,2026-06-08 19:38,Opposite signal,4320.98,3,13004.094,-42.95,-0.33,1.8,35.65,0.27,-46.64,-0.36,-2891.86,-28.92,85
768,Entry long,2026-06-08 18:13,L828,4334.698,3,13004.094,-42.95,-0.33,1.8,35.65,0.27,-46.64,-0.36,-2891.86,-28.92,85
769,Exit short,2026-06-08 20:17,Opposite signal,4328.09,2,8645.13,-12.25,-0.14,1.2,14.64,0.17,-11.79,-0.14,-2904.11,-29.04,38
769,Entry short,2026-06-08 19:39,S829,4322.565,2,8645.13,-12.25,-0.14,1.2,14.64,0.17,-11.79,-0.14,-2904.11,-29.04,38
770,Exit long,2026-06-09 02:00,Time flat,4326.61,4,17300.16,3.88,0.02,2.4,84.24,0.49,-32.9,-0.19,-2900.23,-29.00,342
770,Entry long,2026-06-08 20:18,L830,4325.04,4,17300.16,3.88,0.02,2.4,84.24,0.49,-32.9,-0.19,-2900.23,-29.00,342
771,Exit short,2026-06-09 10:30,Opposite signal,4332.625,4,17323.96,-8.94,-0.05,2.4,25.44,0.15,-9.9,-0.06,-2909.17,-29.09,37
771,Entry short,2026-06-09 09:53,S831,4330.99,4,17323.96,-8.94,-0.05,2.4,25.44,0.15,-9.9,-0.06,-2909.17,-29.09,37
772,Exit long,2026-06-09 12:30,Opposite signal,4330.69,4,17336.004,-15.64,-0.09,2.4,69.04,0.40,-16.3,-0.09,-2924.82,-29.25,111
772,Entry long,2026-06-09 10:39,L832,4334.001,4,17336.004,-15.64,-0.09,2.4,69.04,0.40,-16.3,-0.09,-2924.82,-29.25,111
773,Exit short,2026-06-09 13:43,Opposite signal,4335.805,2,8664.5,-8.31,-0.10,1.2,21.26,0.25,-9.36,-0.11,-2933.13,-29.33,72
773,Entry short,2026-06-09 12:31,S833,4332.25,2,8664.5,-8.31,-0.10,1.2,21.26,0.25,-9.36,-0.11,-2933.13,-29.33,72
774,Exit long,2026-06-09 18:49,Opposite signal,4335.35,4,17327.04,11.96,0.07,2.4,54.24,0.31,-31.48,-0.18,-2921.17,-29.21,305
774,Entry long,2026-06-09 13:44,L834,4331.76,4,17327.04,11.96,0.07,2.4,54.24,0.31,-31.48,-0.18,-2921.17,-29.21,305
775,Exit short,2026-06-09 19:18,S835 exit,4346.62,4,17342.96,-45.92,-0.26,2.4,40.62,0.23,-44.72,-0.26,-2967.09,-29.67,28
775,Entry short,2026-06-09 18:50,S835,4335.74,4,17342.96,-45.92,-0.26,2.4,40.62,0.23,-44.72,-0.26,-2967.09,-29.67,28
776,Exit long,2026-06-09 19:43,L836 exit,4324.285,2,8704.27,-56.9,-0.65,1.2,0.52,0.01,-56.3,-0.65,-3023.99,-30.24,23
776,Entry long,2026-06-09 19:20,L836,4352.135,2,8704.27,-56.9,-0.65,1.2,0.52,0.01,-56.3,-0.65,-3023.99,-30.24,23
777,Exit long,2026-06-10 08:02,L838 exit,4177.27,5,20929.84,-46.49,-0.22,3,30.94,0.15,-44.99,-0.21,-3070.48,-30.70,2
777,Entry long,2026-06-10 08:00,L838,4185.968,5,20929.84,-46.49,-0.22,3,30.94,0.15,-44.99,-0.21,-3070.48,-30.70,2
778,Exit short,2026-06-10 11:04,Opposite signal,4192.535,3,12534.81,-44.59,-0.36,1.8,16.22,0.13,-45.91,-0.37,-3115.07,-31.15,181
778,Entry short,2026-06-10 08:03,S839,4178.27,3,12534.81,-44.59,-0.36,1.8,16.22,0.13,-45.91,-0.37,-3115.07,-31.15,181
779,Exit long,2026-06-10 13:33,L840 exit,4171.565,3,12564.291,-51.4,-0.41,1.8,100.82,0.80,-50.5,-0.40,-3166.47,-31.66,148
779,Entry long,2026-06-10 11:05,L840,4188.097,3,12564.291,-51.4,-0.41,1.8,100.82,0.80,-50.5,-0.40,-3166.47,-31.66,148
780,Exit short,2026-06-10 18:01,Opposite signal,4169.135,1,4172.565,2.83,0.07,0.6,41.65,1.00,-7.38,-0.18,-3163.64,-31.64,259
780,Entry short,2026-06-10 13:42,S841,4172.565,1,4172.565,2.83,0.07,0.6,41.65,1.00,-7.38,-0.18,-3163.64,-31.64,259
781,Exit long,2026-06-10 20:26,L842 exit,4129.62,1,4155.76,-26.74,-0.64,0.6,30.36,0.73,-26.44,-0.64,-3190.38,-31.90,144
781,Entry long,2026-06-10 18:02,L842,4155.76,1,4155.76,-26.74,-0.64,0.6,30.36,0.73,-26.44,-0.64,-3190.38,-31.90,144
782,Exit short,2026-06-11 02:00,Time flat,4078.4,1,4134.94,55.94,1.35,0.6,65.27,1.58,-2.42,-0.06,-3134.44,-31.34,329
782,Entry short,2026-06-10 20:31,S843,4134.94,1,4134.94,55.94,1.35,0.6,65.27,1.58,-2.42,-0.06,-3134.44,-31.34,329
783,Exit short,2026-06-11 23:00,S844 exit,4119.395,1,4066.315,-53.68,-1.32,0.6,13.04,0.32,-53.38,-1.31,-3188.12,-31.88,875
783,Entry short,2026-06-11 08:25,S844,4066.315,1,4066.315,-53.68,-1.32,0.6,13.04,0.32,-53.38,-1.31,-3188.12,-31.88,875
784,Exit short,2026-06-12 07:38,Opposite signal,4194.04,2,8416.578,27.3,0.32,1.2,73.17,0.87,-5.98,-0.07,-3160.82,-31.61,69
784,Entry short,2026-06-12 06:29,S845,4208.289,2,8416.578,27.3,0.32,1.2,73.17,0.87,-5.98,-0.07,-3160.82,-31.61,69
785,Exit long,2026-06-12 10:42,Opposite signal,4182.78,2,8387.76,-23.4,-0.28,1.2,21.63,0.26,-24.02,-0.29,-3184.22,-31.84,183
785,Entry long,2026-06-12 07:39,L846,4193.88,2,8387.76,-23.4,-0.28,1.2,21.63,0.26,-24.02,-0.29,-3184.22,-31.84,183
786,Exit short,2026-06-12 11:34,Opposite signal,4183.02,3,12563.325,12.47,0.10,1.8,49.41,0.39,-8.61,-0.07,-3171.75,-31.72,51
786,Entry short,2026-06-12 10:43,S847,4187.775,3,12563.325,12.47,0.10,1.8,49.41,0.39,-8.61,-0.07,-3171.75,-31.72,51
787,Exit long,2026-06-12 13:48,L848 exit,4217.545,4,16724.68,143.1,0.86,2.4,144.3,0.86,-44.72,-0.27,-3028.65,-30.29,133
787,Entry long,2026-06-12 11:35,L848,4181.17,4,16724.68,143.1,0.86,2.4,144.3,0.86,-44.72,-0.27,-3028.65,-30.29,133
788,Exit short,2026-06-12 18:47,Opposite signal,4201.445,3,12645.096,38.96,0.31,1.8,84.41,0.67,-12.11,-0.10,-2989.69,-29.90,173
788,Entry short,2026-06-12 15:54,S849,4215.032,3,12645.096,38.96,0.31,1.8,84.41,0.67,-12.11,-0.10,-2989.69,-29.90,173
789,Exit long,2026-06-12 19:11,Opposite signal,4191.42,3,12602.82,-30.36,-0.24,1.8,27.26,0.22,-30.13,-0.24,-3020.05,-30.20,11
789,Entry long,2026-06-12 19:00,L850,4200.94,3,12602.82,-30.36,-0.24,1.8,27.26,0.22,-30.13,-0.24,-3020.05,-30.20,11
790,Exit short,2026-06-12 20:23,Opposite signal,4195.055,2,8379.484,-11.83,-0.14,1.2,24.38,0.29,-22.57,-0.27,-3031.88,-30.32,69
790,Entry short,2026-06-12 19:14,S851,4189.742,2,8379.484,-11.83,-0.14,1.2,24.38,0.29,-22.57,-0.27,-3031.88,-30.32,69
791,Exit short,2026-06-15 12:35,Opposite signal,4310.625,5,21639.79,83.67,0.39,3,133.26,0.62,-26.96,-0.12,-2948.21,-29.48,240
791,Entry short,2026-06-15 08:35,S853,4327.958,5,21639.79,83.67,0.39,3,133.26,0.62,-26.96,-0.12,-2948.21,-29.48,240
792,Exit long,2026-06-15 14:04,L854 exit,4341.205,5,21547.925,155.1,0.72,3,156.6,0.73,-10.27,-0.05,-2793.11,-27.93,88
792,Entry long,2026-06-15 12:36,L854,4309.585,5,21547.925,155.1,0.72,3,156.6,0.73,-10.27,-0.05,-2793.11,-27.93,88
793,Exit short,2026-06-15 18:01,Opposite signal,4340.075,4,17343.548,-19.15,-0.11,2.4,43.15,0.25,-23.29,-0.13,-2812.27,-28.12,41
793,Entry short,2026-06-15 17:20,S855,4335.887,4,17343.548,-19.15,-0.11,2.4,43.15,0.25,-23.29,-0.13,-2812.27,-28.12,41
794,Exit short,2026-06-15 22:27,Opposite signal,4339.245,11,47691.908,-46.39,-0.10,6.6,0,0.00,-43.2,-0.09,-2858.65,-28.59,4
794,Entry short,2026-06-15 22:23,S857,4335.628,11,47691.908,-46.39,-0.10,6.6,0,0.00,-43.2,-0.09,-2858.65,-28.59,4
795,Exit long,2026-06-15 22:32,L858 exit,4333.65,9,39047.04,-49.59,-0.13,5.4,7.25,0.02,-46.89,-0.12,-2908.24,-29.08,4
795,Entry long,2026-06-15 22:28,L858,4338.56,9,39047.04,-49.59,-0.13,5.4,7.25,0.02,-46.89,-0.12,-2908.24,-29.08,4
796,Exit short,2026-06-15 23:48,Opposite signal,4325.325,7,30344.125,62.65,0.21,4.2,115.61,0.38,-6.54,-0.02,-2845.59,-28.46,71
796,Entry short,2026-06-15 22:37,S859,4334.875,7,30344.125,62.65,0.21,4.2,115.61,0.38,-6.54,-0.02,-2845.59,-28.46,71
797,Exit long,2026-06-16 14:51,Opposite signal,4340.235,3,12963.126,55.78,0.43,1.8,81.49,0.63,-40.93,-0.32,-2789.81,-27.90,497
797,Entry long,2026-06-16 06:34,L860,4321.042,3,12963.126,55.78,0.43,1.8,81.49,0.63,-40.93,-0.32,-2789.81,-27.90,497
798,Exit short,2026-06-16 16:21,Opposite signal,4348.705,5,21705.325,-41.2,-0.19,3,11.78,0.05,-40.6,-0.19,-2831.01,-28.31,89
798,Entry short,2026-06-16 14:52,S861,4341.065,5,21705.325,-41.2,-0.19,3,11.78,0.05,-40.6,-0.19,-2831.01,-28.31,89
799,Exit long,2026-06-16 16:34,L862 exit,4345.79,14,60879.728,-47.07,-0.08,8.4,1.23,0.00,-42.87,-0.07,-2878.08,-28.78,4
799,Entry long,2026-06-16 16:30,L862,4348.552,14,60879.728,-47.07,-0.08,8.4,1.23,0.00,-42.87,-0.07,-2878.08,-28.78,4
800,Exit long,2026-06-16 18:52,Opposite signal,4337.175,5,21715.61,-32.73,-0.15,3,57.64,0.27,-36.98,-0.17,-2910.82,-29.11,70
800,Entry long,2026-06-16 17:42,L864,4343.122,5,21715.61,-32.73,-0.15,3,57.64,0.27,-36.98,-0.17,-2910.82,-29.11,70
801,Exit short,2026-06-17 02:00,Time flat,4333.005,3,13012.5,11.69,0.09,1.8,71.64,0.55,-29.83,-0.23,-2899.13,-28.99,427
801,Entry short,2026-06-16 18:53,S865,4337.5,3,13012.5,11.69,0.09,1.8,71.64,0.55,-29.83,-0.23,-2899.13,-28.99,427
802,Exit long,2026-06-17 22:09,Opposite signal,4359.87,1,4351.397,7.87,0.18,0.6,14.86,0.34,-20.75,-0.48,-2891.26,-28.91,121
802,Entry long,2026-06-17 20:08,L866,4351.397,1,4351.397,7.87,0.18,0.6,14.86,0.34,-20.75,-0.48,-2891.26,-28.91,121
803,Exit short,2026-06-17 23:03,S867 exit,4367.555,7,30524.55,-52.53,-0.17,4.2,19.88,0.07,-50.43,-0.17,-2943.79,-29.44,23
803,Entry short,2026-06-17 22:40,S867,4360.65,7,30524.55,-52.53,-0.17,4.2,19.88,0.07,-50.43,-0.17,-2943.79,-29.44,23
804,Exit long,2026-06-19 09:01,L868 exit,4164.24,8,33355.304,-46.18,-0.14,4.8,0.82,0.00,-43.78,-0.13,-2989.98,-29.90,9
804,Entry long,2026-06-19 08:52,L868,4169.413,8,33355.304,-46.18,-0.14,4.8,0.82,0.00,-43.78,-0.13,-2989.98,-29.90,9
805,Exit short,2026-06-19 09:45,S869 exit,4142.185,7,29156.68,157.19,0.54,4.2,159.29,0.55,-5.46,-0.02,-2832.79,-28.33,41
805,Entry short,2026-06-19 09:04,S869,4165.24,7,29156.68,157.19,0.54,4.2,159.29,0.55,-5.46,-0.02,-2832.79,-28.33,41
806,Exit long,2026-06-19 15:39,Opposite signal,4154.8,5,20801.685,-30.68,-0.15,3,89.44,0.43,-38.48,-0.18,-2863.48,-28.63,131
806,Entry long,2026-06-19 13:28,L870,4160.337,5,20801.685,-30.68,-0.15,3,89.44,0.43,-38.48,-0.18,-2863.48,-28.63,131
807,Exit short,2026-06-19 17:11,Opposite signal,4150.285,2,8313.53,11.76,0.14,1.2,28.86,0.35,-3.54,-0.04,-2851.72,-28.52,91
807,Entry short,2026-06-19 15:40,S871,4156.765,2,8313.53,11.76,0.14,1.2,28.86,0.35,-3.54,-0.04,-2851.72,-28.52,91
808,Exit long,2026-06-19 18:18,Opposite signal,4148.64,6,24891.36,-3.12,-0.01,3.6,69.18,0.28,-4.83,-0.02,-2854.84,-28.55,66
808,Entry long,2026-06-19 17:12,L872,4148.56,6,24891.36,-3.12,-0.01,3.6,69.18,0.28,-4.83,-0.02,-2854.84,-28.55,66
809,Exit short,2026-06-19 18:21,S873 exit,4161.39,4,16600.5,-47.46,-0.29,2.4,3.32,0.02,-46.26,-0.28,-2902.3,-29.02,2
809,Entry short,2026-06-19 18:19,S873,4150.125,4,16600.5,-47.46,-0.29,2.4,3.32,0.02,-46.26,-0.28,-2902.3,-29.02,2
810,Exit long,2026-06-19 18:51,Opposite signal,4164.22,2,8331.736,-4.5,-0.05,1.2,33.91,0.41,-5.1,-0.06,-2906.79,-29.07,29
810,Entry long,2026-06-19 18:22,L874,4165.868,2,8331.736,-4.5,-0.05,1.2,33.91,0.41,-5.1,-0.06,-2906.79,-29.07,29
811,Exit short,2026-06-22 03:35,Time flat,4156.905,2,8331.14,16.13,0.19,1.2,45.45,0.55,-5.97,-0.07,-2890.66,-28.91,219
811,Entry short,2026-06-19 18:52,S875,4165.57,2,8331.14,16.13,0.19,1.2,45.45,0.55,-5.97,-0.07,-2890.66,-28.91,219
812,Exit short,2026-06-23 15:31,Opposite signal,4129.305,1,4161.64,31.74,0.76,0.6,70.31,1.69,-2.06,-0.05,-2858.93,-28.59,482
812,Entry short,2026-06-23 07:29,S876,4161.64,1,4161.64,31.74,0.76,0.6,70.31,1.69,-2.06,-0.05,-2858.93,-28.59,482
813,Exit long,2026-06-23 19:58,Opposite signal,4129.83,1,4122.867,6.36,0.15,0.6,22.05,0.53,-17.74,-0.43,-2852.57,-28.53,217
813,Entry long,2026-06-23 16:21,L877,4122.867,1,4122.867,6.36,0.15,0.6,22.05,0.53,-17.74,-0.43,-2852.57,-28.53,217
814,Exit short,2026-06-24 00:33,Opposite signal,4122.95,3,12395.37,24.72,0.20,1.8,55.83,0.45,-37.35,-0.30,-2827.85,-28.28,274
814,Entry short,2026-06-23 19:59,S878,4131.79,3,12395.37,24.72,0.20,1.8,55.83,0.45,-37.35,-0.30,-2827.85,-28.28,274
815,Exit short,2026-06-24 10:52,Opposite signal,4070.98,1,4080.895,9.32,0.23,0.6,30.13,0.74,-21.91,-0.54,-2818.53,-28.19,254
815,Entry short,2026-06-24 06:38,S879,4080.895,1,4080.895,9.32,0.23,0.6,30.13,0.74,-21.91,-0.54,-2818.53,-28.19,254
816,Exit long,2026-06-24 14:40,Opposite signal,4070.02,2,8154.594,-15.75,-0.19,1.2,40.27,0.49,-15.39,-0.19,-2834.28,-28.34,212
816,Entry long,2026-06-24 11:08,L880,4077.297,2,8154.594,-15.75,-0.19,1.2,40.27,0.49,-15.39,-0.19,-2834.28,-28.34,212
817,Exit short,2026-06-24 16:01,Opposite signal,4062.47,2,8142.69,16.55,0.20,1.2,31.69,0.39,-16.63,-0.20,-2817.73,-28.18,80
817,Entry short,2026-06-24 14:41,S881,4071.345,2,8142.69,16.55,0.20,1.2,31.69,0.39,-16.63,-0.20,-2817.73,-28.18,80
818,Exit long,2026-06-24 16:26,Opposite signal,4056.35,6,24367.848,-33.35,-0.14,3.6,32.11,0.13,-33.83,-0.14,-2851.08,-28.51,21
818,Entry long,2026-06-24 16:05,L882,4061.308,6,24367.848,-33.35,-0.14,3.6,32.11,0.13,-33.83,-0.14,-2851.08,-28.51,21
819,Exit short,2026-06-24 17:55,S883 exit,4020.36,4,16227.12,143.28,0.88,2.4,144.48,0.89,-8.54,-0.05,-2707.8,-27.08,88
819,Entry short,2026-06-24 16:27,S883,4056.78,4,16227.12,143.28,0.88,2.4,144.48,0.89,-8.54,-0.05,-2707.8,-27.08,88
820,Exit long,2026-06-24 23:33,L884 exit,3963.645,2,7976.892,-50.8,-0.64,1.2,107.03,1.34,-50.2,-0.63,-2758.6,-27.59,269
820,Entry long,2026-06-24 19:04,L884,3988.446,2,7976.892,-50.8,-0.64,1.2,107.03,1.34,-50.2,-0.63,-2758.6,-27.59,269
821,Exit short,2026-06-26 00:00,Opposite signal,4044.14,4,16135.08,-43.88,-0.27,2.4,38.36,0.24,-42.68,-0.26,-2802.48,-28.02,111
821,Entry short,2026-06-25 22:09,S886,4033.77,4,16135.08,-43.88,-0.27,2.4,38.36,0.24,-42.68,-0.26,-2802.48,-28.02,111
822,Exit long,2026-06-26 15:50,Opposite signal,4044.56,4,16150.704,25.14,0.16,2.4,64.74,0.40,-13.62,-0.08,-2777.35,-27.77,67
822,Entry long,2026-06-26 14:43,L887,4037.676,4,16150.704,25.14,0.16,2.4,64.74,0.40,-13.62,-0.08,-2777.35,-27.77,67
823,Exit short,2026-06-26 16:05,Opposite signal,4054.225,5,20226.675,-47.45,-0.23,3,3.45,0.02,-47.77,-0.24,-2824.8,-28.25,9
823,Entry short,2026-06-26 15:56,S888,4045.335,5,20226.675,-47.45,-0.23,3,3.45,0.02,-47.77,-0.24,-2824.8,-28.25,9
824,Exit long,2026-06-26 17:14,Opposite signal,4046.755,5,20255.775,-25,-0.12,3,21.53,0.11,-26.57,-0.13,-2849.8,-28.50,68
824,Entry long,2026-06-26 16:06,L889,4051.155,5,20255.775,-25,-0.12,3,21.53,0.11,-26.57,-0.13,-2849.8,-28.50,68
825,Exit short,2026-06-26 18:27,S890 exit,4056.76,5,20234.225,-52.57,-0.26,3,53.05,0.26,-51.07,-0.25,-2902.37,-29.02,72
825,Entry short,2026-06-26 17:15,S890,4046.845,5,20234.225,-52.57,-0.26,3,53.05,0.26,-51.07,-0.25,-2902.37,-29.02,72
826,Exit long,2026-06-26 23:00,Weekend flat,4081.625,2,8117.162,44.89,0.55,1.2,74.21,0.91,-31.3,-0.39,-2857.49,-28.57,269
826,Entry long,2026-06-26 18:31,L891,4058.581,2,8117.162,44.89,0.55,1.2,74.21,0.91,-31.3,-0.39,-2857.49,-28.57,269
827,Exit long,2026-06-29 11:00,L892 exit,4047.15,3,12193.938,-54.29,-0.45,1.8,33.21,0.27,-53.39,-0.44,-2911.77,-29.12,282
827,Entry long,2026-06-29 06:18,L892,4064.646,3,12193.938,-54.29,-0.45,1.8,33.21,0.27,-53.39,-0.44,-2911.77,-29.12,282
828,Exit short,2026-06-30 02:00,Time flat,4017.92,2,8096.3,59.26,0.73,1.2,95.05,1.17,-41.96,-0.52,-2852.51,-28.53,888
828,Entry short,2026-06-29 11:12,S893,4048.15,2,8096.3,59.26,0.73,1.2,95.05,1.17,-41.96,-0.52,-2852.51,-28.53,888
829,Exit short,2026-06-30 14:36,Opposite signal,4019.84,4,16102.3,20.54,0.13,2.4,45.9,0.29,-6.36,-0.04,-2831.97,-28.32,54
829,Entry short,2026-06-30 13:42,S895,4025.575,4,16102.3,20.54,0.13,2.4,45.9,0.29,-6.36,-0.04,-2831.97,-28.32,54
830,Exit long,2026-06-30 15:01,Opposite signal,4016.635,6,24119.316,-23.11,-0.10,3.6,15.74,0.07,-24.28,-0.10,-2855.08,-28.55,23
830,Entry long,2026-06-30 14:38,L896,4019.886,6,24119.316,-23.11,-0.10,3.6,15.74,0.07,-24.28,-0.10,-2855.08,-28.55,23
831,Exit short,2026-06-30 15:28,Opposite signal,4023.11,7,28118.86,-47.11,-0.17,4.2,10.75,0.04,-46.06,-0.16,-2902.19,-29.02,20
831,Entry short,2026-06-30 15:08,S897,4016.98,7,28118.86,-47.11,-0.17,4.2,10.75,0.04,-46.06,-0.16,-2902.19,-29.02,20
832,Exit long,2026-06-30 17:40,Opposite signal,4028.415,5,20103.785,35.29,0.18,3,81.86,0.41,-3.91,-0.02,-2866.9,-28.67,131
832,Entry long,2026-06-30 15:29,L898,4020.757,5,20103.785,35.29,0.18,3,81.86,0.41,-3.91,-0.02,-2866.9,-28.67,131
833,Exit short,2026-06-30 18:38,Opposite signal,4020.605,5,20142.275,36.25,0.18,3,97.08,0.48,-3.02,-0.02,-2830.65,-28.31,52
833,Entry short,2026-06-30 17:46,S899,4028.455,5,20142.275,36.25,0.18,3,97.08,0.48,-3.02,-0.02,-2830.65,-28.31,52
834,Exit long,2026-07-01 01:58,Opposite signal,4013.165,2,8054.56,-29.43,-0.37,1.2,71.8,0.89,-29.21,-0.36,-2860.08,-28.60,427
834,Entry long,2026-06-30 18:51,L900,4027.28,2,8054.56,-29.43,-0.37,1.2,71.8,0.89,-29.21,-0.36,-2860.08,-28.60,427
835,Exit long,2026-07-01 07:04,Opposite signal,3978.175,5,19917.35,-29.47,-0.15,3,25,0.13,-30.25,-0.15,-2889.55,-28.90,10
835,Entry long,2026-07-01 06:54,L901,3983.47,5,19917.35,-29.47,-0.15,3,25,0.13,-30.25,-0.15,-2889.55,-28.90,10
836,Exit short,2026-07-01 08:01,Opposite signal,3983.975,6,23891.61,-15.84,-0.07,3.6,67.44,0.28,-15.03,-0.06,-2905.39,-29.05,44
836,Entry short,2026-07-01 07:17,S902,3981.935,6,23891.61,-15.84,-0.07,3.6,67.44,0.28,-15.03,-0.06,-2905.39,-29.05,44
837,Exit long,2026-07-01 09:03,Opposite signal,3977.75,4,15929.144,-20.54,-0.13,2.4,18.04,0.11,-19.56,-0.12,-2925.94,-29.26,52
837,Entry long,2026-07-01 08:11,L903,3982.286,4,15929.144,-20.54,-0.13,2.4,18.04,0.11,-19.56,-0.12,-2925.94,-29.26,52
838,Exit short,2026-07-01 10:22,Opposite signal,3981.2,5,19892.825,-16.17,-0.08,3,28.75,0.14,-20.92,-0.11,-2942.11,-29.42,77
838,Entry short,2026-07-01 09:05,S904,3978.565,5,19892.825,-16.17,-0.08,3,28.75,0.14,-20.92,-0.11,-2942.11,-29.42,77
839,Exit long,2026-07-01 10:41,Opposite signal,3972.335,6,23876.442,-46.03,-0.19,3.6,19.67,0.08,-48.91,-0.20,-2988.15,-29.88,18
839,Entry long,2026-07-01 10:23,L905,3979.407,6,23876.442,-46.03,-0.19,3.6,19.67,0.08,-48.91,-0.20,-2988.15,-29.88,18
840,Exit short,2026-07-01 13:27,Opposite signal,3974.95,4,15890.06,-12.14,-0.08,2.4,47.76,0.30,-27.74,-0.17,-3000.29,-30.00,160
840,Entry short,2026-07-01 10:47,S906,3972.515,4,15890.06,-12.14,-0.08,2.4,47.76,0.30,-27.74,-0.17,-3000.29,-30.00,160
841,Exit long,2026-07-01 15:49,Opposite signal,3982.695,3,11922.021,24.26,0.20,1.8,46.15,0.39,-14.53,-0.12,-2976.02,-29.76,139
841,Entry long,2026-07-01 13:30,L907,3974.007,3,11922.021,24.26,0.20,1.8,46.15,0.39,-14.53,-0.12,-2976.02,-29.76,139
842,Exit short,2026-07-01 16:03,Opposite signal,3990.16,6,23898.9,-45.66,-0.19,3.6,2.01,0.01,-44.34,-0.19,-3021.68,-30.22,11
842,Entry short,2026-07-01 15:52,S908,3983.15,6,23898.9,-45.66,-0.19,3.6,2.01,0.01,-44.34,-0.19,-3021.68,-30.22,11
843,Exit long,2026-07-01 16:48,L909 exit,4020.405,5,19948.365,150.66,0.76,3,152.16,0.76,-16.71,-0.08,-2871.02,-28.71,42
843,Entry long,2026-07-01 16:06,L909,3989.673,5,19948.365,150.66,0.76,3,152.16,0.76,-16.71,-0.08,-2871.02,-28.71,42
844,Exit short,2026-07-01 21:20,S910 exit,4085.965,6,24472.824,-46.57,-0.19,3.6,1.1,0.00,-44.77,-0.18,-2917.59,-29.18,14
844,Entry short,2026-07-01 21:06,S910,4078.804,6,24472.824,-46.57,-0.19,3.6,1.1,0.00,-44.77,-0.18,-2917.59,-29.18,14
845,Exit long,2026-07-01 22:04,L911 exit,4075.75,5,20424.825,-49.07,-0.24,3,15.85,0.08,-47.57,-0.23,-2966.66,-29.67,42
845,Entry long,2026-07-01 21:22,L911,4084.965,5,20424.825,-49.07,-0.24,3,15.85,0.08,-47.57,-0.23,-2966.66,-29.67,42
846,Exit short,2026-07-02 00:35,Opposite signal,4066.215,4,16314.668,47.41,0.29,2.4,82.01,0.50,-8.11,-0.05,-2919.25,-29.19,149
846,Entry short,2026-07-01 22:06,S912,4078.667,4,16314.668,47.41,0.29,2.4,82.01,0.50,-8.11,-0.05,-2919.25,-29.19,149
847,Exit long,2026-07-02 12:14,Opposite signal,4066.69,1,4068.365,-2.27,-0.06,0.6,11.26,0.28,-15.42,-0.38,-2921.53,-29.22,174
847,Entry long,2026-07-02 09:20,L913,4068.365,1,4068.365,-2.27,-0.06,0.6,11.26,0.28,-15.42,-0.38,-2921.53,-29.22,174
848,Exit short,2026-07-02 13:53,Opposite signal,4077.405,4,16278.388,-33.63,-0.21,2.4,33.93,0.21,-32.53,-0.20,-2955.16,-29.55,97
848,Entry short,2026-07-02 12:16,S914,4069.597,4,16278.388,-33.63,-0.21,2.4,33.93,0.21,-32.53,-0.20,-2955.16,-29.55,97
849,Exit long,2026-07-02 14:37,Opposite signal,4072.04,3,12226.035,-11.71,-0.10,1.8,13.43,0.11,-11.17,-0.09,-2966.88,-29.67,43
849,Entry long,2026-07-02 13:54,L915,4075.345,3,12226.035,-11.71,-0.10,1.8,13.43,0.11,-11.17,-0.09,-2966.88,-29.67,43
850,Exit short,2026-07-02 17:14,Opposite signal,4071.16,5,20360.625,1.83,0.01,3,71.93,0.35,-9.97,-0.05,-2965.05,-29.65,152
850,Entry short,2026-07-02 14:42,S916,4072.125,5,20360.625,1.83,0.01,3,71.93,0.35,-9.97,-0.05,-2965.05,-29.65,152
851,Exit long,2026-07-02 17:48,Opposite signal,4062.655,4,16272.68,-24.46,-0.15,2.4,20.98,0.13,-28.64,-0.18,-2989.51,-29.90,32
851,Entry long,2026-07-02 17:16,L917,4068.17,4,16272.68,-24.46,-0.15,2.4,20.98,0.13,-28.64,-0.18,-2989.51,-29.90,32
852,Exit short,2026-07-02 18:00,S918 exit,4074.715,5,20323.69,-52.88,-0.26,3,7.22,0.04,-51.38,-0.25,-3042.4,-30.42,10
852,Entry short,2026-07-02 17:50,S918,4064.738,5,20323.69,-52.88,-0.26,3,7.22,0.04,-51.38,-0.25,-3042.4,-30.42,10
853,Exit short,2026-07-03 02:00,Time flat,4123.72,1,4111.287,-13.03,-0.32,0.6,5.13,0.12,-16.1,-0.39,-3055.43,-30.55,230
853,Entry short,2026-07-02 22:10,S920,4111.287,1,4111.287,-13.03,-0.32,0.6,5.13,0.12,-16.1,-0.39,-3055.43,-30.55,230
854,Exit short,2026-07-06 13:11,S922 exit,4161.705,4,16595.196,-54.02,-0.33,2.4,10.36,0.06,-52.82,-0.32,-3109.45,-31.09,101
854,Entry short,2026-07-06 11:30,S922,4148.799,4,16595.196,-54.02,-0.33,2.4,10.36,0.06,-52.82,-0.32,-3109.45,-31.09,101
855,Exit long,2026-07-06 14:56,L923 exit,4143.83,3,12483.291,-53.6,-0.43,1.8,4.9,0.04,-52.7,-0.42,-3163.05,-31.63,82
855,Entry long,2026-07-06 13:34,L923,4161.097,3,12483.291,-53.6,-0.43,1.8,4.9,0.04,-52.7,-0.42,-3163.05,-31.63,82
856,Exit short,2026-07-06 21:00,Opposite signal,4150.725,2,8289.66,-12.99,-0.16,1.2,32.04,0.39,-30.14,-0.36,-3176.04,-31.76,329
856,Entry short,2026-07-06 15:31,S924,4144.83,2,8289.66,-12.99,-0.16,1.2,32.04,0.39,-30.14,-0.36,-3176.04,-31.76,329
857,Exit long,2026-07-07 02:00,Time flat,4163.005,3,12438.798,48.42,0.39,1.8,63.07,0.51,-18.81,-0.15,-3127.63,-31.28,278
857,Entry long,2026-07-06 21:22,L925,4146.266,3,12438.798,48.42,0.39,1.8,63.07,0.51,-18.81,-0.15,-3127.63,-31.28,278
858,Exit long,2026-07-07 14:24,Opposite signal,4122.055,4,16515.788,-29.97,-0.18,2.4,40.59,0.25,-29.23,-0.18,-3157.6,-31.58,128
858,Entry long,2026-07-07 12:16,L926,4128.947,4,16515.788,-29.97,-0.18,2.4,40.59,0.25,-29.23,-0.18,-3157.6,-31.58,128
859,Exit short,2026-07-07 15:06,Opposite signal,4131.455,3,12373.605,-22.56,-0.18,1.8,13.28,0.11,-22.63,-0.18,-3180.16,-31.80,40
859,Entry short,2026-07-07 14:26,S927,4124.535,3,12373.605,-22.56,-0.18,1.8,13.28,0.11,-22.63,-0.18,-3180.16,-31.80,40
860,Exit long,2026-07-07 15:18,L928 exit,4127.915,9,37193.877,-48.04,-0.13,5.4,0,0.00,-45.34,-0.12,-3228.2,-32.28,3
860,Entry long,2026-07-07 15:15,L928,4132.653,9,37193.877,-48.04,-0.13,5.4,0,0.00,-45.34,-0.12,-3228.2,-32.28,3
861,Exit short,2026-07-07 15:44,Opposite signal,4134.62,7,28902.405,-44.13,-0.15,4.2,24.57,0.09,-43.96,-0.15,-3272.33,-32.72,25
861,Entry short,2026-07-07 15:19,S929,4128.915,7,28902.405,-44.13,-0.15,4.2,24.57,0.09,-43.96,-0.15,-3272.33,-32.72,25
862,Exit long,2026-07-07 17:36,L930 exit,4161.15,5,20662.85,139.9,0.68,3,141.4,0.68,-5.15,-0.02,-3132.43,-31.32,111
862,Entry long,2026-07-07 15:45,L930,4132.57,5,20662.85,139.9,0.68,3,141.4,0.68,-5.15,-0.02,-3132.43,-31.32,111
863,Exit short,2026-07-08 00:45,S931 exit,4101.56,3,12486.75,180.27,1.44,1.8,181.17,1.45,-6,-0.05,-2952.16,-29.52,315
863,Entry short,2026-07-07 19:30,S931,4162.25,3,12486.75,180.27,1.44,1.8,181.17,1.45,-6,-0.05,-2952.16,-29.52,315
864,Exit long,2026-07-08 19:36,Opposite signal,4065.6,2,8129.554,0.45,0.01,1.2,42.74,0.53,-12.38,-0.15,-2951.72,-29.52,137
864,Entry long,2026-07-08 17:19,L932,4064.777,2,8129.554,0.45,0.01,1.2,42.74,0.53,-12.38,-0.15,-2951.72,-29.52,137
865,Exit short,2026-07-08 22:11,Opposite signal,4048.735,2,8131.67,33,0.41,1.2,87.44,1.08,-0.63,-0.01,-2918.72,-29.19,152
865,Entry short,2026-07-08 19:39,S933,4065.835,2,8131.67,33,0.41,1.2,87.44,1.08,-0.63,-0.01,-2918.72,-29.19,152
866,Exit long,2026-07-09 02:00,Time flat,4076.89,6,24401.28,56.46,0.23,3.6,146.94,0.60,-22.08,-0.09,-2862.26,-28.62,202
866,Entry long,2026-07-08 22:38,L934,4066.88,6,24401.28,56.46,0.23,3.6,146.94,0.60,-22.08,-0.09,-2862.26,-28.62,202
867,Exit short,2026-07-09 11:30,S935 exit,4092.67,2,8127.436,-59.1,-0.73,1.2,13.93,0.17,-58.5,-0.72,-2921.36,-29.21,121
867,Entry short,2026-07-09 09:29,S935,4063.718,2,8127.436,-59.1,-0.73,1.2,13.93,0.17,-58.5,-0.72,-2921.36,-29.21,121
868,Exit long,2026-07-09 15:13,Opposite signal,4104.145,1,4091.67,11.88,0.29,0.6,26.04,0.64,-3.84,-0.09,-2909.49,-29.09,220
868,Entry long,2026-07-09 11:33,L936,4091.67,1,4091.67,11.88,0.29,0.6,26.04,0.64,-3.84,-0.09,-2909.49,-29.09,220
869,Exit short,2026-07-09 17:38,Opposite signal,4112.585,4,16427.276,-25.46,-0.15,2.4,50.66,0.31,-25,-0.15,-2934.95,-29.35,131
869,Entry short,2026-07-09 15:27,S937,4106.819,4,16427.276,-25.46,-0.15,2.4,50.66,0.31,-25,-0.15,-2934.95,-29.35,131
870,Exit long,2026-07-09 19:46,Opposite signal,4117.105,3,12330.66,18.86,0.15,1.8,78.26,0.63,-15.88,-0.13,-2916.09,-29.16,119
870,Entry long,2026-07-09 17:47,L938,4110.22,3,12330.66,18.86,0.15,1.8,78.26,0.63,-15.88,-0.13,-2916.09,-29.16,119
871,Exit short,2026-07-09 22:02,S939 exit,4137.605,3,12363.759,-50.86,-0.41,1.8,19.94,0.16,-49.96,-0.40,-2966.95,-29.67,135
871,Entry short,2026-07-09 19:47,S939,4121.253,3,12363.759,-50.86,-0.41,1.8,19.94,0.16,-49.96,-0.40,-2966.95,-29.67,135
872,Exit long,2026-07-10 02:00,Time flat,4121.205,2,8273.21,-32,-0.39,1.2,2.31,0.03,-35.99,-0.43,-2998.95,-29.99,237
872,Entry long,2026-07-09 22:03,L940,4136.605,2,8273.21,-32,-0.39,1.2,2.31,0.03,-35.99,-0.43,-2998.95,-29.99,237
873,Exit short,2026-07-10 15:54,Opposite signal,4110.225,2,8232.11,10.46,0.13,1.2,42.44,0.52,-38.33,-0.47,-2988.49,-29.88,511
873,Entry short,2026-07-10 07:23,S941,4116.055,2,8232.11,10.46,0.13,1.2,42.44,0.52,-38.33,-0.47,-2988.49,-29.88,511
874,Exit long,2026-07-10 18:57,Opposite signal,4095.93,3,12330.375,-44.38,-0.36,1.8,21.48,0.17,-44.1,-0.36,-3032.88,-30.33,182
874,Entry long,2026-07-10 15:55,L942,4110.125,3,12330.375,-44.38,-0.36,1.8,21.48,0.17,-44.1,-0.36,-3032.88,-30.33,182
875,Exit short,2026-07-10 23:00,Weekend flat,4105.715,2,8187.576,-25.05,-0.31,1.2,41.38,0.51,-44.04,-0.54,-3057.93,-30.58,239
875,Entry short,2026-07-10 19:01,S943,4093.788,2,8187.576,-25.05,-0.31,1.2,41.38,0.51,-44.04,-0.54,-3057.93,-30.58,239
876,Exit long,2026-07-13 11:34,L944 exit,4049.465,3,12202.704,-56.11,-0.46,1.8,0,0.00,-55.21,-0.45,-3114.04,-31.14,49
876,Entry long,2026-07-13 10:45,L944,4067.568,3,12202.704,-56.11,-0.46,1.8,0,0.00,-55.21,-0.45,-3114.04,-31.14,49
877,Exit short,2026-07-13 13:42,S945 exit,4074.27,2,8100.93,-48.81,-0.60,1.2,2.24,0.03,-48.21,-0.60,-3162.85,-31.63,124
877,Entry short,2026-07-13 11:38,S945,4050.465,2,8100.93,-48.81,-0.60,1.2,2.24,0.03,-48.21,-0.60,-3162.85,-31.63,124
878,Exit long,2026-07-13 19:21,L946 exit,4043.06,2,8143.296,-58.38,-0.72,1.2,3.87,0.05,-57.78,-0.71,-3221.22,-32.21,262
878,Entry long,2026-07-13 14:59,L946,4071.648,2,8143.296,-58.38,-0.72,1.2,3.87,0.05,-57.78,-0.71,-3221.22,-32.21,262
879,Exit short,2026-07-14 00:22,Opposite signal,4002.875,1,4044.06,40.59,1.00,0.6,57.18,1.41,-3.26,-0.08,-3180.64,-31.81,292
879,Entry short,2026-07-13 19:30,S947,4044.06,1,4044.06,40.59,1.00,0.6,57.18,1.41,-3.26,-0.08,-3180.64,-31.81,292
880,Exit long,2026-07-14 13:40,Opposite signal,4016.135,3,12004.329,42.28,0.35,1.8,97.52,0.81,-28.93,-0.24,-3138.36,-31.38,430
880,Entry long,2026-07-14 06:30,L948,4001.443,3,12004.329,42.28,0.35,1.8,97.52,0.81,-28.93,-0.24,-3138.36,-31.38,430
881,Exit short,2026-07-14 17:33,S949 exit,4035.25,3,12053.52,-54.03,-0.45,1.8,10.85,0.09,-53.13,-0.44,-3192.39,-31.92,232
881,Entry short,2026-07-14 13:41,S949,4017.84,3,12053.52,-54.03,-0.45,1.8,10.85,0.09,-53.13,-0.44,-3192.39,-31.92,232
882,Exit long,2026-07-14 18:00,L950 exit,4086,3,12091.419,164.78,1.36,1.8,165.68,1.37,-22.33,-0.18,-3027.61,-30.28,26
882,Entry long,2026-07-14 17:34,L950,4030.473,3,12091.419,164.78,1.36,1.8,165.68,1.37,-22.33,-0.18,-3027.61,-30.28,26
883,Exit long,2026-07-15 18:07,L952 exit,4062.255,4,16108.8,137.82,0.86,2.4,139.02,0.86,-10.88,-0.07,-2889.79,-28.90,246
883,Entry long,2026-07-15 14:01,L952,4027.2,4,16108.8,137.82,0.86,2.4,139.02,0.86,-10.88,-0.07,-2889.79,-28.90,246
884,Exit short,2026-07-15 22:33,Opposite signal,4038.52,5,20151.85,-43.75,-0.22,3,15.63,0.08,-42.92,-0.21,-2933.54,-29.34,27
884,Entry short,2026-07-15 22:06,S953,4030.37,5,20151.85,-43.75,-0.22,3,15.63,0.08,-42.92,-0.21,-2933.54,-29.34,27
885,Exit long,2026-07-16 00:00,L954 exit,4076.485,4,16151.44,152.1,0.94,2.4,153.3,0.95,-19.3,-0.12,-2781.44,-27.81,85
885,Entry long,2026-07-15 22:35,L954,4037.86,4,16151.44,152.1,0.94,2.4,153.3,0.95,-19.3,-0.12,-2781.44,-27.81,85
886,Exit long,2026-07-16 07:39,L955 exit,4033.075,4,16176.44,-46.54,-0.29,2.4,7.14,0.04,-45.34,-0.28,-2827.98,-28.28,29
886,Entry long,2026-07-16 07:10,L955,4044.11,4,16176.44,-46.54,-0.29,2.4,7.14,0.04,-45.34,-0.28,-2827.98,-28.28,29
887,Exit short,2026-07-16 09:21,Opposite signal,4036.535,3,12099.402,-12,-0.10,1.8,25.69,0.21,-11.16,-0.09,-2839.99,-28.40,93
887,Entry short,2026-07-16 07:48,S956,4033.134,3,12099.402,-12,-0.10,1.8,25.69,0.21,-11.16,-0.09,-2839.99,-28.40,93
888,Exit long,2026-07-16 12:08,Opposite signal,4023.965,4,16140.6,-47.14,-0.29,2.4,10.38,0.06,-48.36,-0.30,-2887.13,-28.87,166
888,Entry long,2026-07-16 09:22,L957,4035.15,4,16140.6,-47.14,-0.29,2.4,10.38,0.06,-48.36,-0.30,-2887.13,-28.87,166
889,Exit short,2026-07-16 17:16,S958 exit,4039.045,4,16107.676,-50.9,-0.32,2.4,20.98,0.13,-49.7,-0.31,-2938.03,-29.38,307
889,Entry short,2026-07-16 12:09,S958,4026.919,4,16107.676,-50.9,-0.32,2.4,20.98,0.13,-49.7,-0.31,-2938.03,-29.38,307
890,Exit long,2026-07-16 17:46,L959 exit,4020.375,3,12113.94,-54.61,-0.45,1.8,15.24,0.13,-53.71,-0.44,-2992.64,-29.93,29
890,Entry long,2026-07-16 17:17,L959,4037.98,3,12113.94,-54.61,-0.45,1.8,15.24,0.13,-53.71,-0.44,-2992.64,-29.93,29
891,Exit short,2026-07-17 02:00,Time flat,3975.02,2,8041.054,89.81,1.12,1.2,101.76,1.27,-19.24,-0.24,-2902.83,-29.03,493
891,Entry short,2026-07-16 17:47,S960,4020.527,2,8041.054,89.81,1.12,1.2,101.76,1.27,-19.24,-0.24,-2902.83,-29.03,493
892,Exit long,2026-07-17 23:00,Weekend flat,4013.97,4,16051.7,1.78,0.01,2.4,42.44,0.26,-15.56,-0.10,-2901.05,-29.01,118
892,Entry long,2026-07-17 21:02,L961,4012.925,4,16051.7,1.78,0.01,2.4,42.44,0.26,-15.56,-0.10,-2901.05,-29.01,118
893,Exit short,2026-07-20 08:18,S962 exit,4022.1,2,8004.28,-41.12,-0.51,1.2,7.99,0.10,-40.52,-0.51,-2942.17,-29.42,63
893,Entry short,2026-07-20 07:15,S962,4002.14,2,8004.28,-41.12,-0.51,1.2,7.99,0.10,-40.52,-0.51,-2942.17,-29.42,63
894,Exit long,2026-07-20 17:34,Opposite signal,4014.41,2,8042.2,-14.58,-0.18,1.2,38.83,0.48,-38.43,-0.48,-2956.75,-29.57,553
894,Entry long,2026-07-20 08:21,L963,4021.1,2,8042.2,-14.58,-0.18,1.2,38.83,0.48,-38.43,-0.48,-2956.75,-29.57,553
895,Exit short,2026-07-20 20:40,Opposite signal,4019.555,2,8030.166,-10.14,-0.13,1.2,32.91,0.41,-9.69,-0.12,-2966.89,-29.67,143
895,Entry short,2026-07-20 18:17,S964,4015.083,2,8030.166,-10.14,-0.13,1.2,32.91,0.41,-9.69,-0.12,-2966.89,-29.67,143
896,Exit long,2026-07-21 02:00,Time flat,4008.385,3,12042.915,-19.56,-0.16,1.8,11.34,0.09,-39.08,-0.32,-2986.45,-29.86,319
896,Entry long,2026-07-20 20:41,L965,4014.305,3,12042.915,-19.56,-0.16,1.8,11.34,0.09,-39.08,-0.32,-2986.45,-29.86,319
897,Exit short,2026-07-21 15:24,Opposite signal,4069.125,4,16287.168,8.27,0.05,2.4,49.27,0.30,-16.13,-0.10,-2978.19,-29.78,141
897,Entry short,2026-07-21 13:03,S966,4071.792,4,16287.168,8.27,0.05,2.4,49.27,0.30,-16.13,-0.10,-2978.19,-29.78,141
898,Exit long,2026-07-21 16:33,Opposite signal,4060.995,4,16275.08,-33.5,-0.21,2.4,4.66,0.03,-36.36,-0.22,-3011.69,-30.12,68
898,Entry long,2026-07-21 15:25,L967,4068.77,4,16275.08,-33.5,-0.21,2.4,4.66,0.03,-36.36,-0.22,-3011.69,-30.12,68
899,Exit short,2026-07-21 17:54,Opposite signal,4062.39,4,16236.616,-15.34,-0.09,2.4,17.34,0.11,-14.88,-0.09,-3027.03,-30.27,72
899,Entry short,2026-07-21 16:42,S968,4059.154,4,16236.616,-15.34,-0.09,2.4,17.34,0.11,-14.88,-0.09,-3027.03,-30.27,72
900,Exit long,2026-07-21 18:11,L969 exit,4053.52,6,24367.8,-50.28,-0.21,3.6,13.26,0.05,-48.48,-0.20,-3077.31,-30.77,16
900,Entry long,2026-07-21 17:55,L969,4061.3,6,24367.8,-50.28,-0.21,3.6,13.26,0.05,-48.48,-0.20,-3077.31,-30.77,16
901,Exit short,2026-07-21 19:37,Opposite signal,4058.525,4,16219.492,-17.01,-0.10,2.4,39.39,0.24,-30.69,-0.19,-3094.32,-30.94,82
901,Entry short,2026-07-21 18:15,S970,4054.873,4,16219.492,-17.01,-0.10,2.4,39.39,0.24,-30.69,-0.19,-3094.32,-30.94,82
902,Exit long,2026-07-22 02:00,Time flat,4082.825,3,12168.195,78.48,0.64,1.8,92.31,0.76,-5.46,-0.04,-3015.84,-30.16,382
902,Entry long,2026-07-21 19:38,L971,4056.065,3,12168.195,78.48,0.64,1.8,92.31,0.76,-5.46,-0.04,-3015.84,-30.16,382
903,Exit short,2026-07-22 11:08,Opposite signal,4131.555,6,24809.814,16.88,0.07,3.6,69.53,0.28,-6.91,-0.03,-2998.95,-29.99,120
903,Entry short,2026-07-22 09:08,S972,4134.969,6,24809.814,16.88,0.07,3.6,69.53,0.28,-6.91,-0.03,-2998.95,-29.99,120
904,Exit long,2026-07-22 11:54,Opposite signal,4126.155,6,24780.39,-27.06,-0.11,3.6,30.3,0.12,-25.8,-0.10,-3026.01,-30.26,30
904,Entry long,2026-07-22 11:24,L973,4130.065,6,24780.39,-27.06,-0.11,3.6,30.3,0.12,-25.8,-0.10,-3026.01,-30.26,30
905,Exit short,2026-07-22 12:52,Opposite signal,4121.135,3,12358.242,-6.96,-0.06,1.8,21.76,0.18,-10.25,-0.08,-3032.98,-30.33,52
905,Entry short,2026-07-22 12:00,S974,4119.414,3,12358.242,-6.96,-0.06,1.8,21.76,0.18,-10.25,-0.08,-3032.98,-30.33,52
906,Exit long,2026-07-22 13:13,Opposite signal,4111.3,5,20599.35,-45.85,-0.22,3,14.48,0.07,-45.05,-0.22,-3078.83,-30.79,20
906,Entry long,2026-07-22 12:53,L975,4119.87,5,20599.35,-45.85,-0.22,3,14.48,0.07,-45.05,-0.22,-3078.83,-30.79,20
907,Exit short,2026-07-22 17:30,S976 exit,4124.065,4,16452.436,-46.22,-0.28,2.4,13.66,0.08,-45.02,-0.27,-3125.05,-31.25,252
907,Entry short,2026-07-22 13:18,S976,4113.109,4,16452.436,-46.22,-0.28,2.4,13.66,0.08,-45.02,-0.27,-3125.05,-31.25,252
908,Exit long,2026-07-22 18:26,L977 exit,4108.395,3,12369.195,-45.81,-0.37,1.8,0,0.00,-44.91,-0.36,-3170.86,-31.71,10
908,Entry long,2026-07-22 18:16,L977,4123.065,3,12369.195,-45.81,-0.37,1.8,0,0.00,-44.91,-0.36,-3170.86,-31.71,10
909,Exit short,2026-07-22 22:59,Opposite signal,4145.945,12,49723.608,-34.93,-0.07,7.2,0,0.00,-35.29,-0.07,-3205.79,-32.06,9
909,Entry short,2026-07-22 22:50,S978,4143.634,12,49723.608,-34.93,-0.07,7.2,0,0.00,-35.29,-0.07,-3205.79,-32.06,9
910,Exit short,2026-07-23 17:02,S980 exit,4080.48,3,12382.641,139.4,1.13,1.8,140.3,1.13,-18.01,-0.15,-3066.39,-30.66,590
910,Entry short,2026-07-23 07:12,S980,4127.547,3,12382.641,139.4,1.13,1.8,140.3,1.13,-18.01,-0.15,-3066.39,-30.66,590
911,Exit long,2026-07-24 16:13,Opposite signal,4059.275,3,12104.709,71.32,0.59,1.8,86.47,0.71,-10.24,-0.08,-2995.08,-29.95,253
911,Entry long,2026-07-24 12:00,L981,4034.903,3,12104.709,71.32,0.59,1.8,86.47,0.71,-10.24,-0.08,-2995.08,-29.95,253
912,Exit short,2026-07-24 19:28,S982 exit,4065.025,8,32475.24,-49.76,-0.15,4.8,114.36,0.35,-47.36,-0.15,-3044.84,-30.45,187
912,Entry short,2026-07-24 16:21,S982,4059.405,8,32475.24,-49.76,-0.15,4.8,114.36,0.35,-47.36,-0.15,-3044.84,-30.45,187
913,Exit long,2026-07-24 23:00,Weekend flat,4068.365,3,12185.31,17.99,0.15,1.8,60.27,0.49,-17.86,-0.15,-3026.85,-30.27,204
913,Entry long,2026-07-24 19:36,L983,4061.77,3,12185.31,17.99,0.15,1.8,60.27,0.49,-17.86,-0.15,-3026.85,-30.27,204
914,Exit long,2026-07-27 13:13,Opposite signal,4096.35,4,16379.96,3.04,0.02,2.4,43.8,0.27,-15.72,-0.10,-3023.81,-30.24,92
914,Entry long,2026-07-27 11:41,L984,4094.99,4,16379.96,3.04,0.02,2.4,43.8,0.27,-15.72,-0.10,-3023.81,-30.24,92
915,Exit short,2026-07-27 15:26,Opposite signal,4099.73,5,20492.915,-8.73,-0.04,3,55.22,0.27,-7.23,-0.04,-3032.55,-30.33,131
915,Entry short,2026-07-27 13:15,S985,4098.583,5,20492.915,-8.73,-0.04,3,55.22,0.27,-7.23,-0.04,-3032.55,-30.33,131
916,Exit long,2026-07-27 15:42,Opposite signal,4086.75,4,16397.2,-52.6,-0.32,2.4,0,0.00,-51.84,-0.32,-3085.15,-30.85,15
916,Entry long,2026-07-27 15:27,L986,4099.3,4,16397.2,-52.6,-0.32,2.4,0,0.00,-51.84,-0.32,-3085.15,-30.85,15
917,Exit short,2026-07-27 16:12,S987 exit,4101.38,4,16360.24,-47.68,-0.29,2.4,1.56,0.01,-46.48,-0.28,-3132.83,-31.33,29
917,Entry short,2026-07-27 15:43,S987,4090.06,4,16360.24,-47.68,-0.29,2.4,1.56,0.01,-46.48,-0.28,-3132.83,-31.33,29
918,Exit long,2026-07-27 17:10,Opposite signal,4096.925,3,12301.14,-12.16,-0.10,1.8,10.58,0.09,-13.27,-0.11,-3144.99,-31.45,57
918,Entry long,2026-07-27 16:13,L988,4100.38,3,12301.14,-12.16,-0.10,1.8,10.58,0.09,-13.27,-0.11,-3144.99,-31.45,57
919,Exit short,2026-07-27 19:19,Opposite signal,4089.19,7,28688.989,60.46,0.21,4.2,157.02,0.55,-3.03,-0.01,-3084.53,-30.85,127
919,Entry short,2026-07-27 17:12,S989,4098.427,7,28688.989,60.46,0.21,4.2,157.02,0.55,-3.03,-0.01,-3084.53,-30.85,127
920,Exit long,2026-07-27 19:26,L990 exit,4074.695,3,12262.215,-39.93,-0.33,1.8,4.49,0.04,-39.03,-0.32,-3124.46,-31.24,6
920,Entry long,2026-07-27 19:20,L990,4087.405,3,12262.215,-39.93,-0.33,1.8,4.49,0.04,-39.03,-0.32,-3124.46,-31.24,6
921,Exit short,2026-07-27 21:24,Opposite signal,4079.37,3,12225.807,-14.1,-0.12,1.8,28.66,0.23,-13.58,-0.11,-3138.57,-31.39,114
921,Entry short,2026-07-27 19:30,S991,4075.269,3,12225.807,-14.1,-0.12,1.8,28.66,0.23,-13.58,-0.11,-3138.57,-31.39,114
922,Exit long,2026-07-27 22:33,Opposite signal,4077.665,3,12233.25,-2.06,-0.02,1.8,48.17,0.39,-2.74,-0.02,-3140.62,-31.41,68
922,Entry long,2026-07-27 21:25,L992,4077.75,3,12233.25,-2.06,-0.02,1.8,48.17,0.39,-2.74,-0.02,-3140.62,-31.41,68
923,Exit short,2026-07-28 02:00,Time flat,4078.79,3,12229.845,-8.32,-0.07,1.8,11.93,0.10,-39.51,-0.32,-3148.95,-31.49,181
923,Entry short,2026-07-27 22:59,S993,4076.615,3,12229.845,-8.32,-0.07,1.8,11.93,0.10,-39.51,-0.32,-3148.95,-31.49,181
924,Exit long,2026-07-28 11:02,L994 exit,4039.455,7,28319.984,-48,-0.17,4.2,36.6,0.13,-45.9,-0.16,-3196.94,-31.97,137
924,Entry long,2026-07-28 08:45,L994,4045.712,7,28319.984,-48,-0.17,4.2,36.6,0.13,-45.9,-0.16,-3196.94,-31.97,137
925,Exit short,2026-07-28 12:13,Opposite signal,4051.39,4,16161.82,-46.14,-0.29,2.4,1.98,0.01,-47.94,-0.30,-3243.08,-32.43,61
925,Entry short,2026-07-28 11:12,S995,4040.455,4,16161.82,-46.14,-0.29,2.4,1.98,0.01,-47.94,-0.30,-3243.08,-32.43,61
926,Exit long,2026-07-28 13:41,Opposite signal,4045.43,3,12144.006,-9.52,-0.08,1.8,20.72,0.17,-8.92,-0.07,-3252.6,-32.53,84
926,Entry long,2026-07-28 12:17,L996,4048.002,3,12144.006,-9.52,-0.08,1.8,20.72,0.17,-8.92,-0.07,-3252.6,-32.53,84
927,Exit short,2026-07-28 16:24,Opposite signal,4027.82,5,20231.175,89.08,0.44,3,144.1,0.71,-26.45,-0.13,-3163.53,-31.64,159
927,Entry short,2026-07-28 13:45,S997,4046.235,5,20231.175,89.08,0.44,3,144.1,0.71,-26.45,-0.13,-3163.53,-31.64,159
928,Exit long,2026-07-28 18:02,Opposite signal,4029.365,5,20129.99,13.84,0.07,3,43.51,0.22,-16.66,-0.08,-3149.69,-31.50,89
928,Entry long,2026-07-28 16:33,L998,4025.998,5,20129.99,13.84,0.07,3,43.51,0.22,-16.66,-0.08,-3149.69,-31.50,89
929,Exit short,2026-07-28 18:16,Opposite signal,4035.27,9,36281.655,-41.17,-0.11,5.4,0,0.00,-43.6,-0.12,-3190.87,-31.91,5
929,Entry short,2026-07-28 18:11,S999,4031.295,9,36281.655,-41.17,-0.11,5.4,0,0.00,-43.6,-0.12,-3190.87,-31.91,5
930,Exit long,2026-07-28 19:07,L1000 exit,4025.005,5,20175.83,-53.8,-0.27,3,2.87,0.01,-52.3,-0.26,-3244.67,-32.45,48
930,Entry long,2026-07-28 18:19,L1000,4035.166,5,20175.83,-53.8,-0.27,3,2.87,0.01,-52.3,-0.26,-3244.67,-32.45,48
931,Exit short,2026-07-28 20:45,Opposite signal,4033.73,4,16104.02,-33.3,-0.21,2.4,55.76,0.35,-43.18,-0.27,-3277.97,-32.78,86
931,Entry short,2026-07-28 19:19,S1001,4026.005,4,16104.02,-33.3,-0.21,2.4,55.76,0.35,-43.18,-0.27,-3277.97,-32.78,86
932,Exit long,2026-07-28 23:09,Opposite signal,4032.385,2,8067.186,-3.62,-0.04,1.2,26.6,0.33,-3.79,-0.05,-3281.59,-32.82,127
932,Entry long,2026-07-28 21:02,L1002,4033.593,2,8067.186,-3.62,-0.04,1.2,26.6,0.33,-3.79,-0.05,-3281.59,-32.82,127
933,Exit short,2026-07-29 07:52,S1003 exit,4030.815,4,16070.28,-55.38,-0.34,2.4,21.96,0.14,-54.18,-0.34,-3336.97,-33.37,72
933,Entry short,2026-07-29 06:40,S1003,4017.57,4,16070.28,-55.38,-0.34,2.4,21.96,0.14,-54.18,-0.34,-3336.97,-33.37,72
934,Exit long,2026-07-29 13:45,Opposite signal,4039.115,2,8062.324,14.71,0.18,1.2,32.84,0.41,-21.61,-0.27,-3322.26,-33.22,324
934,Entry long,2026-07-29 08:21,L1004,4031.162,2,8062.324,14.71,0.18,1.2,32.84,0.41,-21.61,-0.27,-3322.26,-33.22,324
935,Exit short,2026-07-29 16:45,Opposite signal,4029.86,5,20203.375,51.08,0.25,3,76.35,0.38,-8.9,-0.04,-3271.19,-32.71,179
935,Entry short,2026-07-29 13:46,S1005,4040.675,5,20203.375,51.08,0.25,3,76.35,0.38,-8.9,-0.04,-3271.19,-32.71,179
936,Exit long,2026-07-29 17:03,Opposite signal,4031.49,9,36258.507,19.5,0.05,5.4,41.1,0.11,-3.54,-0.01,-3251.68,-32.52,17
936,Entry long,2026-07-29 16:46,L1006,4028.723,9,36258.507,19.5,0.05,5.4,41.1,0.11,-3.54,-0.01,-3251.68,-32.52,17
937,Exit short,2026-07-29 17:18,S1007 exit,4034.59,14,56444.78,-47.88,-0.08,8.4,18.48,0.03,-43.68,-0.08,-3299.56,-33.00,14
937,Entry short,2026-07-29 17:04,S1007,4031.77,14,56444.78,-47.88,-0.08,8.4,18.48,0.03,-43.68,-0.08,-3299.56,-33.00,14
938,Exit long,2026-07-29 17:39,L1008 exit,4029.15,8,32277.464,-49.06,-0.15,4.8,0,0.00,-46.66,-0.14,-3348.63,-33.49,20
938,Entry long,2026-07-29 17:19,L1008,4034.683,8,32277.464,-49.06,-0.15,4.8,0,0.00,-46.66,-0.14,-3348.63,-33.49,20
939,Exit short,2026-07-29 22:26,Opposite signal,4029.29,6,24180.9,1.56,0.01,3.6,3.51,0.01,-5.07,-0.02,-3347.07,-33.47,1
939,Entry short,2026-07-29 22:25,S1009,4030.15,6,24180.9,1.56,0.01,3.6,3.51,0.01,-5.07,-0.02,-3347.07,-33.47,1
940,Exit long,2026-07-30 11:07,L1011 exit,4036.6,5,20231.85,-51.85,-0.26,3,23.88,0.12,-50.35,-0.25,-3398.92,-33.99,8
940,Entry long,2026-07-30 10:59,L1011,4046.37,5,20231.85,-51.85,-0.26,3,23.88,0.12,-50.35,-0.25,-3398.92,-33.99,8
941,Exit short,2026-07-30 13:37,S1012 exit,4052.445,3,12103.137,-56,-0.46,1.8,14.04,0.12,-55.1,-0.46,-3454.91,-34.55,148
941,Entry short,2026-07-30 11:09,S1012,4034.379,3,12103.137,-56,-0.46,1.8,14.04,0.12,-55.1,-0.46,-3454.91,-34.55,148
942,Exit long,2026-07-31 02:00,Time flat,4111.935,2,8102.89,119.78,1.48,1.2,137.5,1.70,-4.7,-0.06,-3335.13,-33.35,742
942,Entry long,2026-07-30 13:38,L1013,4051.445,2,8102.89,119.78,1.48,1.2,137.5,1.70,-4.7,-0.06,-3335.13,-33.35,742
943,Exit short,2026-07-31 18:24,Opposite signal,4046.36,4,16219.192,31.35,0.19,2.4,53.87,0.33,-26.61,-0.16,-3303.78,-33.04,202
943,Entry short,2026-07-31 15:02,S1014,4054.798,4,16219.192,31.35,0.19,2.4,53.87,0.33,-26.61,-0.16,-3303.78,-33.04,202
944,Exit long,2026-07-31 18:30,Opposite signal,4040.75,8,32364.76,-43.56,-0.13,4.8,0,0.00,-42.56,-0.13,-3347.34,-33.47,5
944,Entry long,2026-07-31 18:25,L1015,4045.595,8,32364.76,-43.56,-0.13,4.8,0,0.00,-42.56,-0.13,-3347.34,-33.47,5
945,Exit short,2026-07-31 19:47,Opposite signal,4033.73,5,20194.795,23.15,0.11,3,88.42,0.44,-41.88,-0.21,-3324.2,-33.24,76
945,Entry short,2026-07-31 18:31,S1016,4038.959,5,20194.795,23.15,0.11,3,88.42,0.44,-41.88,-0.21,-3324.2,-33.24,76
946,Exit long,2026-07-31 23:00,Weekend flat,4050.755,4,16130.28,70.34,0.44,2.4,82.46,0.51,-5.2,-0.03,-3253.86,-32.54,192
946,Entry long,2026-07-31 19:48,L1017,4032.57,4,16130.28,70.34,0.44,2.4,82.46,0.51,-5.2,-0.03,-3253.86,-32.54,192
947,Exit short,2026-08-04 02:00,Time flat,4054.555,1,4034.227,-20.93,-0.52,0.6,7.18,0.18,-22.07,-0.55,-3274.79,-32.75,405
947,Entry short,2026-08-03 19:15,S1018,4034.227,1,4034.227,-20.93,-0.52,0.6,7.18,0.18,-22.07,-0.55,-3274.79,-32.75,405
948,Exit long,2026-08-04 20:54,Opposite signal,4075.715,1,4079.185,-4.07,-0.10,0.6,14.4,0.35,-18.37,-0.45,-3278.86,-32.79,212
948,Entry long,2026-08-04 17:22,L1019,4079.185,1,4079.185,-4.07,-0.10,0.6,14.4,0.35,-18.37,-0.45,-3278.86,-32.79,212
949,Exit short,2026-08-04 22:30,S1020 exit,4094.88,3,12238.566,-47.87,-0.39,1.8,7.85,0.06,-46.97,-0.38,-3326.73,-33.27,90
949,Entry short,2026-08-04 21:00,S1020,4079.522,3,12238.566,-47.87,-0.39,1.8,7.85,0.06,-46.97,-0.38,-3326.73,-33.27,90
950,Exit short,2026-08-05 16:26,Opposite signal,4159.76,5,20858.44,56.64,0.27,3,105.54,0.51,-6.46,-0.03,-3270.09,-32.70,230
950,Entry short,2026-08-05 12:36,S1022,4171.688,5,20858.44,56.64,0.27,3,105.54,0.51,-6.46,-0.03,-3270.09,-32.70,230
951,Exit long,2026-08-05 17:28,L1023 exit,4192.08,5,20795.075,162.32,0.78,3,163.82,0.79,-2.6,-0.01,-3107.76,-31.08,61
951,Entry long,2026-08-05 16:27,L1023,4159.015,5,20795.075,162.32,0.78,3,163.82,0.79,-2.6,-0.01,-3107.76,-31.08,61
952,Exit short,2026-08-05 23:53,S1024 exit,4266.29,1,4234.99,-31.9,-0.75,0.6,2.77,0.07,-31.6,-0.75,-3139.66,-31.40,134
952,Entry short,2026-08-05 21:39,S1024,4234.99,1,4234.99,-31.9,-0.75,0.6,2.77,0.07,-31.6,-0.75,-3139.66,-31.40,134
953,Exit short,2026-08-06 11:16,Opposite signal,4265.58,4,17026.408,-38.31,-0.22,2.4,36.25,0.21,-39.15,-0.23,-3177.98,-31.78,76
953,Entry short,2026-08-06 10:00,S1025,4256.602,4,17026.408,-38.31,-0.22,2.4,36.25,0.21,-39.15,-0.23,-3177.98,-31.78,76
954,Exit long,2026-08-06 11:41,Opposite signal,4261.665,3,12796.32,-13.12,-0.10,1.8,8.81,0.07,-16.92,-0.13,-3191.1,-31.91,24
954,Entry long,2026-08-06 11:17,L1026,4265.44,3,12796.32,-13.12,-0.10,1.8,8.81,0.07,-16.92,-0.13,-3191.1,-31.91,24
955,Exit short,2026-08-06 13:45,Opposite signal,4269,5,21301.3,-46.7,-0.22,3,52.85,0.25,-47.65,-0.22,-3237.8,-32.38,121
955,Entry short,2026-08-06 11:44,S1027,4260.26,5,21301.3,-46.7,-0.22,3,52.85,0.25,-47.65,-0.22,-3237.8,-32.38,121
956,Exit long,2026-08-06 16:53,Opposite signal,4263.61,2,8537.35,-11.33,-0.13,1.2,31.82,0.37,-11.65,-0.14,-3249.13,-32.49,187
956,Entry long,2026-08-06 13:46,L1028,4268.675,2,8537.35,-11.33,-0.13,1.2,31.82,0.37,-11.65,-0.14,-3249.13,-32.49,187
957,Exit short,2026-08-06 18:02,Opposite signal,4267.825,2,8532.976,-3.87,-0.05,1.2,25.75,0.30,-4.97,-0.06,-3253.01,-32.53,61
957,Entry short,2026-08-06 17:01,S1029,4266.488,2,8532.976,-3.87,-0.05,1.2,25.75,0.30,-4.97,-0.06,-3253.01,-32.53,61
958,Exit long,2026-08-06 18:22,L1030 exit,4252.315,3,12801.27,-46.12,-0.36,1.8,11.18,0.09,-45.22,-0.35,-3299.13,-32.99,19
958,Entry long,2026-08-06 18:03,L1030,4267.09,3,12801.27,-46.12,-0.36,1.8,11.18,0.09,-45.22,-0.35,-3299.13,-32.99,19
959,Exit short,2026-08-06 19:12,S1031 exit,4272.115,3,12763.914,-54.23,-0.42,1.8,71.63,0.56,-53.33,-0.42,-3353.36,-33.53,41
959,Entry short,2026-08-06 18:31,S1031,4254.638,3,12763.914,-54.23,-0.42,1.8,71.63,0.56,-53.33,-0.42,-3353.36,-33.53,41
960,Exit long,2026-08-06 19:55,Opposite signal,4262.285,1,4263.332,-1.65,-0.04,0.6,11.81,0.28,-3.17,-0.07,-3355.01,-33.55,36
960,Entry long,2026-08-06 19:19,L1032,4263.332,1,4263.332,-1.65,-0.04,0.6,11.81,0.28,-3.17,-0.07,-3355.01,-33.55,36
961,Exit short,2026-08-06 22:41,Opposite signal,4244.07,3,12790.755,56.75,0.44,1.8,119.34,0.93,-36.26,-0.28,-3298.26,-32.98,165
961,Entry short,2026-08-06 19:56,S1033,4263.585,3,12790.755,56.75,0.44,1.8,119.34,0.93,-36.26,-0.28,-3298.26,-32.98,165
962,Exit long,2026-08-07 00:05,Opposite signal,4244.19,3,12718.011,12.76,0.10,1.8,30.31,0.24,-3.28,-0.03,-3285.5,-32.86,80
962,Entry long,2026-08-06 22:45,L1034,4239.337,3,12718.011,12.76,0.10,1.8,30.31,0.24,-3.28,-0.03,-3285.5,-32.86,80
963,Exit short,2026-08-07 07:13,S1035 exit,4254.245,2,8466.24,-43.45,-0.51,1.2,5.89,0.07,-42.85,-0.51,-3328.95,-33.29,62
963,Entry short,2026-08-07 06:11,S1035,4233.12,2,8466.24,-43.45,-0.51,1.2,5.89,0.07,-42.85,-0.51,-3328.95,-33.29,62
964,Exit long,2026-08-07 08:11,Opposite signal,4251.52,7,29801.681,-45.24,-0.15,4.2,28.71,0.10,-44.3,-0.15,-3374.2,-33.74,40
964,Entry long,2026-08-07 07:31,L1036,4257.383,7,29801.681,-45.24,-0.15,4.2,28.71,0.10,-44.3,-0.15,-3374.2,-33.74,40
965,Exit short,2026-08-07 09:28,S1037 exit,4262.785,4,17018.22,-35.32,-0.21,2.4,28.18,0.17,-34.12,-0.20,-3409.52,-34.10,76
965,Entry short,2026-08-07 08:12,S1037,4254.555,4,17018.22,-35.32,-0.21,2.4,28.18,0.17,-34.12,-0.20,-3409.52,-34.10,76
966,Exit long,2026-08-07 12:55,Opposite signal,4288.085,3,12791.139,71.32,0.56,1.8,104.8,0.82,-9.61,-0.08,-3338.2,-33.38,203
966,Entry long,2026-08-07 09:32,L1038,4263.713,3,12791.139,71.32,0.56,1.8,104.8,0.82,-9.61,-0.08,-3338.2,-33.38,203
967,Exit short,2026-08-07 13:26,Opposite signal,4290.23,4,17155.66,-7.66,-0.04,2.4,0,0.00,-7.56,-0.04,-3345.86,-33.46,1
967,Entry short,2026-08-07 13:25,S1039,4288.915,4,17155.66,-7.66,-0.04,2.4,0,0.00,-7.56,-0.04,-3345.86,-33.46,1
968,Exit long,2026-08-07 14:04,L1040 exit,4313.875,6,25735.446,144.2,0.56,3.6,146,0.57,-2.47,-0.01,-3201.66,-32.02,34
968,Entry long,2026-08-07 13:30,L1040,4289.241,6,25735.446,144.2,0.56,3.6,146,0.57,-2.47,-0.01,-3201.66,-32.02,34
969,Exit short,2026-08-07 18:00,S1041 exit,4328.745,5,21593.95,-52.77,-0.24,3,87.38,0.40,-51.27,-0.24,-3254.43,-32.54,21
969,Entry short,2026-08-07 17:39,S1041,4318.79,5,21593.95,-52.77,-0.24,3,87.38,0.40,-51.27,-0.24,-3254.43,-32.54,21
970,Exit short,2026-08-11 06:51,S1043 exit,4420.335,2,8800.338,-41.53,-0.47,1.2,1.71,0.02,-40.93,-0.47,-3295.96,-32.96,17
970,Entry short,2026-08-11 06:34,S1043,4400.169,2,8800.338,-41.53,-0.47,1.2,1.71,0.02,-40.93,-0.47,-3295.96,-32.96,17
971,Exit long,2026-08-11 08:07,Opposite signal,4420.6,2,8838.67,1.33,0.02,1.2,31.22,0.35,-9.87,-0.11,-3294.63,-32.95,67
971,Entry long,2026-08-11 07:00,L1044,4419.335,2,8838.67,1.33,0.02,1.2,31.22,0.35,-9.87,-0.11,-3294.63,-32.95,67
972,Exit short,2026-08-11 11:59,S1045 exit,4365.69,3,13257.981,159.11,1.20,1.8,160.01,1.21,-7.94,-0.06,-3135.52,-31.36,229
972,Entry short,2026-08-11 08:10,S1045,4419.327,3,13257.981,159.11,1.20,1.8,160.01,1.21,-7.94,-0.06,-3135.52,-31.36,229
973,Exit long,2026-08-11 17:54,Opposite signal,4388.77,5,21830.075,110.78,0.51,3,167.43,0.77,-35.87,-0.16,-3024.75,-30.25,256
973,Entry long,2026-08-11 13:38,L1046,4366.015,5,21830.075,110.78,0.51,3,167.43,0.77,-35.87,-0.16,-3024.75,-30.25,256
974,Exit short,2026-08-11 18:41,S1047 exit,4400.8,5,21953.42,-53.58,-0.24,3,7.4,0.03,-52.08,-0.24,-3078.33,-30.78,45
974,Entry short,2026-08-11 17:56,S1047,4390.684,5,21953.42,-53.58,-0.24,3,7.4,0.03,-52.08,-0.24,-3078.33,-30.78,45
975,Exit long,2026-08-11 19:24,Opposite signal,4389.03,4,17599.2,-45.48,-0.26,2.4,16.76,0.10,-44.92,-0.26,-3123.81,-31.24,32
975,Entry long,2026-08-11 18:52,L1048,4399.8,4,17599.2,-45.48,-0.26,2.4,16.76,0.10,-44.92,-0.26,-3123.81,-31.24,32
976,Exit short,2026-08-12 02:00,Time flat,4370.27,3,13168.671,56.06,0.43,1.8,86.89,0.66,-28.72,-0.22,-3067.75,-30.68,395
976,Entry short,2026-08-11 19:25,S1049,4389.557,3,13168.671,56.06,0.43,1.8,86.89,0.66,-28.72,-0.22,-3067.75,-30.68,395
977,Exit long,2026-08-12 09:43,Opposite signal,4397.61,2,8771.8,22.22,0.25,1.2,60.1,0.69,-3.46,-0.04,-3045.53,-30.46,187
977,Entry long,2026-08-12 06:36,L1050,4385.9,2,8771.8,22.22,0.25,1.2,60.1,0.69,-3.46,-0.04,-3045.53,-30.46,187
978,Exit short,2026-08-12 12:16,Opposite signal,4398.47,3,13201.929,4.72,0.04,1.8,48.97,0.37,-13.61,-0.10,-3040.81,-30.41,120
978,Entry short,2026-08-12 10:16,S1051,4400.643,3,13201.929,4.72,0.04,1.8,48.97,0.37,-13.61,-0.10,-3040.81,-30.41,120
979,Exit short,2026-08-12 14:33,Opposite signal,4405.355,7,30833.866,-7.82,-0.03,4.2,19.17,0.06,-5.79,-0.02,-3048.63,-30.49,13
979,Entry short,2026-08-12 14:20,S1053,4404.838,7,30833.866,-7.82,-0.03,4.2,19.17,0.06,-5.79,-0.02,-3048.63,-30.49,13
980,Exit long,2026-08-12 17:59,L1054 exit,4421.28,10,44052,154.8,0.35,6,157.8,0.36,-6.45,-0.01,-2893.83,-28.94,7
980,Entry long,2026-08-12 17:52,L1054,4405.2,10,44052,154.8,0.35,6,157.8,0.36,-6.45,-0.01,-2893.83,-28.94,7
981,Exit short,2026-08-12 18:13,S1055 exit,4433.58,1,4395.009,-39.17,-0.89,0.6,0,0.00,-38.87,-0.88,-2933,-29.33,12
981,Entry short,2026-08-12 18:01,S1055,4395.009,1,4395.009,-39.17,-0.89,0.6,0,0.00,-38.87,-0.88,-2933,-29.33,12
982,Exit long,2026-08-13 02:00,Time flat,4407.885,1,4432.58,-25.29,-0.57,0.6,8.44,0.19,-36.3,-0.82,-2958.29,-29.58,466
982,Entry long,2026-08-12 18:14,L1056,4432.58,1,4432.58,-25.29,-0.57,0.6,8.44,0.19,-36.3,-0.82,-2958.29,-29.58,466
983,Exit short,2026-08-13 15:28,Opposite signal,4383.415,1,4406.169,22.15,0.50,0.6,41.7,0.95,-1.44,-0.03,-2936.14,-29.36,272
983,Entry short,2026-08-13 10:56,S1057,4406.169,1,4406.169,22.15,0.50,0.6,41.7,0.95,-1.44,-0.03,-2936.14,-29.36,272
984,Exit long,2026-08-13 17:00,Opposite signal,4388.255,3,13145.52,17.45,0.13,1.8,43.73,0.33,-1.89,-0.01,-2918.69,-29.19,77
984,Entry long,2026-08-13 15:43,L1058,4381.84,3,13145.52,17.45,0.13,1.8,43.73,0.33,-1.89,-0.01,-2918.69,-29.19,77
985,Exit short,2026-08-13 17:39,Opposite signal,4391.57,6,26336.214,-16.81,-0.06,3.6,36.47,0.14,-15.4,-0.06,-2935.5,-29.35,34
985,Entry short,2026-08-13 17:05,S1059,4389.369,6,26336.214,-16.81,-0.06,3.6,36.47,0.14,-15.4,-0.06,-2935.5,-29.35,34
986,Exit long,2026-08-13 18:02,L1060 exit,4381.99,6,26340.12,-51.78,-0.20,3.6,66.9,0.25,-49.98,-0.19,-2987.28,-29.87,22
986,Entry long,2026-08-13 17:40,L1060,4390.02,6,26340.12,-51.78,-0.20,3.6,66.9,0.25,-49.98,-0.19,-2987.28,-29.87,22
987,Exit short,2026-08-13 18:30,Opposite signal,4401.745,3,13158.084,-48.95,-0.37,1.8,0,0.00,-48.52,-0.37,-3036.23,-30.36,27
987,Entry short,2026-08-13 18:03,S1061,4386.028,3,13158.084,-48.95,-0.37,1.8,0,0.00,-48.52,-0.37,-3036.23,-30.36,27
988,Exit long,2026-08-13 19:03,L1062 exit,4379.88,2,8788.07,-29.51,-0.34,1.2,7.68,0.09,-28.91,-0.33,-3065.74,-30.66,32
988,Entry long,2026-08-13 18:31,L1062,4394.035,2,8788.07,-29.51,-0.34,1.2,7.68,0.09,-28.91,-0.33,-3065.74,-30.66,32
989,Exit short,2026-08-13 20:11,Opposite signal,4378.735,2,8764.254,5.58,0.06,1.2,48.86,0.56,-4.57,-0.05,-3060.16,-30.60,62
989,Entry short,2026-08-13 19:09,S1063,4382.127,2,8764.254,5.58,0.06,1.2,48.86,0.56,-4.57,-0.05,-3060.16,-30.60,62
990,Exit long,2026-08-13 21:40,L1064 exit,4356.395,2,8755.71,-44.12,-0.50,1.2,18.07,0.21,-43.52,-0.50,-3104.28,-31.04,88
990,Entry long,2026-08-13 20:12,L1064,4377.855,2,8755.71,-44.12,-0.50,1.2,18.07,0.21,-43.52,-0.50,-3104.28,-31.04,88
991,Exit short,2026-08-14 02:00,Time flat,4351.77,2,8720.628,15.89,0.18,1.2,32.73,0.38,-26.84,-0.31,-3088.39,-30.88,245
991,Entry short,2026-08-13 21:55,S1065,4360.314,2,8720.628,15.89,0.18,1.2,32.73,0.38,-26.84,-0.31,-3088.39,-30.88,245
992,Exit long,2026-08-14 15:20,L1066 exit,4354.95,4,17282.88,134.52,0.78,2.4,135.72,0.79,-39.92,-0.23,-2953.87,-29.54,396
992,Entry long,2026-08-14 08:44,L1066,4320.72,4,17282.88,134.52,0.78,2.4,135.72,0.79,-39.92,-0.23,-2953.87,-29.54,396
993,Exit short,2026-08-14 17:00,S1067 exit,4359.76,5,21750.025,-51.77,-0.24,3,8.05,0.04,-50.27,-0.23,-3005.64,-30.06,56
993,Entry short,2026-08-14 16:04,S1067,4350.005,5,21750.025,-51.77,-0.24,3,8.05,0.04,-50.27,-0.23,-3005.64,-30.06,56
994,Exit long,2026-08-14 18:00,L1068 exit,4381.015,10,43646.05,158.1,0.36,6,161.1,0.37,-7.2,-0.02,-2847.54,-28.48,39
994,Entry long,2026-08-14 17:21,L1068,4364.605,10,43646.05,158.1,0.36,6,161.1,0.37,-7.2,-0.02,-2847.54,-28.48,39
995,Exit short,2026-08-17 09:41,Opposite signal,4399.19,3,13206.834,7.46,0.06,1.8,41.08,0.31,-5.84,-0.04,-2840.08,-28.40,147
995,Entry short,2026-08-17 07:14,S1070,4402.278,3,13206.834,7.46,0.06,1.8,41.08,0.31,-5.84,-0.04,-2840.08,-28.40,147
996,Exit long,2026-08-17 10:44,L1071 exit,4387.285,4,17592.48,-45.74,-0.26,2.4,4.64,0.03,-44.54,-0.25,-2885.82,-28.86,62
996,Entry long,2026-08-17 09:42,L1071,4398.12,4,17592.48,-45.74,-0.26,2.4,4.64,0.03,-44.54,-0.25,-2885.82,-28.86,62
997,Exit short,2026-08-17 11:00,S1072 exit,4400.635,4,17560.456,-44.48,-0.25,2.4,1.62,0.01,-43.28,-0.25,-2930.3,-29.30,14
997,Entry short,2026-08-17 10:46,S1072,4390.114,4,17560.456,-44.48,-0.25,2.4,1.62,0.01,-43.28,-0.25,-2930.3,-29.30,14
998,Exit long,2026-08-17 14:16,Opposite signal,4396.09,3,13198.905,-12.43,-0.09,1.8,34.16,0.26,-23.43,-0.18,-2942.74,-29.43,194
998,Entry long,2026-08-17 11:02,L1073,4399.635,3,13198.905,-12.43,-0.09,1.8,34.16,0.26,-23.43,-0.18,-2942.74,-29.43,194
999,Exit short,2026-08-17 16:00,Opposite signal,4405.06,3,13192.044,-24.94,-0.19,1.8,15.05,0.11,-25.66,-0.19,-2967.67,-29.68,84
999,Entry short,2026-08-17 14:36,S1074,4397.348,3,13192.044,-24.94,-0.19,1.8,15.05,0.11,-25.66,-0.19,-2967.67,-29.68,84
1000,Exit long,2026-08-17 17:56,Opposite signal,4391.925,5,22000.8,-44.17,-0.20,3,22.6,0.10,-44.9,-0.20,-3011.85,-30.12,115
1000,Entry long,2026-08-17 16:01,L1075,4400.16,5,22000.8,-44.17,-0.20,3,22.6,0.10,-44.9,-0.20,-3011.85,-30.12,115
1001,Exit short,2026-08-17 19:23,S1076 exit,4406.97,3,13163.967,-58.74,-0.45,1.8,31,0.24,-57.84,-0.44,-3070.59,-30.71,86
1001,Entry short,2026-08-17 17:57,S1076,4387.989,3,13163.967,-58.74,-0.45,1.8,31,0.24,-57.84,-0.44,-3070.59,-30.71,86
1002,Exit long,2026-08-17 23:10,Opposite signal,4412.015,2,8811.94,10.89,0.12,1.2,45.24,0.51,-4.93,-0.06,-3059.7,-30.60,220
1002,Entry long,2026-08-17 19:30,L1077,4405.97,2,8811.94,10.89,0.12,1.2,45.24,0.51,-4.93,-0.06,-3059.7,-30.60,220
1003,Exit short,2026-08-18 08:30,Opposite signal,4400,4,17704.54,102.14,0.58,2.4,126.64,0.72,-3.18,-0.02,-2957.56,-29.58,100
1003,Entry short,2026-08-18 06:50,S1078,4426.135,4,17704.54,102.14,0.58,2.4,126.64,0.72,-3.18,-0.02,-2957.56,-29.58,100
1004,Exit long,2026-08-18 09:20,Opposite signal,4393.985,5,22008.315,-41.39,-0.19,3,11.06,0.05,-41.26,-0.19,-2998.95,-29.99,47
1004,Entry long,2026-08-18 08:33,L1079,4401.663,5,22008.315,-41.39,-0.19,3,11.06,0.05,-41.26,-0.19,-2998.95,-29.99,47
1005,Exit short,2026-08-18 11:21,Opposite signal,4396.465,4,17576.7,-11.56,-0.07,2.4,30.76,0.17,-15.14,-0.09,-3010.51,-30.11,68
1005,Entry short,2026-08-18 10:13,S1080,4394.175,4,17576.7,-11.56,-0.07,2.4,30.76,0.17,-15.14,-0.09,-3010.51,-30.11,68
1006,Exit long,2026-08-18 13:31,Opposite signal,4395.215,5,21970.925,2.15,0.01,3,46.25,0.21,-33.65,-0.15,-3008.36,-30.08,129
1006,Entry long,2026-08-18 11:22,L1081,4394.185,5,21970.925,2.15,0.01,3,46.25,0.21,-33.65,-0.15,-3008.36,-30.08,129
1007,Exit short,2026-08-18 19:09,Opposite signal,4402.44,5,21979.6,-35.6,-0.16,3,97.13,0.44,-38.2,-0.17,-3043.96,-30.44,337
1007,Entry short,2026-08-18 13:32,S1082,4395.92,5,21979.6,-35.6,-0.16,3,97.13,0.44,-38.2,-0.17,-3043.96,-30.44,337
1008,Exit long,2026-08-18 20:23,L1083 exit,4375.195,2,8798.446,-49.26,-0.56,1.2,13.91,0.16,-48.66,-0.55,-3093.22,-30.93,67
1008,Entry long,2026-08-18 19:16,L1083,4399.223,2,8798.446,-49.26,-0.56,1.2,13.91,0.16,-48.66,-0.55,-3093.22,-30.93,67
1009,Exit short,2026-08-19 02:00,Time flat,4337.975,1,4376.195,37.62,0.86,0.6,42.31,0.97,-1.9,-0.04,-3055.6,-30.56,326
1009,Entry short,2026-08-18 20:34,S1084,4376.195,1,4376.195,37.62,0.86,0.6,42.31,0.97,-1.9,-0.04,-3055.6,-30.56,326
1010,Exit short,2026-08-19 11:51,Opposite signal,4347.11,4,17402.7,11.86,0.07,2.4,60.8,0.35,-10.58,-0.06,-3043.74,-30.44,123
1010,Entry short,2026-08-19 09:48,S1085,4350.675,4,17402.7,11.86,0.07,2.4,60.8,0.35,-10.58,-0.06,-3043.74,-30.44,123
1011,Exit long,2026-08-19 17:12,Opposite signal,4364.31,4,17380.584,74.26,0.43,2.4,114.98,0.66,-32.66,-0.19,-2969.48,-29.69,320
1011,Entry long,2026-08-19 11:52,L1086,4345.146,4,17380.584,74.26,0.43,2.4,114.98,0.66,-32.66,-0.19,-2969.48,-29.69,320
1012,Exit short,2026-08-19 17:40,Opposite signal,4367.85,5,21830.135,-12.11,-0.06,3,18.06,0.08,-13.11,-0.06,-2981.6,-29.82,23
1012,Entry short,2026-08-19 17:17,S1087,4366.027,5,21830.135,-12.11,-0.06,3,18.06,0.08,-13.11,-0.06,-2981.6,-29.82,23
1013,Exit long,2026-08-19 18:06,L1088 exit,4390.715,7,30572.36,158.45,0.52,4.2,160.54,0.53,-11.62,-0.04,-2823.15,-28.23,25
1013,Entry long,2026-08-19 17:41,L1088,4367.48,7,30572.36,158.45,0.52,4.2,160.54,0.53,-11.62,-0.04,-2823.15,-28.23,25
1014,Exit long,2026-08-20 21:09,Opposite signal,4521.16,4,18020.804,61.44,0.34,2.4,142.18,0.79,-2.9,-0.02,-2761.72,-27.62,47
1014,Entry long,2026-08-20 20:22,L1089,4505.201,4,18020.804,61.44,0.34,2.4,142.18,0.79,-2.9,-0.02,-2761.72,-27.62,47
1015,Exit short,2026-08-21 00:39,Opposite signal,4525.31,2,9033.664,-18.16,-0.20,1.2,27.41,0.30,-18.36,-0.20,-2779.87,-27.80,204
1015,Entry short,2026-08-20 21:15,S1090,4516.832,2,9033.664,-18.16,-0.20,1.2,27.41,0.30,-18.36,-0.20,-2779.87,-27.80,204
1016,Exit long,2026-08-21 12:03,L1091 exit,4561.775,4,18082.88,161.82,0.89,2.4,163.02,0.90,-10.06,-0.06,-2618.05,-26.18,318
1016,Entry long,2026-08-21 06:45,L1091,4520.72,4,18082.88,161.82,0.89,2.4,163.02,0.90,-10.06,-0.06,-2618.05,-26.18,318
1017,Exit short,2026-08-21 17:07,S1092 exit,4603.27,3,13752.045,-59.56,-0.43,1.8,1.37,0.01,-58.66,-0.43,-2677.62,-26.78,80
1017,Entry short,2026-08-21 15:47,S1092,4584.015,3,13752.045,-59.56,-0.43,1.8,1.37,0.01,-58.66,-0.43,-2677.62,-26.78,80
1018,Exit long,2026-08-21 18:02,L1093 exit,4576.93,2,9204.54,-51.88,-0.56,1.2,0,0.00,-51.28,-0.56,-2729.5,-27.29,54
1018,Entry long,2026-08-21 17:08,L1093,4602.27,2,9204.54,-51.88,-0.56,1.2,0,0.00,-51.28,-0.56,-2729.5,-27.29,54
1019,Exit short,2026-08-21 20:55,S1094 exit,4605.61,1,4573.83,-32.38,-0.71,0.6,1.23,0.03,-32.08,-0.70,-2761.88,-27.62,162
1019,Entry short,2026-08-21 18:13,S1094,4573.83,1,4573.83,-32.38,-0.71,0.6,1.23,0.03,-32.08,-0.70,-2761.88,-27.62,162
1020,Exit long,2026-08-21 23:00,Weekend flat,4622.105,1,4604.61,16.9,0.37,0.6,27.24,0.59,-5.28,-0.11,-2744.98,-27.45,121
1020,Entry long,2026-08-21 20:59,L1095,4604.61,1,4604.61,16.9,0.37,0.6,27.24,0.59,-5.28,-0.11,-2744.98,-27.45,121
1021,Exit long,2026-08-24 19:10,Opposite signal,4667.295,1,4640.935,25.76,0.56,0.6,39.78,0.86,-13.5,-0.29,-2719.22,-27.19,691
1021,Entry long,2026-08-24 07:39,L1096,4640.935,1,4640.935,25.76,0.56,0.6,39.78,0.86,-13.5,-0.29,-2719.22,-27.19,691
1022,Exit short,2026-08-24 23:38,S1097 exit,4628.145,4,18689.14,174.16,0.93,2.4,175.36,0.94,-31.22,-0.17,-2545.06,-25.45,267
1022,Entry short,2026-08-24 19:11,S1097,4672.285,4,18689.14,174.16,0.93,2.4,175.36,0.94,-31.22,-0.17,-2545.06,-25.45,267
1023,Exit short,2026-08-25 18:55,S1098 exit,4612.565,2,9354.88,128.55,1.37,1.2,129.15,1.38,-7.43,-0.08,-2416.51,-24.17,741
1023,Entry short,2026-08-25 06:34,S1098,4677.44,2,9354.88,128.55,1.37,1.2,129.15,1.38,-7.43,-0.08,-2416.51,-24.17,741
1024,Exit long,2026-08-25 22:39,Opposite signal,4636.055,3,13859.115,47.25,0.34,1.8,118.44,0.85,-20.32,-0.15,-2369.26,-23.69,181
1024,Entry long,2026-08-25 19:38,L1099,4619.705,3,13859.115,47.25,0.34,1.8,118.44,0.85,-20.32,-0.15,-2369.26,-23.69,181
1025,Exit short,2026-08-26 00:38,Opposite signal,4659.675,2,9274.1,-46.45,-0.50,1.2,4.89,0.05,-47.19,-0.51,-2415.71,-24.16,118
1025,Entry short,2026-08-25 22:40,S1100,4637.05,2,9274.1,-46.45,-0.50,1.2,4.89,0.05,-47.19,-0.51,-2415.71,-24.16,118
1026,Exit long,2026-08-26 08:30,L1101 exit,4655.135,7,32634.546,-52.8,-0.16,4.2,59.16,0.18,-50.7,-0.16,-2468.51,-24.69,26
1026,Entry long,2026-08-26 08:04,L1101,4662.078,7,32634.546,-52.8,-0.16,4.2,59.16,0.18,-50.7,-0.16,-2468.51,-24.69,26
1027,Exit short,2026-08-26 10:38,Opposite signal,4644.12,3,13968.405,34.24,0.25,1.8,50.54,0.36,-7.86,-0.06,-2434.27,-24.34,127
1027,Entry short,2026-08-26 08:31,S1102,4656.135,3,13968.405,34.24,0.25,1.8,50.54,0.36,-7.86,-0.06,-2434.27,-24.34,127
1028,Exit long,2026-08-26 11:09,Opposite signal,4639.855,9,41784.21,-30.91,-0.07,5.4,59.58,0.14,-37.71,-0.09,-2465.18,-24.65,30
1028,Entry long,2026-08-26 10:39,L1103,4642.69,9,41784.21,-30.91,-0.07,5.4,59.58,0.14,-37.71,-0.09,-2465.18,-24.65,30
1029,Exit short,2026-08-26 15:56,S1104 exit,4614.715,6,27849.93,158.04,0.57,3.6,159.84,0.57,-20.22,-0.07,-2307.14,-23.07,286
1029,Entry short,2026-08-26 11:10,S1104,4641.655,6,27849.93,158.04,0.57,3.6,159.84,0.57,-20.22,-0.07,-2307.14,-23.07,286
1030,Exit long,2026-08-26 18:01,Opposite signal,4619.56,4,18502.892,-27.05,-0.15,2.4,29.21,0.16,-42.17,-0.23,-2334.2,-23.34,21
1030,Entry long,2026-08-26 17:40,L1105,4625.723,4,18502.892,-27.05,-0.15,2.4,29.21,0.16,-42.17,-0.23,-2334.2,-23.34,21
1031,Exit short,2026-08-26 19:22,Opposite signal,4626.945,5,23122.975,-14.75,-0.06,3,130.98,0.57,-13.9,-0.06,-2348.95,-23.49,78
1031,Entry short,2026-08-26 18:04,S1106,4624.595,5,23122.975,-14.75,-0.06,3,130.98,0.57,-13.9,-0.06,-2348.95,-23.49,78
1032,Exit long,2026-08-26 20:32,L1107 exit,4597.1,2,9249.584,-56.58,-0.61,1.2,8.27,0.09,-55.98,-0.61,-2405.53,-24.06,60
1032,Entry long,2026-08-26 19:32,L1107,4624.792,2,9249.584,-56.58,-0.61,1.2,8.27,0.09,-55.98,-0.61,-2405.53,-24.06,60
1033,Exit short,2026-08-26 21:10,Opposite signal,4601.57,1,4598.1,-4.07,-0.09,0.6,14.74,0.32,-3.88,-0.08,-2409.6,-24.10,37
1033,Entry short,2026-08-26 20:33,S1108,4598.1,1,4598.1,-4.07,-0.09,0.6,14.74,0.32,-3.88,-0.08,-2409.6,-24.10,37
1034,Exit long,2026-08-27 02:00,Time flat,4591.37,2,9205.55,-24.01,-0.26,1.2,3.32,0.04,-37.77,-0.41,-2433.61,-24.34,279
1034,Entry long,2026-08-26 21:21,L1109,4602.775,2,9205.55,-24.01,-0.26,1.2,3.32,0.04,-37.77,-0.41,-2433.61,-24.34,279
1035,Exit long,2026-08-27 09:59,Opposite signal,4621.115,4,18449.604,32.46,0.18,2.4,122.04,0.66,-2.58,-0.01,-2401.15,-24.01,203
1035,Entry long,2026-08-27 06:36,L1110,4612.401,4,18449.604,32.46,0.18,2.4,122.04,0.66,-2.58,-0.01,-2401.15,-24.01,203
1036,Exit long,2026-08-27 12:28,Opposite signal,4599.385,5,23038.03,-44.1,-0.19,3,20.47,0.09,-43.15,-0.19,-2445.26,-24.45,36
1036,Entry long,2026-08-27 11:52,L1112,4607.606,5,23038.03,-44.1,-0.19,3,20.47,0.09,-43.15,-0.19,-2445.26,-24.45,36
1037,Exit short,2026-08-27 13:34,Opposite signal,4606.125,4,18399.18,-27.72,-0.15,2.4,23.16,0.13,-26.66,-0.14,-2472.98,-24.73,65
1037,Entry short,2026-08-27 12:29,S1113,4599.795,4,18399.18,-27.72,-0.15,2.4,23.16,0.13,-26.66,-0.14,-2472.98,-24.73,65
1038,Exit long,2026-08-27 15:04,Opposite signal,4593.16,4,18414.584,-44.34,-0.24,2.4,9.4,0.05,-43.36,-0.24,-2517.32,-25.17,85
1038,Entry long,2026-08-27 13:39,L1114,4603.646,4,18414.584,-44.34,-0.24,2.4,9.4,0.05,-43.36,-0.24,-2517.32,-25.17,85
1039,Exit short,2026-08-27 21:23,S1115 exit,4607.96,3,13782.18,-43.5,-0.32,1.8,88.47,0.64,-42.6,-0.31,-2560.82,-25.61,378
1039,Entry short,2026-08-27 15:05,S1115,4594.06,3,13782.18,-43.5,-0.32,1.8,88.47,0.64,-42.6,-0.31,-2560.82,-25.61,378
1040,Exit long,2026-08-27 23:59,Opposite signal,4602.525,5,23058,-48.37,-0.21,3,23.98,0.10,-49.12,-0.21,-2609.2,-26.09,102
1040,Entry long,2026-08-27 22:17,L1116,4611.6,5,23058,-48.37,-0.21,3,23.98,0.10,-49.12,-0.21,-2609.2,-26.09,102
1041,Exit long,2026-08-28 06:57,L1117 exit,4584.845,5,22967.415,-46.19,-0.20,3,42.69,0.19,-44.69,-0.19,-2655.39,-26.55,22
1041,Entry long,2026-08-28 06:35,L1117,4593.483,5,22967.415,-46.19,-0.20,3,42.69,0.19,-44.69,-0.19,-2655.39,-26.55,22
1042,Exit short,2026-08-28 07:55,Opposite signal,4584.115,3,13757.535,3.39,0.02,1.8,31.47,0.23,-11.16,-0.08,-2652,-26.52,57
1042,Entry short,2026-08-28 06:58,S1118,4585.845,3,13757.535,3.39,0.02,1.8,31.47,0.23,-11.16,-0.08,-2652,-26.52,57
1043,Exit long,2026-08-28 11:10,Opposite signal,4574.915,5,22921.115,-49.54,-0.22,3,28.49,0.12,-48.04,-0.21,-2701.54,-27.02,188
1043,Entry long,2026-08-28 08:02,L1119,4584.223,5,22921.115,-49.54,-0.22,3,28.49,0.12,-48.04,-0.21,-2701.54,-27.02,188
1044,Exit short,2026-08-28 12:16,Opposite signal,4590.995,3,13726.845,-47.94,-0.35,1.8,10.97,0.08,-47.31,-0.34,-2749.48,-27.49,65
1044,Entry short,2026-08-28 11:11,S1120,4575.615,3,13726.845,-47.94,-0.35,1.8,10.97,0.08,-47.31,-0.34,-2749.48,-27.49,65
1045,Exit long,2026-08-28 16:37,Opposite signal,4596.005,1,4602.991,-7.59,-0.16,0.6,11.3,0.25,-7.39,-0.16,-2757.06,-27.57,240
1045,Entry long,2026-08-28 12:37,L1121,4602.991,1,4602.991,-7.59,-0.16,0.6,11.3,0.25,-7.39,-0.16,-2757.06,-27.57,240
1046,Exit short,2026-08-28 17:55,Opposite signal,4601.395,3,13791.225,-14.76,-0.11,1.8,17.46,0.13,-14.59,-0.11,-2771.82,-27.72,77
1046,Entry short,2026-08-28 16:38,S1122,4597.075,3,13791.225,-14.76,-0.11,1.8,17.46,0.13,-14.59,-0.11,-2771.82,-27.72,77
1047,Exit long,2026-08-28 18:06,L1123 exit,4589.955,4,18402.28,-44.86,-0.24,2.4,5.5,0.03,-43.66,-0.24,-2816.68,-28.17,7
1047,Entry long,2026-08-28 17:59,L1123,4600.57,4,18402.28,-44.86,-0.24,2.4,5.5,0.03,-43.66,-0.24,-2816.68,-28.17,7
1048,Exit short,2026-08-28 18:38,Opposite signal,4603.825,3,13772.865,-40.41,-0.29,1.8,2.85,0.02,-39.72,-0.29,-2857.09,-28.57,28
1048,Entry short,2026-08-28 18:10,S1124,4590.955,3,13772.865,-40.41,-0.29,1.8,2.85,0.02,-39.72,-0.29,-2857.09,-28.57,28
1049,Exit long,2026-08-28 19:32,L1125 exit,4588.13,4,18405.568,-55.45,-0.30,2.4,121.15,0.66,-54.25,-0.29,-2912.54,-29.13,53
1049,Entry long,2026-08-28 18:39,L1125,4601.392,4,18405.568,-55.45,-0.30,2.4,121.15,0.66,-54.25,-0.29,-2912.54,-29.13,53
1050,Exit long,2026-08-28 21:09,Opposite signal,4549.96,1,4565.386,-16.03,-0.35,0.6,17.21,0.38,-15.78,-0.35,-2928.57,-29.29,60
1050,Entry long,2026-08-28 20:09,L1127,4565.386,1,4565.386,-16.03,-0.35,0.6,17.21,0.38,-15.78,-0.35,-2928.57,-29.29,60
1051,Exit long,2026-08-31 07:30,L1129 exit,4434.825,2,8926.16,-57.71,-0.65,1.2,7.71,0.09,-57.11,-0.64,-2986.28,-29.86,69
1051,Entry long,2026-08-31 06:21,L1129,4463.08,2,8926.16,-57.71,-0.65,1.2,7.71,0.09,-57.11,-0.64,-2986.28,-29.86,69
1052,Exit short,2026-09-01 02:00,Time flat,4447.305,1,4435.825,-12.08,-0.27,0.6,19.77,0.45,-28.7,-0.65,-2998.36,-29.98,904
1052,Entry short,2026-08-31 10:56,S1130,4435.825,1,4435.825,-12.08,-0.27,0.6,19.77,0.45,-28.7,-0.65,-2998.36,-29.98,904
1053,Exit long,2026-09-01 17:29,Opposite signal,4373.9,3,13142.031,-22.13,-0.17,1.8,19.22,0.15,-27.02,-0.21,-3020.49,-30.20,74
1053,Entry long,2026-09-01 16:15,L1131,4380.677,3,13142.031,-22.13,-0.17,1.8,19.22,0.15,-27.02,-0.21,-3020.49,-30.20,74
1054,Exit short,2026-09-01 18:39,S1132 exit,4332.005,4,17500.04,169.62,0.97,2.4,170.82,0.98,-6.22,-0.04,-2850.87,-28.51,50
1054,Entry short,2026-09-01 17:49,S1132,4375.01,4,17500.04,169.62,0.97,2.4,170.82,0.98,-6.22,-0.04,-2850.87,-28.51,50
1055,Exit long,2026-09-02 01:09,L1133 exit,4325.27,1,4363.338,-38.67,-0.89,0.6,11.15,0.26,-38.37,-0.88,-2889.54,-28.90,290
1055,Entry long,2026-09-01 20:19,L1133,4363.338,1,4363.338,-38.67,-0.89,0.6,11.15,0.26,-38.37,-0.88,-2889.54,-28.90,290
1056,Exit long,2026-09-02 07:21,L1134 exit,4303.585,3,12963.771,-54.82,-0.42,1.8,15.16,0.12,-53.92,-0.42,-2944.35,-29.44,33
1056,Entry long,2026-09-02 06:48,L1134,4321.257,3,12963.771,-54.82,-0.42,1.8,15.16,0.12,-53.92,-0.42,-2944.35,-29.44,33
1057,Exit short,2026-09-02 11:01,Opposite signal,4320.62,2,8609.17,-33.27,-0.39,1.2,43.32,0.50,-33.02,-0.38,-2977.62,-29.78,191
1057,Entry short,2026-09-02 07:50,S1135,4304.585,2,8609.17,-33.27,-0.39,1.2,43.32,0.50,-33.02,-0.38,-2977.62,-29.78,191
1058,Exit long,2026-09-02 12:08,Opposite signal,4317.445,6,25945.008,-43.94,-0.17,3.6,29.14,0.11,-45.02,-0.17,-3021.56,-30.22,48
1058,Entry long,2026-09-02 11:20,L1136,4324.168,6,25945.008,-43.94,-0.17,3.6,29.14,0.11,-45.02,-0.17,-3021.56,-30.22,48
1059,Exit short,2026-09-02 12:40,S1137 exit,4330.325,4,17283.3,-40.4,-0.23,2.4,24,0.14,-39.2,-0.23,-3061.96,-30.62,31
1059,Entry short,2026-09-02 12:09,S1137,4320.825,4,17283.3,-40.4,-0.23,2.4,24,0.14,-39.2,-0.23,-3061.96,-30.62,31
1060,Exit long,2026-09-02 14:24,L1138 exit,4313.525,4,17307.972,-56.27,-0.33,2.4,17.41,0.10,-55.07,-0.32,-3118.23,-31.18,100
1060,Entry long,2026-09-02 12:44,L1138,4326.993,4,17307.972,-56.27,-0.33,2.4,17.41,0.10,-55.07,-0.32,-3118.23,-31.18,100
1061,Exit short,2026-09-02 15:56,Opposite signal,4311.92,3,12943.575,6.02,0.05,1.8,37.44,0.29,-24.94,-0.19,-3112.22,-31.12,87
1061,Entry short,2026-09-02 14:29,S1139,4314.525,3,12943.575,6.02,0.05,1.8,37.44,0.29,-24.94,-0.19,-3112.22,-31.12,87
1062,Exit long,2026-09-02 17:50,L1140 exit,4339.215,5,21548.21,144.87,0.67,3,146.37,0.68,-23.28,-0.11,-2967.35,-29.67,111
1062,Entry long,2026-09-02 15:59,L1140,4309.642,5,21548.21,144.87,0.67,3,146.37,0.68,-23.28,-0.11,-2967.35,-29.67,111
1063,Exit short,2026-09-02 18:52,S1141 exit,4345.385,3,12995.154,-42.8,-0.33,1.8,2.45,0.02,-41.9,-0.32,-3010.15,-30.10,43
1063,Entry short,2026-09-02 18:09,S1141,4331.718,3,12995.154,-42.8,-0.33,1.8,2.45,0.02,-41.9,-0.32,-3010.15,-30.10,43
1064,Exit short,2026-09-02 23:15,Opposite signal,4376.595,2,8747.336,-7.05,-0.08,1.2,17.7,0.20,-8.75,-0.10,-3017.21,-30.17,135
1064,Entry short,2026-09-02 21:00,S1143,4373.668,2,8747.336,-7.05,-0.08,1.2,17.7,0.20,-8.75,-0.10,-3017.21,-30.17,135
1065,Exit short,2026-09-03 13:35,S1144 exit,4441.355,4,17721.612,-46.21,-0.26,2.4,50.11,0.28,-45.01,-0.25,-3063.41,-30.63,167
1065,Entry short,2026-09-03 10:48,S1144,4430.403,4,17721.612,-46.21,-0.26,2.4,50.11,0.28,-45.01,-0.25,-3063.41,-30.63,167
1066,Exit long,2026-09-03 20:49,L1145 exit,4510.755,2,8878.8,141.51,1.59,1.2,142.11,1.60,-41.22,-0.46,-2921.9,-29.22,433
1066,Entry long,2026-09-03 13:36,L1145,4439.4,2,8878.8,141.51,1.59,1.2,142.11,1.60,-41.22,-0.46,-2921.9,-29.22,433
1067,Exit long,2026-09-09 11:52,Opposite signal,4397.775,3,13078.518,113.01,0.86,1.8,136.9,1.05,-16.76,-0.13,-2808.9,-28.09,321
1067,Entry long,2026-09-09 06:31,L1147,4359.506,3,13078.518,113.01,0.86,1.8,136.9,1.05,-16.76,-0.13,-2808.9,-28.09,321
1068,Exit short,2026-09-09 12:09,Opposite signal,4405.86,6,26391.27,-47.49,-0.18,3.6,17.31,0.07,-47.64,-0.18,-2856.39,-28.56,16
1068,Entry short,2026-09-09 11:53,S1148,4398.545,6,26391.27,-47.49,-0.18,3.6,17.31,0.07,-47.64,-0.18,-2856.39,-28.56,16
1069,Exit long,2026-09-09 13:48,Opposite signal,4402.74,5,22017.39,-6.69,-0.03,3,46.16,0.21,-24.54,-0.11,-2863.08,-28.63,98
1069,Entry long,2026-09-09 12:10,L1149,4403.478,5,22017.39,-6.69,-0.03,3,46.16,0.21,-24.54,-0.11,-2863.08,-28.63,98
1070,Exit short,2026-09-09 15:36,Opposite signal,4391.765,4,17613.2,43.74,0.25,2.4,66.66,0.38,-4.68,-0.03,-2819.34,-28.19,107
1070,Entry short,2026-09-09 13:49,S1150,4403.3,4,17613.2,43.74,0.25,2.4,66.66,0.38,-4.68,-0.03,-2819.34,-28.19,107
1071,Exit long,2026-09-09 17:19,L1151 exit,4413.785,7,30742.089,150.21,0.49,4.2,152.31,0.50,-19.19,-0.06,-2669.13,-26.69,96
1071,Entry long,2026-09-09 15:43,L1151,4391.727,7,30742.089,150.21,0.49,4.2,152.31,0.50,-19.19,-0.06,-2669.13,-26.69,96
1072,Exit short,2026-09-09 18:16,Opposite signal,4398.92,4,17613.76,15.68,0.09,2.4,48.56,0.28,-6.82,-0.04,-2653.45,-26.53,38
1072,Entry short,2026-09-09 17:38,S1152,4403.44,4,17613.76,15.68,0.09,2.4,48.56,0.28,-6.82,-0.04,-2653.45,-26.53,38
1073,Exit long,2026-09-09 18:54,L1153 exit,4423.55,6,26386.002,151.7,0.57,3.6,153.5,0.58,-10.54,-0.04,-2501.75,-25.02,35
1073,Entry long,2026-09-09 18:19,L1153,4397.667,6,26386.002,151.7,0.57,3.6,153.5,0.58,-10.54,-0.04,-2501.75,-25.02,35
1074,Exit short,2026-09-09 21:01,Opposite signal,4396.765,1,4396.21,-1.15,-0.03,0.6,20.76,0.47,-2.51,-0.06,-2502.91,-25.03,26
1074,Entry short,2026-09-09 20:35,S1154,4396.21,1,4396.21,-1.15,-0.03,0.6,20.76,0.47,-2.51,-0.06,-2502.91,-25.03,26
1075,Exit long,2026-09-10 00:13,Opposite signal,4410.36,2,8798.114,21.41,0.24,1.2,44.59,0.51,-15.63,-0.18,-2481.5,-24.82,184
1075,Entry long,2026-09-09 21:09,L1155,4399.057,2,8798.114,21.41,0.24,1.2,44.59,0.51,-15.63,-0.18,-2481.5,-24.82,184
1076,Exit short,2026-09-10 15:34,Opposite signal,4397.94,4,17694.78,100.62,0.57,2.4,139.96,0.79,-22.2,-0.13,-2380.88,-23.81,236
1076,Entry short,2026-09-10 11:38,S1156,4423.695,4,17694.78,100.62,0.57,2.4,139.96,0.79,-22.2,-0.13,-2380.88,-23.81,236
1077,Exit long,2026-09-10 16:02,L1157 exit,4387.405,5,21985.935,-51.91,-0.24,3,13.79,0.06,-50.41,-0.23,-2432.79,-24.33,25
1077,Entry long,2026-09-10 15:37,L1157,4397.187,5,21985.935,-51.91,-0.24,3,13.79,0.06,-50.41,-0.23,-2432.79,-24.33,25
1078,Exit long,2026-09-10 17:26,L1159 exit,4374.24,4,17541.848,-47.29,-0.27,2.4,21.05,0.12,-46.09,-0.26,-2480.08,-24.80,26
1078,Entry long,2026-09-10 17:00,L1159,4385.462,4,17541.848,-47.29,-0.27,2.4,21.05,0.12,-46.09,-0.26,-2480.08,-24.80,26
1079,Exit short,2026-09-11 00:31,S1160 exit,4322.005,3,13125.72,157.91,1.20,1.8,158.81,1.21,-9.35,-0.07,-2322.18,-23.22,421
1079,Entry short,2026-09-10 17:30,S1160,4375.24,3,13125.72,157.91,1.20,1.8,158.81,1.21,-9.35,-0.07,-2322.18,-23.22,421
1080,Exit long,2026-09-11 06:52,Opposite signal,4326.95,3,12985.11,-6.06,-0.05,1.8,35.79,0.28,-5.79,-0.04,-2328.24,-23.28,21
1080,Entry long,2026-09-11 06:31,L1161,4328.37,3,12985.11,-6.06,-0.05,1.8,35.79,0.28,-5.79,-0.04,-2328.24,-23.28,21
1081,Exit short,2026-09-11 09:38,Opposite signal,4313.94,4,17312.9,54.74,0.32,2.4,108.52,0.63,-28.58,-0.17,-2273.5,-22.73,162
1081,Entry short,2026-09-11 06:56,S1162,4328.225,4,17312.9,54.74,0.32,2.4,108.52,0.63,-28.58,-0.17,-2273.5,-22.73,162
1082,Exit long,2026-09-11 10:56,Opposite signal,4334.635,7,30316.685,21.56,0.07,4.2,57.05,0.19,-20.54,-0.07,-2251.94,-22.52,43
1082,Entry long,2026-09-11 10:13,L1163,4330.955,7,30316.685,21.56,0.07,4.2,57.05,0.19,-20.54,-0.07,-2251.94,-22.52,43
1083,Exit short,2026-09-11 11:04,S1164 exit,4340.405,8,34679.04,-49,-0.14,4.8,7.8,0.02,-46.6,-0.13,-2300.94,-23.01,7
1083,Entry short,2026-09-11 10:57,S1164,4334.88,8,34679.04,-49,-0.14,4.8,7.8,0.02,-46.6,-0.13,-2300.94,-23.01,7
1084,Exit long,2026-09-11 17:04,Opposite signal,4333.055,6,26044.29,-49.56,-0.19,3.6,120.81,0.46,-47.85,-0.18,-2350.5,-23.50,349
1084,Entry long,2026-09-11 11:15,L1165,4340.715,6,26044.29,-49.56,-0.19,3.6,120.81,0.46,-47.85,-0.18,-2350.5,-23.50,349
1085,Exit short,2026-09-11 17:57,S1166 exit,4337.325,5,21644.335,-45.29,-0.21,3,18.61,0.09,-43.79,-0.20,-2395.79,-23.96,17
1085,Entry short,2026-09-11 17:40,S1166,4328.867,5,21644.335,-45.29,-0.21,3,18.61,0.09,-43.79,-0.20,-2395.79,-23.96,17
1086,Exit long,2026-09-11 18:00,L1167 exit,4323.845,4,17345.3,-52.32,-0.30,2.4,68.96,0.40,-51.12,-0.29,-2448.11,-24.48,2
1086,Entry long,2026-09-11 17:58,L1167,4336.325,4,17345.3,-52.32,-0.30,2.4,68.96,0.40,-51.12,-0.29,-2448.11,-24.48,2
1087,Exit short,2026-09-11 18:10,S1168 exit,4354.865,1,4307.549,-47.92,-1.11,0.6,0,0.00,-47.62,-1.11,-2496.02,-24.96,9
1087,Entry short,2026-09-11 18:01,S1168,4307.549,1,4307.549,-47.92,-1.11,0.6,0,0.00,-47.62,-1.11,-2496.02,-24.96,9
1088,Exit long,2026-09-11 19:32,Opposite signal,4384.015,1,4353.865,29.55,0.68,0.6,48.47,1.11,-2.14,-0.05,-2466.47,-24.66,78
1088,Entry long,2026-09-11 18:14,L1169,4353.865,1,4353.865,29.55,0.68,0.6,48.47,1.11,-2.14,-0.05,-2466.47,-24.66,78
1089,Exit short,2026-09-11 23:00,Weekend flat,4366.815,3,13160.844,58.6,0.45,1.8,103.81,0.79,-16.73,-0.13,-2407.87,-24.08,207
1089,Entry short,2026-09-11 19:33,S1170,4386.948,3,13160.844,58.6,0.45,1.8,103.81,0.79,-16.73,-0.13,-2407.87,-24.08,207
1090,Exit long,2026-09-14 10:08,L1171 exit,4325.345,2,8695.42,-45.93,-0.53,1.2,14.79,0.17,-45.33,-0.52,-2453.8,-24.54,165
1090,Entry long,2026-09-14 07:23,L1171,4347.71,2,8695.42,-45.93,-0.53,1.2,14.79,0.17,-45.33,-0.52,-2453.8,-24.54,165
1091,Exit short,2026-09-14 15:49,Opposite signal,4290.01,2,8660.958,79.74,0.92,1.2,103.76,1.20,-17.17,-0.20,-2374.06,-23.74,324
1091,Entry short,2026-09-14 10:25,S1172,4330.479,2,8660.958,79.74,0.92,1.2,103.76,1.20,-17.17,-0.20,-2374.06,-23.74,324
1092,Exit long,2026-09-14 17:22,Opposite signal,4290.125,4,17151.912,6.19,0.04,2.4,35.25,0.21,-9.03,-0.05,-2367.88,-23.68,92
1092,Entry long,2026-09-14 15:50,L1173,4287.978,4,17151.912,6.19,0.04,2.4,35.25,0.21,-9.03,-0.05,-2367.88,-23.68,92
1093,Exit short,2026-09-14 18:37,S1174 exit,4263.25,6,25740.6,157.5,0.61,3.6,159.3,0.62,-47.19,-0.18,-2210.38,-22.10,66
1093,Entry short,2026-09-14 17:31,S1174,4290.1,6,25740.6,157.5,0.61,3.6,159.3,0.62,-47.19,-0.18,-2210.38,-22.10,66
1094,Exit long,2026-09-15 00:53,Opposite signal,4297.56,1,4287.235,9.73,0.23,0.6,30.3,0.71,-1.11,-0.03,-2200.65,-22.01,213
1094,Entry long,2026-09-14 21:20,L1175,4287.235,1,4287.235,9.73,0.23,0.6,30.3,0.71,-1.11,-0.03,-2200.65,-22.01,213
1095,Exit long,2026-09-15 17:40,Opposite signal,4277.875,3,12825.99,5.84,0.05,1.8,33.47,0.26,-5.34,-0.04,-2194.82,-21.95,96
1095,Entry long,2026-09-15 16:04,L1176,4275.33,3,12825.99,5.84,0.05,1.8,33.47,0.26,-5.34,-0.04,-2194.82,-21.95,96
1096,Exit short,2026-09-15 18:18,S1177 exit,4287.785,5,21393.52,-48.4,-0.23,3,34.72,0.16,-46.9,-0.22,-2243.22,-22.43,35
1096,Entry short,2026-09-15 17:43,S1177,4278.704,5,21393.52,-48.4,-0.23,3,34.72,0.16,-46.9,-0.22,-2243.22,-22.43,35
1097,Exit long,2026-09-15 20:01,Opposite signal,4282.775,3,12860.355,-13.83,-0.11,1.8,40.83,0.32,-13.57,-0.11,-2257.05,-22.57,102
1097,Entry long,2026-09-15 18:19,L1178,4286.785,3,12860.355,-13.83,-0.11,1.8,40.83,0.32,-13.57,-0.11,-2257.05,-22.57,102
1098,Exit short,2026-09-15 20:37,Opposite signal,4283.795,3,12854.655,1.47,0.01,1.8,31.8,0.25,-4.92,-0.04,-2255.58,-22.56,33
1098,Entry short,2026-09-15 20:04,S1179,4284.885,3,12854.655,1.47,0.01,1.8,31.8,0.25,-4.92,-0.04,-2255.58,-22.56,33
1099,Exit long,2026-09-16 00:45,Opposite signal,4300.42,5,21413.05,86.05,0.40,3,139.25,0.65,-9.65,-0.05,-2169.53,-21.70,247
1099,Entry long,2026-09-15 20:38,L1180,4282.61,5,21413.05,86.05,0.40,3,139.25,0.65,-9.65,-0.05,-2169.53,-21.70,247
1100,Exit long,2026-09-16 08:26,L1181 exit,4322.11,4,17143.24,142.8,0.83,2.4,144,0.84,-23.76,-0.14,-2026.73,-20.27,102
1100,Entry long,2026-09-16 06:44,L1181,4285.81,4,17143.24,142.8,0.83,2.4,144,0.84,-23.76,-0.14,-2026.73,-20.27,102
1101,Exit short,2026-09-16 18:31,Opposite signal,4348.765,4,17375.672,-21.79,-0.13,2.4,35.37,0.20,-25.93,-0.15,-2048.52,-20.49,57
1101,Entry short,2026-09-16 17:34,S1182,4343.918,4,17375.672,-21.79,-0.13,2.4,35.37,0.20,-25.93,-0.15,-2048.52,-20.49,57
1102,Exit long,2026-09-16 19:13,Opposite signal,4343.58,3,13041.15,-12.21,-0.09,1.8,39.45,0.30,-13.81,-0.11,-2060.73,-20.61,41
1102,Entry long,2026-09-16 18:32,L1183,4347.05,3,13041.15,-12.21,-0.09,1.8,39.45,0.30,-13.81,-0.11,-2060.73,-20.61,41
1103,Exit short,2026-09-16 21:17,S1184 exit,4361.5,3,13036.5,-49.8,-0.38,1.8,62.85,0.48,-48.9,-0.38,-2110.53,-21.11,120
1103,Entry short,2026-09-16 19:17,S1184,4345.5,3,13036.5,-49.8,-0.38,1.8,62.85,0.48,-48.9,-0.38,-2110.53,-21.11,120
1104,Exit short,2026-09-17 06:31,S1185 exit,4293.48,4,17129.1,-47.22,-0.28,2.4,6.74,0.04,-46.02,-0.27,-2157.75,-21.58,2
1104,Entry short,2026-09-17 06:29,S1185,4282.275,4,17129.1,-47.22,-0.28,2.4,6.74,0.04,-46.02,-0.27,-2157.75,-21.58,2
1105,Exit long,2026-09-17 07:37,Opposite signal,4289.43,2,8604.132,-26.47,-0.31,1.2,31.85,0.37,-26.99,-0.31,-2184.22,-21.84,57
1105,Entry long,2026-09-17 06:40,L1186,4302.066,2,8604.132,-26.47,-0.31,1.2,31.85,0.37,-26.99,-0.31,-2184.22,-21.84,57
1106,Exit long,2026-09-17 10:49,Opposite signal,4289.32,3,12874.806,-8.65,-0.07,1.8,21.94,0.17,-7.75,-0.06,-2192.87,-21.93,53
1106,Entry long,2026-09-17 09:56,L1188,4291.602,3,12874.806,-8.65,-0.07,1.8,21.94,0.17,-7.75,-0.06,-2192.87,-21.93,53
1107,Exit short,2026-09-17 11:20,S1189 exit,4300.215,5,21452.05,-52.02,-0.24,3,1.27,0.01,-50.52,-0.24,-2244.89,-22.45,20
1107,Entry short,2026-09-17 11:00,S1189,4290.41,5,21452.05,-52.02,-0.24,3,1.27,0.01,-50.52,-0.24,-2244.89,-22.45,20
1108,Exit long,2026-09-17 13:43,Opposite signal,4318.9,2,8611.512,25.09,0.29,1.2,58.79,0.68,-2.6,-0.03,-2219.8,-22.20,117
1108,Entry long,2026-09-17 11:46,L1190,4305.756,2,8611.512,25.09,0.29,1.2,58.79,0.68,-2.6,-0.03,-2219.8,-22.20,117
1109,Exit short,2026-09-17 14:05,Opposite signal,4317.6,3,12960.72,6.12,0.05,1.8,23.36,0.18,-5.86,-0.05,-2213.68,-22.14,21
1109,Entry short,2026-09-17 13:44,S1191,4320.24,3,12960.72,6.12,0.05,1.8,23.36,0.18,-5.86,-0.05,-2213.68,-22.14,21
1110,Exit long,2026-09-17 14:16,L1192 exit,4311.155,8,34533.208,-48.77,-0.14,4.8,22.39,0.06,-46.37,-0.13,-2262.45,-22.62,10
1110,Entry long,2026-09-17 14:06,L1192,4316.651,8,34533.208,-48.77,-0.14,4.8,22.39,0.06,-46.37,-0.13,-2262.45,-22.62,10
1111,Exit short,2026-09-17 16:21,Opposite signal,4320.5,5,21560.775,-44.72,-0.21,3,33.53,0.16,-43.22,-0.20,-2307.18,-23.07,124
1111,Entry short,2026-09-17 14:17,S1193,4312.155,5,21560.775,-44.72,-0.21,3,33.53,0.16,-43.22,-0.20,-2307.18,-23.07,124
1112,Exit long,2026-09-18 01:00,Opposite signal,4343.405,2,8662.664,22.95,0.26,1.2,98.87,1.14,-16.53,-0.19,-2284.23,-22.84,499
1112,Entry long,2026-09-17 16:41,L1194,4331.332,2,8662.664,22.95,0.26,1.2,98.87,1.14,-16.53,-0.19,-2284.23,-22.84,499
1113,Exit short,2026-09-18 09:13,Opposite signal,4357.205,4,17418.156,-13.06,-0.07,2.4,79.78,0.46,-13.06,-0.07,-2297.3,-22.97,127
1113,Entry short,2026-09-18 07:06,S1195,4354.539,4,17418.156,-13.06,-0.07,2.4,79.78,0.46,-13.06,-0.07,-2297.3,-22.97,127
1114,Exit long,2026-09-18 09:46,Opposite signal,4355.42,2,8713.48,-3.84,-0.04,1.2,0,0.00,-3.52,-0.04,-2301.14,-23.01,1
1114,Entry long,2026-09-18 09:45,L1196,4356.74,2,8713.48,-3.84,-0.04,1.2,0,0.00,-3.52,-0.04,-2301.14,-23.01,1
1115,Exit short,2026-09-18 10:12,S1197 exit,4362.68,6,26130.618,-49.06,-0.19,3.6,0,0.00,-47.26,-0.18,-2350.2,-23.50,20
1115,Entry short,2026-09-18 09:52,S1197,4355.103,6,26130.618,-49.06,-0.19,3.6,0,0.00,-47.26,-0.18,-2350.2,-23.50,20
1116,Exit long,2026-09-18 11:58,L1198 exit,4393.87,5,21808.4,157.95,0.72,3,159.45,0.73,-8.55,-0.04,-2192.25,-21.92,105
1116,Entry long,2026-09-18 10:13,L1198,4361.68,5,21808.4,157.95,0.72,3,159.45,0.73,-8.55,-0.04,-2192.25,-21.92,105
1117,Exit short,2026-09-18 19:12,S1199 exit,4353.095,4,17557.988,143.21,0.82,2.4,144.41,0.82,-36.01,-0.21,-2049.04,-20.49,304
1117,Entry short,2026-09-18 14:08,S1199,4389.497,4,17557.988,143.21,0.82,2.4,144.41,0.82,-36.01,-0.21,-2049.04,-20.49,304
1118,Exit long,2026-09-18 23:00,Weekend flat,4387.025,4,17416.4,129.3,0.74,2.4,139.38,0.80,-24.9,-0.14,-1919.74,-19.20,152
1118,Entry long,2026-09-18 20:28,L1200,4354.1,4,17416.4,129.3,0.74,2.4,139.38,0.80,-24.9,-0.14,-1919.74,-19.20,152
1119,Exit long,2026-09-21 08:32,Opposite signal,4361.7,3,13117.245,-33.94,-0.26,1.8,32.01,0.24,-34.56,-0.26,-1953.68,-19.54,142
1119,Entry long,2026-09-21 06:10,L1201,4372.415,3,13117.245,-33.94,-0.26,1.8,32.01,0.24,-34.56,-0.26,-1953.68,-19.54,142
1120,Exit short,2026-09-21 09:47,Opposite signal,4362.57,3,13095.627,6.12,0.05,1.8,26.07,0.20,-10.08,-0.08,-1947.57,-19.48,74
1120,Entry short,2026-09-21 08:33,S1202,4365.209,3,13095.627,6.12,0.05,1.8,26.07,0.20,-10.08,-0.08,-1947.57,-19.48,74
1121,Exit long,2026-09-21 10:29,Opposite signal,4355.355,7,30529.73,-46.44,-0.15,4.2,11.87,0.04,-44.62,-0.15,-1994.01,-19.94,30
1121,Entry long,2026-09-21 09:59,L1203,4361.39,7,30529.73,-46.44,-0.15,4.2,11.87,0.04,-44.62,-0.15,-1994.01,-19.94,30
1122,Exit short,2026-09-21 14:12,Opposite signal,4356.375,5,21785.59,0.72,0.00,3,73.89,0.34,-26.63,-0.12,-1993.3,-19.93,221
1122,Entry short,2026-09-21 10:31,S1204,4357.118,5,21785.59,0.72,0.00,3,73.89,0.34,-26.63,-0.12,-1993.3,-19.93,221
1123,Exit long,2026-09-21 15:02,L1205 exit,4341.04,3,13068.525,-47.2,-0.36,1.8,3.54,0.03,-46.3,-0.35,-2040.5,-20.41,49
1123,Entry long,2026-09-21 14:13,L1205,4356.175,3,13068.525,-47.2,-0.36,1.8,3.54,0.03,-46.3,-0.35,-2040.5,-20.41,49
1124,Exit short,2026-09-21 17:04,S1206 exit,4358.655,3,13033.467,-44.3,-0.34,1.8,7.35,0.06,-43.4,-0.33,-2084.8,-20.85,117
1124,Entry short,2026-09-21 15:07,S1206,4344.489,3,13033.467,-44.3,-0.34,1.8,7.35,0.06,-43.4,-0.33,-2084.8,-20.85,117
1125,Exit long,2026-09-21 17:51,Opposite signal,4360.945,3,13072.965,8.07,0.06,1.8,50.96,0.39,-1.23,-0.01,-2076.73,-20.77,46
1125,Entry long,2026-09-21 17:05,L1207,4357.655,3,13072.965,8.07,0.06,1.8,50.96,0.39,-1.23,-0.01,-2076.73,-20.77,46
1126,Exit short,2026-09-21 21:50,Opposite signal,4356.49,3,13072.296,1.03,0.01,1.8,102.97,0.79,-38.17,-0.29,-2075.7,-20.76,230
1126,Entry short,2026-09-21 18:00,S1208,4357.432,3,13072.296,1.03,0.01,1.8,102.97,0.79,-38.17,-0.29,-2075.7,-20.76,230
1127,Exit long,2026-09-22 02:00,Time flat,4340.775,2,8697.062,-16.71,-0.19,1.2,9.93,0.11,-22.56,-0.26,-2092.42,-20.92,229
1127,Entry long,2026-09-21 22:11,L1209,4348.531,2,8697.062,-16.71,-0.19,1.2,9.93,0.11,-22.56,-0.26,-2092.42,-20.92,229
1128,Exit long,2026-09-22 09:31,L1210 exit,4338.8,4,17407.888,-55.09,-0.32,2.4,0,0.00,-53.89,-0.31,-2147.5,-21.48,81
1128,Entry long,2026-09-22 08:10,L1210,4351.972,4,17407.888,-55.09,-0.32,2.4,0,0.00,-53.89,-0.31,-2147.5,-21.48,81
1129,Exit short,2026-09-22 14:12,Opposite signal,4317.745,3,13019.4,64.36,0.49,1.8,144.01,1.11,-23.95,-0.18,-2083.14,-20.83,271
1129,Entry short,2026-09-22 09:41,S1211,4339.8,3,13019.4,64.36,0.49,1.8,144.01,1.11,-23.95,-0.18,-2083.14,-20.83,271
1130,Exit long,2026-09-22 16:40,Opposite signal,4310.27,1,4324.543,-14.87,-0.34,0.6,13.28,0.31,-15.78,-0.36,-2098.01,-20.98,128
1130,Entry long,2026-09-22 14:32,L1212,4324.543,1,4324.543,-14.87,-0.34,0.6,13.28,0.31,-15.78,-0.36,-2098.01,-20.98,128
1131,Exit short,2026-09-22 17:52,S1213 exit,4339.125,2,8628.54,-50.91,-0.59,1.2,5.47,0.06,-50.31,-0.58,-2148.92,-21.49,71
1131,Entry short,2026-09-22 16:41,S1213,4314.27,2,8628.54,-50.91,-0.59,1.2,5.47,0.06,-50.31,-0.58,-2148.92,-21.49,71
1132,Exit long,2026-09-23 02:00,Time flat,4359.61,2,8668.046,49.97,0.58,1.2,74.11,0.85,-38.62,-0.45,-2098.95,-20.99,484
1132,Entry long,2026-09-22 17:56,L1214,4334.023,2,8668.046,49.97,0.58,1.2,74.11,0.85,-38.62,-0.45,-2098.95,-20.99,484
1133,Exit short,2026-09-23 08:56,Opposite signal,4340.44,2,8697.54,15.46,0.18,1.2,30.3,0.35,-2.54,-0.03,-2083.49,-20.83,134
1133,Entry short,2026-09-23 06:42,S1215,4348.77,2,8697.54,15.46,0.18,1.2,30.3,0.35,-2.54,-0.03,-2083.49,-20.83,134
1134,Exit long,2026-09-23 10:45,Opposite signal,4342.39,7,30371.012,21.52,0.07,4.2,58.62,0.19,-12.5,-0.04,-2061.97,-20.62,108
1134,Entry long,2026-09-23 08:57,L1216,4338.716,7,30371.012,21.52,0.07,4.2,58.62,0.19,-12.5,-0.04,-2061.97,-20.62,108
1135,Exit short,2026-09-23 11:55,Opposite signal,4330.06,8,34739.84,94.56,0.27,4.8,128.32,0.37,-11.08,-0.03,-1967.41,-19.67,69
1135,Entry short,2026-09-23 10:46,S1217,4342.48,8,34739.84,94.56,0.27,4.8,128.32,0.37,-11.08,-0.03,-1967.41,-19.67,69
1136,Exit long,2026-09-23 12:43,Opposite signal,4325.22,9,38969.442,-47.86,-0.12,5.4,62.57,0.16,-45.16,-0.12,-2015.27,-20.15,47
1136,Entry long,2026-09-23 11:56,L1218,4329.938,9,38969.442,-47.86,-0.12,5.4,62.57,0.16,-45.16,-0.12,-2015.27,-20.15,47
1137,Exit short,2026-09-23 19:12,S1219 exit,4287.11,4,17307.72,156.88,0.91,2.4,158.08,0.91,-8.34,-0.05,-1858.39,-18.58,388
1137,Entry short,2026-09-23 12:44,S1219,4326.93,4,17307.72,156.88,0.91,2.4,158.08,0.91,-8.34,-0.05,-1858.39,-18.58,388
1138,Exit long,2026-09-23 22:32,L1220 exit,4276.815,3,12880.524,-51.88,-0.40,1.8,10.99,0.09,-50.98,-0.40,-1910.27,-19.10,127
1138,Entry long,2026-09-23 20:25,L1220,4293.508,3,12880.524,-51.88,-0.40,1.8,10.99,0.09,-50.98,-0.40,-1910.27,-19.10,127
1139,Exit short,2026-09-24 02:00,Time flat,4285.69,2,8555.63,-16.95,-0.20,1.2,5.54,0.06,-34.85,-0.41,-1927.22,-19.27,207
1139,Entry short,2026-09-23 22:33,S1221,4277.815,2,8555.63,-16.95,-0.20,1.2,5.54,0.06,-34.85,-0.41,-1927.22,-19.27,207
1140,Exit long,2026-09-24 07:31,Opposite signal,4274.3,2,8592.464,-45.06,-0.52,1.2,8.68,0.10,-44.66,-0.52,-1972.29,-19.72,37
1140,Entry long,2026-09-24 06:54,L1222,4296.232,2,8592.464,-45.06,-0.52,1.2,8.68,0.10,-44.66,-0.52,-1972.29,-19.72,37
1141,Exit short,2026-09-24 16:06,Opposite signal,4257.61,2,8553.84,37.42,0.44,1.2,64.7,0.76,-41,-0.48,-1934.87,-19.35,514
1141,Entry short,2026-09-24 07:32,S1223,4276.92,2,8553.84,37.42,0.44,1.2,64.7,0.76,-41,-0.48,-1934.87,-19.35,514
1142,Exit long,2026-09-24 16:25,Opposite signal,4257.37,3,12774.321,-4.01,-0.03,1.8,18.34,0.14,-3.25,-0.03,-1938.88,-19.39,11
1142,Entry long,2026-09-24 16:14,L1224,4258.107,3,12774.321,-4.01,-0.03,1.8,18.34,0.14,-3.25,-0.03,-1938.88,-19.39,11
1143,Exit short,2026-09-24 16:50,S1225 exit,4265.52,6,25547.82,-48.9,-0.19,3.6,33.27,0.13,-47.1,-0.18,-1987.78,-19.88,23
1143,Entry short,2026-09-24 16:27,S1225,4257.97,6,25547.82,-48.9,-0.19,3.6,33.27,0.13,-47.1,-0.18,-1987.78,-19.88,23
1144,Exit long,2026-09-24 19:51,Opposite signal,4264.22,4,17056.2,-1.72,-0.01,2.4,82.62,0.48,-24.44,-0.14,-1989.5,-19.89,172
1144,Entry long,2026-09-24 16:59,L1226,4264.05,4,17056.2,-1.72,-0.01,2.4,82.62,0.48,-24.44,-0.14,-1989.5,-19.89,172
1145,Exit short,2026-09-24 21:46,Opposite signal,4269.38,2,8529.86,-10.1,-0.12,1.2,39.63,0.46,-11.65,-0.14,-1999.6,-20.00,109
1145,Entry short,2026-09-24 19:57,S1227,4264.93,2,8529.86,-10.1,-0.12,1.2,39.63,0.46,-11.65,-0.14,-1999.6,-20.00,109
1146,Exit long,2026-09-25 02:00,Time flat,4265.755,1,4276.94,-11.78,-0.28,0.6,8.29,0.19,-20.84,-0.49,-2011.38,-20.11,251
1146,Entry long,2026-09-24 21:49,L1228,4276.94,1,4276.94,-11.78,-0.28,0.6,8.29,0.19,-20.84,-0.49,-2011.38,-20.11,251
1147,Exit short,2026-09-25 17:53,Opposite signal,4306.01,4,17215.452,-10.99,-0.06,2.4,23.85,0.14,-13.97,-0.08,-2022.37,-20.22,36
1147,Entry short,2026-09-25 17:17,S1229,4303.863,4,17215.452,-10.99,-0.06,2.4,23.85,0.14,-13.97,-0.08,-2022.37,-20.22,36
1148,Exit long,2026-09-25 18:23,Opposite signal,4296.885,5,21522.45,-41.02,-0.19,3,23.5,0.11,-40.1,-0.19,-2063.39,-20.63,29
1148,Entry long,2026-09-25 17:54,L1230,4304.49,5,21522.45,-41.02,-0.19,3,23.5,0.11,-40.1,-0.19,-2063.39,-20.63,29
1149,Exit short,2026-09-25 19:33,S1231 exit,4265.45,4,17204.06,139.86,0.81,2.4,141.06,0.82,-3.7,-0.02,-1923.53,-19.24,69
1149,Entry short,2026-09-25 18:24,S1231,4301.015,4,17204.06,139.86,0.81,2.4,141.06,0.82,-3.7,-0.02,-1923.53,-19.24,69
1150,Exit long,2026-09-25 23:00,Weekend flat,4286.62,1,4284.495,1.53,0.04,0.6,15.6,0.36,-14.73,-0.34,-1922.01,-19.22,116
1150,Entry long,2026-09-25 21:04,L1232,4284.495,1,4284.495,1.53,0.04,0.6,15.6,0.36,-14.73,-0.34,-1922.01,-19.22,116
1151,Exit long,2026-09-28 16:33,Opposite signal,4150.875,3,12463.758,-12.93,-0.10,1.8,16.63,0.13,-12.18,-0.10,-1934.94,-19.35,55
1151,Entry long,2026-09-28 15:38,L1233,4154.586,3,12463.758,-12.93,-0.10,1.8,16.63,0.13,-12.18,-0.10,-1934.94,-19.35,55
1152,Exit short,2026-09-28 16:54,Opposite signal,4153.965,5,20759.175,-13.65,-0.07,3,16.18,0.08,-18.52,-0.09,-1948.59,-19.49,18
1152,Entry short,2026-09-28 16:36,S1234,4151.835,5,20759.175,-13.65,-0.07,3,16.18,0.08,-18.52,-0.09,-1948.59,-19.49,18
1153,Exit long,2026-09-28 17:31,Opposite signal,4148.015,8,33223.4,-44.08,-0.13,4.8,21.16,0.06,-46.76,-0.14,-1992.67,-19.93,36
1153,Entry long,2026-09-28 16:55,L1235,4152.925,8,33223.4,-44.08,-0.13,4.8,21.16,0.06,-46.76,-0.14,-1992.67,-19.93,36
1154,Exit short,2026-09-28 17:34,S1236 exit,4156.87,5,20741.5,-45.85,-0.22,3,5.45,0.03,-44.35,-0.21,-2038.52,-20.39,2
1154,Entry short,2026-09-28 17:32,S1236,4148.3,5,20741.5,-45.85,-0.22,3,5.45,0.03,-44.35,-0.21,-2038.52,-20.39,2
1155,Exit long,2026-09-28 18:10,L1237 exit,4145.81,3,12487.071,-51.44,-0.41,1.8,26.29,0.21,-50.54,-0.40,-2089.96,-20.90,32
1155,Entry long,2026-09-28 17:38,L1237,4162.357,3,12487.071,-51.44,-0.41,1.8,26.29,0.21,-50.54,-0.40,-2089.96,-20.90,32
1156,Exit short,2026-09-28 19:18,Opposite signal,4156.55,2,8293.62,-20.68,-0.25,1.2,19.97,0.24,-22.11,-0.27,-2110.64,-21.11,67
1156,Entry short,2026-09-28 18:11,S1238,4146.81,2,8293.62,-20.68,-0.25,1.2,19.97,0.24,-22.11,-0.27,-2110.64,-21.11,67
1157,Exit long,2026-09-28 20:02,L1239 exit,4135.525,3,12463.854,-59.08,-0.47,1.8,17.05,0.14,-58.18,-0.47,-2169.72,-21.70,41
1157,Entry long,2026-09-28 19:21,L1239,4154.618,3,12463.854,-59.08,-0.47,1.8,17.05,0.14,-58.18,-0.47,-2169.72,-21.70,41
1158,Exit short,2026-09-29 02:00,Time flat,4117.85,2,8273.05,36.15,0.44,1.2,50.71,0.61,-23.89,-0.29,-2133.57,-21.34,357
1158,Entry short,2026-09-28 20:03,S1240,4136.525,2,8273.05,36.15,0.44,1.2,50.71,0.61,-23.89,-0.29,-2133.57,-21.34,357